{"type":"FeatureCollection","features":[{"type":"Feature","geometry":{"type":"Polygon","coordinates":[[[116.808247,39.609609],[116.814202,39.612404],[116.8323,39.6209],[116.844,39.6665],[116.9007,39.6766],[116.892438,39.690679],[116.890743,39.693569],[116.887622,39.698887],[116.891256,39.734049],[116.9322,39.7806],[116.9203,39.8334],[116.7811,39.8843],[116.7514,39.9643],[116.7734,40.0333],[116.9083,40.0515],[117.0155,40.0284],[117.0791,40.0737],[117.1934,40.0671],[117.20459,40.079583],[117.208974,40.084474],[117.2332,40.1115],[117.348,40.1377],[117.347,40.1723],[117.3981,40.1825],[117.3709,40.2171],[117.3834,40.2265],[117.382841,40.226529],[117.3443,40.2285],[117.3253,40.2883],[117.2894,40.2768],[117.2198,40.3678],[117.2556,40.439],[117.2016,40.4985],[117.257,40.5118],[117.2431,40.5468],[117.3048,40.5758],[117.4125,40.5672],[117.4422,40.6497],[117.4802,40.632],[117.5082,40.6593],[116.9628,40.7062],[116.8758,40.8134],[116.7072,40.9116],[116.6718,40.9694],[116.6838,41.0426],[116.635288,41.056247],[116.623218,41.053178],[116.5919,40.9733],[116.4492,40.9781],[116.468,40.8944],[116.3926,40.9041],[116.357038,40.939184],[116.335252,40.911772],[116.4531,40.7943],[116.450819,40.781587],[116.4596,40.7729],[116.449158,40.772328],[116.268,40.7624],[116.2411,40.7901],[116.1157,40.6283],[115.9891,40.5785],[115.9019,40.6161],[115.7466,40.535],[115.7359,40.4953],[115.7755,40.4921],[115.7638,40.4438],[115.8584,40.3583],[115.9123,40.3528],[115.9618,40.2624],[115.8925,40.2334],[115.8412,40.1459],[115.7636,40.169],[115.7298,40.1287],[115.5884,40.1146],[115.4478,40.0281],[115.4197,39.949],[115.5168,39.8978],[115.506,39.843],[115.5632,39.8124],[115.4238,39.7739],[115.4825,39.7318],[115.4727,39.6495],[115.5162,39.6388],[115.5128,39.5936],[115.5398,39.6177],[115.5801,39.5884],[115.6663,39.6083],[115.745614,39.521245],[115.8143,39.5086],[115.8227,39.5402],[115.902,39.5659],[115.9044,39.5997],[115.9536,39.5598],[115.9721,39.5932],[116.1323,39.5676],[116.1785,39.5897],[116.2347,39.5629],[116.237816,39.536065],[116.2401,39.5164],[116.3278,39.4547],[116.4441,39.4472],[116.3965,39.5255],[116.4377,39.5086],[116.5634,39.6193],[116.6992,39.5868],[116.7194,39.623],[116.7718,39.5925],[116.808247,39.609609]]]},"properties":{"country_key":"china","region_key":"beijing","display_name":"北京市","country_display":"China","name":"Beijing","keys":["china|beijing","china|北京"],"legacy_region_key":"北京","geo_key":"china|beijing","parent_geo_key":"china","region_id":"admin1|china|beijing"}},{"type":"Feature","geometry":{"type":"Polygon","coordinates":[[[117.20459,40.079583],[117.2165,40.0654],[117.1753,40.0579],[117.1917,39.9914],[117.143005,39.89744],[117.142,39.8955],[117.143868,39.894574],[117.2502,39.8419],[117.15,39.8161],[117.1996,39.7626],[117.1472,39.735],[117.1663,39.6352],[116.9692,39.6361],[116.945,39.7058],[116.911,39.7053],[116.890743,39.693569],[116.892438,39.690679],[116.9007,39.6766],[116.844,39.6665],[116.8323,39.6209],[116.814202,39.612404],[116.808247,39.609609],[116.809979,39.604739],[116.7817,39.5534],[116.806544,39.497595],[116.783,39.4698],[116.8581,39.4256],[116.8122,39.3725],[116.8231,39.3383],[116.879419,39.32343],[116.8782,39.2242],[116.85,39.2148],[116.8637,39.1533],[116.9182,39.1187],[116.8658,39.0538],[116.7504,39.0494],[116.7024,38.9298],[116.7387,38.7518],[116.747504,38.750787],[116.790461,38.745847],[116.7906,38.7459],[116.8639,38.7374],[116.8715,38.6801],[117.0356,38.706],[117.0919,38.586],[117.2189,38.6431],[117.2498,38.6133],[117.247,38.5555],[117.3627,38.5639],[117.4726,38.6165],[117.6022,38.617],[117.5787,38.6739],[117.6497,38.6648],[117.65,38.7015],[117.7196,38.7014],[117.7199,38.7523],[117.6876,38.7237],[117.6877,38.758],[117.6422,38.7581],[117.6088,38.7145],[117.5833,38.7794],[117.6186,38.8414],[117.7295,38.8276],[117.6905,38.8707],[117.7509,38.8736],[117.6837,38.8978],[117.8376,38.8619],[117.8568,38.9188],[117.7635,38.9295],[117.7367,38.9639],[117.8785,38.9456],[117.7253,38.9822],[117.7866,38.9736],[117.7751,39.0464],[117.7908,38.9882],[117.829,38.9737],[117.8048,39.0585],[117.7243,39.0898],[117.8183,39.0731],[117.8417,39.1026],[117.7859,39.1348],[117.8249,39.1701],[117.9222,39.2094],[117.955,39.1811],[117.9434,39.2122],[118.039902,39.227137],[118.048127,39.239393],[118.010206,39.274066],[117.7966,39.3599],[117.8543,39.3838],[117.9239,39.5771],[117.7614,39.5978],[117.7041,39.5346],[117.6796,39.5629],[117.7026,39.5713],[117.6448,39.579],[117.637968,39.590727],[117.634963,39.595885],[117.6254,39.6123],[117.6628,39.6633],[117.5441,39.7618],[117.5522,39.8108],[117.5014,39.9076],[117.5408,39.9978],[117.7498,39.9638],[117.7901,39.9954],[117.7368,40.0165],[117.7696,40.0579],[117.7483,40.0786],[117.6479,40.0896],[117.591433,40.1629],[117.5694,40.1915],[117.5585,40.2276],[117.421299,40.245912],[117.401806,40.241504],[117.382841,40.226529],[117.3834,40.2265],[117.3709,40.2171],[117.3981,40.1825],[117.347,40.1723],[117.348,40.1377],[117.2332,40.1115],[117.208974,40.084474],[117.20459,40.079583]]]},"properties":{"country_key":"china","region_key":"tianjin","display_name":"天津市","country_display":"China","name":"Tianjin","keys":["china|tianjin","china|天津"],"legacy_region_key":"天津","geo_key":"china|tianjin","parent_geo_key":"china","region_id":"admin1|china|tianjin"}},{"type":"Feature","geometry":{"type":"MultiPolygon","coordinates":[[[[115.467989,36.157378],[115.4772,36.1482],[115.472659,36.183438],[115.467991,36.219659],[115.4618,36.2677],[115.425022,36.305814],[115.410032,36.321349],[115.404,36.3276],[115.3478,36.3126],[115.3631,36.3444],[115.2912,36.4167],[115.3118,36.4498],[115.280155,36.486214],[115.3484,36.6287],[115.458238,36.729352],[115.4596,36.7306],[115.4724,36.751],[115.6776,36.812],[115.751049,36.91253],[115.7629,36.9206],[115.7907,36.9668],[115.7705,36.9911],[115.8471,37.0631],[115.845656,37.066158],[115.9092,37.2103],[115.9637,37.239],[115.9706,37.3369],[116.1606,37.3841],[116.2308,37.361],[116.2724,37.4055],[116.2219,37.4257],[116.219,37.4792],[116.2843,37.4832],[116.2833,37.5515],[116.3296,37.5805],[116.380085,37.528684],[116.417,37.4791],[116.423404,37.484223],[116.497591,37.543564],[116.5969,37.623],[116.690517,37.734744],[116.7408,37.7583],[116.7889,37.8462],[117.421846,37.853668],[117.433,37.8538],[117.489089,37.947118],[117.5352,38.0112],[117.548736,38.046356],[117.550171,38.048743],[117.7231,38.0922],[117.849337,38.261567],[117.8832,38.307],[117.8635,38.3281],[118.0153,38.3935],[117.8338,38.3247],[117.8535,38.3521],[117.8331,38.3597],[117.7579,38.3329],[117.6365,38.4876],[117.5867,38.6129],[117.4726,38.6165],[117.3627,38.5639],[117.247,38.5555],[117.2498,38.6133],[117.2189,38.6431],[117.0919,38.586],[117.0356,38.706],[116.8715,38.6801],[116.8639,38.7374],[116.7906,38.7459],[116.790461,38.745847],[116.747504,38.750787],[116.7387,38.7518],[116.7024,38.9298],[116.7504,39.0494],[116.8658,39.0538],[116.9182,39.1187],[116.8637,39.1533],[116.85,39.2148],[116.8782,39.2242],[116.879419,39.32343],[116.8231,39.3383],[116.8122,39.3725],[116.8581,39.4256],[116.783,39.4698],[116.806544,39.497595],[116.7817,39.5534],[116.809979,39.604739],[116.808247,39.609609],[116.7718,39.5925],[116.7194,39.623],[116.6992,39.5868],[116.5634,39.6193],[116.4377,39.5086],[116.3965,39.5255],[116.4441,39.4472],[116.3278,39.4547],[116.2401,39.5164],[116.237816,39.536065],[116.2347,39.5629],[116.1785,39.5897],[116.1323,39.5676],[115.9721,39.5932],[115.9536,39.5598],[115.9044,39.5997],[115.902,39.5659],[115.8227,39.5402],[115.8143,39.5086],[115.745614,39.521245],[115.6663,39.6083],[115.5801,39.5884],[115.5398,39.6177],[115.5128,39.5936],[115.5162,39.6388],[115.4727,39.6495],[115.4825,39.7318],[115.4238,39.7739],[115.5632,39.8124],[115.506,39.843],[115.5168,39.8978],[115.4197,39.949],[115.4478,40.0281],[115.5884,40.1146],[115.7298,40.1287],[115.7636,40.169],[115.8412,40.1459],[115.8925,40.2334],[115.9618,40.2624],[115.9123,40.3528],[115.8584,40.3583],[115.7638,40.4438],[115.7755,40.4921],[115.7359,40.4953],[115.7466,40.535],[115.9019,40.6161],[115.9891,40.5785],[116.1157,40.6283],[116.2411,40.7901],[116.268,40.7624],[116.449158,40.772328],[116.4596,40.7729],[116.450819,40.781587],[116.4531,40.7943],[116.335252,40.911772],[116.357038,40.939184],[116.3926,40.9041],[116.468,40.8944],[116.4492,40.9781],[116.5919,40.9733],[116.623218,41.053178],[116.635288,41.056247],[116.6838,41.0426],[116.6718,40.9694],[116.7072,40.9116],[116.8758,40.8134],[116.9628,40.7062],[117.5082,40.6593],[117.4802,40.632],[117.4422,40.6497],[117.4125,40.5672],[117.3048,40.5758],[117.2431,40.5468],[117.257,40.5118],[117.2016,40.4985],[117.2556,40.439],[117.2198,40.3678],[117.2894,40.2768],[117.3253,40.2883],[117.3443,40.2285],[117.382841,40.226529],[117.401806,40.241504],[117.421299,40.245912],[117.5585,40.2276],[117.5694,40.1915],[117.591433,40.1629],[117.6479,40.0896],[117.7483,40.0786],[117.7696,40.0579],[117.7368,40.0165],[117.7901,39.9954],[117.7498,39.9638],[117.5408,39.9978],[117.5014,39.9076],[117.5522,39.8108],[117.5441,39.7618],[117.6628,39.6633],[117.6254,39.6123],[117.634963,39.595885],[117.637968,39.590727],[117.6448,39.579],[117.7026,39.5713],[117.6796,39.5629],[117.7041,39.5346],[117.7614,39.5978],[117.9239,39.5771],[117.8543,39.3838],[117.7966,39.3599],[118.010206,39.274066],[118.048127,39.239393],[118.039902,39.227137],[118.0231,39.2021],[118.1305,39.1873],[118.2114,39.0691],[118.372,39.0232],[118.3721,38.9816],[118.4039,38.9666],[118.4183,39.0265],[118.4793,39.0468],[118.4184,39.0092],[118.4184,38.9597],[118.4551,38.9519],[118.4613,39.0213],[118.5029,38.918],[118.6474,39.0451],[118.616,39.0673],[118.6293,39.0485],[118.5678,38.9909],[118.4806,39.0505],[118.478,39.0876],[118.5759,39.1115],[118.5356,39.1514],[118.8069,39.1389],[118.819197,39.142019],[118.8111,39.1361],[118.811,39.1265],[118.8247,39.1251],[118.834,39.1331],[118.838999,39.147041],[118.9524,39.1758],[118.8838,39.1254],[118.9222,39.1266],[119.0961,39.2342],[119.0834,39.252],[119.1876,39.367],[119.2484,39.3615],[119.305,39.4313],[119.2565,39.4908],[119.2669,39.5461],[119.3608,39.7436],[119.4542,39.8075],[119.5291,39.8171],[119.5135,39.8398],[119.5559,39.9036],[119.8124,39.9814],[119.8657,39.9566],[119.853278,40.011875],[119.827804,40.035754],[119.7649,40.0476],[119.7304,40.1021],[119.7568,40.1412],[119.7374,40.2059],[119.6209,40.2272],[119.646,40.2714],[119.5731,40.3767],[119.5938,40.4644],[119.5408,40.5121],[119.5641,40.5328],[119.4973,40.5525],[119.2988,40.5275],[119.229207,40.566817],[119.2149,40.5749],[119.233017,40.599998],[119.20359,40.601078],[119.1593,40.5982],[119.156347,40.602811],[119.15183,40.609863],[119.150063,40.612622],[119.1521,40.6128],[119.1745,40.6852],[119.0483,40.6635],[118.847753,40.813814],[118.8961,40.9594],[119.0152,40.988],[118.9322,41.0514],[118.9586,41.0776],[119.067,41.0736],[119.0743,41.1339],[119.1918,41.1901],[119.1628,41.213],[119.2422,41.2862],[119.236735,41.300657],[119.1947,41.2866],[118.8988,41.2989],[118.895979,41.301249],[118.8138,41.3697],[118.7358,41.3218],[118.5243,41.3567],[118.3689,41.3112],[118.3537,41.4204],[118.2649,41.4655],[118.3187,41.5149],[118.2998,41.5664],[118.2309,41.5767],[118.1289,41.7299],[118.1392,41.7942],[118.2278,41.8098],[118.2692,41.759],[118.3395,41.8468],[118.2611,41.9192],[118.3072,41.9858],[118.2328,42.0067],[118.2871,42.059],[118.2364,42.0903],[118.1882,42.03],[118.1132,42.0346],[118.1537,42.0861],[118.087,42.1063],[118.1111,42.1638],[117.9655,42.2429],[118.0539,42.281],[118.0032,42.3426],[118.0247,42.3819],[117.8659,42.4989],[117.7874,42.5874],[117.7957,42.6155],[117.6802,42.5811],[117.462001,42.596262],[117.3894,42.5341],[117.4103,42.4927],[117.3797,42.4585],[117.092,42.4816],[116.888963,42.386211],[116.888487,42.384599],[116.908924,42.242714],[116.9188,42.2072],[116.914639,42.203039],[116.904896,42.193296],[116.8979,42.1863],[116.7769,42.2057],[116.8858,42.1034],[116.8768,42.0155],[116.7831,41.9714],[116.767701,41.98132],[116.735339,41.971182],[116.7184,41.9504],[116.5841,41.9238],[116.492,41.9802],[116.4289,41.938],[116.3937,41.9479],[116.4098,41.9923],[116.3292,42.0075],[116.2185,41.9306],[116.1929,41.8621],[116.1199,41.8649],[116.111743,41.817275],[116.1226,41.8042],[116.10687,41.788829],[116.096038,41.778244],[116.0919,41.7742],[116.090338,41.774213],[116.074192,41.774352],[116.0101,41.7749],[115.9154,41.9487],[115.8236,41.9329],[115.5279,41.7703],[115.3084,41.701],[115.35713,41.62236],[115.3708,41.6003],[115.359027,41.598583],[115.348975,41.597117],[115.3043,41.5906],[115.2774,41.6192],[115.1976,41.5693],[115.1918,41.6022],[115.0922,41.6217],[115.0478,41.5958],[114.8585,41.6008],[114.8992,41.6752],[114.888,41.7838],[114.86,41.8027],[114.9332,41.8448],[114.9053,41.8833],[114.927,41.9416],[114.836886,42.115854],[114.8005,42.1475],[114.781734,42.142174],[114.7484,42.1137],[114.682165,42.113919],[114.555123,42.114338],[114.511133,42.114483],[114.4594,42.0358],[114.5042,41.9713],[114.331005,41.929636],[114.1962,41.7913],[114.2309,41.6966],[114.2085,41.6827],[114.2477,41.6283],[114.2212,41.6183],[114.2243,41.5116],[114.065509,41.526843],[113.995092,41.505424],[113.887226,41.43904],[113.876615,41.426124],[113.9374,41.3891],[113.8954,41.3067],[113.955843,41.265434],[113.969516,41.256099],[113.999149,41.235868],[114.0054,41.2316],[113.9949,41.1828],[113.9128,41.1715],[113.8182,41.0938],[113.9689,40.9936],[113.9797,40.9399],[114.0506,40.9234],[114.0683,40.852],[114.052071,40.840678],[114.052464,40.818557],[114.064041,40.807086],[114.097888,40.773549],[114.1267,40.745],[114.112346,40.739721],[114.2186,40.6101],[114.281,40.5849],[114.2608,40.4729],[114.2919,40.4457],[114.2963,40.3695],[114.509519,40.344033],[114.514734,40.329529],[114.4492,40.2544],[114.2545,40.2353],[114.2251,40.1935],[114.145,40.1759],[114.0604,40.1802],[114.0842,40.0737],[114.0351,40.0563],[114.0136,40.101],[113.9719,40.1095],[113.9666,40.0519],[113.914182,40.008408],[113.9067,40.0022],[114.0228,39.9842],[114.0406,39.9164],[114.1409,39.8947],[114.2093,39.9165],[114.2092,39.8611],[114.3887,39.8658],[114.3981,39.6428],[114.553787,39.559142],[114.4961,39.476],[114.490451,39.444303],[114.4727,39.3447],[114.4198,39.2846],[114.4098,39.2415],[114.4612,39.2239],[114.464,39.1926],[114.377,39.1727],[114.3427,39.0756],[114.1155,39.0487],[114.0464,39.1191],[114.041547,39.119131],[114.022402,39.119255],[114,39.1194],[113.971803,39.103585],[113.891995,39.058825],[113.768884,38.981511],[113.7665,38.8891],[113.8496,38.8183],[113.827453,38.765809],[113.8242,38.7581],[113.7912,38.7615],[113.7474,38.6986],[113.7044,38.7109],[113.6943,38.6518],[113.615,38.6505],[113.5406,38.5161],[113.579806,38.459247],[113.517,38.3762],[113.5561,38.3411],[113.5343,38.2649],[113.538954,38.260378],[113.544053,38.255423],[113.559,38.2409],[113.8286,38.1626],[113.8053,38.1097],[113.8711,38.0555],[113.8587,38.0012],[113.9684,37.878],[113.9583,37.8274],[114.0374,37.7864],[114.0369,37.7518],[113.99006,37.723023],[113.984,37.7193],[113.989456,37.718308],[114.005005,37.715481],[114.0112,37.7184],[114.1259,37.6935],[114.1323,37.6458],[114.1022,37.6166],[114.122,37.6008],[114.0251,37.4459],[114.027417,37.445685],[114.01977,37.440814],[114.005,37.4177],[113.935322,37.353766],[113.8271,37.176],[113.7662,37.1522],[113.7547,37.0695],[113.7859,37.0511],[113.7606,37.0157],[113.834591,37.00388],[113.7527,36.9526],[113.7916,36.8824],[113.779928,36.875809],[113.7344,36.8501],[113.7227,36.8829],[113.6844,36.8805],[113.6662,36.7929],[113.5916,36.7521],[113.564558,36.754736],[113.537579,36.744606],[113.5383,36.7413],[113.455,36.7136],[113.5098,36.698],[113.4777,36.6356],[113.5431,36.6231],[113.5347,36.589],[113.5821,36.5636],[113.542165,36.53741],[113.54363,36.526646],[113.5791,36.4581],[113.7052,36.4223],[113.7357,36.3742],[113.733588,36.364712],[113.7367,36.3584],[113.742827,36.356141],[113.8064,36.3327],[113.8761,36.3541],[113.9044,36.3144],[113.9449,36.359],[113.9882,36.3151],[113.9708,36.3542],[114.0182,36.3549],[114.0561,36.2736],[114.125,36.2816],[114.1647,36.2435],[114.2044,36.2722],[114.3391,36.2557],[114.5853,36.1212],[114.7286,36.1558],[114.7659,36.1245],[114.9069,36.1406],[114.9196,36.0557],[115.0027,36.0712],[115.0534,36.1792],[115.0913,36.1715],[115.1192,36.2104],[115.2449,36.1894],[115.3064,36.0872],[115.4429,36.1465],[115.4494,36.1759],[115.467989,36.157378]]],[[[116.890743,39.693569],[116.911,39.7053],[116.945,39.7058],[116.9692,39.6361],[117.1663,39.6352],[117.1472,39.735],[117.1996,39.7626],[117.15,39.8161],[117.2502,39.8419],[117.143868,39.894574],[117.142,39.8955],[117.143005,39.89744],[117.1917,39.9914],[117.1753,40.0579],[117.2165,40.0654],[117.20459,40.079583],[117.1934,40.0671],[117.0791,40.0737],[117.0155,40.0284],[116.9083,40.0515],[116.7734,40.0333],[116.7514,39.9643],[116.7811,39.8843],[116.9203,39.8334],[116.9322,39.7806],[116.891256,39.734049],[116.887622,39.698887],[116.890743,39.693569]]],[[[118.8652,39.1276],[118.8468,39.1178],[118.8584,39.1107],[118.8652,39.1276]]]]},"properties":{"country_key":"china","region_key":"hebei","display_name":"河北省","country_display":"China","name":"Hebei","keys":["china|hebei","china|河北"],"legacy_region_key":"河北","geo_key":"china|hebei","parent_geo_key":"china","region_id":"admin1|china|hebei"}},{"type":"Feature","geometry":{"type":"Polygon","coordinates":[[[113.742827,36.356141],[113.7367,36.3584],[113.733588,36.364712],[113.7357,36.3742],[113.7052,36.4223],[113.5791,36.4581],[113.54363,36.526646],[113.542165,36.53741],[113.5821,36.5636],[113.5347,36.589],[113.5431,36.6231],[113.4777,36.6356],[113.5098,36.698],[113.455,36.7136],[113.5383,36.7413],[113.537579,36.744606],[113.564558,36.754736],[113.5916,36.7521],[113.6662,36.7929],[113.6844,36.8805],[113.7227,36.8829],[113.7344,36.8501],[113.779928,36.875809],[113.7916,36.8824],[113.7527,36.9526],[113.834591,37.00388],[113.7606,37.0157],[113.7859,37.0511],[113.7547,37.0695],[113.7662,37.1522],[113.8271,37.176],[113.935322,37.353766],[114.005,37.4177],[114.01977,37.440814],[114.027417,37.445685],[114.0251,37.4459],[114.122,37.6008],[114.1022,37.6166],[114.1323,37.6458],[114.1259,37.6935],[114.0112,37.7184],[114.005005,37.715481],[113.989456,37.718308],[113.984,37.7193],[113.99006,37.723023],[114.0369,37.7518],[114.0374,37.7864],[113.9583,37.8274],[113.9684,37.878],[113.8587,38.0012],[113.8711,38.0555],[113.8053,38.1097],[113.8286,38.1626],[113.559,38.2409],[113.544053,38.255423],[113.538954,38.260378],[113.5343,38.2649],[113.5561,38.3411],[113.517,38.3762],[113.579806,38.459247],[113.5406,38.5161],[113.615,38.6505],[113.6943,38.6518],[113.7044,38.7109],[113.7474,38.6986],[113.7912,38.7615],[113.8242,38.7581],[113.827453,38.765809],[113.8496,38.8183],[113.7665,38.8891],[113.768884,38.981511],[113.891995,39.058825],[113.971803,39.103585],[114,39.1194],[114.022402,39.119255],[114.041547,39.119131],[114.0464,39.1191],[114.1155,39.0487],[114.3427,39.0756],[114.377,39.1727],[114.464,39.1926],[114.4612,39.2239],[114.4098,39.2415],[114.4198,39.2846],[114.4727,39.3447],[114.490451,39.444303],[114.4961,39.476],[114.553787,39.559142],[114.3981,39.6428],[114.3887,39.8658],[114.2092,39.8611],[114.2093,39.9165],[114.1409,39.8947],[114.0406,39.9164],[114.0228,39.9842],[113.9067,40.0022],[113.914182,40.008408],[113.9666,40.0519],[113.9719,40.1095],[114.0136,40.101],[114.0351,40.0563],[114.0842,40.0737],[114.0604,40.1802],[114.145,40.1759],[114.2251,40.1935],[114.2545,40.2353],[114.4492,40.2544],[114.514734,40.329529],[114.509519,40.344033],[114.2963,40.3695],[114.2919,40.4457],[114.2608,40.4729],[114.281,40.5849],[114.2186,40.6101],[114.112346,40.739721],[114.0541,40.7183],[114.0348,40.611],[114.0688,40.5416],[113.9413,40.5156],[113.870229,40.4542],[113.8634,40.4483],[113.7875,40.518],[113.551084,40.348242],[113.5293,40.3326],[113.440005,40.326918],[113.3093,40.3186],[113.251,40.4138],[113.005861,40.359036],[112.8899,40.3263],[112.8461,40.2016],[112.7388,40.1621],[112.617937,40.220458],[112.608942,40.224801],[112.4561,40.2986],[112.3035,40.2551],[111.9663,39.7951],[111.94367,39.688802],[111.928144,39.615872],[111.927,39.6105],[111.8289,39.6207],[111.773,39.5868],[111.6325,39.6436],[111.4863,39.659],[111.440421,39.6432],[111.442659,39.640475],[111.4543,39.6263],[111.444826,39.621533],[111.4229,39.6105],[111.4244,39.5066],[111.354577,39.439742],[111.344558,39.430148],[111.3349,39.4209],[111.264687,39.421356],[111.153513,39.409118],[111.116164,39.368641],[111.121759,39.365538],[111.1486,39.3675],[111.147736,39.351135],[111.164006,39.342113],[111.1875,39.3463],[111.188012,39.328803],[111.2414,39.2992],[111.1304,39.0616],[110.9741,38.9714],[111.0055,38.9299],[111.004084,38.905468],[111.002212,38.873168],[111,38.835],[110.947162,38.746352],[110.9395,38.7287],[110.933895,38.724092],[110.8737,38.6231],[110.915,38.5777],[110.9016,38.5205],[110.8643,38.5093],[110.8727,38.4605],[110.7754,38.4446],[110.7466,38.3721],[110.6469,38.3054],[110.577,38.3025],[110.5564,38.2123],[110.5004,38.1842],[110.5173,37.9535],[110.587,37.9228],[110.6646,37.7949],[110.7487,37.7563],[110.6972,37.7112],[110.7904,37.6614],[110.7587,37.6403],[110.7896,37.5573],[110.7459,37.4564],[110.6359,37.4281],[110.6304,37.3636],[110.6943,37.3473],[110.6817,37.2823],[110.5211,37.1037],[110.4121,37.0336],[110.4439,37.0103],[110.3724,37.0179],[110.4138,36.9726],[110.4199,36.9549],[110.4016,36.8902],[110.3692,36.8803],[110.4185,36.8557],[110.403,36.7766],[110.386225,36.775277],[110.384698,36.771472],[110.4265,36.7482],[110.4162,36.7212],[110.4465,36.7272],[110.4326,36.6869],[110.394903,36.677606],[110.4917,36.582],[110.4981,36.4897],[110.477811,36.466181],[110.45502,36.276142],[110.445318,36.152941],[110.5113,35.9722],[110.5059,35.88],[110.546,35.8754],[110.5726,35.7378],[110.6082,35.5889],[110.4163,35.3487],[110.3643,35.2529],[110.3697,35.1409],[110.3328,35.0481],[110.2346,34.9358],[110.234592,34.928786],[110.234559,34.898275],[110.2343,34.6581],[110.291705,34.616905],[110.303,34.6088],[110.371144,34.598786],[110.418,34.5919],[110.4728,34.6179],[110.5269,34.5852],[110.6059,34.6128],[110.6557,34.5904],[110.7513,34.6548],[110.8251,34.6175],[110.8939,34.6619],[110.92276,34.720277],[110.9638,34.7012],[111.1189,34.763],[111.1473,34.8144],[111.2176,34.79],[111.2552,34.8219],[111.5649,34.8447],[111.6756,34.9513],[111.6631,34.989],[111.8017,35.0349],[111.8089,35.0685],[111.9688,35.0701],[111.9519,35.0655],[112.0329,35.0461],[112.0339,35.0319],[112.03763,35.048785],[112.0459,35.0456],[112.0603,35.1514],[112.0341,35.1975],[112.0747,35.2195],[112.0525,35.28],[112.2357,35.236],[112.2918,35.2526],[112.2804,35.2209],[112.3994,35.2427],[112.5545,35.2117],[112.6299,35.2311],[112.6264,35.2713],[112.7073,35.1886],[112.767864,35.227627],[112.785042,35.238695],[112.858982,35.243973],[112.8776,35.2397],[112.8921,35.246337],[112.921186,35.25965],[112.9781,35.2857],[112.9905,35.3635],[113.118,35.3306],[113.1849,35.4488],[113.2962,35.4244],[113.304246,35.475385],[113.315661,35.478518],[113.3422,35.4677],[113.368802,35.493099],[113.375,35.4948],[113.5031,35.5187],[113.497,35.5705],[113.5432,35.633],[113.6194,35.6333],[113.5804,35.8266],[113.7376,35.8148],[113.6304,35.861],[113.6505,35.9356],[113.6286,35.9763],[113.695,35.9907],[113.699,36.0201],[113.6529,36.04],[113.6816,36.062],[113.6652,36.1212],[113.7067,36.1333],[113.6491,36.1752],[113.6933,36.1837],[113.726622,36.333415],[113.742827,36.356141]]]},"properties":{"country_key":"china","region_key":"shanxi","display_name":"山西省","country_display":"China","name":"Shanxi","keys":["china|shanxi","china|山西"],"legacy_region_key":"山西","geo_key":"china|shanxi","parent_geo_key":"china","region_id":"admin1|china|shanxi"}},{"type":"Feature","geometry":{"type":"MultiPolygon","coordinates":[[[[106.752124,39.371563],[106.7756,39.3711],[106.8024,39.3144],[106.7863,39.244],[106.86,39.0914],[106.9663,39.0527],[106.9537,38.9443],[106.6999,38.7141],[106.6592,38.6008],[106.6451,38.4729],[106.5962,38.3904],[106.4791,38.3198],[106.608392,38.240319],[106.6216,38.2322],[106.682224,38.213002],[106.8198,38.1621],[106.8621,38.1529],[106.895303,38.145526],[106.9437,38.1302],[107.0278,38.1161],[107.185,38.1542],[107.4355,37.9953],[107.4167,37.9388],[107.4892,37.944],[107.5549,37.8931],[107.588352,37.882382],[107.6451,37.8642],[107.685572,37.882702],[107.7376,37.8443],[107.9775,37.7866],[108.019747,37.658645],[108.0228,37.6494],[108.098259,37.631568],[108.133972,37.623128],[108.1434,37.6209],[108.234,37.6651],[108.33,37.6316],[108.5291,37.6908],[108.6312,37.6531],[108.761,37.6775],[108.770085,37.685416],[108.78028,37.694299],[108.7882,37.7012],[108.790567,37.87278],[108.793467,37.92311],[108.8241,37.9827],[108.7922,38.0515],[108.8708,38.0289],[108.9392,37.9205],[109.0629,38.0218],[109.042,38.0549],[109.0621,38.0938],[108.9387,38.179],[108.9711,38.2935],[109.0585,38.3983],[109.0472,38.4325],[109.2644,38.6166],[109.319,38.5949],[109.3578,38.6237],[109.3294,38.6884],[109.5037,38.83],[109.5525,38.806],[109.6217,38.8571],[109.6808,38.9365],[109.6674,38.9977],[109.8513,39.123],[109.9153,39.1023],[109.8914,39.1452],[109.9549,39.191],[109.8654,39.2417],[109.8776,39.2637],[109.9921,39.2078],[110.2062,39.2814],[110.124,39.4464],[110.2694,39.4252],[110.2634,39.4005],[110.3801,39.3091],[110.4221,39.3373],[110.4238,39.3779],[110.4932,39.3585],[110.5176,39.3819],[110.5946,39.2783],[110.6822,39.2676],[110.878,39.5068],[110.9538,39.5176],[110.979247,39.538067],[111.071685,39.566614],[111.129949,39.563111],[111.136715,39.544858],[111.048,39.4319],[111.093311,39.371031],[111.101308,39.360288],[111.1045,39.356],[111.111088,39.363139],[111.116164,39.368641],[111.153513,39.409118],[111.264687,39.421356],[111.3349,39.4209],[111.344558,39.430148],[111.354577,39.439742],[111.4244,39.5066],[111.4229,39.6105],[111.444826,39.621533],[111.4543,39.6263],[111.442659,39.640475],[111.440421,39.6432],[111.4863,39.659],[111.6325,39.6436],[111.773,39.5868],[111.8289,39.6207],[111.927,39.6105],[111.928144,39.615872],[111.94367,39.688802],[111.9663,39.7951],[112.3035,40.2551],[112.4561,40.2986],[112.608942,40.224801],[112.617937,40.220458],[112.7388,40.1621],[112.8461,40.2016],[112.8899,40.3263],[113.005861,40.359036],[113.251,40.4138],[113.3093,40.3186],[113.440005,40.326918],[113.5293,40.3326],[113.551084,40.348242],[113.7875,40.518],[113.8634,40.4483],[113.870229,40.4542],[113.9413,40.5156],[114.0688,40.5416],[114.0348,40.611],[114.0541,40.7183],[114.112346,40.739721],[114.1267,40.745],[114.097888,40.773549],[114.064041,40.807086],[114.052464,40.818557],[114.052071,40.840678],[114.0683,40.852],[114.0506,40.9234],[113.9797,40.9399],[113.9689,40.9936],[113.8182,41.0938],[113.9128,41.1715],[113.9949,41.1828],[114.0054,41.2316],[113.999149,41.235868],[113.969516,41.256099],[113.955843,41.265434],[113.8954,41.3067],[113.9374,41.3891],[113.876615,41.426124],[113.887226,41.43904],[113.995092,41.505424],[114.065509,41.526843],[114.2243,41.5116],[114.2212,41.6183],[114.2477,41.6283],[114.2085,41.6827],[114.2309,41.6966],[114.1962,41.7913],[114.331005,41.929636],[114.5042,41.9713],[114.4594,42.0358],[114.511133,42.114483],[114.555123,42.114338],[114.682165,42.113919],[114.7484,42.1137],[114.781734,42.142174],[114.8005,42.1475],[114.836886,42.115854],[114.927,41.9416],[114.9053,41.8833],[114.9332,41.8448],[114.86,41.8027],[114.888,41.7838],[114.8992,41.6752],[114.8585,41.6008],[115.0478,41.5958],[115.0922,41.6217],[115.1918,41.6022],[115.1976,41.5693],[115.2774,41.6192],[115.3043,41.5906],[115.348975,41.597117],[115.359027,41.598583],[115.3708,41.6003],[115.35713,41.62236],[115.3084,41.701],[115.5279,41.7703],[115.8236,41.9329],[115.9154,41.9487],[116.0101,41.7749],[116.074192,41.774352],[116.090338,41.774213],[116.0919,41.7742],[116.096038,41.778244],[116.10687,41.788829],[116.1226,41.8042],[116.111743,41.817275],[116.1199,41.8649],[116.1929,41.8621],[116.2185,41.9306],[116.3292,42.0075],[116.4098,41.9923],[116.3937,41.9479],[116.4289,41.938],[116.492,41.9802],[116.5841,41.9238],[116.7184,41.9504],[116.735339,41.971182],[116.767701,41.98132],[116.7831,41.9714],[116.8768,42.0155],[116.8858,42.1034],[116.7769,42.2057],[116.8979,42.1863],[116.904896,42.193296],[116.914639,42.203039],[116.9188,42.2072],[116.908924,42.242714],[116.888487,42.384599],[116.888963,42.386211],[117.092,42.4816],[117.3797,42.4585],[117.4103,42.4927],[117.3894,42.5341],[117.462001,42.596262],[117.6802,42.5811],[117.7957,42.6155],[117.7874,42.5874],[117.8659,42.4989],[118.0247,42.3819],[118.0032,42.3426],[118.0539,42.281],[117.9655,42.2429],[118.1111,42.1638],[118.087,42.1063],[118.1537,42.0861],[118.1132,42.0346],[118.1882,42.03],[118.2364,42.0903],[118.2871,42.059],[118.2328,42.0067],[118.3072,41.9858],[118.2611,41.9192],[118.3395,41.8468],[118.2692,41.759],[118.2278,41.8098],[118.1392,41.7942],[118.1289,41.7299],[118.2309,41.5767],[118.2998,41.5664],[118.3187,41.5149],[118.2649,41.4655],[118.3537,41.4204],[118.3689,41.3112],[118.5243,41.3567],[118.7358,41.3218],[118.8138,41.3697],[118.895979,41.301249],[118.8988,41.2989],[119.1947,41.2866],[119.236735,41.300657],[119.242843,41.302699],[119.3188,41.3281],[119.3055,41.3986],[119.3708,41.4223],[119.3993,41.4789],[119.3568,41.5643],[119.408175,41.568643],[119.4124,41.569],[119.408495,41.571543],[119.3066,41.6379],[119.3112,41.7616],[119.299973,41.770778],[119.305049,41.82328],[119.3287,41.867],[119.3191,41.9686],[119.3673,42.0194],[119.3773,42.0879],[119.232,42.1993],[119.2809,42.2642],[119.4271,42.3151],[119.4959,42.3868],[119.5642,42.3585],[119.5349,42.2902],[119.6117,42.2494],[119.8401,42.2091],[119.8359,42.0992],[120.0362,41.8214],[120.019,41.7372],[120.032226,41.725527],[120.059643,41.701328],[120.0633,41.6981],[120.068177,41.700037],[120.105408,41.714819],[120.1308,41.7249],[120.125566,41.748483],[120.183,41.8444],[120.2825,41.8782],[120.28059,41.883418],[120.2661,41.923],[120.4508,42.0137],[120.4447,42.054],[120.4907,42.0857],[120.4626,42.1023],[120.7341,42.2213],[120.876599,42.248787],[120.886,42.2506],[120.878747,42.266001],[120.975438,42.257629],[121.034724,42.252496],[121.0624,42.2501],[121.087591,42.270037],[121.1131,42.2785],[121.261091,42.38561],[121.2925,42.396],[121.294868,42.410057],[121.36596,42.461511],[121.392157,42.472476],[121.5646,42.4848],[121.6002,42.5143],[121.6602,42.4353],[121.6965,42.4374],[121.8253,42.5369],[121.8604,42.5275],[121.923227,42.64234],[121.949875,42.69105],[122.0593,42.7192],[122.194,42.6867],[122.1982,42.729],[122.3339,42.6679],[122.3903,42.6818],[122.4558,42.7556],[122.3645,42.7755],[122.3535,42.8336],[122.5468,42.8261],[122.6199,42.7711],[122.7229,42.7849],[122.8434,42.7154],[122.8819,42.768],[123.0544,42.767],[123.2123,42.8248],[123.1647,42.8497],[123.1781,42.9235],[123.2528,42.9908],[123.4656,43.0402],[123.5563,43.0028],[123.57319,43.017927],[123.6061,43.0474],[123.612673,43.070213],[123.650181,43.200395],[123.654879,43.216703],[123.664432,43.249859],[123.674374,43.284365],[123.696901,43.362551],[123.6985,43.3681],[123.694757,43.367947],[123.6032,43.3642],[123.4805,43.4429],[123.4135,43.4074],[123.3695,43.4739],[123.3099,43.4895],[123.2984,43.5482],[123.446,43.5431],[123.4147,43.5957],[123.5042,43.5909],[123.5323,43.6401],[123.4774,43.7319],[123.4608,43.857],[123.382527,43.960623],[123.342143,44.014086],[123.325139,44.036597],[123.323835,44.05084],[123.333178,44.068964],[123.3799,44.1596],[123.2938,44.193],[123.1908,44.343],[123.125648,44.365028],[123.127418,44.422699],[123.1422,44.5519],[123.1191,44.5071],[123.0188,44.491],[122.7549,44.3677],[122.67,44.2838],[122.477,44.2348],[122.310964,44.232563],[122.3063,44.2325],[122.2658,44.2536],[122.266308,44.26133],[122.267336,44.276972],[122.2804,44.4758],[122.2224,44.4782],[122.1903,44.5578],[122.1257,44.5754],[122.0971,44.6719],[122.1555,44.7262],[122.0929,44.7427],[122.1633,44.7682],[122.0939,44.7803],[122.039,44.8974],[122.0731,44.9121],[122.1038,45.1399],[122.1372,45.1809],[122.215558,45.202401],[122.2243,45.2048],[122.227132,45.226917],[122.2332,45.2743],[122.1413,45.2934],[122.158391,45.437609],[122.1589,45.4419],[121.9966,45.5059],[121.9607,45.5942],[121.9975,45.6213],[121.9393,45.7116],[121.7508,45.6888],[121.646664,45.748599],[121.707387,45.775796],[121.73876,45.789847],[121.7458,45.793],[121.8112,45.8737],[121.8033,45.9597],[121.7559,45.997],[121.8371,46.0227],[121.9975,45.9805],[122.0854,45.8799],[122.198,45.8501],[122.2568,45.793],[122.3629,45.86],[122.356,45.9154],[122.4399,45.9148],[122.5362,45.7721],[122.6555,45.7313],[122.6657,45.6988],[122.7361,45.7031],[122.8032,45.7812],[122.7924,45.8471],[122.8212,45.8963],[122.7871,46.0713],[123.1057,46.128],[123.118662,46.192409],[123.156271,46.230267],[123.169271,46.243352],[123.172,46.2461],[123.0051,46.4331],[122.9967,46.5735],[123.046,46.5781],[123.0393,46.6154],[123.0713,46.6209],[123.0796,46.5894],[123.1722,46.6116],[123.222,46.5865],[123.2729,46.6153],[123.2708,46.6597],[123.5979,46.688],[123.6253,46.7277],[123.6155,46.8127],[123.5783,46.8281],[123.6162,46.8463],[123.5989,46.8896],[123.5699,46.8882],[123.5642,46.8275],[123.488636,46.842404],[123.480965,46.853176],[123.5219,46.9545],[123.4199,46.9321],[123.36591,46.959334],[123.398,46.9335],[123.3677,46.8355],[123.2282,46.8614],[123.1491,46.7401],[123.0004,46.7261],[122.9919,46.7587],[122.901,46.8056],[122.8746,46.8852],[122.8892,46.9584],[122.7963,46.9354],[122.7686,46.972],[122.8472,47.0684],[122.6203,47.1155],[122.4117,47.3482],[122.5016,47.3998],[122.585318,47.541739],[122.8426,47.6724],[123.1609,47.7816],[123.2933,47.9519],[123.569,48.0408],[123.736,48.1916],[124.2524,48.5345],[124.296,48.5165],[124.3265,48.4296],[124.3111,48.3444],[124.4134,48.2449],[124.4106,48.1873],[124.4714,48.1651],[124.4122,48.0871],[124.4951,48.1189],[124.5763,48.2978],[124.5088,48.3795],[124.5006,48.4428],[124.5458,48.4609],[124.5202,48.5585],[124.5942,48.6293],[124.6479,48.8325],[124.7002,48.8597],[124.711496,48.912327],[124.7434,48.922],[124.743777,48.922644],[124.8159,49.0461],[124.8023,49.114],[124.876554,49.165762],[125.0261,49.1755],[125.1117,49.1249],[125.2122,49.1874],[125.2057,49.2464],[125.2689,49.3726],[125.2627,49.4532],[125.2035,49.5347],[125.2282,49.5374],[125.2206,49.5937],[125.1351,49.6204],[125.1202,49.661],[125.1575,49.6672],[125.1782,49.6324],[125.2124,49.6673],[125.1963,49.735],[125.22,49.7893],[125.1726,49.8281],[125.2199,49.8351],[125.2378,49.8709],[125.1759,49.951],[125.2893,50.0088],[125.258,50.0457],[125.3303,50.0547],[125.2523,50.1022],[125.2954,50.1379],[125.3677,50.1356],[125.3316,50.1569],[125.4413,50.2144],[125.456,50.2935],[125.531,50.3507],[125.5067,50.405],[125.5762,50.4072],[125.5545,50.4362],[125.6375,50.4487],[125.817,50.5498],[125.78,50.6772],[125.8173,50.7038],[125.7532,50.7516],[125.8267,50.7543],[125.8317,50.7931],[125.9129,50.8294],[125.9515,50.8989],[125.9875,50.8695],[126.0226,50.9056],[126.0119,50.9214],[126.0656,50.9768],[126.0258,51.0085],[126.0528,51.0356],[125.9684,51.0837],[125.9762,51.1211],[125.9272,51.1115],[125.8583,51.1438],[125.8331,51.2191],[125.7499,51.2259],[125.7568,51.26],[125.686,51.3381],[125.3593,51.6164],[125.1213,51.6332],[125.1206,51.6569],[125.0605,51.6233],[125.0532,51.5331],[124.9171,51.4992],[124.9369,51.4424],[124.8665,51.3799],[124.7808,51.3943],[124.7437,51.3553],[124.6228,51.3237],[124.4938,51.3816],[124.4182,51.343],[124.3967,51.2718],[124.3017,51.287],[124.2062,51.3483],[123.9207,51.3003],[123.7154,51.3975],[123.6498,51.3178],[123.5751,51.2916],[123.2756,51.2448],[123.1421,51.3018],[123.004022,51.309043],[122.9497,51.3603],[122.9608,51.3875],[122.8511,51.4725],[122.8791,51.5041],[122.8483,51.5265],[122.8811,51.5478],[122.8301,51.5743],[122.8477,51.6122],[122.742,51.7392],[122.7658,51.7694],[122.6936,51.888],[122.7266,51.9236],[122.7115,51.9755],[122.6662,51.9759],[122.6187,52.0725],[122.6296,52.1348],[122.7695,52.1774],[122.7556,52.2251],[122.7837,52.2505],[122.4624,52.3001],[122.474,52.3489],[122.4358,52.3904],[122.3993,52.375],[122.3039,52.4744],[122.2017,52.4664],[122.1578,52.5147],[121.936,52.2917],[121.8339,52.2794],[121.7112,52.3156],[121.638,52.4433],[121.517564,52.457764],[121.3165,52.572],[121.206036,52.591542],[121.5807,52.8198],[121.6146,52.8511],[121.6034,52.8915],[121.6549,52.9103],[121.7031,52.9964],[121.779,53.0167],[121.8134,53.0623],[121.7661,53.0908],[121.7541,53.1406],[121.6586,53.1685],[121.6742,53.2371],[121.4931,53.3338],[121.3257,53.3226],[121.2284,53.2798],[121.1239,53.275],[121.0884,53.3052],[120.8813,53.2932],[120.8154,53.2679],[120.8339,53.2404],[120.6835,53.1729],[120.6361,53.1038],[120.4447,53.0077],[120.2773,52.8597],[120.0238,52.7681],[120.0624,52.7061],[120.0276,52.6332],[120.0691,52.5844],[120.181,52.5776],[120.4556,52.6437],[120.7269,52.5392],[120.6801,52.5097],[120.6829,52.4292],[120.6133,52.3525],[120.6495,52.3001],[120.7458,52.2579],[120.7377,52.207],[120.7799,52.1627],[120.6799,52.0391],[120.7122,52.0084],[120.6546,51.9304],[120.5484,51.9113],[120.5303,51.8776],[120.4723,51.8838],[120.4676,51.85],[120.3077,51.7834],[120.1646,51.6783],[120.0796,51.6757],[120.0917,51.6468],[120.0275,51.5841],[120.0446,51.5519],[119.978,51.5022],[119.9937,51.4488],[119.9638,51.3991],[119.9025,51.3886],[119.9298,51.3522],[119.8773,51.3364],[119.8721,51.2956],[119.8034,51.2792],[119.8029,51.2134],[119.7528,51.2112],[119.7808,51.1666],[119.7562,51.0906],[119.4838,50.878],[119.4985,50.7657],[119.4415,50.6928],[119.3776,50.6811],[119.3516,50.6302],[119.2737,50.5999],[119.2911,50.582],[119.2318,50.5047],[119.2433,50.4489],[119.1319,50.3947],[119.1743,50.3475],[119.3623,50.3414],[119.3109,50.2173],[119.352,50.1953],[119.2872,50.1113],[119.2196,50.0744],[119.1825,50.0872],[119.1521,50.0263],[119.0866,49.9882],[118.567,49.9298],[118.4823,49.8724],[118.4766,49.8289],[118.3804,49.8268],[118.3954,49.8051],[118.2357,49.7376],[118.1647,49.6595],[118.116,49.6709],[118.0741,49.6162],[117.859,49.59],[117.8024,49.517],[117.4752,49.6294],[117.2731,49.6315],[117.0538,49.6944],[116.7154,49.8505],[116.0391,48.8701],[116.0708,48.8216],[115.7907,48.5204],[115.8113,48.2574],[115.5307,48.1489],[115.5736,47.9198],[115.9316,47.68],[116.107,47.8151],[116.2589,47.8743],[116.4406,47.8343],[116.785,47.8974],[117.0859,47.8206],[117.3768,47.6391],[117.8044,48.0144],[118.0431,48.0114],[118.1732,48.0482],[118.2982,48.0033],[118.5561,47.991],[118.7655,47.7683],[119.1239,47.6594],[119.1423,47.5384],[119.356,47.475],[119.3163,47.4223],[119.3446,47.4298],[119.4792,47.3338],[119.5518,47.3013],[119.5613,47.2466],[119.6234,47.2452],[119.7149,47.1774],[119.7995,47.0515],[119.7885,47.0113],[119.8679,46.9554],[119.8531,46.9158],[119.9208,46.9023],[119.9037,46.6513],[119.9041,46.6661],[119.7949,46.6775],[119.7689,46.617],[119.6758,46.5897],[119.6416,46.6227],[119.511,46.6331],[119.4248,46.6351],[119.3637,46.5993],[119.2337,46.6482],[119.1093,46.6406],[119.0003,46.7441],[118.918,46.7227],[118.9073,46.7712],[118.8373,46.7686],[118.7776,46.6832],[118.6455,46.7203],[118.5825,46.6915],[118.3066,46.7367],[118.0499,46.6309],[117.9185,46.6119],[117.8385,46.5342],[117.7112,46.5155],[117.5872,46.6013],[117.4086,46.5787],[117.4368,46.5266],[117.3884,46.4718],[117.3605,46.3596],[116.8284,46.3815],[116.7458,46.3274],[116.5794,46.2901],[116.2631,45.9653],[116.2349,45.8754],[116.2802,45.8379],[116.282,45.7768],[116.1708,45.6892],[116.0271,45.6808],[115.6898,45.4586],[115.3579,45.3912],[114.9686,45.3753],[114.7372,45.4373],[114.5441,45.385],[114.4538,45.2107],[114.1717,45.0355],[114.1066,44.9547],[113.8966,44.9093],[113.6226,44.7444],[113.1184,44.797],[112.704,44.8793],[112.4248,45.0725],[111.9963,45.09],[111.7384,44.9426],[111.5778,44.7042],[111.5628,44.5751],[111.4692,44.4842],[111.4083,44.356],[111.4241,44.3195],[111.5132,44.2822],[111.5564,44.164],[111.6563,44.0586],[111.8638,43.9373],[111.9518,43.8213],[111.9421,43.6927],[111.7849,43.6711],[111.5585,43.488],[111.4507,43.4922],[111.1406,43.3781],[111.0122,43.3289],[110.6813,43.0371],[110.6237,42.9336],[110.3328,42.7348],[110.1026,42.6395],[109.9014,42.6349],[109.6769,42.5579],[109.5352,42.4705],[109.3801,42.447],[109.018,42.4574],[108.8383,42.3937],[108.2415,42.4591],[107.9316,42.4057],[107.568,42.4147],[107.4612,42.4621],[107.2863,42.4138],[107.2672,42.3667],[106.7815,42.2934],[105.7161,41.9382],[105.2845,41.7469],[105.2244,41.7494],[105.0043,41.5785],[104.9184,41.6513],[104.518,41.6589],[104.5252,41.8747],[104.0738,41.8038],[103.8582,41.7997],[103.4176,41.8802],[102.7098,42.1543],[102.4469,42.1474],[102.0747,42.2286],[101.8015,42.5059],[100.8483,42.6725],[100.3208,42.6896],[100.2675,42.6359],[99.9682,42.6484],[99.5053,42.5675],[98.1945,42.652],[97.1717,42.7945],[97.8465,41.6551],[97.6156,41.4638],[97.9715,41.0967],[98.3323,40.9178],[98.3434,40.5673],[98.6274,40.6771],[98.5695,40.746],[98.6678,40.7719],[98.702,40.6727],[98.8022,40.6068],[98.79,40.7045],[98.9839,40.7818],[99.0403,40.6926],[99.1005,40.6752],[99.1716,40.7461],[99.1732,40.8571],[99.5646,40.8457],[99.6716,40.9318],[100.0554,40.9066],[100.1062,40.8741],[100.2357,40.7157],[100.241,40.6176],[100.168,40.5402],[100.1679,40.2766],[99.9868,40.1861],[99.8801,40.0301],[99.7497,40.006],[99.5334,39.8909],[99.441,39.8838],[99.470253,39.882315],[99.802426,39.865455],[99.813207,39.863481],[99.9037,39.7874],[100.2624,39.6767],[100.3108,39.6081],[100.3236,39.5083],[100.4978,39.4803],[100.4968,39.3998],[100.8298,39.4041],[100.8665,39.1097],[100.8268,39.0728],[100.8288,39.0276],[100.8805,38.9957],[100.9001,39.0301],[100.9578,39.0057],[100.9615,38.9437],[101.2266,39.0212],[101.1965,38.9481],[101.2378,38.8588],[101.331,38.8475],[101.3058,38.7881],[101.5578,38.713],[101.601996,38.650509],[101.6037,38.6481],[101.6772,38.6902],[101.7733,38.6588],[101.9373,38.8121],[102.0715,38.8905],[101.8297,39.0914],[102.4541,39.255],[102.6023,39.1728],[103.0101,39.0985],[103.358,39.3337],[103.8478,39.4607],[104.0874,39.4193],[104.0443,39.2966],[104.1742,39.1543],[104.2002,39.084],[104.1692,38.9391],[104.0321,38.8919],[103.8594,38.6463],[103.4118,38.4045],[103.5501,38.1595],[103.3607,38.0865],[103.3478,38.0569],[103.3975,37.8614],[103.6717,37.785],[103.839654,37.631737],[103.8672,37.6066],[104.1795,37.4069],[104.4046,37.4643],[104.429037,37.512502],[105.0214,37.5793],[105.1702,37.6634],[105.3662,37.7148],[105.5969,37.7066],[105.618,37.7773],[105.7682,37.7944],[105.797439,37.85851],[105.8035,37.8718],[105.7965,37.9572],[105.8406,38.004],[105.761,38.1214],[105.7766,38.2095],[105.8214,38.2205],[105.842235,38.259317],[105.8488,38.2643],[105.847913,38.269897],[105.8623,38.2967],[105.838258,38.330839],[105.825886,38.408933],[105.840571,38.491596],[105.861785,38.61101],[105.874569,38.682974],[105.8928,38.7856],[105.9889,38.8547],[105.98525,38.862642],[105.973587,38.888023],[105.969916,38.896014],[106.0838,39.0048],[106.0847,39.0675],[106.1454,39.155],[106.2833,39.1429],[106.2771,39.2735],[106.5038,39.2694],[106.5983,39.3746],[106.6694,39.3537],[106.711231,39.372371],[106.752124,39.371563]]],[[[123.348752,46.967989],[123.2956,46.9948],[123.2971,46.9624],[123.348752,46.967989]]]]},"properties":{"country_key":"china","region_key":"neimenggu","display_name":"内蒙古自治区","country_display":"China","name":"Neimenggu","keys":["china|neimenggu","china|内蒙古"],"legacy_region_key":"内蒙古","geo_key":"china|neimenggu","parent_geo_key":"china","region_id":"admin1|china|neimenggu"}},{"type":"Feature","geometry":{"type":"MultiPolygon","coordinates":[[[[125.450068,41.562603],[125.448612,41.590551],[125.4441,41.5956],[125.4444,41.6714],[125.3145,41.6696],[125.3278,41.7344],[125.2903,41.8841],[125.3013,41.9225],[125.3452,41.9257],[125.2859,41.9575],[125.3608,42.0002],[125.4057,42.0966],[125.4841,42.1339],[125.3625,42.1803],[125.3516,42.1441],[125.2998,42.1438],[125.280528,42.250116],[125.2698,42.2644],[125.276676,42.271366],[125.2725,42.2944],[125.2568,42.3108],[125.1693,42.3057],[125.1911,42.4054],[125.095506,42.47302],[125.1013,42.4764],[125.061,42.532],[125.091,42.6196],[125.0322,42.613],[124.9616,42.678],[124.9906,42.7429],[124.9696,42.7997],[124.9225,42.8178],[124.8666,42.7872],[124.8528,42.8199],[124.862,42.9792],[124.8342,43.0246],[124.884663,43.108017],[124.8904,43.1175],[124.8854,43.1306],[124.837435,43.123637],[124.7807,43.1154],[124.6802,43.0481],[124.6653,42.9878],[124.511646,42.862531],[124.455143,42.829361],[124.4327,42.876],[124.3603,42.8893],[124.4359,42.9565],[124.3273,42.9949],[124.4196,43.0734],[124.2779,43.1636],[124.275,43.2253],[124.2108,43.2539],[124.1084,43.2447],[124.0919,43.2903],[124.0274,43.2786],[123.8464,43.4037],[123.8653,43.4484],[123.8433,43.4677],[123.828407,43.467926],[123.7443,43.4692],[123.6912,43.3769],[123.694757,43.367947],[123.6985,43.3681],[123.696901,43.362551],[123.674374,43.284365],[123.664432,43.249859],[123.654879,43.216703],[123.650181,43.200395],[123.612673,43.070213],[123.6061,43.0474],[123.57319,43.017927],[123.5563,43.0028],[123.4656,43.0402],[123.2528,42.9908],[123.1781,42.9235],[123.1647,42.8497],[123.2123,42.8248],[123.0544,42.767],[122.8819,42.768],[122.8434,42.7154],[122.7229,42.7849],[122.6199,42.7711],[122.5468,42.8261],[122.3535,42.8336],[122.3645,42.7755],[122.4558,42.7556],[122.3903,42.6818],[122.3339,42.6679],[122.1982,42.729],[122.194,42.6867],[122.0593,42.7192],[121.949875,42.69105],[121.923227,42.64234],[121.8604,42.5275],[121.8253,42.5369],[121.6965,42.4374],[121.6602,42.4353],[121.6002,42.5143],[121.5646,42.4848],[121.392157,42.472476],[121.36596,42.461511],[121.294868,42.410057],[121.2925,42.396],[121.261091,42.38561],[121.1131,42.2785],[121.087591,42.270037],[121.0624,42.2501],[121.034724,42.252496],[120.975438,42.257629],[120.878747,42.266001],[120.886,42.2506],[120.876599,42.248787],[120.7341,42.2213],[120.4626,42.1023],[120.4907,42.0857],[120.4447,42.054],[120.4508,42.0137],[120.2661,41.923],[120.28059,41.883418],[120.2825,41.8782],[120.183,41.8444],[120.125566,41.748483],[120.1308,41.7249],[120.105408,41.714819],[120.068177,41.700037],[120.0633,41.6981],[120.059643,41.701328],[120.032226,41.725527],[120.019,41.7372],[120.0362,41.8214],[119.8359,42.0992],[119.8401,42.2091],[119.6117,42.2494],[119.5349,42.2902],[119.5642,42.3585],[119.4959,42.3868],[119.4271,42.3151],[119.2809,42.2642],[119.232,42.1993],[119.3773,42.0879],[119.3673,42.0194],[119.3191,41.9686],[119.3287,41.867],[119.305049,41.82328],[119.299973,41.770778],[119.3112,41.7616],[119.3066,41.6379],[119.408495,41.571543],[119.4124,41.569],[119.408175,41.568643],[119.3568,41.5643],[119.3993,41.4789],[119.3708,41.4223],[119.3055,41.3986],[119.3188,41.3281],[119.242843,41.302699],[119.236735,41.300657],[119.2422,41.2862],[119.1628,41.213],[119.1918,41.1901],[119.0743,41.1339],[119.067,41.0736],[118.9586,41.0776],[118.9322,41.0514],[119.0152,40.988],[118.8961,40.9594],[118.847753,40.813814],[119.0483,40.6635],[119.1745,40.6852],[119.1521,40.6128],[119.150063,40.612622],[119.15183,40.609863],[119.156347,40.602811],[119.1593,40.5982],[119.20359,40.601078],[119.233017,40.599998],[119.2149,40.5749],[119.229207,40.566817],[119.2988,40.5275],[119.4973,40.5525],[119.5641,40.5328],[119.5408,40.5121],[119.5938,40.4644],[119.5731,40.3767],[119.646,40.2714],[119.6209,40.2272],[119.7374,40.2059],[119.7568,40.1412],[119.7304,40.1021],[119.7649,40.0476],[119.827804,40.035754],[119.853278,40.011875],[119.8748,39.9917],[119.9138,39.9997],[119.9431,40.0552],[120.3143,40.1861],[120.4435,40.1961],[120.5006,40.237],[120.4983,40.3256],[120.5859,40.3633],[120.5691,40.3922],[120.6152,40.452],[120.5941,40.4692],[120.7051,40.5095],[120.6972,40.5415],[120.7597,40.5658],[120.8283,40.6771],[121.0315,40.7116],[121.0122,40.7439],[120.96905,40.74351],[120.9595,40.8028],[120.9989,40.8277],[121.006,40.8232],[121.0216,41.0452],[121.0131,40.7923],[121.0597,40.7985],[121.0772,40.8665],[121.1669,40.8767],[121.1736,40.9047],[121.2334,40.8519],[121.2559,40.9144],[121.2901,40.8509],[121.4293,40.8334],[121.4249,40.8851],[121.4766,40.8854],[121.487124,40.875372],[121.4778,40.8724],[121.4713,40.8591],[121.483,40.8495],[121.4966,40.8582],[121.49991,40.863188],[121.5318,40.8328],[121.556746,40.857208],[121.5579,40.8409],[121.7252,40.8467],[121.7514,40.8765],[121.7088,40.8838],[121.7737,40.8918],[121.7994,40.9592],[121.8487,40.9794],[121.8213,40.954],[121.8582,40.8207],[121.9527,40.8012],[121.957829,40.737939],[121.9695,40.7216],[122.0016,40.7349],[121.9757,40.7043],[122.0566,40.6581],[122.137,40.67],[122.154439,40.694646],[122.1638,40.6672],[122.1303,40.6156],[122.2482,40.5166],[122.2179,40.4612],[122.2528,40.4453],[122.2003,40.4191],[122.1738,40.3496],[122.111,40.3635],[122.1318,40.3273],[122.0411,40.3178],[122.1005,40.2834],[122.095,40.2467],[122.05,40.2364],[122.1003,40.2364],[122.0233,40.1892],[121.96,40.1957],[122.0087,40.1674],[122.0026,40.131],[121.9519,40.1143],[121.9048,40.0557],[121.7679,39.9949],[121.8228,40.0034],[121.777,39.934],[121.7049,39.9342],[121.473,39.8098],[121.4908,39.7775],[121.4569,39.7407],[121.5042,39.6943],[121.4541,39.6236],[121.3015,39.6022],[121.2296,39.5551],[121.2241,39.4849],[121.2637,39.485],[121.2724,39.5144],[121.2962,39.489],[121.3575,39.5217],[121.4087,39.5051],[121.2455,39.4539],[121.2715,39.4259],[121.2447,39.3889],[121.2754,39.3792],[121.3649,39.4465],[121.3165,39.3792],[121.3992,39.3619],[121.4436,39.4226],[121.4729,39.4028],[121.4358,39.3326],[121.4723,39.3265],[121.4809,39.2834],[121.5197,39.2973],[121.5202,39.3306],[121.6993,39.3586],[121.7084,39.4039],[121.9058,39.3916],[121.7359,39.3816],[121.7083,39.3406],[121.7296,39.3051],[121.5914,39.2726],[121.6375,39.2418],[121.5862,39.2245],[121.6093,39.2126],[121.5978,39.1679],[121.6842,39.1315],[121.6599,39.0856],[121.5872,39.0641],[121.6361,39.1113],[121.5866,39.1518],[121.6042,39.1261],[121.5666,39.1249],[121.6059,39.0952],[121.4969,39.0273],[121.4059,39.0258],[121.3733,39.0603],[121.3173,39.0025],[121.327,38.9701],[121.0985,38.931],[121.1338,38.7281],[121.1979,38.7236],[121.2352,38.8048],[121.5139,38.8262],[121.5592,38.875],[121.693,38.8645],[121.7127,38.918],[121.6106,38.9504],[121.6617,38.9749],[121.6369,39.0042],[121.6562,39.0156],[121.7288,39.0024],[121.7613,39.0324],[121.8585,38.9427],[121.8964,38.9673],[121.8466,39.0417],[121.9215,39.0201],[121.8966,39.0545],[121.963,39.0319],[122.0147,39.0798],[122.0645,39.0685],[122.031,39.1196],[122.1405,39.1546],[122.1046,39.1765],[122.1153,39.2209],[122.2407,39.2747],[122.3873,39.4139],[122.4929,39.4023],[122.5672,39.4305],[122.5645,39.4851],[122.6321,39.4939],[122.6495,39.5404],[122.6795,39.5151],[122.8064,39.5871],[122.8387,39.5767],[122.8388,39.6031],[122.9656,39.6036],[122.9979,39.6671],[123.1019,39.6751],[123.1271,39.6465],[123.2169,39.6747],[123.2154,39.7002],[123.2707,39.6966],[123.2351,39.7444],[123.2909,39.7615],[123.2683,39.7893],[123.3081,39.7524],[123.383,39.7503],[123.3964,39.7803],[123.3963,39.7285],[123.5139,39.7703],[123.497325,39.823236],[123.5436,39.7559],[123.6354,39.8011],[123.6286,39.8329],[124.004,39.8013],[124.1238,39.8294],[124.0985,39.7782],[124.1409,39.7464],[124.1403,39.821],[124.2145,39.845],[124.2222,39.9109],[124.2675,39.9325],[124.2686,39.8194],[124.4095,39.8066],[124.4143,39.8311],[124.3511,39.8504],[124.3111,39.915],[124.3643,39.9634],[124.3655,40.0852],[124.404,40.1311],[124.5768,40.2295],[124.6159,40.2849],[124.7205,40.3155],[124.7442,40.3662],[124.8538,40.4213],[124.8971,40.4792],[124.9306,40.4518],[125.0427,40.456],[125.0602,40.4914],[125.0124,40.5035],[125.0272,40.5306],[125.2646,40.6133],[125.2824,40.6514],[125.4077,40.6206],[125.4162,40.6684],[125.4464,40.6624],[125.4774,40.7154],[125.5389,40.7167],[125.561,40.7676],[125.6879,40.7681],[125.6429,40.8127],[125.7057,40.8568],[125.670877,40.895139],[125.611217,40.898999],[125.5807,40.8897],[125.583214,40.90081],[125.588066,40.922252],[125.59,40.9308],[125.6735,40.9755],[125.7332,41.088],[125.705,41.0968],[125.7182,41.1162],[125.7852,41.1643],[125.7313,41.1776],[125.7437,41.2434],[125.642,41.2622],[125.6148,41.3153],[125.632,41.3404],[125.5425,41.3991],[125.5013,41.5316],[125.4563,41.566],[125.450068,41.562603]]],[[[122.5444,39.2979],[122.4956,39.2989],[122.5812,39.2546],[122.6732,39.268],[122.5582,39.2953],[122.5444,39.2979]]],[[[122.9763,39.5499],[122.9459,39.5311],[122.9931,39.4963],[123.0318,39.5325],[123.0037,39.5517],[122.9763,39.5499]]],[[[122.387706,39.205364],[122.3147,39.1594],[122.3417,39.1443],[122.3891,39.1761],[122.387706,39.205364]]],[[[122.7361,39.2457],[122.6247,39.2348],[122.7001,39.2312],[122.6944,39.2057],[122.7349,39.2362],[122.7361,39.2457]]],[[[123.1787,39.0823],[123.1561,39.0838],[123.1507,39.0281],[123.1926,39.0755],[123.1787,39.0823]]],[[[122.5433,39.2325],[122.4906,39.2354],[122.4873,39.23],[122.5072,39.2222],[122.5314,39.2236],[122.5433,39.2325]]],[[[120.8254,40.5074],[120.7706,40.479],[120.8279,40.4927],[120.8254,40.5074]]],[[[123.0636,39.4506],[123.0491,39.4456],[123.0642,39.4312],[123.0792,39.4365],[123.0824,39.449],[123.0636,39.4506]]],[[[122.7201,39.0462],[122.7133,39.0237],[122.7527,39.0096],[122.7249,39.0336],[122.7201,39.0462]]],[[[123.7261,39.7632],[123.7061,39.7469],[123.7412,39.7515],[123.7436,39.7608],[123.7261,39.7632]]],[[[121.827,38.8816],[121.8184,38.8705],[121.8255,38.8633],[121.8374,38.8729],[121.8289,38.8831],[121.827,38.8816]]],[[[122.8342,39.0503],[122.8153,39.052],[122.8187,39.0407],[122.8342,39.0503]]],[[[122.4304,39.2356],[122.4285,39.2229],[122.4437,39.2261],[122.4304,39.2356]]],[[[122.4214,39.2672],[122.4429,39.255],[122.445,39.2621],[122.4214,39.2672]]]]},"properties":{"country_key":"china","region_key":"liaoning","display_name":"辽宁省","country_display":"China","name":"Liaoning","keys":["china|liaoning","china|辽宁"],"legacy_region_key":"辽宁","geo_key":"china|liaoning","parent_geo_key":"china","region_id":"admin1|china|liaoning"}},{"type":"Feature","geometry":{"type":"Polygon","coordinates":[[[123.694757,43.367947],[123.6912,43.3769],[123.7443,43.4692],[123.828407,43.467926],[123.8433,43.4677],[123.8653,43.4484],[123.8464,43.4037],[124.0274,43.2786],[124.0919,43.2903],[124.1084,43.2447],[124.2108,43.2539],[124.275,43.2253],[124.2779,43.1636],[124.4196,43.0734],[124.3273,42.9949],[124.4359,42.9565],[124.3603,42.8893],[124.4327,42.876],[124.455143,42.829361],[124.511646,42.862531],[124.6653,42.9878],[124.6802,43.0481],[124.7807,43.1154],[124.837435,43.123637],[124.8854,43.1306],[124.8904,43.1175],[124.884663,43.108017],[124.8342,43.0246],[124.862,42.9792],[124.8528,42.8199],[124.8666,42.7872],[124.9225,42.8178],[124.9696,42.7997],[124.9906,42.7429],[124.9616,42.678],[125.0322,42.613],[125.091,42.6196],[125.061,42.532],[125.1013,42.4764],[125.095506,42.47302],[125.1911,42.4054],[125.1693,42.3057],[125.2568,42.3108],[125.2725,42.2944],[125.276676,42.271366],[125.2698,42.2644],[125.280528,42.250116],[125.2998,42.1438],[125.3516,42.1441],[125.3625,42.1803],[125.4841,42.1339],[125.4057,42.0966],[125.3608,42.0002],[125.2859,41.9575],[125.3452,41.9257],[125.3013,41.9225],[125.2903,41.8841],[125.3278,41.7344],[125.3145,41.6696],[125.4444,41.6714],[125.4441,41.5956],[125.448612,41.590551],[125.450068,41.562603],[125.4563,41.566],[125.5013,41.5316],[125.5425,41.3991],[125.632,41.3404],[125.6148,41.3153],[125.642,41.2622],[125.7437,41.2434],[125.7313,41.1776],[125.7852,41.1643],[125.7182,41.1162],[125.705,41.0968],[125.7332,41.088],[125.6735,40.9755],[125.59,40.9308],[125.588066,40.922252],[125.583214,40.90081],[125.5807,40.8897],[125.611217,40.898999],[125.670877,40.895139],[125.7057,40.8568],[125.7686,40.8901],[125.8071,40.8611],[125.8665,40.9027],[125.9434,40.8763],[126.0206,40.8976],[125.9761,40.9179],[126.0352,40.9286],[126.0652,40.9975],[126.1013,41.0025],[126.1178,41.0889],[126.2758,41.1559],[126.4295,41.3487],[126.4904,41.3719],[126.5098,41.3634],[126.4748,41.3459],[126.5273,41.3509],[126.5069,41.4336],[126.5694,41.5301],[126.5937,41.5662],[126.5668,41.6067],[126.6144,41.6655],[126.6894,41.6605],[126.7352,41.7155],[126.6972,41.7469],[126.7865,41.6908],[126.8033,41.7454],[126.8403,41.7228],[126.9226,41.8089],[126.9471,41.7987],[126.928,41.7757],[127.0485,41.7401],[127.0743,41.6926],[127.0304,41.6711],[127.179,41.587],[127.0967,41.5443],[127.2078,41.5309],[127.2409,41.4973],[127.2746,41.5117],[127.2584,41.4763],[127.5286,41.4722],[127.5569,41.4315],[127.65,41.4035],[127.7509,41.4251],[127.8628,41.4013],[127.8825,41.445],[127.9888,41.4216],[128.0082,41.4454],[128.0117,41.4121],[128.096,41.3969],[128.1045,41.362],[128.2049,41.4118],[128.3122,41.5867],[128.2636,41.6655],[128.1609,41.7128],[128.1068,41.7911],[128.0995,41.946],[128.0279,41.9978],[128.0564,42.0084],[128.2846,42.0241],[128.564,41.9972],[128.6036,42.0318],[128.6764,42.0118],[128.7446,42.0512],[128.9132,42.0097],[128.9645,42.0948],[129.0027,42.089],[129.0634,42.1503],[129.107,42.1381],[129.2212,42.2043],[129.1755,42.2376],[129.224,42.2762],[129.1929,42.3147],[129.2502,42.3201],[129.2324,42.3704],[129.3162,42.3826],[129.3097,42.4238],[129.3548,42.4238],[129.3436,42.4501],[129.3688,42.4471],[129.3573,42.4271],[129.4519,42.4371],[129.5338,42.3657],[129.609,42.4616],[129.6506,42.4252],[129.7254,42.4419],[129.7392,42.5796],[129.7802,42.6128],[129.7527,42.6518],[129.8016,42.6822],[129.7607,42.7264],[129.8438,42.921],[129.8689,42.9213],[129.855,42.9659],[129.9071,42.9668],[129.8785,42.9922],[129.9205,43.0086],[130.0104,42.9672],[130.124,42.9863],[130.1463,42.9721],[130.1077,42.9123],[130.2611,42.9041],[130.2244,42.7893],[130.2514,42.7058],[130.3818,42.5974],[130.4306,42.6063],[130.43,42.5491],[130.4801,42.5621],[130.4843,42.6183],[130.5218,42.6077],[130.5634,42.4406],[130.6364,42.417],[130.5679,42.4997],[130.5634,42.5513],[130.6109,42.5494],[130.6275,42.5925],[130.5887,42.6633],[130.5266,42.6975],[130.4561,42.6835],[130.3969,42.7244],[130.6726,42.8461],[130.7622,42.8343],[130.8273,42.88],[130.8858,42.8518],[131.0072,42.8573],[131.0327,42.8667],[131.0109,42.9036],[131.0299,42.9268],[131.1366,42.9354],[131.0884,43.018],[131.2026,43.1309],[131.1916,43.2157],[131.3038,43.3947],[131.3099,43.4883],[131.2969,43.4996],[131.2759,43.4653],[131.2284,43.4732],[131.1349,43.423],[131.0195,43.506],[131.006742,43.498077],[130.9013,43.4326],[130.8543,43.4357],[130.7846,43.5251],[130.6239,43.5809],[130.6119,43.6222],[130.4097,43.6475],[130.3869,43.6986],[130.4161,43.7419],[130.3554,43.8403],[130.3737,43.9081],[130.3292,43.9564],[130.3602,44.0117],[130.3458,44.0479],[130.249,43.9454],[130.1831,43.9387],[130.0591,43.8323],[130.0062,43.8724],[129.9932,43.996],[129.9294,44.0254],[129.778,43.9622],[129.7736,43.893],[129.7323,43.8801],[129.4613,43.8721],[129.3415,43.7959],[129.2492,43.8172],[129.2053,43.7825],[129.2164,43.5841],[129.0092,43.5217],[128.9432,43.5516],[128.8699,43.5415],[128.7793,43.7112],[128.7223,43.7354],[128.756,43.7531],[128.7126,43.8159],[128.7545,43.8557],[128.7193,43.8912],[128.6304,43.889],[128.6341,43.9454],[128.463952,44.174174],[128.456456,44.254775],[128.4484,44.3414],[128.4752,44.3735],[128.4555,44.4322],[128.366,44.512],[128.242434,44.448945],[128.2468,44.4446],[128.2057,44.4302],[128.1809,44.3602],[128.168539,44.359002],[128.114472,44.353761],[128.0437,44.3469],[128.095,44.288],[128.0571,44.2582],[128.089692,44.21899],[128.0965,44.2108],[128.0541,44.1662],[128.0827,44.1291],[128.0534,44.1078],[127.9073,44.0628],[127.87348,44.064595],[127.8589,44.0601],[127.834714,44.066653],[127.7773,44.0697],[127.7227,44.097],[127.7132,44.2003],[127.675,44.1647],[127.6197,44.1865],[127.5845,44.2258],[127.6181,44.2756],[127.4772,44.3997],[127.5018,44.4363],[127.4577,44.479],[127.4592,44.5143],[127.5308,44.5207],[127.549185,44.564876],[127.499028,44.591375],[127.467082,44.603445],[127.2748,44.6386],[127.2555,44.6109],[127.186306,44.640044],[127.152612,44.630941],[127.073045,44.596778],[127.0429,44.5644],[127.041859,44.583388],[127.0349,44.7103],[126.9782,44.8229],[127.005,44.8883],[127.0662,44.9043],[127.0867,44.9456],[126.9659,45.0684],[126.9509,45.1375],[126.7841,45.135],[126.757,45.1745],[126.6563,45.1938],[126.5747,45.2492],[126.4174,45.2305],[126.2442,45.141],[126.145784,45.140225],[126.1045,45.1399],[126.068365,45.151862],[125.888267,45.21148],[125.8148,45.2358],[125.785101,45.263127],[125.6883,45.3522],[125.695938,45.463286],[125.6845,45.5137],[125.6149,45.5194],[125.4857,45.4653],[125.4174,45.4869],[125.4253,45.4535],[125.3501,45.3884],[125.32,45.4174],[125.2427,45.4163],[125.068,45.3782],[125.0869,45.4141],[125.044,45.4259],[125.027,45.4858],[124.9441,45.4956],[124.9102,45.5397],[124.8802,45.4371],[124.7785,45.4344],[124.7566,45.4676],[124.6507,45.4354],[124.5844,45.4511],[124.5431,45.4091],[124.456268,45.449628],[124.4454,45.4547],[124.389144,45.442406],[124.365284,45.466522],[124.3492,45.5439],[124.2759,45.5396],[124.2182,45.6318],[124.1392,45.6211],[124.1259,45.6906],[123.9946,45.7672],[124.0579,45.7944],[124.0274,45.8254],[124.060635,45.861104],[124.0624,45.863],[124.059792,45.865382],[124.011027,45.909908],[123.964055,45.952797],[123.967519,45.963134],[124.014,45.9846],[123.9886,46.0191],[124.033,46.0198],[123.9874,46.0926],[124.0039,46.1559],[123.962506,46.186522],[123.958093,46.224219],[123.9627,46.2738],[123.951844,46.277616],[123.941471,46.281262],[123.9297,46.2854],[123.9111,46.2549],[123.8937,46.3022],[123.8433,46.3006],[123.5678,46.2285],[123.4928,46.2577],[123.3743,46.2228],[123.226774,46.2657],[123.189104,46.25106],[123.169271,46.243352],[123.156271,46.230267],[123.118662,46.192409],[123.1057,46.128],[122.7871,46.0713],[122.8212,45.8963],[122.7924,45.8471],[122.8032,45.7812],[122.7361,45.7031],[122.6657,45.6988],[122.6555,45.7313],[122.5362,45.7721],[122.4399,45.9148],[122.356,45.9154],[122.3629,45.86],[122.2568,45.793],[122.198,45.8501],[122.0854,45.8799],[121.9975,45.9805],[121.8371,46.0227],[121.7559,45.997],[121.8033,45.9597],[121.8112,45.8737],[121.7458,45.793],[121.73876,45.789847],[121.707387,45.775796],[121.646664,45.748599],[121.7508,45.6888],[121.9393,45.7116],[121.9975,45.6213],[121.9607,45.5942],[121.9966,45.5059],[122.1589,45.4419],[122.158391,45.437609],[122.1413,45.2934],[122.2332,45.2743],[122.227132,45.226917],[122.2243,45.2048],[122.215558,45.202401],[122.1372,45.1809],[122.1038,45.1399],[122.0731,44.9121],[122.039,44.8974],[122.0939,44.7803],[122.1633,44.7682],[122.0929,44.7427],[122.1555,44.7262],[122.0971,44.6719],[122.1257,44.5754],[122.1903,44.5578],[122.2224,44.4782],[122.2804,44.4758],[122.267336,44.276972],[122.266308,44.26133],[122.2658,44.2536],[122.3063,44.2325],[122.310964,44.232563],[122.477,44.2348],[122.67,44.2838],[122.7549,44.3677],[123.0188,44.491],[123.1191,44.5071],[123.1422,44.5519],[123.127418,44.422699],[123.125648,44.365028],[123.1908,44.343],[123.2938,44.193],[123.3799,44.1596],[123.333178,44.068964],[123.323835,44.05084],[123.325139,44.036597],[123.342143,44.014086],[123.382527,43.960623],[123.4608,43.857],[123.4774,43.7319],[123.5323,43.6401],[123.5042,43.5909],[123.4147,43.5957],[123.446,43.5431],[123.2984,43.5482],[123.3099,43.4895],[123.3695,43.4739],[123.4135,43.4074],[123.4805,43.4429],[123.6032,43.3642],[123.694757,43.367947]]]},"properties":{"country_key":"china","region_key":"jilin","display_name":"吉林省","country_display":"China","name":"Jilin","keys":["china|jilin","china|吉林"],"legacy_region_key":"吉林","geo_key":"china|jilin","parent_geo_key":"china","region_id":"admin1|china|jilin"}},{"type":"Feature","geometry":{"type":"Polygon","coordinates":[[[131.2969,43.4996],[131.1946,43.5324],[131.197,43.5801],[131.236,43.6025],[131.2094,43.6097],[131.2335,43.6637],[131.2056,43.8276],[131.2507,43.8988],[131.2574,44.0274],[131.2991,44.0471],[131.0829,44.7427],[130.9553,44.8185],[130.928418,44.896741],[130.9593,44.8549],[131.0898,44.894],[131.0767,44.9228],[131.1391,44.9443],[131.2034,44.9156],[131.2834,44.9302],[131.3477,44.9873],[131.4888,44.9669],[131.4762,44.9972],[131.6799,45.1192],[131.6421,45.1614],[131.6702,45.2118],[131.7832,45.2143],[131.8245,45.3151],[131.8838,45.3411],[132.0038,45.2518],[132.9735,45.0222],[133.1303,45.1288],[133.0904,45.2844],[133.1936,45.5137],[133.4105,45.5706],[133.4257,45.6265],[133.4691,45.625],[133.44,45.6414],[133.4834,45.6631],[133.4752,45.6909],[133.4346,45.7168],[133.4765,45.7478],[133.461,45.7771],[133.4991,45.7796],[133.464,45.7931],[133.4601,45.8341],[133.5248,45.8965],[133.5851,45.8674],[133.6089,45.941],[133.6764,45.9608],[133.7378,46.0748],[133.6853,46.1509],[133.7879,46.1905],[133.8039,46.2286],[133.8473,46.2031],[133.8562,46.2423],[133.915,46.2725],[133.9158,46.3284],[133.8622,46.3445],[133.9409,46.3976],[133.8447,46.448],[133.8643,46.4981],[133.8648,46.5114],[133.809804,46.520347],[133.8832,46.523],[133.914,46.5927],[134.0076,46.6425],[134.0427,46.7687],[134.0179,46.8342],[134.0625,46.9852],[134.1329,47.0883],[134.2209,47.112],[134.2218,47.1831],[134.15,47.2527],[134.1775,47.3289],[134.3057,47.4294],[134.3391,47.4402],[134.4849,47.443],[134.5624,47.4778],[134.7699,47.7148],[134.764,47.7601],[134.6631,47.8271],[134.6685,47.8817],[134.6081,47.9017],[134.5437,47.988],[134.545,48.0323],[134.6662,48.1471],[134.6729,48.2508],[135.0556,48.3853],[135.075,48.4548],[134.8967,48.4456],[134.7675,48.3683],[134.6784,48.4108],[134.5058,48.4228],[134.3601,48.3805],[134.2063,48.3841],[134.1289,48.3352],[134.0325,48.3394],[133.9828,48.3004],[133.7391,48.2544],[133.6912,48.1826],[133.5855,48.1924],[133.5422,48.116],[133.396,48.125],[133.3097,48.0975],[133.1541,48.1333],[133.0442,48.1096],[133.011,48.0467],[132.8679,48],[132.7993,47.9283],[132.7089,47.9646],[132.6533,47.9433],[132.682,47.8708],[132.5943,47.8036],[132.5969,47.7341],[132.515546,47.704208],[132.5189,47.7144],[132.3124,47.7562],[132.2524,47.7071],[132.0022,47.7114],[131.9571,47.6658],[131.69,47.7067],[131.6106,47.6565],[131.5358,47.7336],[131.4476,47.7446],[131.2289,47.7306],[131.1071,47.6872],[130.9902,47.7029],[130.9587,47.7308],[130.9537,47.8256],[130.8835,47.925],[130.686,48.046],[130.6585,48.1029],[130.8379,48.2986],[130.777,48.3551],[130.772951,48.353246],[130.7301,48.4327],[130.7565,48.4994],[130.6285,48.4873],[130.6032,48.5849],[130.5222,48.6165],[130.6751,48.8751],[130.5112,48.8534],[130.4248,48.9057],[130.2315,48.8636],[130.0118,49.0136],[129.9122,49.0427],[129.9209,49.0946],[129.8465,49.1154],[129.8431,49.1767],[129.7561,49.1935],[129.7434,49.2642],[129.7057,49.2926],[129.5627,49.2859],[129.511,49.4208],[129.4017,49.4373],[129.3581,49.3545],[129.275776,49.369099],[129.2612,49.3916],[129.1015,49.3513],[129.0526,49.372],[128.9966,49.4571],[128.855,49.4891],[128.7554,49.4754],[128.7488,49.5121],[128.8045,49.5631],[128.7512,49.5944],[128.7113,49.5618],[128.5402,49.6034],[128.3966,49.59],[128.3376,49.5424],[128.263,49.5643],[128.1824,49.5363],[127.9624,49.5956],[127.8241,49.5854],[127.705,49.6578],[127.6657,49.7691],[127.538,49.8064],[127.537,49.9399],[127.4877,50],[127.5156,50.0812],[127.5867,50.1495],[127.6031,50.2285],[127.384,50.284],[127.329,50.3327],[127.361,50.4323],[127.2864,50.4707],[127.3649,50.5759],[127.2928,50.6592],[127.299,50.7454],[127.2218,50.7872],[127.1268,50.9201],[127.0505,50.9589],[127.0242,50.9778],[126.9179,51.0593],[126.8943,51.2066],[126.9768,51.3213],[126.8744,51.3194],[126.9149,51.2635],[126.8987,51.2452],[126.8152,51.2782],[126.8128,51.3281],[126.9156,51.3486],[126.9171,51.3838],[126.7782,51.4372],[126.8389,51.528],[126.6692,51.5959],[126.7314,51.634],[126.7246,51.714],[126.6566,51.738],[126.4642,51.9372],[126.4464,52.0291],[126.5142,52.037],[126.5568,52.1287],[126.2978,52.2053],[126.336,52.2567],[126.432,52.2903],[126.3226,52.3081],[126.3415,52.3964],[126.2669,52.4706],[126.1875,52.467],[126.2036,52.522],[126.1679,52.5557],[126.067,52.6037],[126.0259,52.5735],[125.9666,52.6153],[125.9728,52.6646],[126.0613,52.6795],[126.0384,52.743],[126.1042,52.7708],[126.0272,52.7975],[125.9595,52.7605],[125.8246,52.8964],[125.6603,52.8653],[125.6554,52.9142],[125.7282,52.9427],[125.7396,52.9882],[125.6795,53.0031],[125.6057,53.0821],[125.5065,53.0489],[125.4827,53.0998],[125.1393,53.2025],[124.8927,53.1691],[124.8983,53.1071],[124.8573,53.0986],[124.8338,53.1401],[124.7303,53.144],[124.7163,53.1893],[124.6728,53.2025],[124.4254,53.2225],[124.2333,53.3784],[124.1179,53.3462],[123.8879,53.4783],[123.6883,53.4964],[123.6161,53.548],[123.5813,53.5464],[123.5505,53.4971],[123.526,53.4991],[123.5364,53.5526],[123.4884,53.5464],[123.5021,53.5091],[123.4778,53.4958],[123.4537,53.5319],[123.2664,53.5609],[123.1471,53.4983],[122.4395,53.4413],[122.3402,53.5014],[122.2488,53.4627],[122.1693,53.471],[122.0959,53.4217],[121.8712,53.4267],[121.4931,53.3338],[121.6742,53.2371],[121.6586,53.1685],[121.7541,53.1406],[121.7661,53.0908],[121.8134,53.0623],[121.779,53.0167],[121.7031,52.9964],[121.6549,52.9103],[121.6034,52.8915],[121.6146,52.8511],[121.5807,52.8198],[121.206036,52.591542],[121.3165,52.572],[121.517564,52.457764],[121.638,52.4433],[121.7112,52.3156],[121.8339,52.2794],[121.936,52.2917],[122.1578,52.5147],[122.2017,52.4664],[122.3039,52.4744],[122.3993,52.375],[122.4358,52.3904],[122.474,52.3489],[122.4624,52.3001],[122.7837,52.2505],[122.7556,52.2251],[122.7695,52.1774],[122.6296,52.1348],[122.6187,52.0725],[122.6662,51.9759],[122.7115,51.9755],[122.7266,51.9236],[122.6936,51.888],[122.7658,51.7694],[122.742,51.7392],[122.8477,51.6122],[122.8301,51.5743],[122.8811,51.5478],[122.8483,51.5265],[122.8791,51.5041],[122.8511,51.4725],[122.9608,51.3875],[122.9497,51.3603],[123.004022,51.309043],[123.1421,51.3018],[123.2756,51.2448],[123.5751,51.2916],[123.6498,51.3178],[123.7154,51.3975],[123.9207,51.3003],[124.2062,51.3483],[124.3017,51.287],[124.3967,51.2718],[124.4182,51.343],[124.4938,51.3816],[124.6228,51.3237],[124.7437,51.3553],[124.7808,51.3943],[124.8665,51.3799],[124.9369,51.4424],[124.9171,51.4992],[125.0532,51.5331],[125.0605,51.6233],[125.1206,51.6569],[125.1213,51.6332],[125.3593,51.6164],[125.686,51.3381],[125.7568,51.26],[125.7499,51.2259],[125.8331,51.2191],[125.8583,51.1438],[125.9272,51.1115],[125.9762,51.1211],[125.9684,51.0837],[126.0528,51.0356],[126.0258,51.0085],[126.0656,50.9768],[126.0119,50.9214],[126.0226,50.9056],[125.9875,50.8695],[125.9515,50.8989],[125.9129,50.8294],[125.8317,50.7931],[125.8267,50.7543],[125.7532,50.7516],[125.8173,50.7038],[125.78,50.6772],[125.817,50.5498],[125.6375,50.4487],[125.5545,50.4362],[125.5762,50.4072],[125.5067,50.405],[125.531,50.3507],[125.456,50.2935],[125.4413,50.2144],[125.3316,50.1569],[125.3677,50.1356],[125.2954,50.1379],[125.2523,50.1022],[125.3303,50.0547],[125.258,50.0457],[125.2893,50.0088],[125.1759,49.951],[125.2378,49.8709],[125.2199,49.8351],[125.1726,49.8281],[125.22,49.7893],[125.1963,49.735],[125.2124,49.6673],[125.1782,49.6324],[125.1575,49.6672],[125.1202,49.661],[125.1351,49.6204],[125.2206,49.5937],[125.2282,49.5374],[125.2035,49.5347],[125.2627,49.4532],[125.2689,49.3726],[125.2057,49.2464],[125.2122,49.1874],[125.1117,49.1249],[125.0261,49.1755],[124.876554,49.165762],[124.8023,49.114],[124.8159,49.0461],[124.743777,48.922644],[124.7434,48.922],[124.711496,48.912327],[124.7002,48.8597],[124.6479,48.8325],[124.5942,48.6293],[124.5202,48.5585],[124.5458,48.4609],[124.5006,48.4428],[124.5088,48.3795],[124.5763,48.2978],[124.4951,48.1189],[124.4122,48.0871],[124.4714,48.1651],[124.4106,48.1873],[124.4134,48.2449],[124.3111,48.3444],[124.3265,48.4296],[124.296,48.5165],[124.2524,48.5345],[123.736,48.1916],[123.569,48.0408],[123.2933,47.9519],[123.1609,47.7816],[122.8426,47.6724],[122.585318,47.541739],[122.5016,47.3998],[122.4117,47.3482],[122.6203,47.1155],[122.8472,47.0684],[122.7686,46.972],[122.7963,46.9354],[122.8892,46.9584],[122.8746,46.8852],[122.901,46.8056],[122.9919,46.7587],[123.0004,46.7261],[123.1491,46.7401],[123.2282,46.8614],[123.3677,46.8355],[123.398,46.9335],[123.36591,46.959334],[123.4199,46.9321],[123.5219,46.9545],[123.480965,46.853176],[123.488636,46.842404],[123.5642,46.8275],[123.5699,46.8882],[123.5989,46.8896],[123.6162,46.8463],[123.5783,46.8281],[123.6155,46.8127],[123.6253,46.7277],[123.5979,46.688],[123.2708,46.6597],[123.2729,46.6153],[123.222,46.5865],[123.1722,46.6116],[123.0796,46.5894],[123.0713,46.6209],[123.0393,46.6154],[123.046,46.5781],[122.9967,46.5735],[123.0051,46.4331],[123.172,46.2461],[123.169271,46.243352],[123.189104,46.25106],[123.226774,46.2657],[123.3743,46.2228],[123.4928,46.2577],[123.5678,46.2285],[123.8433,46.3006],[123.8937,46.3022],[123.9111,46.2549],[123.9297,46.2854],[123.941471,46.281262],[123.951844,46.277616],[123.9627,46.2738],[123.958093,46.224219],[123.962506,46.186522],[124.0039,46.1559],[123.9874,46.0926],[124.033,46.0198],[123.9886,46.0191],[124.014,45.9846],[123.967519,45.963134],[123.964055,45.952797],[124.011027,45.909908],[124.059792,45.865382],[124.0624,45.863],[124.060635,45.861104],[124.0274,45.8254],[124.0579,45.7944],[123.9946,45.7672],[124.1259,45.6906],[124.1392,45.6211],[124.2182,45.6318],[124.2759,45.5396],[124.3492,45.5439],[124.365284,45.466522],[124.389144,45.442406],[124.4454,45.4547],[124.456268,45.449628],[124.5431,45.4091],[124.5844,45.4511],[124.6507,45.4354],[124.7566,45.4676],[124.7785,45.4344],[124.8802,45.4371],[124.9102,45.5397],[124.9441,45.4956],[125.027,45.4858],[125.044,45.4259],[125.0869,45.4141],[125.068,45.3782],[125.2427,45.4163],[125.32,45.4174],[125.3501,45.3884],[125.4253,45.4535],[125.4174,45.4869],[125.4857,45.4653],[125.6149,45.5194],[125.6845,45.5137],[125.695938,45.463286],[125.6883,45.3522],[125.785101,45.263127],[125.8148,45.2358],[125.888267,45.21148],[126.068365,45.151862],[126.1045,45.1399],[126.145784,45.140225],[126.2442,45.141],[126.4174,45.2305],[126.5747,45.2492],[126.6563,45.1938],[126.757,45.1745],[126.7841,45.135],[126.9509,45.1375],[126.9659,45.0684],[127.0867,44.9456],[127.0662,44.9043],[127.005,44.8883],[126.9782,44.8229],[127.0349,44.7103],[127.041859,44.583388],[127.0429,44.5644],[127.073045,44.596778],[127.152612,44.630941],[127.186306,44.640044],[127.2555,44.6109],[127.2748,44.6386],[127.467082,44.603445],[127.499028,44.591375],[127.549185,44.564876],[127.5308,44.5207],[127.4592,44.5143],[127.4577,44.479],[127.5018,44.4363],[127.4772,44.3997],[127.6181,44.2756],[127.5845,44.2258],[127.6197,44.1865],[127.675,44.1647],[127.7132,44.2003],[127.7227,44.097],[127.7773,44.0697],[127.834714,44.066653],[127.8589,44.0601],[127.87348,44.064595],[127.9073,44.0628],[128.0534,44.1078],[128.0827,44.1291],[128.0541,44.1662],[128.0965,44.2108],[128.089692,44.21899],[128.0571,44.2582],[128.095,44.288],[128.0437,44.3469],[128.114472,44.353761],[128.168539,44.359002],[128.1809,44.3602],[128.2057,44.4302],[128.2468,44.4446],[128.242434,44.448945],[128.366,44.512],[128.4555,44.4322],[128.4752,44.3735],[128.4484,44.3414],[128.456456,44.254775],[128.463952,44.174174],[128.6341,43.9454],[128.6304,43.889],[128.7193,43.8912],[128.7545,43.8557],[128.7126,43.8159],[128.756,43.7531],[128.7223,43.7354],[128.7793,43.7112],[128.8699,43.5415],[128.9432,43.5516],[129.0092,43.5217],[129.2164,43.5841],[129.2053,43.7825],[129.2492,43.8172],[129.3415,43.7959],[129.4613,43.8721],[129.7323,43.8801],[129.7736,43.893],[129.778,43.9622],[129.9294,44.0254],[129.9932,43.996],[130.0062,43.8724],[130.0591,43.8323],[130.1831,43.9387],[130.249,43.9454],[130.3458,44.0479],[130.3602,44.0117],[130.3292,43.9564],[130.3737,43.9081],[130.3554,43.8403],[130.4161,43.7419],[130.3869,43.6986],[130.4097,43.6475],[130.6119,43.6222],[130.6239,43.5809],[130.7846,43.5251],[130.8543,43.4357],[130.9013,43.4326],[131.006742,43.498077],[131.0195,43.506],[131.1349,43.423],[131.2284,43.4732],[131.2759,43.4653],[131.2969,43.4996]],[[123.348752,46.967989],[123.2971,46.9624],[123.2956,46.9948],[123.348752,46.967989]]]},"properties":{"country_key":"china","region_key":"heilongjiang","display_name":"黑龙江省","country_display":"China","name":"Heilongjiang","keys":["china|heilongjiang","china|黑龙江"],"legacy_region_key":"黑龙江","geo_key":"china|heilongjiang","parent_geo_key":"china","region_id":"admin1|china|heilongjiang"}},{"type":"Feature","geometry":{"type":"MultiPolygon","coordinates":[[[[121.2679,30.6917],[121.347,30.7049],[121.5251,30.8191],[121.8876,30.8482],[121.9725,30.885],[121.892,31.0744],[121.9199,31.0956],[121.773,31.2165],[121.8356,31.2248],[121.8545,31.2988],[122.0894,31.2636],[122.1124,31.3074],[121.8734,31.363],[121.8872,31.4513],[121.9533,31.5065],[121.987,31.4884],[121.9787,31.5292],[121.8754,31.6132],[121.8748,31.6352],[121.8096,31.6479],[121.532785,31.737454],[121.443365,31.766382],[121.426,31.772],[121.3701,31.8493],[121.3014,31.8725],[121.097,31.7651],[121.3822,31.5471],[121.1429,31.4453],[121.1434,31.3874],[121.102,31.3665],[121.1565,31.284],[121.0827,31.2941],[121.0577,31.27],[121.064,31.1517],[120.8756,31.1363],[120.854,31.1032],[120.9005,31.0818],[120.889648,31.009867],[120.9851,31.0149],[120.9888,30.8922],[121.0136,30.885],[120.9857,30.8257],[121.1158,30.8517],[121.1225,30.7812],[121.2145,30.7882],[121.2679,30.6917]]],[[[121.9763,31.2275],[121.9403,31.2296],[121.9346,31.1967],[121.9839,31.1552],[122.0387,31.1946],[121.9962,31.2226],[121.9763,31.2275]]],[[[121.8853,31.2446],[121.9146,31.2009],[121.909,31.2385],[121.8853,31.2446]]]]},"properties":{"country_key":"china","region_key":"shanghai","display_name":"上海市","country_display":"China","name":"Shanghai","keys":["china|shanghai","china|上海"],"legacy_region_key":"上海","geo_key":"china|shanghai","parent_geo_key":"china","region_id":"admin1|china|shanghai"}},{"type":"Feature","geometry":{"type":"MultiPolygon","coordinates":[[[[118.189537,29.398106],[118.1877,29.3969],[118.2019,29.3463],[118.1628,29.2839],[118.0726,29.2937],[118.0771,29.2207],[118.0365,29.2138],[118.0235,29.1737],[118.0308,29.1014],[118.0697,29.0787],[118.0946,28.9931],[118.122,29.0188],[118.1283,28.9865],[118.1816,28.98],[118.223,28.9453],[118.1964,28.9069],[118.2665,28.9203],[118.2917,28.8361],[118.3681,28.8071],[118.373656,28.794017],[118.378146,28.783445],[118.4276,28.667],[118.4071,28.5589],[118.4407,28.5185],[118.4117,28.4984],[118.4731,28.4777],[118.4349,28.4151],[118.457428,28.325497],[118.4614,28.3097],[118.433728,28.29441],[118.427698,28.286502],[118.4837,28.2427],[118.4982,28.2829],[118.5676,28.2914],[118.617,28.2597],[118.69225,28.302561],[118.699639,28.312767],[118.708301,28.311703],[118.7176,28.317],[118.718884,28.310404],[118.7292,28.2574],[118.809,28.2326],[118.7562,28.1737],[118.8061,28.1516],[118.7987,28.1211],[118.765875,28.101449],[118.7129,28.0354],[118.7321,27.9688],[118.8163,27.9091],[118.8381,27.7812],[118.8964,27.7126],[118.8706,27.6819],[118.9083,27.6238],[118.8995,27.5784],[118.8534,27.5222],[118.8989,27.4651],[118.9542,27.4534],[118.9859,27.5065],[119.0785,27.4676],[119.1214,27.4839],[119.1168,27.4393],[119.1419,27.4298],[119.2629,27.4244],[119.273334,27.437768],[119.295498,27.466162],[119.3408,27.5242],[119.465,27.5278],[119.4966,27.6527],[119.6316,27.6711],[119.637307,27.66614],[119.64,27.6638],[119.6285,27.5845],[119.6691,27.5788],[119.6539,27.545],[119.704,27.5148],[119.6855,27.4336],[119.7767,27.334],[119.7638,27.3119],[119.9322,27.3197],[119.9519,27.3679],[119.9955,27.3826],[120.0461,27.3404],[120.1306,27.4255],[120.2482,27.4419],[120.2686,27.391],[120.329709,27.400868],[120.3361,27.4019],[120.3371,27.395719],[120.3443,27.3512],[120.4266,27.2591],[120.3919,27.2453],[120.39587,27.230901],[120.4144,27.1637],[120.400291,27.225701],[120.4211,27.1771],[120.4537,27.2227],[120.4667,27.1713],[120.5193,27.196],[120.5164,27.2604],[120.5568,27.3145],[120.519,27.3371],[120.556,27.3711],[120.5474,27.4063],[120.6466,27.366],[120.6483,27.4478],[120.6877,27.4782],[120.6383,27.4996],[120.6565,27.5198],[120.5993,27.5883],[120.6512,27.5945],[120.6778,27.7033],[120.7475,27.7231],[120.7797,27.7902],[120.8313,27.768],[120.914,27.8829],[120.8869,27.9148],[120.9403,27.9034],[120.9713,27.9399],[120.957,27.9809],[120.9976,28.0032],[121.0184,28.1133],[121.0918,28.1458],[121.1197,28.2062],[121.1146,28.2771],[121.1186,28.2848],[121.2027,28.3909],[121.2042,28.3735],[121.238,28.2744],[121.1942,28.2176],[121.2034,28.1704],[121.1292,28.1359],[121.1547,28.04],[121.2492,28.059],[121.233,28.0808],[121.3831,28.1624],[121.3627,28.2168],[121.4033,28.2141],[121.4601,28.327],[121.5468,28.3179],[121.6136,28.2555],[121.6652,28.3477],[121.6173,28.3483],[121.6593,28.4037],[121.5953,28.4296],[121.6004,28.4641],[121.6493,28.4699],[121.5848,28.4846],[121.621,28.5337],[121.5428,28.6524],[121.4817,28.6747],[121.6596,28.7175],[121.6875,28.8056],[121.6766,28.8627],[121.5138,28.9416],[121.5463,28.9538],[121.654,28.8989],[121.7278,28.9427],[121.666,28.9767],[121.6843,29.0297],[121.663,29.053],[121.631094,29.052113],[121.6387,29.1041],[121.4001,29.1601],[121.5334,29.1449],[121.5973,29.1416],[121.5495,29.1697],[121.5224,29.2016],[121.5762,29.2213],[121.5996,29.2687],[121.6271,29.1879],[121.7045,29.132],[121.7562,29.1607],[121.7706,29.354],[121.7975,29.376],[121.7888,29.3291],[121.8394,29.324],[121.8045,29.3048],[121.7825,29.1765],[121.8184,29.1575],[121.9326,29.1951],[121.9896,29.2746],[121.9249,29.2859],[121.921,29.3149],[121.9453,29.3364],[121.9255,29.3861],[121.9844,29.4551],[121.9548,29.5111],[121.9911,29.5843],[121.9561,29.6329],[121.7962,29.6048],[121.7435,29.5574],[121.8414,29.5386],[121.8019,29.4757],[121.7639,29.4777],[121.7804,29.5365],[121.7248,29.5413],[121.5653,29.4744],[121.5138,29.4015],[121.4865,29.408],[121.5223,29.4444],[121.5098,29.4915],[121.4526,29.4145],[121.4274,29.4608],[121.4553,29.5136],[121.7011,29.5611],[121.7756,29.6521],[121.9007,29.7495],[121.9911,29.764],[122.0233,29.8238],[122.1334,29.9018],[121.9292,29.8911],[121.9133,29.9224],[121.7033,29.9859],[121.3739,30.3583],[121.271,30.4044],[121.2658,30.3692],[121.2273,30.3672],[121.2355,30.4529],[121.257,30.6854],[121.2679,30.6917],[121.2145,30.7882],[121.1225,30.7812],[121.1158,30.8517],[120.9857,30.8257],[121.0136,30.885],[120.9888,30.8922],[120.9851,31.0149],[120.889648,31.009867],[120.8892,31.0069],[120.752351,30.980428],[120.7415,30.9653],[120.687455,30.95919],[120.7088,30.8878],[120.5595,30.8377],[120.4993,30.7604],[120.484093,30.763226],[120.4847,30.7659],[120.472395,30.803003],[120.4352,30.8619],[120.4323,30.9239],[120.361,30.8823],[120.3655,30.9503],[120.1274,30.9459],[119.9896,31.0344],[119.9154,31.1736],[119.8983,31.1716],[119.786869,31.168805],[119.7753,31.1824],[119.708009,31.166827],[119.645098,31.152267],[119.6366,31.1503],[119.636244,31.14566],[119.633583,31.111018],[119.6418,31.1087],[119.6258,31.0097],[119.5481,30.9029],[119.5737,30.8314],[119.522,30.7784],[119.4773,30.7771],[119.4803,30.7036],[119.426,30.6471],[119.3846,30.6913],[119.3077,30.6232],[119.247846,30.611229],[119.2626,30.5765],[119.2414,30.5282],[119.3255,30.5358],[119.355406,30.416256],[119.37657,30.389319],[119.393249,30.368092],[119.392829,30.367891],[119.2953,30.3663],[119.1985,30.2927],[119.0858,30.3255],[119.0579,30.3051],[118.9354,30.3553],[118.877154,30.290334],[118.873,30.2857],[118.877778,30.277772],[118.9223,30.2039],[118.8435,30.1658],[118.894,30.1449],[118.861195,30.113735],[118.858,30.1107],[118.861613,30.103113],[118.8617,30.1009],[118.862648,30.100938],[118.880775,30.062872],[118.8865,29.938],[118.8481,29.9443],[118.8401,29.8991],[118.7486,29.8455],[118.716878,29.719456],[118.697026,29.70051],[118.599339,29.641756],[118.5688,29.6402],[118.4945,29.5787],[118.476754,29.521453],[118.3782,29.5127],[118.3398,29.4786],[118.3061,29.5003],[118.3099,29.4257],[118.233912,29.427237],[118.205992,29.408908],[118.195,29.3952],[118.189537,29.398106]]],[[[121.9749,30.1657],[121.9488,30.1849],[121.9354,30.1624],[122.026,29.9939],[122.0981,30.0095],[122.162431,29.99023],[122.1383,29.9769],[122.1713,29.967],[122.1797,29.9594],[122.1914,29.9629],[122.1772,29.9778],[122.164037,29.989749],[122.3151,29.9445],[122.3308,30.0127],[122.2509,30.074],[122.2954,30.0781],[122.2902,30.1021],[121.9805,30.1681],[121.9749,30.1657]]],[[[122.1247,29.7914],[122.0676,29.7742],[122.0499,29.7149],[122.183,29.6605],[122.1955,29.7128],[122.1319,29.7754],[122.1247,29.7914]]],[[[121.9786,29.1503],[121.9439,29.1848],[121.8673,29.1311],[121.9018,29.0733],[121.9576,29.0575],[121.973,29.1496],[121.9786,29.1503]]],[[[122.1905,30.3281],[122.0539,30.2974],[122.2135,30.2399],[122.2322,30.2985],[122.1969,30.3328],[122.1905,30.3281]]],[[[121.8586,30.1022],[121.8363,30.0007],[121.8683,29.9697],[121.9284,30.0011],[121.8761,30.0936],[121.8586,30.1022]]],[[[122.38,30.4722],[122.277,30.4753],[122.2802,30.4245],[122.4342,30.4142],[122.3699,30.4705],[122.38,30.4722]]],[[[122.3514,29.9505],[122.3234,29.9322],[122.4105,29.8316],[122.3907,29.8554],[122.4172,29.9488],[122.3663,29.9549],[122.3514,29.9505]]],[[[121.8298,29.1409],[121.7818,29.1462],[121.784,29.1133],[121.8707,29.0898],[121.8605,29.1441],[121.8298,29.1409]]],[[[122.4027,30.2742],[122.2725,30.2386],[122.4024,30.2302],[122.4074,30.2551],[122.4027,30.2742]]],[[[122.2601,29.8466],[122.2197,29.8343],[122.3214,29.7772],[122.2806,29.8461],[122.2601,29.8466]]],[[[121.9762,29.8988],[121.9977,29.9203],[121.96,29.9534],[121.9222,29.9302],[121.9575,29.898],[121.9762,29.8988]]],[[[121.1803,27.8578],[121.0916,27.8236],[121.1664,27.8152],[121.1924,27.8525],[121.1803,27.8578]]],[[[121.072,27.9774],[121.0407,27.9486],[121.1338,27.9564],[121.1144,27.9857],[121.072,27.9774]]],[[[121.9953,30.3096],[121.9833,30.3431],[121.923,30.3103],[121.9841,30.293],[121.9953,30.3096]]],[[[122.4847,30.7119],[122.4286,30.7436],[122.422,30.6932],[122.5106,30.7161],[122.4847,30.7119]]],[[[122.1733,30.1934],[122.1398,30.1685],[122.1604,30.1405],[122.1902,30.1946],[122.1733,30.1934]]],[[[122.0525,29.1908],[122.0352,29.209],[122.0118,29.155],[122.0614,29.1684],[122.0415,29.1886],[122.0525,29.1908]]],[[[121.8163,29.1012],[121.7867,29.0783],[121.8286,29.0543],[121.8283,29.0955],[121.8163,29.1012]]],[[[121.958,30.1039],[121.9074,30.0969],[121.9266,30.0688],[121.9529,30.0882],[121.958,30.1039]]],[[[122.0257,29.7344],[122.0393,29.7467],[122.0315,29.7619],[122.0093,29.7474],[122.0147,29.7172],[122.0218,29.7193],[122.0257,29.7344]]],[[[121.0382,27.8777],[121.0305,27.8497],[121.0742,27.8585],[121.0488,27.8769],[121.0382,27.8777]]],[[[121.8931,28.5027],[121.8882,28.5114],[121.8763,28.5008],[121.8825,28.4876],[121.8931,28.481],[121.913,28.4993],[121.8931,28.5027]]],[[[122.0375,29.9338],[122.0535,29.9561],[122.0398,29.9664],[122.0272,29.9575],[122.0272,29.9399],[122.0375,29.9338]]],[[[122.1502,29.9483],[122.1653,29.9593],[122.1569,29.9683],[122.1351,29.9622],[122.129,29.9549],[122.1357,29.9474],[122.1502,29.9483]]],[[[121.158,28.2099],[121.1676,28.2136],[121.1787,28.2387],[121.1681,28.2394],[121.1508,28.2294],[121.158,28.2099]]],[[[121.0729,28.0104],[121.0382,27.991],[121.038,27.9851],[121.0638,27.9913],[121.0838,28.0024],[121.0729,28.0104]]],[[[122.0684,30.575],[122.0792,30.5816],[122.0792,30.5972],[122.0539,30.5955],[122.051,30.5907],[122.0684,30.575]]],[[[122.5657,30.6696],[122.5579,30.6771],[122.5438,30.6539],[122.5592,30.6512],[122.575,30.6648],[122.5657,30.6696]]],[[[121.1462,27.9],[121.101,27.8727],[121.1377,27.8776],[121.1462,27.9]]],[[[122.252037,29.757943],[122.2537,29.7773],[122.2141,29.7755],[122.252037,29.757943]]],[[[121.9159,28.455],[121.8861,28.4517],[121.8768,28.4448],[121.8905,28.4363],[121.9159,28.455]]],[[[122.0891,29.9869],[122.0759,30.0001],[122.0661,29.9973],[122.0684,29.9756],[122.0891,29.9869]]],[[[122.2959,30.2722],[122.2508,30.2418],[122.3076,30.266],[122.2959,30.2722]]],[[[122.3035,29.9257],[122.3107,29.9337],[122.3026,29.9445],[122.284,29.9372],[122.2886,29.9275],[122.3035,29.9257]]],[[[122.4693,30.4314],[122.4554,30.4265],[122.4646,30.4181],[122.4707,30.4059],[122.4824,30.4194],[122.4693,30.4314]]],[[[121.973,29.1785],[121.963,29.1938],[121.949,29.1895],[121.9641,29.1696],[121.973,29.1785]]],[[[122.055,30.194],[122.0129,30.1866],[122.0567,30.1815],[122.055,30.194]]],[[[122.6872,30.85],[122.6752,30.8618],[122.6624,30.8504],[122.6837,30.8408],[122.6872,30.85]]],[[[122.1129,29.9616],[122.1211,29.9637],[122.1234,29.9759],[122.112,29.9823],[122.1047,29.9665],[122.1129,29.9616]]],[[[121.0534,27.487],[121.1008,27.448],[121.0801,27.4748],[121.0534,27.487]]],[[[122.6496,30.1886],[122.6463,30.213],[122.633,30.209],[122.6427,30.1896],[122.6496,30.1886]]],[[[122.7828,30.1297],[122.774,30.1381],[122.7573,30.1447],[122.7609,30.1278],[122.7828,30.1297]]],[[[121.7005,28.901],[121.6577,28.8974],[121.7008,28.8903],[121.7005,28.901]]],[[[122.6865,30.1829],[122.69,30.1906],[122.6822,30.2086],[122.6699,30.2048],[122.6865,30.1829]]],[[[122.814,30.731],[122.8032,30.7207],[122.8319,30.7185],[122.8243,30.7313],[122.814,30.731]]],[[[122.104,30.624],[122.0375,30.6426],[122.1045,30.6171],[122.104,30.624]]],[[[121.875,28.7502],[121.8586,28.7492],[121.8516,28.7333],[121.8581,28.7265],[121.8685,28.7312],[121.8587,28.7402],[121.875,28.7502]]],[[[122.1228,30.6103],[122.11,30.6138],[122.1055,30.6017],[122.1286,30.5988],[122.1228,30.6103]]],[[[122.2082,29.4417],[122.1945,29.4374],[122.2032,29.4269],[122.2207,29.4319],[122.2082,29.4417]]],[[[121.6885,29.5567],[121.669,29.5503],[121.6763,29.5419],[121.6911,29.5446],[121.6885,29.5567]]],[[[122.4986,30.2184],[122.498,30.2286],[122.478,30.2332],[122.4817,30.2212],[122.4986,30.2184]]],[[[122.2248,29.712],[122.2048,29.7143],[122.2087,29.7032],[122.2217,29.6992],[122.2248,29.712]]],[[[122.1994,30.2222],[122.1875,30.2322],[122.1755,30.2295],[122.1902,30.2152],[122.1994,30.2222]]],[[[120.9827,27.6661],[120.9642,27.6646],[120.971,27.6491],[120.9802,27.6559],[120.9827,27.6661]]],[[[122.3134,29.8803],[122.2852,29.8582],[122.335,29.8843],[122.3134,29.8803]]],[[[122.0111,30.6606],[122.0096,30.6563],[122.0383,30.6492],[122.0383,30.6549],[122.0217,30.6608],[122.0111,30.6606]]],[[[122.3997,30.0267],[122.3734,29.9774],[122.3977,30.0102],[122.3997,30.0267]]],[[[122.0908,29.9454],[122.0894,29.9553],[122.0784,29.9558],[122.0789,29.939],[122.0908,29.9454]]],[[[121.9546,29.2153],[121.9489,29.2139],[121.9488,29.1991],[121.9624,29.1986],[121.9546,29.2153]]],[[[121.8719,28.8031],[121.8634,28.8155],[121.8528,28.8076],[121.8593,28.8011],[121.8719,28.8031]]],[[[122.2613,29.8649],[122.2735,29.8703],[122.2629,29.8777],[122.2513,29.8713],[122.2613,29.8649]]],[[[121.9365,28.7211],[121.9129,28.7204],[121.9177,28.7089],[121.9365,28.7211]]],[[[121.8455,30.065],[121.8248,30.0984],[121.8372,30.0653],[121.8455,30.065]]],[[[122.1725,29.7986],[122.179,29.7907],[122.1919,29.788],[122.1915,29.7976],[122.1725,29.7986]]],[[[122.4534,30.7453],[122.463,30.7458],[122.4615,30.7567],[122.4484,30.7567],[122.4534,30.7453]]],[[[122.0222,29.6084],[122.0313,29.6174],[122.023,29.6266],[122.0173,29.6113],[122.0222,29.6084]]],[[[122.373,29.8288],[122.3721,29.8437],[122.3556,29.8395],[122.373,29.8288]]],[[[122.2421,29.9563],[122.1983,29.9703],[122.2662,29.9429],[122.2421,29.9563]]],[[[122.4209,30.68],[122.4104,30.6831],[122.4052,30.6735],[122.4205,30.6714],[122.4209,30.68]]],[[[122.793,30.7255],[122.7539,30.7149],[122.7784,30.7153],[122.793,30.7255]]],[[[122.0174,29.9048],[122.019,29.911],[122.0085,29.9182],[122.0031,29.908],[122.0174,29.9048]]],[[[121.0844,27.7791],[121.0905,27.7836],[121.0866,27.7957],[121.0777,27.7925],[121.0844,27.7791]]],[[[121.5277,28.0977],[121.5228,28.105],[121.5116,28.0929],[121.5215,28.0902],[121.5277,28.0977]]],[[[121.7917,29.2782],[121.7994,29.2949],[121.7871,29.2978],[121.7917,29.2782]]],[[[121.1926,28.322],[121.1859,28.3535],[121.1854,28.3222],[121.1926,28.322]]],[[[121.1938,28.0022],[121.1813,27.9674],[121.1982,27.9966],[121.1938,28.0022]]],[[[120.5989,27.3491],[120.5926,27.3517],[120.5796,27.3446],[120.5822,27.3378],[120.5989,27.3491]]],[[[121.198,27.6188],[121.2163,27.6342],[121.2039,27.635],[121.198,27.6188]]],[[[122.2397,30.2206],[122.2329,30.2345],[122.2245,30.2233],[122.2397,30.2206]]],[[[120.4793,27.1532],[120.4687,27.165],[120.4655,27.1523],[120.4793,27.1532]]],[[[122.2671,30.5144],[122.2656,30.5284],[122.2542,30.5202],[122.2671,30.5144]]],[[[121.6835,28.2765],[121.6831,28.2926],[121.6734,28.2879],[121.6835,28.2765]]],[[[122.280752,29.744653],[122.3055,29.7332],[122.2872,29.7431],[122.280752,29.744653]]]]},"properties":{"country_key":"china","region_key":"zhejiang","display_name":"浙江省","country_display":"China","name":"Zhejiang","keys":["china|zhejiang","china|浙江"],"legacy_region_key":"浙江","geo_key":"china|zhejiang","parent_geo_key":"china","region_id":"admin1|china|zhejiang"}},{"type":"Feature","geometry":{"type":"Polygon","coordinates":[[[116.7421,30.0598],[116.7503,30.0525],[116.8306,29.9732],[116.8941,29.9688],[116.8928,29.9132],[116.8157,29.818],[116.7576,29.8083],[116.6441,29.6987],[116.6838,29.6759],[116.6454,29.6459],[116.674,29.6057],[116.715,29.5693],[116.7571,29.5988],[116.8323,29.5719],[116.9876,29.6842],[117.1091,29.71],[117.0991,29.7523],[117.1337,29.7885],[117.0666,29.8299],[117.1239,29.8646],[117.134987,29.906831],[117.2015,29.9332],[117.242082,29.915606],[117.248907,29.904672],[117.2384,29.8531],[117.2701,29.8277],[117.3326,29.8579],[117.3565,29.8155],[117.361848,29.817813],[117.37377,29.82297],[117.410528,29.83887],[117.40842,29.812362],[117.4036,29.8027],[117.407266,29.797858],[117.4068,29.792],[117.448475,29.706604],[117.4456,29.6934],[117.457238,29.688648],[117.5225,29.662],[117.5342,29.5996],[117.551272,29.595507],[117.557829,29.593935],[117.5926,29.5856],[117.626806,29.607089],[117.649765,29.611468],[117.674099,29.59115],[117.701835,29.553966],[117.71406,29.557783],[117.7692,29.575],[117.889,29.546],[118.0222,29.5764],[118.1252,29.5147],[118.1262,29.4318],[118.1832,29.4088],[118.185806,29.400091],[118.189537,29.398106],[118.195,29.3952],[118.205992,29.408908],[118.233912,29.427237],[118.3099,29.4257],[118.3061,29.5003],[118.3398,29.4786],[118.3782,29.5127],[118.476754,29.521453],[118.4945,29.5787],[118.5688,29.6402],[118.599339,29.641756],[118.697026,29.70051],[118.716878,29.719456],[118.7486,29.8455],[118.8401,29.8991],[118.8481,29.9443],[118.8865,29.938],[118.880775,30.062872],[118.862648,30.100938],[118.8617,30.1009],[118.861613,30.103113],[118.858,30.1107],[118.861195,30.113735],[118.894,30.1449],[118.8435,30.1658],[118.9223,30.2039],[118.877778,30.277772],[118.873,30.2857],[118.877154,30.290334],[118.9354,30.3553],[119.0579,30.3051],[119.0858,30.3255],[119.1985,30.2927],[119.2953,30.3663],[119.392829,30.367891],[119.393249,30.368092],[119.37657,30.389319],[119.355406,30.416256],[119.3255,30.5358],[119.2414,30.5282],[119.2626,30.5765],[119.247846,30.611229],[119.3077,30.6232],[119.3846,30.6913],[119.426,30.6471],[119.4803,30.7036],[119.4773,30.7771],[119.522,30.7784],[119.5737,30.8314],[119.5481,30.9029],[119.6258,31.0097],[119.6418,31.1087],[119.633583,31.111018],[119.601826,31.119977],[119.584353,31.124907],[119.5281,31.161],[119.3581,31.2],[119.3443,31.3019],[119.3414,31.2651],[119.211104,31.276468],[119.195781,31.290091],[119.1807,31.3035],[119.1003,31.2379],[118.79,31.2316],[118.7148,31.3245],[118.7495,31.3874],[118.8052,31.3732],[118.8647,31.4257],[118.8679,31.6066],[118.8289,31.6358],[118.799,31.6209],[118.769,31.6841],[118.7137,31.6299],[118.6557,31.642],[118.6405,31.6812],[118.6854,31.723],[118.6373,31.7613],[118.5378,31.7331],[118.5321,31.7677],[118.478,31.7831],[118.499,31.8426],[118.4623,31.8588],[118.4731,31.8852],[118.4092,31.8889],[118.362,31.9397],[118.3905,31.9946],[118.3779,32.0615],[118.4956,32.1243],[118.5043,32.1967],[118.6246,32.2047],[118.632552,32.211542],[118.649744,32.226334],[118.6597,32.2349],[118.659303,32.238937],[118.6528,32.305],[118.698884,32.337102],[118.7029,32.3399],[118.6735,32.3963],[118.6859,32.4751],[118.587,32.4857],[118.6112,32.5126],[118.5583,32.5686],[118.5789,32.5974],[118.8203,32.6035],[118.8395,32.5695],[118.88,32.5921],[118.8901,32.5513],[118.9293,32.5597],[118.9696,32.5077],[119.0349,32.5161],[119.07009,32.457801],[119.0716,32.4553],[119.075768,32.45809],[119.1472,32.5059],[119.1713,32.5956],[119.2061,32.5705],[119.211195,32.580897],[119.214552,32.587748],[119.2233,32.6056],[119.181469,32.817813],[119.1795,32.8278],[119.0947,32.8335],[119.0394,32.9128],[119.0089,32.9127],[118.999346,32.95208],[118.9966,32.9634],[118.9295,32.9393],[118.870524,32.953547],[118.8434,32.9601],[118.842678,32.938627],[118.8025,32.9171],[118.8048,32.8557],[118.7407,32.8584],[118.7518,32.7422],[118.7218,32.7277],[118.6323,32.7479],[118.3648,32.7207],[118.3576,32.7745],[118.2961,32.7848],[118.2937,32.8442],[118.243747,32.854227],[118.2225,32.9252],[118.304,32.9611],[118.2511,32.9797],[118.2059,33.0632],[118.218,33.151],[118.2176,33.1772],[118.1727,33.2181],[118.1454,33.1707],[118.059579,33.141529],[118.0592,33.1414],[117.9854,33.1801],[117.9722,33.2298],[117.939,33.2265],[117.9861,33.3353],[117.97854,33.340891],[118.0187,33.3717],[118.055843,33.490222],[118.1013,33.4768],[118.1152,33.6236],[118.116894,33.626701],[118.156132,33.698551],[118.175,33.7331],[118.168465,33.736885],[118.142951,33.751663],[118.021784,33.757395],[117.956002,33.747763],[117.9474,33.7313],[117.7541,33.7182],[117.7174,33.7414],[117.7533,33.8864],[117.7044,33.8832],[117.6647,33.9961],[117.6211,34.0258],[117.5588,33.9797],[117.5038,34.0623],[117.4086,34.0224],[117.3525,34.0887],[117.3079,34.0657],[117.204502,34.074636],[117.163706,34.078162],[117.1436,34.0799],[117.137016,34.095595],[117.033862,34.162971],[117.027021,34.1657],[117.026331,34.165975],[117.02,34.1685],[117.030721,34.20296],[117.0342,34.2492],[117.025009,34.243977],[116.99431,34.274214],[116.9696,34.2888],[116.969189,34.298956],[116.9654,34.3927],[116.8284,34.3859],[116.7413,34.469],[116.5666,34.4874],[116.5954,34.5057],[116.5152,34.5425],[116.470026,34.597429],[116.4249,34.6523],[116.3697,34.637],[116.2737,34.6061],[116.250024,34.564784],[116.2435,34.5534],[116.222777,34.567215],[116.1936,34.5716],[116.1962,34.5607],[116.2014,34.5077],[116.153,34.451],[116.2132,34.4071],[116.2015,34.3834],[116.3415,34.3262],[116.344383,34.319581],[116.358236,34.287773],[116.361352,34.28062],[116.421195,34.279546],[116.508,34.2966],[116.5797,34.2767],[116.5387,34.2402],[116.5606,34.1747],[116.534552,34.134233],[116.57429,34.063246],[116.609457,34.019183],[116.6448,33.9749],[116.6441,33.8998],[116.638826,33.900389],[116.5572,33.9095],[116.5531,33.882],[116.4343,33.8483],[116.4319,33.801],[116.3888,33.7853],[116.388541,33.785218],[116.1753,33.7076],[116.165499,33.714365],[116.102931,33.757551],[116.0678,33.7818],[116.0386,33.8224],[116.06,33.8483],[115.98,33.9028],[115.9801,33.9924],[115.9069,34.0016],[115.8932,34.0293],[115.8462,34.0061],[115.8088,34.0662],[115.714164,34.075902],[115.643891,34.051087],[115.6455,34.0353],[115.592138,34.016766],[115.5408,33.8768],[115.6298,33.8667],[115.6083,33.7775],[115.5585,33.776],[115.6352,33.5835],[115.4558,33.5715],[115.4104,33.5568],[115.3933,33.5059],[115.3404,33.5054],[115.3083,33.3754],[115.3594,33.3418],[115.3557,33.3],[115.3293,33.2996],[115.3196,33.2119],[115.2886,33.2026],[115.2976,33.1502],[115.1135,33.0771],[114.9899,33.0997],[114.9723,33.1488],[114.916495,33.13435],[114.901785,33.10461],[114.909008,33.082722],[114.9108,33.0835],[114.9273,33.0273],[114.8877,33.0224],[114.8805,32.9776],[115.1945,32.8571],[115.2073,32.7882],[115.1756,32.7806],[115.175082,32.722861],[115.18613,32.653478],[115.2021,32.616],[115.192945,32.610673],[115.1956,32.594],[115.2949,32.5903],[115.3,32.5551],[115.4059,32.5773],[115.5606,32.4064],[115.6608,32.4112],[115.6879,32.4915],[115.696839,32.492405],[115.70714,32.493449],[115.7738,32.5002],[115.7826,32.4705],[115.8864,32.5783],[115.923142,32.570007],[115.9245,32.5697],[115.8393,32.5068],[115.8781,32.4908],[115.8608,32.4669],[115.9339,32.1642],[115.8906,31.8786],[115.9054,31.7952],[115.8096,31.7652],[115.677,31.7816],[115.522,31.702],[115.4717,31.6473],[115.4771,31.6084],[115.3692,31.5013],[115.3693,31.4066],[115.371233,31.405175],[115.3872,31.3934],[115.3724,31.35],[115.4376,31.3475],[115.452,31.2829],[115.5151,31.266],[115.5793,31.1447],[115.6562,31.2197],[115.7081,31.2013],[115.7718,31.1056],[115.8683,31.1507],[115.873709,31.142265],[115.9348,31.047],[116.033505,31.020623],[116.043074,31.018066],[116.0523,31.0156],[116.0687,30.9578],[115.8643,30.8714],[115.8414,30.8328],[115.863,30.7753],[115.778546,30.750554],[115.756,30.6899],[115.844591,30.591207],[115.9086,30.5199],[115.889,30.4543],[115.9395,30.4297],[115.8792,30.3826],[115.9057,30.3076],[115.979151,30.290885],[115.9848,30.2896],[116.0605,30.2123],[116.063244,30.14877],[116.0839,30.1289],[116.0708,29.9738],[116.1245,29.8991],[116.1329,29.8267],[116.150282,29.828088],[116.1582,29.8319],[116.163848,29.829172],[116.258,29.7837],[116.4576,29.8967],[116.5416,29.9076],[116.5716,30.0329],[116.584632,30.046544],[116.597475,30.059989],[116.6121,30.0753],[116.7421,30.0598]]]},"properties":{"country_key":"china","region_key":"anhui","display_name":"安徽省","country_display":"China","name":"Anhui","keys":["china|anhui","china|安徽"],"legacy_region_key":"安徽","geo_key":"china|anhui","parent_geo_key":"china","region_id":"admin1|china|anhui"}},{"type":"Feature","geometry":{"type":"MultiPolygon","coordinates":[[[[117.1887,23.6199],[117.2469,23.6722],[117.2489,23.6077],[117.2806,23.6352],[117.2745,23.7355],[117.3509,23.752],[117.3396,23.6879],[117.3758,23.6355],[117.3185,23.5726],[117.4374,23.5924],[117.4238,23.6539],[117.4853,23.6554],[117.4853,23.7205],[117.5231,23.734],[117.489,23.7626],[117.4343,23.7427],[117.5043,23.8655],[117.4089,23.9417],[117.5921,23.8792],[117.6127,23.8105],[117.5914,23.7196],[117.6411,23.7935],[117.6346,23.8912],[117.7068,23.9515],[117.7137,24.0307],[117.7754,23.9941],[117.7317,23.9383],[117.7494,23.9078],[117.8077,23.9995],[117.901,24.0387],[117.9023,24.1036],[117.9541,24.1904],[117.969,24.1536],[118.0646,24.2485],[118.1334,24.2631],[118.1063,24.3498],[118.0543,24.3553],[118.0617,24.4105],[117.977717,24.410839],[117.9783,24.4139],[117.9558,24.417],[117.942369,24.410982],[117.8883,24.4112],[117.9019,24.4743],[117.9504,24.466],[117.951796,24.470931],[117.9597,24.457],[118.0414,24.441],[118.0688,24.5084],[118.0291,24.5518],[118.0975,24.566],[118.1807,24.6547],[118.2042,24.651],[118.1786,24.6237],[118.2075,24.5489],[118.2465,24.5372],[118.2886,24.5862],[118.3297,24.5785],[118.3499,24.5815],[118.3233,24.6049],[118.3605,24.5787],[118.4205,24.6076],[118.4475,24.6888],[118.4456,24.6278],[118.5697,24.5827],[118.5738,24.5209],[118.6815,24.6081],[118.6486,24.6778],[118.6992,24.6699],[118.7783,24.7606],[118.7268,24.778],[118.7281,24.817],[118.6566,24.7889],[118.638,24.8322],[118.6823,24.8647],[118.6527,24.9056],[118.6758,24.9493],[118.7164,24.8487],[118.8721,24.8962],[118.9812,24.8804],[118.9234,24.9026],[118.9028,24.946],[119.0075,24.9449],[119.0202,24.9633],[118.9795,24.9873],[119.0171,25.0531],[118.9782,25.0179],[118.8576,25.0877],[118.9623,25.1186],[118.9369,25.1434],[118.9766,25.1698],[118.9673,25.2074],[118.913,25.2408],[118.7957,25.2235],[119.0177,25.2867],[119.0237,25.263],[118.9706,25.2395],[118.9885,25.2132],[119.0779,25.2195],[119.0262,25.157],[119.0663,25.1096],[119.156,25.1355],[119.0994,25.2005],[119.136,25.2484],[119.1688,25.1899],[119.2725,25.1724],[119.3021,25.1959],[119.2876,25.2347],[119.3628,25.2515],[119.2947,25.3216],[119.2472,25.3027],[119.2107,25.3623],[119.1302,25.3868],[119.1518,25.4444],[119.1912,25.426],[119.2278,25.4495],[119.2105,25.4717],[119.214,25.4753],[119.2767,25.4831],[119.2584,25.4337],[119.3437,25.4115],[119.327,25.483],[119.354,25.5581],[119.397,25.5003],[119.4558,25.4931],[119.4387,25.4329],[119.4969,25.4534],[119.4915,25.3685],[119.5599,25.3894],[119.5676,25.4164],[119.528,25.4339],[119.5613,25.4617],[119.5854,25.4522],[119.5919,25.3406],[119.6497,25.3522],[119.621,25.3597],[119.6596,25.3765],[119.6447,25.4323],[119.61,25.4393],[119.6323,25.4543],[119.6014,25.4836],[119.5966,25.5896],[119.5426,25.5818],[119.5352,25.6308],[119.4766,25.6278],[119.4605,25.6652],[119.5958,25.6916],[119.628,25.7478],[119.6196,25.8907],[119.6769,25.9083],[119.71,26.0166],[119.5295,26.0734],[119.4843,26.0185],[119.5529,26.1283],[119.6073,26.1448],[119.6022,26.1784],[119.6584,26.2126],[119.6672,26.2373],[119.6272,26.2595],[119.7654,26.3015],[119.799,26.2775],[119.8122,26.3242],[119.9033,26.3183],[119.9444,26.3581],[119.8588,26.3507],[119.8368,26.4295],[119.6725,26.3435],[119.6628,26.4245],[119.6126,26.4637],[119.6715,26.4765],[119.7708,26.4397],[119.7669,26.4092],[119.7946,26.4253],[119.827,26.4467],[119.7709,26.5662],[119.776,26.5702],[119.72,26.6158],[119.6067,26.5884],[119.56,26.6164],[119.6341,26.6894],[119.639042,26.70986],[119.6496,26.7051],[119.6534,26.7137],[119.6489,26.7343],[119.644046,26.730573],[119.647,26.7428],[119.5578,26.7381],[119.583875,26.767377],[119.5801,26.7585],[119.588,26.7518],[119.5966,26.7549],[119.6084,26.7741],[119.6059,26.7786],[119.59465,26.779476],[119.6091,26.7957],[119.6121,26.7589],[119.6515,26.7607],[119.6967,26.7077],[119.7362,26.7279],[119.6808,26.759],[119.6832,26.8194],[119.7415,26.7354],[119.7581,26.8025],[119.8357,26.846],[119.7818,26.8021],[119.8396,26.8136],[119.8508,26.7851],[119.8022,26.7722],[119.7851,26.7101],[119.841,26.7094],[119.8672,26.6479],[119.8976,26.6624],[119.902817,26.687163],[119.9239,26.6714],[119.947,26.6928],[119.9394,26.6964],[119.9322,26.6936],[119.9043,26.6934],[119.90373,26.691502],[119.9229,26.7825],[120.076,26.8007],[119.9696,26.6907],[119.9905,26.68],[119.9511,26.6171],[119.8983,26.6239],[119.8437,26.5866],[119.8356,26.5246],[119.8925,26.5244],[119.96,26.6106],[120.1173,26.6351],[120.1013,26.6951],[120.1492,26.7302],[120.0927,26.7577],[120.1173,26.7918],[120.0688,26.8224],[120.053,26.8954],[120.0969,26.8769],[120.1392,26.9316],[120.227,26.914],[120.2379,26.9597],[120.1975,26.9562],[120.1994,26.9815],[120.2626,26.9915],[120.25,27.0508],[120.2906,27.0401],[120.2556,27.108],[120.3742,27.092],[120.4149,27.1241],[120.3804,27.1407],[120.4376,27.146],[120.3872,27.1709],[120.3555,27.2396],[120.3127,27.2082],[120.2627,27.2553],[120.231747,27.252074],[120.2548,27.2884],[120.2758,27.2558],[120.2882,27.2942],[120.3079,27.2292],[120.3676,27.2501],[120.39587,27.230901],[120.3919,27.2453],[120.4266,27.2591],[120.3443,27.3512],[120.3371,27.395719],[120.3361,27.4019],[120.329709,27.400868],[120.2686,27.391],[120.2482,27.4419],[120.1306,27.4255],[120.0461,27.3404],[119.9955,27.3826],[119.9519,27.3679],[119.9322,27.3197],[119.7638,27.3119],[119.7767,27.334],[119.6855,27.4336],[119.704,27.5148],[119.6539,27.545],[119.6691,27.5788],[119.6285,27.5845],[119.64,27.6638],[119.637307,27.66614],[119.6316,27.6711],[119.4966,27.6527],[119.465,27.5278],[119.3408,27.5242],[119.295498,27.466162],[119.273334,27.437768],[119.2629,27.4244],[119.1419,27.4298],[119.1168,27.4393],[119.1214,27.4839],[119.0785,27.4676],[118.9859,27.5065],[118.9542,27.4534],[118.8989,27.4651],[118.8534,27.5222],[118.8995,27.5784],[118.9083,27.6238],[118.8706,27.6819],[118.8964,27.7126],[118.8381,27.7812],[118.8163,27.9091],[118.7321,27.9688],[118.7129,28.0354],[118.765875,28.101449],[118.7987,28.1211],[118.8061,28.1516],[118.7562,28.1737],[118.809,28.2326],[118.7292,28.2574],[118.718884,28.310404],[118.7176,28.317],[118.708301,28.311703],[118.699639,28.312767],[118.69225,28.302561],[118.617,28.2597],[118.5676,28.2914],[118.4982,28.2829],[118.4837,28.2427],[118.427698,28.286502],[118.424269,28.289184],[118.4176,28.2944],[118.3678,28.2691],[118.3072,28.2245],[118.3705,28.1898],[118.3509,28.0939],[118.1302,28.0567],[118.0832,27.9672],[117.9923,27.995],[117.8509,27.949],[117.7825,27.9004],[117.744825,27.820909],[117.730298,27.807636],[117.597,27.872],[117.5794,27.9414],[117.558888,27.955781],[117.5155,27.9862],[117.446073,27.936492],[117.440825,27.937123],[117.4403,27.9354],[117.428402,27.92384],[117.3384,27.8594],[117.3204,27.899],[117.2765,27.8694],[117.279528,27.858718],[117.28483,27.840015],[117.3019,27.7798],[117.184358,27.688941],[117.1122,27.6976],[117.092834,27.639849],[117.0472,27.6742],[117.040129,27.667884],[117.023053,27.652631],[116.9985,27.6307],[117.0163,27.5585],[117.0981,27.5427],[117.1278,27.4279],[117.102676,27.364614],[117.0935,27.3415],[117.132929,27.316656],[117.155184,27.281377],[117.0435,27.1558],[117.043928,27.1501],[117.0474,27.1039],[116.920386,27.028658],[116.8947,27.0407],[116.783699,27.006316],[116.674214,26.972401],[116.65,26.9649],[116.5613,26.87],[116.552368,26.848585],[116.546112,26.833586],[116.5374,26.8127],[116.553442,26.778405],[116.555796,26.760687],[116.5062,26.7134],[116.545127,26.598781],[116.535613,26.576592],[116.5297,26.5628],[116.5584,26.5494],[116.571126,26.531326],[116.6346,26.4831],[116.6057,26.3877],[116.5529,26.3728],[116.5516,26.4027],[116.5121,26.4137],[116.3818,26.2414],[116.3864,26.1751],[116.469,26.1779],[116.4865,26.1236],[116.399762,26.044419],[116.3568,26.0052],[116.3623,25.963],[116.2542,25.9056],[116.1836,25.9045],[116.1252,25.8554],[116.1732,25.7569],[116.1247,25.7642],[116.1052,25.7076],[116.0544,25.6899],[116.0357,25.609],[116.0591,25.5651],[116.0035,25.4903],[115.9988,25.3104],[115.948,25.2959],[115.9275,25.2389],[115.8515,25.214],[115.8742,25.0991],[115.9246,25.0523],[115.879688,25.012253],[115.9194,24.9668],[115.876576,24.974724],[115.870893,24.963505],[115.872266,24.955901],[115.875659,24.93711],[115.9758,24.9185],[116.0882,24.8407],[116.187,24.8814],[116.2471,24.7962],[116.3915,24.8806],[116.4142,24.8434],[116.37,24.8085],[116.4398,24.7187],[116.4825,24.7212],[116.525,24.6077],[116.5911,24.6568],[116.7971,24.6805],[116.8105,24.6576],[116.7522,24.5503],[116.8394,24.4884],[116.8418,24.4315],[116.897267,24.376033],[116.8996,24.3737],[116.8902,24.3675],[116.9094,24.2892],[116.9348,24.2872],[116.9287,24.2254],[116.9933,24.185],[116.9231,24.1073],[116.977,23.9981],[116.9602,23.8616],[117.0286,23.828],[117.0454,23.7027],[117.0858,23.6669],[117.1887,23.6199]]],[[[119.7785,25.6521],[119.6842,25.6042],[119.7331,25.5074],[119.6958,25.5134],[119.6725,25.478],[119.7668,25.3967],[119.7562,25.4381],[119.8594,25.4735],[119.8043,25.4968],[119.8107,25.5425],[119.8853,25.5671],[119.8454,25.5662],[119.7698,25.644],[119.7785,25.6521]]],[[[118.4324,24.5092],[118.4116,24.5256],[118.3772,24.4607],[118.2924,24.4782],[118.3078,24.4258],[118.2809,24.4106],[118.3239,24.386],[118.3745,24.4328],[118.4569,24.4215],[118.4498,24.5088],[118.4324,24.5092]]],[[[118.1923,24.4731],[118.1904,24.5328],[118.1021,24.5551],[118.0669,24.459],[118.1318,24.4237],[118.1858,24.4725],[118.1923,24.4731]]],[[[119.5986,26.1281],[119.5387,26.0845],[119.638,26.0631],[119.648,26.0921],[119.6048,26.1235],[119.5986,26.1281]]],[[[119.4792,25.242],[119.4417,25.2069],[119.5498,25.1682],[119.5356,25.1868],[119.5673,25.2121],[119.517,25.2064],[119.4913,25.2448],[119.4792,25.242]]],[[[119.7558,26.6726],[119.6523,26.6612],[119.6653,26.6368],[119.7452,26.6614],[119.7558,26.6726]]],[[[118.3228,24.5709],[118.2916,24.5679],[118.3573,24.5346],[118.3697,24.5637],[118.3228,24.5709]]],[[[120.3529,26.9703],[120.3191,26.9438],[120.3537,26.9222],[120.3706,26.9561],[120.3529,26.9703]]],[[[118.2669,24.4373],[118.2298,24.4466],[118.2142,24.4098],[118.2625,24.4225],[118.2669,24.4373]]],[[[119.1527,25.0957],[119.1114,25.0838],[119.1216,25.0264],[119.133,25.0863],[119.1527,25.0957]]],[[[120.1573,26.5775],[120.1528,26.607],[120.1146,26.5685],[120.1444,26.5753],[120.1573,26.5775]]],[[[119.6376,26.16],[119.6044,26.1737],[119.6193,26.1433],[119.6543,26.1565],[119.6376,26.16]]],[[[119.7271,25.3762],[119.7191,25.3805],[119.6939,25.368],[119.7041,25.3575],[119.7311,25.3654],[119.7271,25.3762]]],[[[119.7134,25.6581],[119.6598,25.6498],[119.7165,25.6428],[119.7134,25.6581]]],[[[119.9004,25.5963],[119.8713,25.6076],[119.8718,25.5905],[119.8961,25.5858],[119.9004,25.5963]]],[[[120.3093,26.9258],[120.3126,26.9401],[120.2994,26.9419],[120.2813,26.9363],[120.2876,26.9292],[120.3093,26.9258]]],[[[120.0649,26.5198],[120.0281,26.4939],[120.0559,26.4977],[120.0649,26.5198]]],[[[120.0014,26.2353],[119.9932,26.2365],[119.9833,26.2249],[119.984,26.2185],[120.007,26.222],[120.0014,26.2353]]],[[[119.4841,25.3365],[119.4839,25.3538],[119.4695,25.3496],[119.4622,25.3374],[119.4841,25.3365]]],[[[119.9285,26.1696],[119.909,26.1453],[119.936529,26.155458],[119.9285,26.1696]]],[[[119.8141,26.6231],[119.7565,26.6224],[119.8082,26.615],[119.8141,26.6231]]],[[[119.6644,25.6618],[119.656,25.6757],[119.6474,25.6702],[119.6437,25.6585],[119.6644,25.6618]]],[[[119.6817,26.1381],[119.6685,26.1446],[119.6569,26.1326],[119.6677,26.126],[119.6748,26.1371],[119.6817,26.1381]]],[[[119.9898,25.971],[119.9711,25.9671],[119.9708,25.9551],[119.9841,25.9619],[119.9898,25.971]]],[[[120.4801,26.3837],[120.4742,26.3794],[120.4863,26.3654],[120.4998,26.3636],[120.5024,26.3709],[120.4816,26.3711],[120.4801,26.3837]]],[[[119.6637,25.4064],[119.6673,25.4241],[119.6578,25.429],[119.6576,25.4112],[119.6637,25.4064]]],[[[119.9483,25.9801],[119.9267,25.9804],[119.9337,25.9668],[119.9483,25.9801]]],[[[120.1487,26.5363],[120.1415,26.5463],[120.1314,26.532],[120.1487,26.5363]]],[[[118.0694,24.4411],[118.0617,24.4558],[118.0536,24.445],[118.0694,24.4411]]],[[[120.2641,26.9367],[120.2473,26.9366],[120.2538,26.9269],[120.2641,26.9367]]],[[[119.6119,25.6741],[119.557,25.6382],[119.6053,25.6669],[119.6119,25.6741]]],[[[119.8191,26.6803],[119.8015,26.6867],[119.8025,26.6777],[119.8191,26.6803]]]]},"properties":{"country_key":"china","region_key":"fujian","display_name":"福建省","country_display":"China","name":"Fujian","keys":["china|fujian","china|福建"],"legacy_region_key":"福建","geo_key":"china|fujian","parent_geo_key":"china","region_id":"admin1|china|fujian"}},{"type":"Feature","geometry":{"type":"Polygon","coordinates":[[[116.1329,29.8267],[116.057184,29.783274],[115.943028,29.728323],[115.895038,29.737462],[115.6749,29.8508],[115.506,29.8423],[115.4091,29.681],[115.2829,29.6222],[115.2595,29.6599],[115.1103,29.6849],[115.1292,29.5923],[115.1724,29.5927],[115.1481,29.578],[115.153814,29.526186],[115.149852,29.512006],[115.0942,29.5229],[115.0818,29.5627],[114.9928,29.5734],[114.965591,29.558381],[114.943753,29.546326],[114.9428,29.5458],[114.9668,29.5237],[114.937,29.502509],[114.8907,29.5305],[114.8567,29.4799],[114.8781,29.4428],[114.88235,29.447438],[114.8872,29.4413],[114.929977,29.48201],[114.933229,29.478468],[114.926725,29.444799],[114.90001,29.412299],[114.7531,29.3651],[114.7323,29.3948],[114.6544,29.3937],[114.5089,29.3259],[114.3476,29.3235],[114.3042,29.3682],[114.2689,29.3569],[114.26825,29.35294],[114.2495,29.2387],[114.0858,29.2149],[113.9481,29.1004],[113.9395,29.0476],[113.953094,28.996681],[113.955,28.9571],[113.963647,28.957154],[114.0034,28.9574],[113.9969,28.9242],[114.0628,28.8945],[114.0729,28.8353],[114.1488,28.8338],[114.1326,28.7836],[114.142643,28.790056],[114.129757,28.698507],[114.091,28.5746],[114.091351,28.574349],[114.2133,28.487],[114.1873,28.452],[114.189362,28.450184],[114.2486,28.398],[114.245669,28.326837],[114.213642,28.299438],[114.120182,28.219484],[114.0766,28.1822],[113.9873,28.1616],[114.0221,28.0451],[113.999942,28.036953],[113.914891,28.005679],[113.9125,28.0048],[113.913325,28.004361],[113.905046,27.997396],[113.8978,27.9913],[113.8569,28.0097],[113.817745,27.976671],[113.734972,27.906849],[113.71443,27.889522],[113.7236,27.8888],[113.7245,27.875],[113.7595,27.8056],[113.6019,27.639],[113.5755,27.5478],[113.6229,27.5223],[113.5906,27.4707],[113.600182,27.421588],[113.6208,27.4187],[113.607223,27.385498],[113.613018,27.355798],[113.6693,27.3301],[113.8673,27.3703],[113.8634,27.286],[113.773579,27.111266],[113.786927,27.096887],[113.803552,27.078979],[113.897177,26.978125],[113.91593,26.957923],[113.83,26.8002],[113.8609,26.6563],[113.9022,26.6173],[114.1025,26.579],[114.0666,26.4889],[114.094,26.4818],[114.0833,26.4135],[114.0262,26.3786],[114.0242,26.2697],[113.946009,26.177965],[113.9376,26.1681],[113.949691,26.171249],[114.0286,26.1918],[114.082,26.1706],[114.1723,26.2169],[114.215467,26.192334],[114.221237,26.170358],[114.212871,26.149327],[114.1026,26.1038],[114.098888,26.079714],[114.04,26.0808],[114.0027,26.0167],[114.016,25.9755],[114.0224,25.8968],[113.915526,25.715778],[113.9081,25.7032],[113.9881,25.5678],[113.9346,25.4528],[113.942117,25.451473],[113.947585,25.450509],[114.0026,25.4408],[113.9801,25.4065],[114.0379,25.3938],[114.031087,25.327003],[114.028174,25.298438],[114.024871,25.266055],[114.0241,25.2585],[114.029059,25.261029],[114.1345,25.3148],[114.2589,25.2941],[114.3104,25.3422],[114.3755,25.3187],[114.4427,25.3894],[114.4761,25.3734],[114.5335,25.4218],[114.6326,25.3269],[114.7103,25.3185],[114.737608,25.268465],[114.736077,25.256734],[114.6744,25.1981],[114.7311,25.154],[114.7254,25.1186],[114.638,25.0739],[114.5567,25.0818],[114.509,25.0081],[114.4161,24.9749],[114.411237,24.962444],[114.39441,24.919344],[114.364189,24.841938],[114.3281,24.7495],[114.2743,24.7077],[114.1639,24.694],[114.1707,24.6484],[114.2531,24.6464],[114.3035,24.5764],[114.3586,24.5882],[114.424,24.4877],[114.524,24.562],[114.586,24.5393],[114.6594,24.5867],[114.7012,24.5309],[114.7451,24.6206],[114.8442,24.6062],[114.8622,24.5654],[114.908,24.6683],[114.9364,24.6524],[115.0687,24.7071],[115.1001,24.6701],[115.2757,24.7574],[115.3555,24.7375],[115.4031,24.7976],[115.5211,24.7199],[115.5554,24.6457],[115.5734,24.6162],[115.6677,24.6077],[115.6796,24.5505],[115.701106,24.552865],[115.8351,24.5676],[115.7614,24.6672],[115.7964,24.7087],[115.7518,24.7374],[115.8158,24.9098],[115.860037,24.886508],[115.875945,24.878131],[115.8874,24.8721],[115.885459,24.882848],[115.876284,24.93365],[115.875659,24.93711],[115.872266,24.955901],[115.870893,24.963505],[115.876576,24.974724],[115.9194,24.9668],[115.879688,25.012253],[115.9246,25.0523],[115.8742,25.0991],[115.8515,25.214],[115.9275,25.2389],[115.948,25.2959],[115.9988,25.3104],[116.0035,25.4903],[116.0591,25.5651],[116.0357,25.609],[116.0544,25.6899],[116.1052,25.7076],[116.1247,25.7642],[116.1732,25.7569],[116.1252,25.8554],[116.1836,25.9045],[116.2542,25.9056],[116.3623,25.963],[116.3568,26.0052],[116.399762,26.044419],[116.4865,26.1236],[116.469,26.1779],[116.3864,26.1751],[116.3818,26.2414],[116.5121,26.4137],[116.5516,26.4027],[116.5529,26.3728],[116.6057,26.3877],[116.6346,26.4831],[116.571126,26.531326],[116.5584,26.5494],[116.5297,26.5628],[116.535613,26.576592],[116.545127,26.598781],[116.5062,26.7134],[116.555796,26.760687],[116.553442,26.778405],[116.5374,26.8127],[116.546112,26.833586],[116.552368,26.848585],[116.5613,26.87],[116.65,26.9649],[116.674214,26.972401],[116.783699,27.006316],[116.8947,27.0407],[116.920386,27.028658],[117.0474,27.1039],[117.043928,27.1501],[117.0435,27.1558],[117.155184,27.281377],[117.132929,27.316656],[117.0935,27.3415],[117.102676,27.364614],[117.1278,27.4279],[117.0981,27.5427],[117.0163,27.5585],[116.9985,27.6307],[117.023053,27.652631],[117.040129,27.667884],[117.0472,27.6742],[117.092834,27.639849],[117.1122,27.6976],[117.184358,27.688941],[117.3019,27.7798],[117.28483,27.840015],[117.279528,27.858718],[117.2765,27.8694],[117.3204,27.899],[117.3384,27.8594],[117.428402,27.92384],[117.4403,27.9354],[117.440825,27.937123],[117.446073,27.936492],[117.5155,27.9862],[117.558888,27.955781],[117.5794,27.9414],[117.597,27.872],[117.730298,27.807636],[117.744825,27.820909],[117.7825,27.9004],[117.8509,27.949],[117.9923,27.995],[118.0832,27.9672],[118.1302,28.0567],[118.3509,28.0939],[118.3705,28.1898],[118.3072,28.2245],[118.3678,28.2691],[118.4176,28.2944],[118.424269,28.289184],[118.427698,28.286502],[118.433728,28.29441],[118.4614,28.3097],[118.457428,28.325497],[118.4349,28.4151],[118.4731,28.4777],[118.4117,28.4984],[118.4407,28.5185],[118.4071,28.5589],[118.4276,28.667],[118.378146,28.783445],[118.373656,28.794017],[118.3681,28.8071],[118.2917,28.8361],[118.2665,28.9203],[118.1964,28.9069],[118.223,28.9453],[118.1816,28.98],[118.1283,28.9865],[118.122,29.0188],[118.0946,28.9931],[118.0697,29.0787],[118.0308,29.1014],[118.0235,29.1737],[118.0365,29.2138],[118.0771,29.2207],[118.0726,29.2937],[118.1628,29.2839],[118.2019,29.3463],[118.1877,29.3969],[118.189537,29.398106],[118.185806,29.400091],[118.1832,29.4088],[118.1262,29.4318],[118.1252,29.5147],[118.0222,29.5764],[117.889,29.546],[117.7692,29.575],[117.71406,29.557783],[117.701835,29.553966],[117.674099,29.59115],[117.649765,29.611468],[117.626806,29.607089],[117.5926,29.5856],[117.557829,29.593935],[117.551272,29.595507],[117.5342,29.5996],[117.5225,29.662],[117.457238,29.688648],[117.4456,29.6934],[117.448475,29.706604],[117.4068,29.792],[117.407266,29.797858],[117.4036,29.8027],[117.40842,29.812362],[117.410528,29.83887],[117.37377,29.82297],[117.361848,29.817813],[117.3565,29.8155],[117.3326,29.8579],[117.2701,29.8277],[117.2384,29.8531],[117.248907,29.904672],[117.242082,29.915606],[117.2015,29.9332],[117.134987,29.906831],[117.1239,29.8646],[117.0666,29.8299],[117.1337,29.7885],[117.0991,29.7523],[117.1091,29.71],[116.9876,29.6842],[116.8323,29.5719],[116.7571,29.5988],[116.715,29.5693],[116.674,29.6057],[116.6454,29.6459],[116.6838,29.6759],[116.6441,29.6987],[116.7576,29.8083],[116.8157,29.818],[116.8928,29.9132],[116.8941,29.9688],[116.8306,29.9732],[116.7503,30.0525],[116.7421,30.0598],[116.6121,30.0753],[116.597475,30.059989],[116.584632,30.046544],[116.5716,30.0329],[116.5416,29.9076],[116.4576,29.8967],[116.258,29.7837],[116.163848,29.829172],[116.1582,29.8319],[116.150282,29.828088],[116.1329,29.8267]]]},"properties":{"country_key":"china","region_key":"jiangxi","display_name":"江西省","country_display":"China","name":"Jiangxi","keys":["china|jiangxi","china|江西"],"legacy_region_key":"江西","geo_key":"china|jiangxi","parent_geo_key":"china","region_id":"admin1|china|jiangxi"}},{"type":"Feature","geometry":{"type":"MultiPolygon","coordinates":[[[[115.467989,36.157378],[115.4414,36.009],[115.3493,35.9678],[115.33207,35.8246],[115.329825,35.805944],[115.3284,35.7941],[115.3569,35.7817],[115.475844,35.872803],[115.571005,35.905891],[115.67498,35.942044],[115.7689,35.9747],[115.7919,36.0071],[115.9836,36.0465],[116.096855,36.112874],[116.096666,36.112287],[116.046174,35.979874],[115.9064,35.9605],[115.8648,35.9152],[115.8664,35.86307],[115.731,35.8327],[115.6878,35.7542],[115.5054,35.7249],[115.3401,35.5473],[115.3499,35.4937],[115.236,35.4247],[115.0832,35.4151],[115.0643,35.3752],[115.0266,35.3752],[115.016959,35.363208],[115.012076,35.357134],[115.000358,35.342559],[114.995969,35.337099],[114.9249,35.2487],[114.9246,35.1954],[114.8428,35.1698],[114.8797,35.1074],[114.8119,35.0712],[114.838425,35.02894],[114.8191,35.0131],[114.824826,35.014027],[114.879,35.0228],[114.9126,34.97],[114.9507,34.9954],[115.0251,34.9689],[115.1122,35.0069],[115.1509,34.9607],[115.2193,34.9542],[115.1833,34.9156],[115.2495,34.9102],[115.2405,34.8438],[115.245806,34.845117],[115.258762,34.848334],[115.3134,34.8619],[115.4258,34.8048],[115.4394,34.6629],[115.529,34.5766],[115.6785,34.5567],[115.7032,34.6007],[115.8232,34.5593],[115.9696,34.5822],[115.9952,34.6156],[116.1004,34.598],[116.1368,34.5592],[116.1936,34.5716],[116.222777,34.567215],[116.2435,34.5534],[116.250024,34.564784],[116.2737,34.6061],[116.3697,34.637],[116.3883,34.7046],[116.3565,34.7388],[116.3903,34.7518],[116.4072,34.8446],[116.390014,34.851277],[116.437646,34.890945],[116.4394,34.8961],[116.44567,34.897627],[116.6266,34.9417],[116.7759,34.9175],[116.7809,34.9758],[116.8099,34.9278],[116.9629,34.8702],[117.0746,34.7016],[117.052,34.6547],[117.1227,34.6447],[117.149,34.5057],[117.235,34.4455],[117.2625,34.5343],[117.2972,34.5492],[117.2756,34.5647],[117.3879,34.5751],[117.3969,34.5702],[117.40325,34.5628],[117.4822,34.4708],[117.5833,34.4633],[117.6787,34.548],[117.7914,34.5227],[117.788189,34.651449],[117.7881,34.655],[117.789769,34.654857],[117.8978,34.6456],[117.9581,34.6802],[118.0004,34.6508],[118.0958,34.6564],[118.1091,34.6196],[118.0723,34.5712],[118.1839,34.5448],[118.1216,34.4862],[118.1715,34.4555],[118.1649,34.3825],[118.362734,34.424833],[118.4023,34.4333],[118.4332,34.5278],[118.4176,34.6092],[118.4705,34.6223],[118.4588,34.6695],[118.506697,34.68151],[118.5254,34.6862],[118.525511,34.702122],[118.53511,34.712638],[118.6744,34.6795],[118.757,34.7079],[118.75686,34.715481],[118.756616,34.728653],[118.7563,34.7457],[118.7047,34.7514],[118.769,34.7978],[118.7677,34.8469],[118.8014,34.8508],[118.8529,34.939],[118.8632,35.0331],[119.1209,35.055],[119.1271,35.0971],[119.1936,35.1127],[119.192144,35.114722],[119.219846,35.122227],[119.2382,35.1272],[119.268134,35.108283],[119.364,35.0806],[119.3909,35.094],[119.3773,35.157],[119.4096,35.2715],[119.4999,35.3376],[119.5301,35.3062],[119.5362,35.3778],[119.5641,35.3762],[119.6593,35.5769],[119.638377,35.589746],[119.6636,35.5899],[119.7238,35.624],[119.793,35.5836],[119.8154,35.6507],[119.8729,35.6135],[119.9464,35.7162],[119.9163,35.7608],[120.0081,35.7205],[120.0666,35.8867],[120.2085,35.9469],[120.1751,35.8921],[120.2874,35.9702],[120.3043,36.0123],[120.1956,35.9991],[120.237,36.0546],[120.1059,36.1003],[120.0984,36.13],[120.1702,36.2035],[120.2182,36.218],[120.2201,36.1948],[120.2971,36.1868],[120.2795,36.2248],[120.3102,36.255],[120.3633,36.1939],[120.2887,36.0524],[120.7027,36.131],[120.6789,36.2772],[120.6434,36.2901],[120.6523,36.3361],[120.7291,36.3293],[120.6884,36.3712],[120.7045,36.4159],[120.8143,36.4718],[120.8728,36.375],[120.9117,36.4165],[120.9039,36.4557],[120.9591,36.4722],[120.9695,36.5521],[120.8891,36.5682],[120.8527,36.6102],[120.8015,36.5854],[120.77,36.5862],[120.7206,36.6241],[120.8061,36.5936],[120.868,36.6548],[120.9292,36.5913],[121.0133,36.5793],[121.208,36.6924],[121.2354,36.6698],[121.2813,36.7091],[121.3912,36.7052],[121.3785,36.7415],[121.4721,36.7721],[121.4024,36.788],[121.4515,36.7843],[121.4687,36.7812],[121.4656,36.8197],[121.4925,36.8006],[121.5712,36.8449],[121.4813,36.7743],[121.5428,36.7353],[121.5686,36.7372],[121.55,36.7649],[121.5988,36.7667],[121.643,36.7373],[121.636586,36.810939],[121.7478,36.8441],[121.7643,36.8838],[121.9754,36.9635],[122.0165,36.9667],[122.0382,36.9023],[122.0955,36.9511],[122.1406,36.9482],[122.1994,37.029],[122.1424,36.9382],[122.1948,36.908],[122.1807,36.8461],[122.3578,36.8393],[122.4387,36.8829],[122.4105,36.9065],[122.4282,36.9252],[122.5027,36.9346],[122.488,36.8982],[122.5115,36.9009],[122.5559,37.0408],[122.4369,37.0217],[122.4639,37.075],[122.4471,37.1131],[122.4849,37.1518],[122.5725,37.1475],[122.5611,37.1836],[122.6151,37.2083],[122.5577,37.2553],[122.5579,37.3095],[122.6008,37.373],[122.6969,37.4098],[122.4987,37.4041],[122.4962,37.3794],[122.4744,37.427],[122.3029,37.4132],[122.2323,37.4614],[122.17,37.4285],[122.1207,37.509],[122.1579,37.5364],[122.0779,37.5569],[121.9225,37.4692],[121.6446,37.4665],[121.6505,37.4452],[121.6016,37.4335],[121.5084,37.4521],[121.3731,37.555],[121.3772,37.5963],[121.4134,37.5934],[121.3867,37.619],[121.352,37.6271],[121.3496,37.5888],[121.3026,37.576],[121.1747,37.5837],[121.1332,37.6105],[121.1346,37.7124],[121.0306,37.7099],[120.9099,37.8214],[120.7463,37.828],[120.5759,37.7566],[120.4475,37.7475],[120.357,37.6924],[120.2216,37.6868],[120.3215,37.6547],[120.3099,37.6211],[120.2084,37.5922],[120.2457,37.5536],[120.2154,37.5232],[120.0883,37.447],[119.8436,37.3735],[119.834,37.3444],[119.9055,37.2997],[119.8737,37.2278],[119.7498,37.1222],[119.718,37.1578],[119.7043,37.1182],[119.6736,37.1159],[119.6763,37.1545],[119.5943,37.148],[119.5543,37.0685],[119.581442,37.039299],[119.5472,37.0526],[119.5513,37.1239],[119.4998,37.1235],[119.4719,37.0871],[119.4659,37.1148],[119.3823,37.1198],[119.3271,37.0681],[119.3034,37.1025],[119.2503,37.0894],[119.2893,37.1493],[119.2818,37.2039],[119.2064,37.222],[119.1811,37.1904],[119.1874,37.2375],[119.1001,37.2081],[118.9737,37.2752],[118.9652,37.2817],[118.9879,37.3151],[118.8747,37.344],[119.0051,37.373],[118.9181,37.3807],[118.9274,37.4774],[118.9011,37.5232],[119.0285,37.6708],[119.0277,37.7247],[119.1791,37.7182],[119.2608,37.6572],[119.1956,37.7284],[119.2725,37.68],[119.1785,37.7487],[119.2954,37.7928],[119.1956,37.7991],[119.162,37.7678],[119.0909,37.7858],[119.0695,37.8165],[119.0887,37.9124],[119.0024,37.9505],[118.9485,38.0986],[118.8868,38.1332],[118.8022,38.1465],[118.7882,38.0721],[118.633,38.1112],[118.6473,38.0861],[118.5123,38.0195],[118.5213,38.0725],[118.4878,38.0962],[118.2312,38.1278],[118.1547,38.1396],[118.1649,38.177],[118.1173,38.1895],[118.0753,38.1617],[117.9654,38.1938],[117.9257,38.2399],[117.849337,38.261567],[117.7231,38.0922],[117.550171,38.048743],[117.548736,38.046356],[117.5352,38.0112],[117.489089,37.947118],[117.433,37.8538],[117.421846,37.853668],[116.7889,37.8462],[116.7408,37.7583],[116.690517,37.734744],[116.5969,37.623],[116.497591,37.543564],[116.423404,37.484223],[116.417,37.4791],[116.380085,37.528684],[116.3296,37.5805],[116.2833,37.5515],[116.2843,37.4832],[116.219,37.4792],[116.2219,37.4257],[116.2724,37.4055],[116.2308,37.361],[116.1606,37.3841],[115.9706,37.3369],[115.9637,37.239],[115.9092,37.2103],[115.845656,37.066158],[115.8471,37.0631],[115.7705,36.9911],[115.7907,36.9668],[115.7629,36.9206],[115.751049,36.91253],[115.6776,36.812],[115.4724,36.751],[115.4596,36.7306],[115.458238,36.729352],[115.3484,36.6287],[115.280155,36.486214],[115.3118,36.4498],[115.2912,36.4167],[115.3631,36.3444],[115.3478,36.3126],[115.404,36.3276],[115.410032,36.321349],[115.425022,36.305814],[115.4618,36.2677],[115.467991,36.219659],[115.472659,36.183438],[115.4772,36.1482],[115.467989,36.157378]]],[[[120.7299,37.9651],[120.6809,37.9897],[120.7592,37.8948],[120.7269,37.9521],[120.7299,37.9651]]],[[[120.6191,37.9796],[120.6126,37.9832],[120.598,37.9767],[120.5955,37.9656],[120.6162,37.9472],[120.6261,37.9515],[120.6191,37.9796]]],[[[120.1661,35.7425],[120.1832,35.7508],[120.1866,35.7565],[120.1656,35.7749],[120.1532,35.7611],[120.1532,35.7484],[120.1661,35.7425]]],[[[120.8398,38.3032],[120.8423,38.3114],[120.8296,38.3172],[120.8089,38.313],[120.807,38.2985],[120.8311,38.2989],[120.8398,38.3032]]],[[[120.7523,38.1698],[120.7402,38.1981],[120.7355,38.1618],[120.7699,38.1701],[120.7523,38.1698]]],[[[121.6421,37.4748],[121.5756,37.4496],[121.6047,37.4523],[121.6421,37.4748]]],[[[122.1816,37.5118],[122.1698,37.5008],[122.1825,37.4978],[122.198,37.5005],[122.1934,37.5101],[122.1816,37.5118]]],[[[120.4561,37.7839],[120.433,37.783],[120.4399,37.7713],[120.4498,37.7714],[120.4561,37.7839]]],[[[120.9218,38.3914],[120.9159,38.3992],[120.8965,38.3896],[120.8981,38.3827],[120.9218,38.3914]]]]},"properties":{"country_key":"china","region_key":"shandong","display_name":"山东省","country_display":"China","name":"Shandong","keys":["china|shandong","china|山东"],"legacy_region_key":"山东","geo_key":"china|shandong","parent_geo_key":"china","region_id":"admin1|china|shandong"}},{"type":"Feature","geometry":{"type":"Polygon","coordinates":[[[113.7376,35.8148],[113.5804,35.8266],[113.6194,35.6333],[113.5432,35.633],[113.497,35.5705],[113.5031,35.5187],[113.375,35.4948],[113.368802,35.493099],[113.3422,35.4677],[113.315661,35.478518],[113.304246,35.475385],[113.2962,35.4244],[113.1849,35.4488],[113.118,35.3306],[112.9905,35.3635],[112.9781,35.2857],[112.921186,35.25965],[112.8921,35.246337],[112.8776,35.2397],[112.858982,35.243973],[112.785042,35.238695],[112.767864,35.227627],[112.7073,35.1886],[112.6264,35.2713],[112.6299,35.2311],[112.5545,35.2117],[112.3994,35.2427],[112.2804,35.2209],[112.2918,35.2526],[112.2357,35.236],[112.0525,35.28],[112.0747,35.2195],[112.0341,35.1975],[112.0603,35.1514],[112.0459,35.0456],[112.03763,35.048785],[112.0339,35.0319],[112.0329,35.0461],[111.9519,35.0655],[111.9688,35.0701],[111.8089,35.0685],[111.8017,35.0349],[111.6631,34.989],[111.6756,34.9513],[111.5649,34.8447],[111.2552,34.8219],[111.2176,34.79],[111.1473,34.8144],[111.1189,34.763],[110.9638,34.7012],[110.92276,34.720277],[110.8939,34.6619],[110.8251,34.6175],[110.7513,34.6548],[110.6557,34.5904],[110.6059,34.6128],[110.5269,34.5852],[110.4728,34.6179],[110.418,34.5919],[110.371144,34.598786],[110.3614,34.567],[110.3937,34.5645],[110.3584,34.5111],[110.418403,34.418956],[110.4243,34.4099],[110.4456,34.4028],[110.4712,34.4097],[110.5014,34.341],[110.423,34.2892],[110.4362,34.2417],[110.6378,34.1621],[110.5847,34.1014],[110.5801,34.0253],[110.6141,34.0375],[110.6717,33.9499],[110.588836,33.892497],[110.6056,33.8536],[110.7761,33.794],[110.8323,33.6671],[110.98766,33.584856],[110.9974,33.5797],[110.998253,33.573183],[111.008247,33.56217],[111.0041,33.5615],[111.0294,33.3351],[110.9756,33.272],[110.990173,33.257884],[110.9882,33.254],[110.9955,33.2389],[111.0553,33.1948],[111.0317,33.1583],[111.0782,33.1856],[111.1745,33.1162],[111.1935,33.0777],[111.1534,33.0385],[111.2411,33.0325],[111.2698,32.9874],[111.2389,32.8843],[111.2898,32.8931],[111.2843,32.8566],[111.3817,32.8168],[111.4089,32.7563],[111.4683,32.7608],[111.4261,32.7282],[111.4663,32.7184],[111.5559,32.5967],[111.560735,32.599359],[111.6159,32.6297],[111.6392,32.6033],[111.7096,32.6086],[111.8642,32.5093],[111.8725,32.510196],[111.9466,32.5182],[112.0062,32.4524],[112.0578,32.4761],[112.0775,32.4213],[112.1493,32.3792],[112.1631,32.4118],[112.3181,32.3286],[112.3627,32.3708],[112.438,32.3462],[112.5407,32.4125],[112.7445,32.3461],[112.8593,32.3961],[112.9845,32.3707],[113.025,32.4278],[113.1136,32.3772],[113.108553,32.371224],[113.1502,32.3819],[113.152,32.4136],[113.2065,32.4342],[113.324,32.3461],[113.3118,32.324],[113.4217,32.2713],[113.5289,32.3324],[113.5579,32.3027],[113.5471,32.3325],[113.6193,32.3663],[113.6452,32.4149],[113.709033,32.419067],[113.736005,32.389593],[113.756214,32.3338],[113.7323,32.2564],[113.736626,32.249862],[113.7773,32.1884],[113.744848,32.132887],[113.7194,32.1275],[113.7189,32.0885],[113.7862,32.0364],[113.7503,31.9959],[113.8084,31.9675],[113.8341,31.8548],[113.8683,31.8426],[113.921738,31.875771],[113.935129,31.868581],[113.950747,31.831069],[113.9482,31.7924],[113.984,31.7512],[114.0828,31.7811],[114.10882,31.805151],[114.109706,31.80597],[114.1634,31.8556],[114.2974,31.7563],[114.4461,31.7307],[114.5129,31.7699],[114.5324,31.742],[114.5795,31.7665],[114.568493,31.679483],[114.545,31.6464],[114.556542,31.585005],[114.559752,31.567931],[114.5616,31.5581],[114.63385,31.581537],[114.8309,31.4595],[114.9695,31.502],[114.9934,31.4727],[115.0172,31.5285],[115.0904,31.5101],[115.1214,31.6007],[115.167,31.6047],[115.2253,31.549],[115.2152,31.4266],[115.256,31.3882],[115.3693,31.4066],[115.3692,31.5013],[115.4771,31.6084],[115.4717,31.6473],[115.522,31.702],[115.677,31.7816],[115.8096,31.7652],[115.9054,31.7952],[115.8906,31.8786],[115.9339,32.1642],[115.8608,32.4669],[115.8781,32.4908],[115.8393,32.5068],[115.9245,32.5697],[115.923142,32.570007],[115.8864,32.5783],[115.7826,32.4705],[115.7738,32.5002],[115.70714,32.493449],[115.696839,32.492405],[115.6879,32.4915],[115.6608,32.4112],[115.5606,32.4064],[115.4059,32.5773],[115.3,32.5551],[115.2949,32.5903],[115.1956,32.594],[115.192945,32.610673],[115.2021,32.616],[115.18613,32.653478],[115.175082,32.722861],[115.1756,32.7806],[115.2073,32.7882],[115.1945,32.8571],[114.8805,32.9776],[114.8877,33.0224],[114.9273,33.0273],[114.9108,33.0835],[114.909008,33.082722],[114.901785,33.10461],[114.916495,33.13435],[114.9723,33.1488],[114.9899,33.0997],[115.1135,33.0771],[115.2976,33.1502],[115.2886,33.2026],[115.3196,33.2119],[115.3293,33.2996],[115.3557,33.3],[115.3594,33.3418],[115.3083,33.3754],[115.3404,33.5054],[115.3933,33.5059],[115.4104,33.5568],[115.4558,33.5715],[115.6352,33.5835],[115.5585,33.776],[115.6083,33.7775],[115.6298,33.8667],[115.5408,33.8768],[115.592138,34.016766],[115.6455,34.0353],[115.643891,34.051087],[115.714164,34.075902],[115.8088,34.0662],[115.8462,34.0061],[115.8932,34.0293],[115.9069,34.0016],[115.9801,33.9924],[115.98,33.9028],[116.06,33.8483],[116.0386,33.8224],[116.0678,33.7818],[116.102931,33.757551],[116.165499,33.714365],[116.1753,33.7076],[116.388541,33.785218],[116.3888,33.7853],[116.4319,33.801],[116.4343,33.8483],[116.5531,33.882],[116.5572,33.9095],[116.638826,33.900389],[116.6441,33.8998],[116.6448,33.9749],[116.609457,34.019183],[116.57429,34.063246],[116.534552,34.134233],[116.5606,34.1747],[116.5387,34.2402],[116.5797,34.2767],[116.508,34.2966],[116.421195,34.279546],[116.361352,34.28062],[116.358236,34.287773],[116.344383,34.319581],[116.3415,34.3262],[116.2015,34.3834],[116.2132,34.4071],[116.153,34.451],[116.2014,34.5077],[116.1962,34.5607],[116.1936,34.5716],[116.1368,34.5592],[116.1004,34.598],[115.9952,34.6156],[115.9696,34.5822],[115.8232,34.5593],[115.7032,34.6007],[115.6785,34.5567],[115.529,34.5766],[115.4394,34.6629],[115.4258,34.8048],[115.3134,34.8619],[115.258762,34.848334],[115.245806,34.845117],[115.2405,34.8438],[115.2495,34.9102],[115.1833,34.9156],[115.2193,34.9542],[115.1509,34.9607],[115.1122,35.0069],[115.0251,34.9689],[114.9507,34.9954],[114.9126,34.97],[114.879,35.0228],[114.824826,35.014027],[114.8191,35.0131],[114.838425,35.02894],[114.8119,35.0712],[114.8797,35.1074],[114.8428,35.1698],[114.9246,35.1954],[114.9249,35.2487],[114.995969,35.337099],[115.000358,35.342559],[115.012076,35.357134],[115.016959,35.363208],[115.0266,35.3752],[115.0643,35.3752],[115.0832,35.4151],[115.236,35.4247],[115.3499,35.4937],[115.3401,35.5473],[115.5054,35.7249],[115.6878,35.7542],[115.731,35.8327],[115.8664,35.86307],[115.8648,35.9152],[115.9064,35.9605],[116.046174,35.979874],[116.096666,36.112287],[116.096855,36.112874],[115.9836,36.0465],[115.7919,36.0071],[115.7689,35.9747],[115.67498,35.942044],[115.571005,35.905891],[115.475844,35.872803],[115.3569,35.7817],[115.3284,35.7941],[115.329825,35.805944],[115.33207,35.8246],[115.3493,35.9678],[115.4414,36.009],[115.467989,36.157378],[115.4494,36.1759],[115.4429,36.1465],[115.3064,36.0872],[115.2449,36.1894],[115.1192,36.2104],[115.0913,36.1715],[115.0534,36.1792],[115.0027,36.0712],[114.9196,36.0557],[114.9069,36.1406],[114.7659,36.1245],[114.7286,36.1558],[114.5853,36.1212],[114.3391,36.2557],[114.2044,36.2722],[114.1647,36.2435],[114.125,36.2816],[114.0561,36.2736],[114.0182,36.3549],[113.9708,36.3542],[113.9882,36.3151],[113.9449,36.359],[113.9044,36.3144],[113.8761,36.3541],[113.8064,36.3327],[113.742827,36.356141],[113.726622,36.333415],[113.6933,36.1837],[113.6491,36.1752],[113.7067,36.1333],[113.6652,36.1212],[113.6816,36.062],[113.6529,36.04],[113.699,36.0201],[113.695,35.9907],[113.6286,35.9763],[113.6505,35.9356],[113.6304,35.861],[113.7376,35.8148]],[[113.7525,32.278405],[113.7486,32.2871],[113.757563,32.287511],[113.7595,32.2876],[113.7636,32.28],[113.756,32.2706],[113.7525,32.278405]]]},"properties":{"country_key":"china","region_key":"henan","display_name":"河南省","country_display":"China","name":"Henan","keys":["china|henan","china|河南"],"legacy_region_key":"河南","geo_key":"china|henan","parent_geo_key":"china","region_id":"admin1|china|henan"}},{"type":"Feature","geometry":{"type":"MultiPolygon","coordinates":[[[[109.5796,31.7285],[109.73,31.6967],[109.7523,31.6027],[109.734193,31.557724],[109.8445,31.5539],[109.920121,31.518166],[109.971186,31.514866],[109.9784,31.5144],[109.970241,31.504617],[109.949517,31.479772],[109.9869,31.4754],[110.0511,31.4109],[110.118294,31.396382],[110.1358,31.3926],[110.150198,31.336505],[110.167456,31.304115],[110.1587,31.3054],[110.1955,31.16],[110.1152,31.0827],[110.1322,30.9872],[110.168,30.9818],[110.0784,30.805],[110.0132,30.8337],[110.0033,30.8869],[109.8887,30.9024],[109.6559,30.7645],[109.5714,30.6518],[109.5387,30.6417],[109.5309,30.6699],[109.4572,30.6211],[109.3463,30.4896],[109.3577,30.5547],[109.308,30.5995],[109.3197,30.6223],[109.1459,30.5299],[109.0761,30.6025],[109.1101,30.6439],[109.0376,30.6579],[108.9596,30.6285],[108.809801,30.498572],[108.8043,30.4938],[108.800361,30.498614],[108.7364,30.4989],[108.6864,30.5901],[108.6563,30.591],[108.6451,30.541],[108.576,30.4828],[108.4226,30.4946],[108.419,30.3977],[108.400998,30.394919],[108.400113,30.390833],[108.5794,30.2581],[108.5153,30.0717],[108.5387,29.995],[108.5147,29.8768],[108.4277,29.8823],[108.3625,29.8227],[108.4176,29.8209],[108.4328,29.7431],[108.5018,29.7162],[108.5927,29.8637],[108.6566,29.856],[108.7061,29.682],[108.7566,29.6412],[108.7724,29.6976],[108.7772,29.6377],[108.8416,29.6616],[108.8814,29.6384],[108.8633,29.6065],[108.9103,29.5741],[108.8604,29.4741],[108.9386,29.4148],[108.9156,29.3292],[108.9823,29.3387],[109.065,29.4009],[109.1101,29.3552],[109.0995,29.2939],[109.1355,29.2736],[109.1171,29.1954],[109.223599,29.116621],[109.2738,29.1243],[109.2598,29.2268],[109.3531,29.2951],[109.333,29.3674],[109.3728,29.3782],[109.37093,29.421713],[109.4131,29.4562],[109.4277,29.5331],[109.4605,29.5188],[109.509,29.6261],[109.7086,29.6132],[109.708776,29.631285],[109.7092,29.6749],[109.7587,29.6943],[109.7477,29.7424],[109.787916,29.762689],[110.1244,29.7925],[110.369,29.6364],[110.4434,29.6704],[110.4625,29.7157],[110.5185,29.695],[110.6273,29.7599],[110.6189,29.8218],[110.5453,29.8489],[110.5015,29.9215],[110.537768,29.990763],[110.5436,30.0019],[110.519102,30.010483],[110.495873,30.035024],[110.505292,30.044487],[110.644,30.08],[110.7343,30.0431],[110.7397,30.113],[110.794518,30.121293],[110.895765,30.116349],[110.912134,30.112714],[110.9293,30.0648],[111.1675,30.0441],[111.201289,30.045385],[111.2403,30.0426],[111.251,30.037],[111.393753,29.918263],[111.5112,29.9309],[111.5458,29.8981],[111.6767,29.8872],[111.770075,29.913177],[111.7813,29.9163],[111.827536,29.890459],[111.952964,29.820359],[112.0513,29.7654],[112.052425,29.754385],[112.0595,29.6851],[112.1937,29.632],[112.2358,29.6546],[112.2289,29.6173],[112.2896,29.5978],[112.28961,29.591635],[112.289673,29.552086],[112.289736,29.513052],[112.3135,29.542],[112.3642,29.5444],[112.434,29.6361],[112.673,29.5933],[112.7114,29.6574],[112.7916,29.7003],[112.7907,29.7342],[112.8865,29.7921],[112.9261,29.7618],[112.9309,29.6775],[113.0256,29.7637],[112.9893,29.6857],[112.9102,29.6229],[112.9386,29.4843],[112.9636,29.4717],[113.0541,29.5247],[113.093753,29.440093],[113.109725,29.444678],[113.148407,29.460373],[113.3431,29.6786],[113.5656,29.8504],[113.576,29.8381],[113.5321,29.701],[113.5512,29.6768],[113.659,29.6865],[113.6668,29.6441],[113.7357,29.5933],[113.636605,29.51877],[113.646443,29.512913],[113.6832,29.5123],[113.7496,29.4515],[113.7266,29.3987],[113.6585,29.3819],[113.607088,29.267762],[113.6871,29.2292],[113.6557,29.1633],[113.6794,29.0853],[113.7168,29.1089],[113.7405,29.0591],[113.8131,29.1076],[113.8903,29.0329],[113.9395,29.0476],[113.9481,29.1004],[114.0858,29.2149],[114.2495,29.2387],[114.26825,29.35294],[114.2689,29.3569],[114.3042,29.3682],[114.3476,29.3235],[114.5089,29.3259],[114.6544,29.3937],[114.7323,29.3948],[114.7531,29.3651],[114.90001,29.412299],[114.926725,29.444799],[114.933229,29.478468],[114.929977,29.48201],[114.8872,29.4413],[114.88235,29.447438],[114.8781,29.4428],[114.8567,29.4799],[114.8907,29.5305],[114.937,29.502509],[114.9668,29.5237],[114.9428,29.5458],[114.943753,29.546326],[114.965591,29.558381],[114.9928,29.5734],[115.0818,29.5627],[115.0942,29.5229],[115.149852,29.512006],[115.153814,29.526186],[115.1481,29.578],[115.1724,29.5927],[115.1292,29.5923],[115.1103,29.6849],[115.2595,29.6599],[115.2829,29.6222],[115.4091,29.681],[115.506,29.8423],[115.6749,29.8508],[115.895038,29.737462],[115.943028,29.728323],[116.057184,29.783274],[116.1329,29.8267],[116.1245,29.8991],[116.0708,29.9738],[116.0839,30.1289],[116.063244,30.14877],[116.0605,30.2123],[115.9848,30.2896],[115.979151,30.290885],[115.9057,30.3076],[115.8792,30.3826],[115.9395,30.4297],[115.889,30.4543],[115.9086,30.5199],[115.844591,30.591207],[115.756,30.6899],[115.778546,30.750554],[115.863,30.7753],[115.8414,30.8328],[115.8643,30.8714],[116.0687,30.9578],[116.0523,31.0156],[116.043074,31.018066],[116.033505,31.020623],[115.9348,31.047],[115.873709,31.142265],[115.8683,31.1507],[115.7718,31.1056],[115.7081,31.2013],[115.6562,31.2197],[115.5793,31.1447],[115.5151,31.266],[115.452,31.2829],[115.4376,31.3475],[115.3724,31.35],[115.3872,31.3934],[115.371233,31.405175],[115.3693,31.4066],[115.256,31.3882],[115.2152,31.4266],[115.2253,31.549],[115.167,31.6047],[115.1214,31.6007],[115.0904,31.5101],[115.0172,31.5285],[114.9934,31.4727],[114.9695,31.502],[114.8309,31.4595],[114.63385,31.581537],[114.5616,31.5581],[114.559752,31.567931],[114.556542,31.585005],[114.545,31.6464],[114.568493,31.679483],[114.5795,31.7665],[114.5324,31.742],[114.5129,31.7699],[114.4461,31.7307],[114.2974,31.7563],[114.1634,31.8556],[114.109706,31.80597],[114.10882,31.805151],[114.0828,31.7811],[113.984,31.7512],[113.9482,31.7924],[113.950747,31.831069],[113.935129,31.868581],[113.921738,31.875771],[113.8683,31.8426],[113.8341,31.8548],[113.8084,31.9675],[113.7503,31.9959],[113.7862,32.0364],[113.7189,32.0885],[113.7194,32.1275],[113.744848,32.132887],[113.7773,32.1884],[113.736626,32.249862],[113.7323,32.2564],[113.756214,32.3338],[113.736005,32.389593],[113.709033,32.419067],[113.6452,32.4149],[113.6193,32.3663],[113.5471,32.3325],[113.5579,32.3027],[113.5289,32.3324],[113.4217,32.2713],[113.3118,32.324],[113.324,32.3461],[113.2065,32.4342],[113.152,32.4136],[113.1502,32.3819],[113.108553,32.371224],[113.1136,32.3772],[113.025,32.4278],[112.9845,32.3707],[112.8593,32.3961],[112.7445,32.3461],[112.5407,32.4125],[112.438,32.3462],[112.3627,32.3708],[112.3181,32.3286],[112.1631,32.4118],[112.1493,32.3792],[112.0775,32.4213],[112.0578,32.4761],[112.0062,32.4524],[111.9466,32.5182],[111.8725,32.510196],[111.8642,32.5093],[111.7096,32.6086],[111.6392,32.6033],[111.6159,32.6297],[111.560735,32.599359],[111.5559,32.5967],[111.4663,32.7184],[111.4261,32.7282],[111.4683,32.7608],[111.4089,32.7563],[111.3817,32.8168],[111.2843,32.8566],[111.2898,32.8931],[111.2389,32.8843],[111.2698,32.9874],[111.2411,33.0325],[111.1534,33.0385],[111.1935,33.0777],[111.1745,33.1162],[111.0782,33.1856],[111.0317,33.1583],[111.0553,33.1948],[110.9955,33.2389],[110.9882,33.254],[110.9187,33.2103],[110.8318,33.207],[110.8166,33.1553],[110.734,33.1421],[110.7053,33.096],[110.6507,33.1515],[110.5892,33.1569],[110.5818,33.2368],[110.561431,33.244251],[110.5274,33.2567],[110.4672,33.175],[110.2259,33.1601],[110.1577,33.2127],[109.9776,33.2009],[109.8648,33.2503],[109.7075,33.2347],[109.62,33.2729],[109.6059,33.2331],[109.5265,33.2389],[109.513677,33.227711],[109.458986,33.179989],[109.4488,33.1711],[109.449629,33.169233],[109.434487,33.151829],[109.4374,33.1525],[109.459713,33.146508],[109.463,33.1391],[109.501123,33.135387],[109.6817,33.1178],[109.7966,33.0685],[109.7608,32.9107],[109.7842,32.8849],[109.8648,32.9149],[110.078648,32.839791],[110.111097,32.822984],[110.129776,32.799575],[110.1584,32.7637],[110.149,32.6804],[110.2012,32.6377],[110.1482,32.5915],[110.0866,32.6214],[110.0895,32.5871],[110.0294,32.545],[109.9222,32.5925],[109.6212,32.5993],[109.6347,32.5403],[109.5801,32.5157],[109.4976,32.3939],[109.5127,32.3354],[109.4876,32.2955],[109.6036,32.2047],[109.5878,32.1351],[109.6181,32.1002],[109.5814,32.0305],[109.6248,31.946],[109.5787,31.8961],[109.6344,31.8077],[109.597,31.7989],[109.5796,31.7285]],[[112.9336,29.7833],[112.9287,29.7722],[112.8915,29.7972],[112.8957,29.8052],[112.9097,29.8034],[112.9222,29.7969],[112.9336,29.7833]]],[[[113.1274,29.4322],[113.1091,29.4384],[113.1085,29.4301],[113.1164,29.4235],[113.1274,29.4322]]],[[[113.7525,32.278405],[113.756,32.2706],[113.7636,32.28],[113.7595,32.2876],[113.757563,32.287511],[113.7486,32.2871],[113.7525,32.278405]]]]},"properties":{"country_key":"china","region_key":"hubei","display_name":"湖北省","country_display":"China","name":"Hubei","keys":["china|hubei","china|湖北"],"legacy_region_key":"湖北","geo_key":"china|hubei","parent_geo_key":"china","region_id":"admin1|china|hubei"}},{"type":"Feature","geometry":{"type":"MultiPolygon","coordinates":[[[[110.6273,29.7599],[110.5185,29.695],[110.4625,29.7157],[110.4434,29.6704],[110.369,29.6364],[110.1244,29.7925],[109.787916,29.762689],[109.7477,29.7424],[109.7587,29.6943],[109.7092,29.6749],[109.708776,29.631285],[109.7086,29.6132],[109.509,29.6261],[109.4605,29.5188],[109.4277,29.5331],[109.4131,29.4562],[109.37093,29.421713],[109.3728,29.3782],[109.333,29.3674],[109.3531,29.2951],[109.2598,29.2268],[109.2738,29.1243],[109.223599,29.116621],[109.3165,29.0479],[109.2305,28.8829],[109.2355,28.7816],[109.282919,28.729702],[109.2895,28.7225],[109.2497,28.6972],[109.2666,28.673],[109.1764,28.6215],[109.2832,28.6307],[109.288704,28.623737],[109.3164,28.5887],[109.2692,28.5414],[109.2698,28.4979],[109.2616,28.4848],[109.263115,28.444647],[109.2681,28.3125],[109.3014,28.2768],[109.3305,28.2968],[109.3928,28.2712],[109.35062,28.221759],[109.322043,28.141844],[109.301741,28.068598],[109.303143,28.053914],[109.317784,28.050538],[109.3401,28.065],[109.3739,28.0376],[109.296,27.9591],[109.3441,27.8453],[109.331,27.7777],[109.401488,27.73024],[109.425326,27.71419],[109.453081,27.692367],[109.466094,27.656042],[109.4583,27.57],[109.2923,27.4801],[109.2895,27.4244],[109.2062,27.4601],[109.1596,27.4191],[109.1365,27.4511],[109.1039,27.4222],[109.1388,27.4242],[109.1001,27.3403],[109.0446,27.3299],[109.0394,27.281],[108.9021,27.2128],[108.9233,27.1673],[108.8838,27.126],[108.8817,27.1127],[108.7897,27.0908],[108.8696,27.0328],[108.867864,27.017665],[108.878666,27.007558],[108.949,27.0228],[108.9364,27.0505],[109.0218,27.1079],[109.1066,27.1266],[109.109125,27.12547],[109.118495,27.121277],[109.1285,27.1168],[109.0961,27.0743],[109.1587,27.0683],[109.2379,27.1525],[109.2596,27.1301],[109.3743,27.1588],[109.4683,27.1365],[109.454,27.0856],[109.5154,27.0624],[109.5231,26.9812],[109.5554,26.9578],[109.4341,26.8913],[109.4337,26.8643],[109.4791,26.9016],[109.5095,26.8839],[109.4922,26.8161],[109.5182,26.7526],[109.4608,26.7708],[109.4147,26.7273],[109.2838,26.697],[109.3739,26.6325],[109.4069,26.5438],[109.2683,26.336],[109.3366,26.2667],[109.4637,26.3164],[109.4319,26.2477],[109.5097,26.1324],[109.501,26.1012],[109.4463,26.104],[109.46555,26.045239],[109.471623,26.026704],[109.4787,26.0339],[109.5327,25.9981],[109.59763,26.037099],[109.636067,26.045204],[109.646932,26.0313],[109.6559,26.019823],[109.6592,26.0156],[109.674645,26.013132],[109.715698,25.998477],[109.6745,25.9257],[109.681102,25.905711],[109.685592,25.892117],[109.689,25.8818],[109.742324,25.883016],[109.8118,25.8846],[109.7861,26.0178],[109.8117,26.0483],[109.84372,26.040438],[109.87339,26.052095],[109.9083,26.1558],[109.944492,26.186831],[109.9637,26.2033],[110.0933,26.1717],[110.0644,26.0448],[110.1538,26.0208],[110.1852,26.0705],[110.2325,26.0384],[110.2453,25.974],[110.3025,25.9703],[110.3727,26.101],[110.4761,26.1858],[110.4935,26.1699],[110.5474,26.2345],[110.5432,26.2795],[110.6096,26.3367],[110.7079,26.2988],[110.7434,26.3196],[110.7589,26.2507],[110.9009,26.2795],[110.9243,26.259],[110.9404,26.377],[111.007318,26.371944],[110.9964,26.3472],[111.1001,26.3062],[111.2004,26.3092],[111.2075,26.2724],[111.2853,26.2572],[111.2596,26.0647],[111.1912,25.9737],[111.231259,25.896913],[111.2878,25.8591],[111.3358,25.911],[111.4881,25.8712],[111.4197,25.8318],[111.4347,25.7729],[111.3037,25.7241],[111.3377,25.6094],[111.2957,25.452],[111.0966,25.2832],[111.1074,25.2192],[110.9942,25.1663],[110.9459,25.0456],[110.9866,24.9285],[111.0805,24.9455],[111.081442,24.944252],[111.09239,24.948226],[111.0959,24.9495],[111.1027,25.0412],[111.1932,25.0726],[111.2619,25.149],[111.332,25.1028],[111.392338,25.126],[111.400343,25.12106],[111.4132,25.0431],[111.4676,25.018],[111.4286,24.9704],[111.4615,24.9355],[111.4502,24.8521],[111.4815,24.8038],[111.4252,24.69],[111.5239,24.6398],[111.5663,24.6476],[111.5895,24.7009],[111.6337,24.6897],[111.7015,24.7925],[111.7791,24.7987],[111.8728,24.7581],[111.9556,24.7764],[112.0173,24.743],[112.0898,24.8259],[112.133853,24.839822],[112.1553,24.8466],[112.157523,24.859488],[112.1696,24.9295],[112.1148,24.97],[112.188017,25.185345],[112.2952,25.1597],[112.3568,25.1957],[112.398,25.1422],[112.4428,25.1864],[112.4983,25.1391],[112.6561,25.1357],[112.7068,25.086],[112.788,24.8937],[112.995301,24.949486],[113.0065,24.9525],[112.9737,25.0366],[113.0106,25.0846],[112.9602,25.1455],[113.0289,25.2],[112.9876,25.2502],[112.8679,25.2501],[112.8466,25.3351],[112.8911,25.3391],[112.9173,25.2992],[112.992926,25.353162],[113.0161,25.3478],[113.0873,25.4205],[113.1274,25.4179],[113.1123,25.45],[113.1442,25.4947],[113.174,25.4716],[113.2364,25.5188],[113.2912,25.5115],[113.307,25.4466],[113.4389,25.3626],[113.5382,25.3705],[113.5729,25.3189],[113.581,25.321215],[113.7377,25.366],[113.7574,25.3323],[113.8167,25.3334],[113.862,25.3729],[113.862724,25.375341],[113.882,25.4403],[113.9394,25.4446],[113.942117,25.451473],[113.9346,25.4528],[113.9881,25.5678],[113.9081,25.7032],[113.915526,25.715778],[114.0224,25.8968],[114.016,25.9755],[114.0027,26.0167],[114.04,26.0808],[114.098888,26.079714],[114.1026,26.1038],[114.212871,26.149327],[114.221237,26.170358],[114.215467,26.192334],[114.1723,26.2169],[114.082,26.1706],[114.0286,26.1918],[113.949691,26.171249],[113.9376,26.1681],[113.946009,26.177965],[114.0242,26.2697],[114.0262,26.3786],[114.0833,26.4135],[114.094,26.4818],[114.0666,26.4889],[114.1025,26.579],[113.9022,26.6173],[113.8609,26.6563],[113.83,26.8002],[113.91593,26.957923],[113.897177,26.978125],[113.803552,27.078979],[113.786927,27.096887],[113.773579,27.111266],[113.8634,27.286],[113.8673,27.3703],[113.6693,27.3301],[113.613018,27.355798],[113.607223,27.385498],[113.6208,27.4187],[113.600182,27.421588],[113.5906,27.4707],[113.6229,27.5223],[113.5755,27.5478],[113.6019,27.639],[113.7595,27.8056],[113.7245,27.875],[113.7236,27.8888],[113.71443,27.889522],[113.734972,27.906849],[113.817745,27.976671],[113.8569,28.0097],[113.8978,27.9913],[113.905046,27.997396],[113.913325,28.004361],[113.9125,28.0048],[113.914891,28.005679],[113.999942,28.036953],[114.0221,28.0451],[113.9873,28.1616],[114.0766,28.1822],[114.120182,28.219484],[114.213642,28.299438],[114.245669,28.326837],[114.2486,28.398],[114.189362,28.450184],[114.1873,28.452],[114.2133,28.487],[114.091351,28.574349],[114.091,28.5746],[114.129757,28.698507],[114.142643,28.790056],[114.1326,28.7836],[114.1488,28.8338],[114.0729,28.8353],[114.0628,28.8945],[113.9969,28.9242],[114.0034,28.9574],[113.963647,28.957154],[113.955,28.9571],[113.953094,28.996681],[113.9395,29.0476],[113.8903,29.0329],[113.8131,29.1076],[113.7405,29.0591],[113.7168,29.1089],[113.6794,29.0853],[113.6557,29.1633],[113.6871,29.2292],[113.607088,29.267762],[113.6585,29.3819],[113.7266,29.3987],[113.7496,29.4515],[113.6832,29.5123],[113.646443,29.512913],[113.636605,29.51877],[113.7357,29.5933],[113.6668,29.6441],[113.659,29.6865],[113.5512,29.6768],[113.5321,29.701],[113.576,29.8381],[113.5656,29.8504],[113.3431,29.6786],[113.148407,29.460373],[113.109725,29.444678],[113.093753,29.440093],[113.0541,29.5247],[112.9636,29.4717],[112.9386,29.4843],[112.9102,29.6229],[112.9893,29.6857],[113.0256,29.7637],[112.9309,29.6775],[112.9261,29.7618],[112.8865,29.7921],[112.7907,29.7342],[112.7916,29.7003],[112.7114,29.6574],[112.673,29.5933],[112.434,29.6361],[112.3642,29.5444],[112.3135,29.542],[112.289736,29.513052],[112.289673,29.552086],[112.28961,29.591635],[112.2896,29.5978],[112.2289,29.6173],[112.2358,29.6546],[112.1937,29.632],[112.0595,29.6851],[112.052425,29.754385],[112.0513,29.7654],[111.952964,29.820359],[111.827536,29.890459],[111.7813,29.9163],[111.770075,29.913177],[111.6767,29.8872],[111.5458,29.8981],[111.5112,29.9309],[111.393753,29.918263],[111.251,30.037],[111.2403,30.0426],[111.201289,30.045385],[111.1675,30.0441],[110.9293,30.0648],[110.912134,30.112714],[110.895765,30.116349],[110.794518,30.121293],[110.7397,30.113],[110.7343,30.0431],[110.644,30.08],[110.505292,30.044487],[110.495873,30.035024],[110.519102,30.010483],[110.5436,30.0019],[110.537768,29.990763],[110.5015,29.9215],[110.5453,29.8489],[110.6189,29.8218],[110.6273,29.7599]],[[109.5333,26.7452],[109.5754,26.7728],[109.5933,26.7631],[109.5426,26.7212],[109.5333,26.7452]],[[113.1274,29.4322],[113.1164,29.4235],[113.1085,29.4301],[113.1091,29.4384],[113.1274,29.4322]]],[[[112.9336,29.7833],[112.9222,29.7969],[112.9097,29.8034],[112.8957,29.8052],[112.8915,29.7972],[112.9287,29.7722],[112.9336,29.7833]]]]},"properties":{"country_key":"china","region_key":"hunan","display_name":"湖南省","country_display":"China","name":"Hunan","keys":["china|hunan","china|湖南"],"legacy_region_key":"湖南","geo_key":"china|hunan","parent_geo_key":"china","region_id":"admin1|china|hunan"}},{"type":"Feature","geometry":{"type":"MultiPolygon","coordinates":[[[[109.757133,21.589696],[109.7926,21.5314],[109.7927,21.4704],[109.9142,21.4715],[109.9301,21.4252],[109.9013,21.3851],[109.9167,21.3583],[109.7575,21.3471],[109.7748,21.235],[109.676,21.1222],[109.7105,21.0593],[109.6649,20.934],[109.6826,20.8547],[109.7597,20.806],[109.7694,20.7092],[109.78762,20.696176],[109.7375,20.6634],[109.8179,20.5978],[109.8256,20.5082],[109.9014,20.4908],[109.926,20.4407],[109.94,20.4863],[109.9444,20.4398],[109.9623,20.4663],[110.0124,20.4199],[109.9769,20.3642],[109.9717,20.4028],[109.9081,20.4302],[109.8737,20.3994],[109.9241,20.3424],[109.9193,20.2233],[109.9883,20.2902],[110.014,20.2688],[110.0622,20.2905],[110.1235,20.237],[110.2349,20.2768],[110.3091,20.2601],[110.4376,20.3293],[110.5183,20.4279],[110.5319,20.4778],[110.4884,20.5606],[110.443468,20.582313],[110.4861,20.5873],[110.4619,20.6748],[110.4061,20.6492],[110.2996,20.6778],[110.3333,20.6994],[110.3368,20.7558],[110.3618,20.7097],[110.3858,20.7168],[110.385,20.8197],[110.1986,20.8452],[110.1631,20.9209],[110.1978,21.1084],[110.2287,21.0372],[110.2478,21.0869],[110.4039,21.1459],[110.4239,21.2256],[110.3892,21.2669],[110.4137,21.2903],[110.3859,21.3839],[110.4217,21.367],[110.4265,21.2996],[110.4459,21.3096],[110.4273,21.1976],[110.4502,21.1909],[110.4892,21.2211],[110.63,21.227],[110.7436,21.3843],[110.889,21.3877],[110.9659,21.4225],[111.0845,21.4676],[110.9974,21.4899],[111.0295,21.5259],[111.0796,21.511],[111.1013,21.4609],[111.2324,21.48],[111.2062,21.5144],[111.2723,21.4989],[111.2941,21.4806],[111.2575,21.4344],[111.2782,21.4228],[111.4001,21.5334],[111.4494,21.5318],[111.443802,21.541247],[111.4746,21.5027],[111.6181,21.5412],[111.6448,21.5194],[111.6969,21.6002],[111.7818,21.6189],[111.7586,21.6436],[111.7881,21.7103],[111.7081,21.7575],[111.7598,21.7764],[111.8331,21.7416],[111.8109,21.7125],[111.8306,21.6738],[112.0533,21.7746],[112.0324,21.7908],[112.1538,21.8068],[112.1955,21.7926],[112.198,21.7453],[112.2513,21.7039],[112.3031,21.708],[112.4015,21.7357],[112.4153,21.7744],[112.3739,22.0122],[112.4083,21.905],[112.462,21.9537],[112.4923,21.9435],[112.4182,21.9089],[112.4292,21.8183],[112.5649,21.7547],[112.6453,21.7873],[112.6625,21.8394],[112.7817,21.9424],[112.8578,21.9348],[112.846,21.9122],[112.9073,21.8524],[112.9829,21.8922],[113.0293,21.9502],[113.0153,22.1177],[113.0833,22.1463],[113.0871,22.2266],[113.1001,22.2056],[113.164689,22.251383],[113.1602,22.2378],[113.1053,22.2028],[113.1058,22.0705],[113.1765,21.9634],[113.2328,21.9458],[113.2379,21.8893],[113.2617,21.8747],[113.2842,21.9182],[113.2394,22.024],[113.271,22.0618],[113.2921,22.0107],[113.362,21.9889],[113.3981,22.0106],[113.4151,22.0684],[113.3629,22.1474],[113.4323,22.1693],[113.4931,22.0609],[113.5514,22.0765],[113.522,22.1734],[113.536677,22.187564],[113.5535,22.2155],[113.560443,22.210501],[113.585,22.2342],[113.5749,22.3034],[113.6242,22.3731],[113.5647,22.3911],[113.5624,22.4156],[113.541782,22.414299],[113.5801,22.4272],[113.5709,22.5646],[113.5927,22.5013],[113.6255,22.5054],[113.6147,22.5683],[113.5758,22.5978],[113.5826,22.6006],[113.4447,22.7395],[113.6344,22.5628],[113.6442,22.6397],[113.5502,22.742],[113.6445,22.7604],[113.592755,22.824387],[113.667,22.7453],[113.7487,22.7343],[113.775394,22.760244],[113.7568,22.7373],[113.754,22.6902],[113.8579,22.525],[113.8836,22.5431],[113.8629,22.4988],[113.8869,22.4464],[113.95,22.5218],[114.0566,22.5043],[114.1604,22.5615],[114.2267,22.5437],[114.3884,22.6148],[114.4866,22.5355],[114.5029,22.4505],[114.6213,22.5097],[114.5436,22.5714],[114.4985,22.5575],[114.5921,22.657],[114.4272,22.6636],[114.5086,22.666],[114.5385,22.7134],[114.5756,22.6925],[114.5598,22.7273],[114.689,22.7923],[114.7685,22.7884],[114.795,22.8278],[114.8253,22.7939],[114.7432,22.7434],[114.7352,22.6082],[114.8749,22.5969],[114.9043,22.5516],[114.9054,22.6095],[114.9685,22.6787],[114.8675,22.7587],[114.9362,22.7515],[114.943612,22.732604],[114.9364,22.7352],[114.9278,22.7278],[114.9292,22.7208],[114.9455,22.7113],[114.948,22.721418],[114.9575,22.6972],[115.0198,22.7061],[115.0459,22.7892],[115.1406,22.8134],[115.1793,22.7784],[115.1743,22.822],[115.2563,22.8227],[115.3091,22.871],[115.2431,22.7873],[115.3206,22.7922],[115.3601,22.7632],[115.4137,22.7879],[115.4047,22.749],[115.3481,22.7561],[115.3515,22.712],[115.5579,22.6688],[115.5984,22.7547],[115.5585,22.7543],[115.5482,22.717],[115.5258,22.7728],[115.6087,22.8656],[115.6845,22.8776],[115.7707,22.8397],[115.8195,22.7431],[115.8762,22.7962],[116.0386,22.8486],[116.0945,22.8198],[116.197,22.8968],[116.2203,22.9194],[116.158369,22.904972],[116.1759,22.9267],[116.3121,22.9623],[116.3808,22.9289],[116.4844,22.9365],[116.558,23.0052],[116.5365,23.1039],[116.6037,23.1961],[116.649,23.1662],[116.7267,23.2655],[116.7906,23.2119],[116.7567,23.3062],[116.8169,23.3747],[116.805,23.3958],[116.8571,23.4238],[116.8903,23.5556],[116.9129,23.5526],[116.895,23.6195],[116.9373,23.5227],[116.9895,23.5085],[117.0179,23.5634],[116.9599,23.5657],[116.9878,23.6303],[117.0742,23.62],[117.0881,23.5513],[117.1619,23.6092],[117.1887,23.6199],[117.0858,23.6669],[117.0454,23.7027],[117.0286,23.828],[116.9602,23.8616],[116.977,23.9981],[116.9231,24.1073],[116.9933,24.185],[116.9287,24.2254],[116.9348,24.2872],[116.9094,24.2892],[116.8902,24.3675],[116.8996,24.3737],[116.897267,24.376033],[116.8418,24.4315],[116.8394,24.4884],[116.7522,24.5503],[116.8105,24.6576],[116.7971,24.6805],[116.5911,24.6568],[116.525,24.6077],[116.4825,24.7212],[116.4398,24.7187],[116.37,24.8085],[116.4142,24.8434],[116.3915,24.8806],[116.2471,24.7962],[116.187,24.8814],[116.0882,24.8407],[115.9758,24.9185],[115.875659,24.93711],[115.876284,24.93365],[115.885459,24.882848],[115.8874,24.8721],[115.875945,24.878131],[115.860037,24.886508],[115.8158,24.9098],[115.7518,24.7374],[115.7964,24.7087],[115.7614,24.6672],[115.8351,24.5676],[115.701106,24.552865],[115.6796,24.5505],[115.6677,24.6077],[115.5734,24.6162],[115.5554,24.6457],[115.5211,24.7199],[115.4031,24.7976],[115.3555,24.7375],[115.2757,24.7574],[115.1001,24.6701],[115.0687,24.7071],[114.9364,24.6524],[114.908,24.6683],[114.8622,24.5654],[114.8442,24.6062],[114.7451,24.6206],[114.7012,24.5309],[114.6594,24.5867],[114.586,24.5393],[114.524,24.562],[114.424,24.4877],[114.3586,24.5882],[114.3035,24.5764],[114.2531,24.6464],[114.1707,24.6484],[114.1639,24.694],[114.2743,24.7077],[114.3281,24.7495],[114.364189,24.841938],[114.39441,24.919344],[114.411237,24.962444],[114.4161,24.9749],[114.509,25.0081],[114.5567,25.0818],[114.638,25.0739],[114.7254,25.1186],[114.7311,25.154],[114.6744,25.1981],[114.736077,25.256734],[114.737608,25.268465],[114.7103,25.3185],[114.6326,25.3269],[114.5335,25.4218],[114.4761,25.3734],[114.4427,25.3894],[114.3755,25.3187],[114.3104,25.3422],[114.2589,25.2941],[114.1345,25.3148],[114.029059,25.261029],[114.0241,25.2585],[114.024871,25.266055],[114.028174,25.298438],[114.031087,25.327003],[114.0379,25.3938],[113.9801,25.4065],[114.0026,25.4408],[113.947585,25.450509],[113.942117,25.451473],[113.9394,25.4446],[113.882,25.4403],[113.862724,25.375341],[113.862,25.3729],[113.8167,25.3334],[113.7574,25.3323],[113.7377,25.366],[113.581,25.321215],[113.5729,25.3189],[113.5382,25.3705],[113.4389,25.3626],[113.307,25.4466],[113.2912,25.5115],[113.2364,25.5188],[113.174,25.4716],[113.1442,25.4947],[113.1123,25.45],[113.1274,25.4179],[113.0873,25.4205],[113.0161,25.3478],[112.992926,25.353162],[112.9173,25.2992],[112.8911,25.3391],[112.8466,25.3351],[112.8679,25.2501],[112.9876,25.2502],[113.0289,25.2],[112.9602,25.1455],[113.0106,25.0846],[112.9737,25.0366],[113.0065,24.9525],[112.995301,24.949486],[112.788,24.8937],[112.7068,25.086],[112.6561,25.1357],[112.4983,25.1391],[112.4428,25.1864],[112.398,25.1422],[112.3568,25.1957],[112.2952,25.1597],[112.188017,25.185345],[112.1148,24.97],[112.1696,24.9295],[112.157523,24.859488],[112.1553,24.8466],[112.133853,24.839822],[112.0898,24.8259],[112.0173,24.743],[112.0048,24.7326],[111.9549,24.7232],[111.9228,24.6343],[112.0009,24.5389],[111.9809,24.4673],[112.054893,24.371216],[112.054679,24.364829],[112.033277,24.318359],[112.002956,24.284187],[111.965972,24.258243],[111.937796,24.238478],[111.8744,24.2324],[111.8763,24.1022],[111.9363,23.9852],[111.8172,23.914],[111.8038,23.8123],[111.6499,23.8364],[111.6123,23.7363],[111.6602,23.7027],[111.6107,23.6418],[111.4818,23.6292],[111.460385,23.526751],[111.435247,23.487295],[111.412709,23.469843],[111.3944,23.4718],[111.389008,23.45149],[111.371164,23.384278],[111.3567,23.3298],[111.357514,23.329368],[111.370103,23.322684],[111.3439,23.2746],[111.3937,23.1618],[111.3663,23.149],[111.3685,23.0925],[111.4288,23.0391],[111.3583,22.9705],[111.3543,22.8926],[111.2143,22.7511],[111.059057,22.730585],[111.065535,22.722091],[111.105125,22.700758],[111.0505,22.6507],[110.9369,22.6111],[110.903105,22.619375],[110.8924,22.6171],[110.8834,22.5878],[110.825359,22.589919],[110.7656,22.5921],[110.763054,22.580348],[110.7391,22.4698],[110.6782,22.477],[110.715525,22.363432],[110.7842,22.2958],[110.7165,22.2983],[110.6494,22.2427],[110.6713,22.1923],[110.66893,22.190228],[110.6251,22.1519],[110.549081,22.193931],[110.535156,22.182925],[110.5068,22.1483],[110.498506,22.153957],[110.4137,22.2118],[110.380801,22.178045],[110.3714,22.1684],[110.3439,22.1987],[110.352198,22.134781],[110.357748,22.092035],[110.373746,21.968803],[110.3836,21.8929],[110.088511,21.885351],[110.0005,21.8831],[109.993191,21.878896],[109.97008,21.865604],[109.942181,21.829335],[109.9116,21.6718],[109.897645,21.666618],[109.822978,21.638892],[109.8028,21.6314],[109.800453,21.634601],[109.7704,21.6756],[109.761018,21.658837],[109.739,21.6195],[109.757133,21.589696]]],[[[110.4073,21.095],[110.3147,21.0686],[110.316,21.0265],[110.2544,20.9588],[110.4565,20.9983],[110.5232,20.9254],[110.5503,21.0621],[110.4275,21.0786],[110.4316,21.0529],[110.4229,21.0827],[110.4073,21.095]]],[[[116.7652,20.7742],[116.7646,20.7464],[116.8766,20.7362],[116.8856,20.6857],[116.8445,20.6309],[116.7452,20.6034],[116.8586,20.5915],[116.9275,20.6688],[116.9214,20.7294],[116.8818,20.7782],[116.8157,20.783],[116.7652,20.7742]]],[[[112.8495,21.773],[112.7751,21.7617],[112.768,21.7241],[112.7049,21.7021],[112.7835,21.6674],[112.7274,21.6157],[112.771,21.5689],[112.8103,21.5911],[112.7884,21.6229],[112.8057,21.708],[112.8679,21.77],[112.8495,21.773]]],[[[117.1255,23.4805],[117.0506,23.4716],[117.0238,23.4371],[116.9803,23.4633],[116.9417,23.425],[117.121,23.3924],[117.1278,23.4714],[117.1255,23.4805]]],[[[110.507,21.2024],[110.4307,21.1702],[110.5114,21.1479],[110.545,21.0908],[110.6202,21.2096],[110.5152,21.1834],[110.507,21.2024]]],[[[111.9307,21.6583],[111.8391,21.6512],[111.8529,21.6112],[111.8076,21.5571],[112.0192,21.6368],[111.9389,21.6446],[111.9307,21.6583]]],[[[116.0393,21.1126],[115.9606,21.1262],[115.9398,21.0853],[116.0355,21.0229],[116.0627,21.0428],[116.053,21.0899],[116.0393,21.1126]]],[[[112.6534,21.7088],[112.5874,21.6942],[112.5272,21.5975],[112.6515,21.6346],[112.6343,21.6775],[112.6646,21.6991],[112.6534,21.7088]]],[[[113.6369,22.7183],[113.5825,22.7217],[113.6895,22.5805],[113.6459,22.7102],[113.6369,22.7183]]],[[[110.5916,20.9491],[110.5492,20.9031],[110.5617,20.8711],[110.616,20.8875],[110.6372,20.931],[110.609,20.9408],[110.5916,20.9491]]],[[[115.9821,20.9228],[115.9827,20.9692],[115.9272,20.9957],[115.9655,20.9221],[115.9821,20.9228]]],[[[113.6525,22.4377],[113.613,22.4261],[113.6132,22.3929],[113.6593,22.4173],[113.6525,22.4377]]],[[[113.1657,21.8749],[113.1322,21.8715],[113.1364,21.837],[113.1972,21.8658],[113.1669,21.8676],[113.1657,21.8749]]],[[[114.3158,22.0663],[114.224,22.031],[114.3024,22.0442],[114.3158,22.0663]]],[[[110.2453,20.9644],[110.2088,20.9827],[110.2038,20.9444],[110.2453,20.9644]]],[[[113.7726,21.9947],[113.7382,21.9942],[113.754,21.9675],[113.7607,21.9654],[113.7731,21.98],[113.7726,21.9947]]],[[[114.1831,22.0124],[114.1754,22.0026],[114.1778,21.9929],[114.2101,21.9963],[114.218,22.0076],[114.2116,22.0114],[114.1831,22.0124]]],[[[110.5902,20.3785],[110.5739,20.3716],[110.567,20.3545],[110.5537,20.3334],[110.563,20.3334],[110.5923,20.3719],[110.5902,20.3785]]],[[[113.717,22.0292],[113.708,22.0325],[113.6957,22.0304],[113.7011,22.0106],[113.7118,22.0107],[113.7242,22.0191],[113.717,22.0292]]],[[[114.6331,22.4728],[114.6217,22.472],[114.6213,22.4559],[114.6472,22.4573],[114.6496,22.4699],[114.6331,22.4728]]],[[[114.0414,22.1124],[114.0323,22.1104],[114.0233,22.1001],[114.0298,22.0943],[114.0489,22.091],[114.048,22.1047],[114.0414,22.1124]]],[[[113.7011,21.9488],[113.7018,21.9598],[113.686,21.9641],[113.6776,21.9518],[113.6789,21.9416],[113.7011,21.9488]]],[[[112.8882,21.6147],[112.8766,21.6169],[112.8654,21.6131],[112.8737,21.6025],[112.8865,21.5991],[112.8996,21.6074],[112.8882,21.6147]]],[[[113.8325,22.1333],[113.8311,22.1427],[113.8183,22.1471],[113.8133,22.1361],[113.816,22.124],[113.8235,22.121],[113.8325,22.1333]]],[[[113.8018,22.4206],[113.7866,22.4211],[113.8059,22.4023],[113.8177,22.4087],[113.8067,22.4227],[113.8018,22.4206]]],[[[114.1682,21.9961],[114.165,22.0018],[114.1372,21.9869],[114.1501,21.9828],[114.1624,21.9868],[114.1682,21.9961]]],[[[110.4412,21.1644],[110.4241,21.1645],[110.4193,21.1529],[110.437,21.151],[110.4412,21.1644]]],[[[111.7988,21.7003],[111.7882,21.694],[111.7904,21.6787],[111.7973,21.6803],[111.804,21.6918],[111.7988,21.7003]]],[[[113.7236,21.9568],[113.715,21.9267],[113.7367,21.9536],[113.7236,21.9568]]],[[[113.0446,21.8705],[113.0107,21.867],[113.0389,21.8577],[113.0446,21.8705]]],[[[110.4178,20.7104],[110.4024,20.682],[110.4266,20.7035],[110.4178,20.7104]]],[[[110.423,21.1035],[110.4094,21.1127],[110.3953,21.1072],[110.4195,21.0985],[110.423,21.1035]]],[[[117.0392,23.5778],[117.0187,23.5786],[117.0215,23.5704],[117.0338,23.5662],[117.0392,23.5778]]],[[[110.3622,20.683],[110.3491,20.6826],[110.368,20.6668],[110.3719,20.6734],[110.3622,20.683]]],[[[117.0755,23.5739],[117.0614,23.5739],[117.0649,23.5647],[117.0779,23.5619],[117.0755,23.5739]]],[[[113.581,22.2041],[113.5852,22.2126],[113.5726,22.2146],[113.5716,22.204],[113.581,22.2041]]],[[[113.1212,21.9],[113.1446,21.94],[113.1233,21.9125],[113.1212,21.9]]],[[[112.4606,21.6727],[112.432,21.6589],[112.4541,21.6657],[112.4606,21.6727]]]]},"properties":{"country_key":"china","region_key":"guangdong","display_name":"广东省","country_display":"China","name":"Guangdong","keys":["china|guangdong","china|广东"],"legacy_region_key":"广东","geo_key":"china|guangdong","parent_geo_key":"china","region_id":"admin1|china|guangdong"}},{"type":"Feature","geometry":{"type":"MultiPolygon","coordinates":[[[[106.669243,22.890323],[106.831,22.7948],[106.7689,22.7454],[106.7206,22.5834],[106.6094,22.6104],[106.5573,22.4624],[106.5924,22.3918],[106.5605,22.3506],[106.6535,22.3391],[106.6879,22.2784],[106.6974,22.2081],[106.6731,22.1821],[106.7129,22.0762],[106.6881,21.9703],[106.7608,22.0132],[106.8071,21.9785],[106.9158,21.9724],[106.963,21.9222],[107.0183,21.9443],[107.0574,21.9057],[107.0116,21.8234],[107.2126,21.7125],[107.2962,21.742],[107.3826,21.5965],[107.5557,21.7277],[107.4788,21.6556],[107.4892,21.5987],[107.6822,21.6055],[107.7881,21.6564],[107.8576,21.6549],[107.9519,21.5398],[108.0863,21.5512],[108.1506,21.5242],[108.1863,21.5316],[108.1393,21.5686],[108.2487,21.6129],[108.2638,21.5848],[108.2177,21.501],[108.3232,21.5883],[108.3002,21.5964],[108.3147,21.6672],[108.3667,21.6839],[108.3919,21.6622],[108.4275,21.6922],[108.4186,21.659],[108.4556,21.6559],[108.3748,21.5394],[108.5143,21.5927],[108.5708,21.6844],[108.5402,21.7282],[108.5092,21.717],[108.507042,21.725506],[108.5467,21.7444],[108.502,21.755],[108.505399,21.731977],[108.47604,21.84767],[108.4793,21.8426],[108.5499,21.9104],[108.6276,21.8894],[108.623255,21.882909],[108.6215,21.8897],[108.5748,21.8838],[108.5731,21.8378],[108.619274,21.876961],[108.5616,21.7908],[108.572374,21.769057],[108.5652,21.7659],[108.5725,21.7577],[108.579039,21.755608],[108.586877,21.73979],[108.5859,21.7402],[108.5759,21.7382],[108.5865,21.7207],[108.591708,21.730039],[108.6059,21.7014],[108.6513,21.7299],[108.6574,21.66],[108.7072,21.7191],[108.7405,21.6086],[108.8657,21.6266],[108.8284,21.6937],[108.8572,21.7777],[108.8656,21.7509],[108.886241,21.754405],[108.8637,21.7431],[108.8507,21.6843],[108.9298,21.6096],[109.0046,21.6042],[109.0669,21.6374],[109.0462,21.6045],[109.1498,21.5798],[109.1612,21.5175],[109.0427,21.4495],[109.156,21.4025],[109.3303,21.4715],[109.3378,21.4509],[109.5505,21.4777],[109.5565,21.5223],[109.5971,21.5288],[109.5615,21.54],[109.5863,21.5796],[109.5132,21.7022],[109.5807,21.7446],[109.5549,21.694],[109.5839,21.6258],[109.6058,21.6386],[109.6093,21.5791],[109.636,21.5601],[109.6686,21.6091],[109.6519,21.5187],[109.7498,21.4592],[109.757133,21.589696],[109.739,21.6195],[109.761018,21.658837],[109.7704,21.6756],[109.800453,21.634601],[109.8028,21.6314],[109.822978,21.638892],[109.897645,21.666618],[109.9116,21.6718],[109.942181,21.829335],[109.97008,21.865604],[109.993191,21.878896],[110.0005,21.8831],[110.088511,21.885351],[110.3836,21.8929],[110.373746,21.968803],[110.357748,22.092035],[110.352198,22.134781],[110.3439,22.1987],[110.3714,22.1684],[110.380801,22.178045],[110.4137,22.2118],[110.498506,22.153957],[110.5068,22.1483],[110.535156,22.182925],[110.549081,22.193931],[110.6251,22.1519],[110.66893,22.190228],[110.6713,22.1923],[110.6494,22.2427],[110.7165,22.2983],[110.7842,22.2958],[110.715525,22.363432],[110.6782,22.477],[110.7391,22.4698],[110.763054,22.580348],[110.7656,22.5921],[110.825359,22.589919],[110.8834,22.5878],[110.8924,22.6171],[110.903105,22.619375],[110.9369,22.6111],[111.0505,22.6507],[111.105125,22.700758],[111.065535,22.722091],[111.059057,22.730585],[111.2143,22.7511],[111.3543,22.8926],[111.3583,22.9705],[111.4288,23.0391],[111.3685,23.0925],[111.3663,23.149],[111.3937,23.1618],[111.3439,23.2746],[111.370103,23.322684],[111.357514,23.329368],[111.3567,23.3298],[111.371164,23.384278],[111.389008,23.45149],[111.3944,23.4718],[111.412709,23.469843],[111.435247,23.487295],[111.460385,23.526751],[111.4818,23.6292],[111.6107,23.6418],[111.6602,23.7027],[111.6123,23.7363],[111.6499,23.8364],[111.8038,23.8123],[111.8172,23.914],[111.9363,23.9852],[111.8763,24.1022],[111.8744,24.2324],[111.937796,24.238478],[111.965972,24.258243],[112.002956,24.284187],[112.033277,24.318359],[112.054679,24.364829],[112.054893,24.371216],[111.9809,24.4673],[112.0009,24.5389],[111.9228,24.6343],[111.9549,24.7232],[112.0048,24.7326],[112.0173,24.743],[111.9556,24.7764],[111.8728,24.7581],[111.7791,24.7987],[111.7015,24.7925],[111.6337,24.6897],[111.5895,24.7009],[111.5663,24.6476],[111.5239,24.6398],[111.4252,24.69],[111.4815,24.8038],[111.4502,24.8521],[111.4615,24.9355],[111.4286,24.9704],[111.4676,25.018],[111.4132,25.0431],[111.400343,25.12106],[111.392338,25.126],[111.332,25.1028],[111.2619,25.149],[111.1932,25.0726],[111.1027,25.0412],[111.0959,24.9495],[111.09239,24.948226],[111.081442,24.944252],[111.0805,24.9455],[110.9866,24.9285],[110.9459,25.0456],[110.9942,25.1663],[111.1074,25.2192],[111.0966,25.2832],[111.2957,25.452],[111.3377,25.6094],[111.3037,25.7241],[111.4347,25.7729],[111.4197,25.8318],[111.4881,25.8712],[111.3358,25.911],[111.2878,25.8591],[111.231259,25.896913],[111.1912,25.9737],[111.2596,26.0647],[111.2853,26.2572],[111.2075,26.2724],[111.2004,26.3092],[111.1001,26.3062],[110.9964,26.3472],[111.007318,26.371944],[110.9404,26.377],[110.9243,26.259],[110.9009,26.2795],[110.7589,26.2507],[110.7434,26.3196],[110.7079,26.2988],[110.6096,26.3367],[110.5432,26.2795],[110.5474,26.2345],[110.4935,26.1699],[110.4761,26.1858],[110.3727,26.101],[110.3025,25.9703],[110.2453,25.974],[110.2325,26.0384],[110.1852,26.0705],[110.1538,26.0208],[110.0644,26.0448],[110.0933,26.1717],[109.9637,26.2033],[109.944492,26.186831],[109.9083,26.1558],[109.87339,26.052095],[109.84372,26.040438],[109.8117,26.0483],[109.7861,26.0178],[109.8118,25.8846],[109.742324,25.883016],[109.689,25.8818],[109.685592,25.892117],[109.681102,25.905711],[109.6745,25.9257],[109.715698,25.998477],[109.674645,26.013132],[109.6592,26.0156],[109.6559,26.019823],[109.646932,26.0313],[109.636067,26.045204],[109.59763,26.037099],[109.5327,25.9981],[109.4787,26.0339],[109.471623,26.026704],[109.4749,26.0167],[109.419,25.9732],[109.4232,25.916],[109.3379,25.8407],[109.3367,25.7348],[109.2026,25.7416],[109.186356,25.778014],[109.1412,25.7452],[109.1122,25.8122],[109.0749,25.7795],[109.0077,25.7953],[108.891,25.7156],[108.9005,25.6831],[108.9421,25.6794],[109.0003,25.7379],[109.0736,25.7205],[109.0269,25.6377],[109.0711,25.5392],[109.0191,25.5152],[108.9458,25.5597],[108.8509,25.5584],[108.807,25.5285],[108.7771,25.5577],[108.7827,25.6243],[108.70561,25.624763],[108.6544,25.5779],[108.6835,25.5211],[108.6312,25.5227],[108.6293,25.4683],[108.6086,25.48],[108.584,25.4254],[108.6145,25.4015],[108.61303,25.327018],[108.4836,25.4598],[108.4251,25.4378],[108.3456,25.5378],[108.284,25.5325],[108.282501,25.5354],[108.284583,25.5077],[108.2393,25.4654],[108.2465,25.4321],[108.1908,25.4597],[108.1547,25.4437],[108.1881,25.4045],[108.1378,25.3914],[108.1534,25.3291],[108.1125,25.2145],[107.7641,25.1195],[107.7876,25.1481],[107.7589,25.2349],[107.6836,25.2005],[107.6624,25.322],[107.5886,25.2517],[107.4675,25.2171],[107.4827,25.2891],[107.4262,25.2874],[107.4007,25.3451],[107.4185,25.3887],[107.3059,25.4121],[107.3175,25.5014],[107.2288,25.5543],[107.2366,25.5956],[107.2031,25.6133],[107.1721,25.5773],[107.0615,25.5604],[107.0669,25.5156],[106.9618,25.4427],[107.0078,25.3578],[106.9927,25.2432],[106.9169,25.2513],[106.889,25.1876],[106.6452,25.1703],[106.57914,25.099655],[106.557163,25.086228],[106.5554,25.0877],[106.521047,25.072712],[106.3035,24.9778],[106.1491,24.9636],[106.1941,24.8178],[106.0195,24.6356],[105.9387,24.7282],[105.7977,24.7053],[105.6031,24.8075],[105.4963,24.8108],[105.4245,24.9337],[105.2615,24.9345],[105.208,24.9986],[105.0378,24.8775],[105.0313,24.7912],[104.9013,24.7582],[104.7406,24.6238],[104.582237,24.706327],[104.5555,24.7314],[104.534841,24.731026],[104.522908,24.73081],[104.5168,24.7307],[104.4777,24.6559],[104.555501,24.471757],[104.5772,24.4204],[104.612352,24.409015],[104.6068,24.3792],[104.6971,24.3202],[104.7236,24.3481],[104.7003,24.4224],[104.7642,24.4617],[104.9235,24.4106],[105.0502,24.4439],[105.1055,24.4164],[105.1081,24.369],[105.1965,24.3316],[105.1748,24.2556],[105.2418,24.2076],[105.2268,24.1677],[105.1744,24.1601],[105.2561,24.0637],[105.3125,24.1204],[105.4154,24.0308],[105.4916,24.0208],[105.5246,24.1294],[105.5933,24.1411],[105.6232,24.1316],[105.6438,24.0339],[105.7573,24.0746],[105.7978,24.0564],[105.7952,24.0263],[105.8469,24.0589],[105.8864,24.0428],[105.888878,24.049073],[105.9184,24.1238],[105.9963,24.1282],[106.08861,24.008797],[106.0832,23.9922],[106.1963,23.8695],[106.1695,23.8651],[106.195,23.8312],[106.1331,23.8003],[106.1601,23.7243],[106.129861,23.586233],[106.125368,23.565718],[105.9956,23.449],[105.9898,23.4937],[105.8377,23.5291],[105.8091,23.4686],[105.6471,23.4001],[105.6977,23.3326],[105.647,23.3487],[105.5831,23.3104],[105.533257,23.23502],[105.5263,23.2245],[105.541561,23.200608],[105.5652,23.1636],[105.5629,23.0765],[105.7272,23.0629],[105.8378,22.9878],[105.8759,22.9187],[106.0791,23.0006],[106.2057,22.9786],[106.2542,22.8892],[106.3119,22.8639],[106.4903,22.9072],[106.5215,22.9507],[106.6012,22.9293],[106.6486,22.8679],[106.669243,22.890323]]],[[[108.3703,21.6752],[108.3261,21.603],[108.3544,21.557],[108.3766,21.6654],[108.3703,21.6752]]],[[[109.1355,21.0384],[109.1215,21.0712],[109.0829,21.0468],[109.085,21.0201],[109.1237,21.0187],[109.1355,21.0384]]],[[[108.7,21.6074],[108.6942,21.6132],[108.6827,21.6028],[108.6907,21.5981],[108.7,21.6074]]],[[[109.5127,21.4574],[109.5158,21.4693],[109.5042,21.4706],[109.5057,21.4598],[109.5127,21.4574]]]]},"properties":{"country_key":"china","region_key":"guangxi","display_name":"广西壮族自治区","country_display":"China","name":"Guangxi","keys":["china|guangxi","china|广西壮族"],"legacy_region_key":"广西壮族","geo_key":"china|guangxi","parent_geo_key":"china","region_id":"admin1|china|guangxi"}},{"type":"Feature","geometry":{"type":"MultiPolygon","coordinates":[[[[108.6651,19.3085],[108.6403,19.3009],[108.6326,19.217],[108.678,19.1705],[108.6147,19.0996],[108.6586,18.9369],[108.6233,18.8401],[108.6958,18.7243],[108.707796,18.723934],[108.6877,18.5061],[108.8156,18.4727],[108.975,18.3804],[109.107,18.3617],[109.1838,18.2849],[109.3225,18.3057],[109.4487,18.2854],[109.4982,18.2386],[109.4785,18.1904],[109.5573,18.2163],[109.5706,18.1615],[109.6224,18.1752],[109.611,18.2149],[109.6467,18.2326],[109.6862,18.2354],[109.7115,18.197],[109.7414,18.2549],[109.6739,18.2759],[109.7183,18.2635],[109.78355,18.400314],[109.8225,18.3779],[110.0208,18.4457],[110.0185,18.4095],[109.9684,18.3883],[110.0495,18.3861],[110.0398,18.4316],[110.0676,18.4117],[110.1112,18.542],[110.176,18.5881],[110.2819,18.6692],[110.3923,18.7034],[110.337,18.6785],[110.4091,18.6612],[110.4644,18.7693],[110.5314,18.7932],[110.508112,18.88607],[110.5145,18.8915],[110.5165,18.9892],[110.5675,19.0476],[110.5716,19.0908],[110.5556,19.1421],[110.6132,19.207],[110.6336,19.3016],[110.6837,19.3392],[110.6717,19.3969],[110.6784,19.3925],[110.7622,19.428],[110.8365,19.543],[110.7795,19.6239],[110.8689,19.6179],[110.8232,19.5964],[110.8644,19.5242],[110.9789,19.6404],[111.0343,19.6422],[110.9327,20.0117],[110.8539,19.9916],[110.7822,20.0118],[110.6812,20.1552],[110.6444,20.106],[110.5717,20.0921],[110.5666,20.0473],[110.624756,19.971023],[110.6195,19.9729],[110.6346,19.9275],[110.5929,19.9163],[110.5859,19.9962],[110.5467,19.9778],[110.5428,20.0202],[110.3669,20.0914],[110.3076,20.0748],[110.2824,20.0228],[110.1532,20.0603],[110.1256,20.0012],[110.149945,19.981008],[110.0657,19.9827],[109.9651,19.9098],[109.9881,19.9377],[109.9406,19.9932],[109.8947,19.9851],[109.8647,19.9419],[109.8284,19.9836],[109.8038,19.9394],[109.7117,20.0111],[109.5363,19.9448],[109.555,19.9119],[109.5267,19.9149],[109.5189,19.8741],[109.5659,19.8624],[109.565739,19.847283],[109.5654,19.8478],[109.4748,19.8352],[109.4622,19.8695],[109.3308,19.8817],[109.3182,19.9151],[109.2618,19.9011],[109.259,19.8623],[109.1566,19.7895],[109.177,19.7341],[109.1511,19.7076],[109.2888,19.7936],[109.3104,19.7804],[109.2727,19.7389],[109.3032,19.6957],[109.279,19.7234],[109.2102,19.7194],[109.1816,19.6549],[109.006,19.5813],[108.94199,19.499842],[108.9338,19.5106],[108.7767,19.3952],[108.6824,19.3699],[108.6651,19.3085]]],[[[114.0546,7.5391],[114.3643,7.6399],[114.4297,7.789],[114.5506,7.8809],[114.5292,7.9567],[114.4104,7.9542],[114.2641,7.8723],[114.2034,7.784],[114.0517,7.6878],[113.9023,7.6328],[113.9153,7.5685],[113.983,7.5377],[114.0546,7.5391]]],[[[109.9337,7.5355],[109.8128,7.5741],[109.6494,7.561],[109.5323,7.4502],[109.4604,7.3162],[109.5096,7.3216],[109.7057,7.5123],[109.9451,7.5245],[109.9337,7.5355]]],[[[109.9846,7.8142],[110.0724,7.8794],[110.0741,7.9508],[109.9492,7.8903],[109.933,7.8257],[109.9728,7.8133],[109.9846,7.8142]]],[[[116.5202,10.3495],[116.5226,10.4291],[116.4579,10.351],[116.4631,10.3108],[116.5628,10.3065],[116.6441,10.3449],[116.6343,10.3671],[116.5404,10.3493],[116.5202,10.3495]]],[[[110.4853,8.0709],[110.5506,8.0955],[110.5912,8.1749],[110.4577,8.1299],[110.4673,8.0737],[110.4853,8.0709]]],[[[117.4056,10.6735],[117.4142,10.7042],[117.3649,10.7442],[117.2977,10.7417],[117.2635,10.7023],[117.4004,10.6725],[117.4056,10.6735]]],[[[115.8803,9.6505],[115.9195,9.7505],[115.8974,9.7981],[115.8336,9.7116],[115.8635,9.6521],[115.8803,9.6505]]],[[[112.593,16.0718],[112.4573,16.0458],[112.4436,16.0069],[112.5792,16.0169],[112.6031,16.0688],[112.593,16.0718]]],[[[113.8895,19.1598],[113.9157,19.2254],[113.8019,19.2249],[113.8064,19.1728],[113.8693,19.1533],[113.8895,19.1598]]],[[[117.7442,15.2315],[117.7108,15.2244],[117.7084,15.1201],[117.8226,15.1086],[117.7209,15.133],[117.7278,15.2202],[117.8357,15.1283],[117.8349,15.1611],[117.7622,15.2125],[117.7442,15.2315]]],[[[113.3808,8.238],[113.3529,8.3099],[113.3487,8.2398],[113.2614,8.1279],[113.3279,8.1988],[113.2854,8.1236],[113.3451,8.174],[113.3808,8.238]]],[[[114.5895,10.8585],[114.5835,10.9109],[114.4663,10.8406],[114.4772,10.8154],[114.5091,10.8504],[114.5792,10.8413],[114.5895,10.8585]]],[[[111.678,16.2626],[111.5732,16.2104],[111.5636,16.1648],[111.6959,16.2003],[111.5908,16.1923],[111.6769,16.2566],[111.678,16.2626]]],[[[113.9664,7.9464],[113.9358,8.0201],[113.8922,8.0145],[113.9009,7.9654],[113.958,7.943],[113.9664,7.9464]]],[[[111.9906,8.0491],[112.0117,8.0906],[111.9502,8.1081],[111.9211,8.0727],[111.9608,8.0492],[111.9906,8.0491]]],[[[112.7146,5.0637],[112.6848,5.1142],[112.6506,5.1144],[112.6488,5.0616],[112.6784,5.05],[112.7146,5.0637]]],[[[112.6538,5.3553],[112.6867,5.4078],[112.6198,5.4029],[112.6077,5.369],[112.636,5.3491],[112.6538,5.3553]]],[[[111.698,7.6468],[111.7398,7.7252],[111.6868,7.7133],[111.6718,7.6453],[111.698,7.6468]]],[[[114.7043,11.0027],[114.7955,11.1067],[114.7624,11.1118],[114.6934,11.008],[114.7043,11.0027]]],[[[115.5288,9.934],[115.4977,9.9186],[115.509,9.879],[115.5813,9.8985],[115.547,9.9286],[115.5288,9.934]]],[[[112.5341,16.291],[112.5045,16.3193],[112.3742,16.2792],[112.5264,16.2876],[112.5341,16.291]]],[[[117.7946,10.7552],[117.8318,10.8056],[117.808,10.8458],[117.7675,10.7555],[117.7946,10.7552]]],[[[111.703,7.8879],[111.7206,7.9103],[111.6829,7.9374],[111.6345,7.9088],[111.6608,7.8885],[111.703,7.8879]]],[[[111.5547,17.1103],[111.5039,17.1183],[111.4444,17.0826],[111.5318,17.1065],[111.4746,17.0753],[111.4889,17.0603],[111.5585,17.1013],[111.5547,17.1103]]],[[[112.007,16.3095],[112.0772,16.3404],[111.9981,16.3526],[111.9697,16.3257],[111.9909,16.3089],[112.007,16.3095]]],[[[115.5286,8.4612],[115.5569,8.468],[115.555,8.5251],[115.5101,8.5214],[115.5179,8.4623],[115.5286,8.4612]]],[[[114.6417,8.8468],[114.6783,8.8831],[114.6615,8.9019],[114.6134,8.8833],[114.6107,8.8383],[114.6417,8.8468]]],[[[116.7199,16.2992],[116.7434,16.3235],[116.73,16.3749],[116.6907,16.3474],[116.704,16.3017],[116.7199,16.2992]]],[[[114.047,8.779],[114.0472,8.8334],[113.9816,8.881],[114.0309,8.7857],[114.047,8.779]]],[[[115.4174,13.9312],[115.4343,13.9624],[115.3947,13.9789],[115.3575,13.9502],[115.3932,13.9264],[115.4174,13.9312]]],[[[111.8084,16.2637],[111.6795,16.2643],[111.7892,16.245],[111.7406,16.1957],[111.8172,16.2404],[111.8084,16.2637]]],[[[113.0225,19.4758],[113.036,19.5203],[112.9886,19.5278],[112.9801,19.4827],[113.0073,19.4704],[113.0225,19.4758]]],[[[113.7898,7.6013],[113.8297,7.6177],[113.8273,7.6462],[113.765,7.6383],[113.7693,7.6032],[113.7898,7.6013]]],[[[111.5511,7.5261],[111.6025,7.609],[111.5591,7.6041],[111.5386,7.5261],[111.5511,7.5261]]],[[[112.6167,5.4639],[112.6354,5.5163],[112.589,5.5775],[112.6102,5.4667],[112.6167,5.4639]]],[[[115.9734,9.3241],[115.9183,9.2943],[115.9538,9.269],[115.9954,9.2955],[115.9734,9.3241]]],[[[114.7246,10.3238],[114.7412,10.3764],[114.7133,10.3821],[114.686,10.3517],[114.7082,10.3217],[114.7246,10.3238]]],[[[114.6395,11.4253],[114.6413,11.5324],[114.6159,11.5174],[114.6257,11.4239],[114.6395,11.4253]]],[[[114.6663,9.9272],[114.6819,9.981],[114.6177,9.978],[114.6559,9.9272],[114.6663,9.9272]]],[[[114.9005,7.9514],[114.9171,7.9933],[114.8939,8.0145],[114.866,7.9947],[114.8799,7.9566],[114.9005,7.9514]]],[[[112.5644,9.5189],[112.5629,9.5559],[112.5243,9.5608],[112.5039,9.5275],[112.5425,9.5175],[112.5644,9.5189]]],[[[111.5761,7.771],[111.6087,7.8605],[111.5508,7.815],[111.5692,7.776],[111.5761,7.771]]],[[[112.9394,4.9929],[112.9543,5.0395],[112.9248,5.0515],[112.9031,4.9941],[112.9351,4.9913],[112.9394,4.9929]]],[[[114.5262,8.1052],[114.6207,8.1514],[114.5084,8.1314],[114.5169,8.105],[114.5262,8.1052]]],[[[116.0712,10.067],[116.0919,10.0953],[116.0722,10.1326],[116.0427,10.1012],[116.0632,10.0679],[116.0712,10.067]]],[[[112.5998,8.8592],[112.5347,8.8399],[112.6356,8.8206],[112.6119,8.8478],[112.5998,8.8592]]],[[[115.2387,8.3655],[115.1776,8.3879],[115.1979,8.3548],[115.2587,8.3453],[115.2634,8.3686],[115.2387,8.3655]]],[[[111.6799,8.6271],[111.7088,8.6734],[111.6681,8.6815],[111.6613,8.6249],[111.6799,8.6271]]],[[[114.7236,16.1825],[114.8114,16.2144],[114.7004,16.2012],[114.6989,16.1722],[114.7236,16.1825]]],[[[114.9858,7.4779],[115.0099,7.5274],[114.9453,7.5105],[114.9775,7.4778],[114.9858,7.4779]]],[[[114.8124,8.1174],[114.8031,8.1626],[114.7746,8.1539],[114.7731,8.1158],[114.808,8.1122],[114.8124,8.1174]]],[[[111.7866,16.0307],[111.8248,16.0729],[111.7569,16.0635],[111.7719,16.0316],[111.7866,16.0307]]],[[[114.2317,8.7684],[114.1934,8.7823],[114.2061,8.7143],[114.2074,8.7562],[114.2351,8.7197],[114.2372,8.7596],[114.2317,8.7684]]],[[[112.5028,16.4679],[112.582,16.5276],[112.4948,16.4954],[112.4941,16.4712],[112.5028,16.4679]]],[[[111.7472,16.4576],[111.7836,16.5146],[111.7396,16.5537],[111.7609,16.4972],[111.7345,16.4548],[111.7472,16.4576]]],[[[112.617,4.944],[112.6373,4.9878],[112.5995,4.9952],[112.5991,4.9412],[112.617,4.944]]],[[[114.3146,16.0419],[114.2786,16.0623],[114.2105,16.041],[114.3033,16.0359],[114.3146,16.0419]]],[[[112.5848,5.0743],[112.5974,5.121],[112.5551,5.1152],[112.5651,5.0731],[112.5848,5.0743]]],[[[113.9212,8.8404],[113.9356,8.8712],[113.9079,8.8912],[113.8894,8.8647],[113.9122,8.8401],[113.9212,8.8404]]],[[[114.1916,9.3525],[114.1984,9.3763],[114.1899,9.3933],[114.1625,9.3862],[114.1624,9.3593],[114.171,9.344],[114.1916,9.3525]]],[[[112.5517,5.6196],[112.5429,5.6938],[112.5189,5.6572],[112.5408,5.6176],[112.5517,5.6196]]],[[[114.4808,16.0365],[114.5192,16.0662],[114.461,16.0691],[114.4616,16.0318],[114.4808,16.0365]]],[[[112.2884,16.9695],[112.2341,16.9993],[112.1956,16.9803],[112.2717,16.9677],[112.2884,16.9695]]],[[[114.7164,9.7191],[114.7108,9.7388],[114.6896,9.7431],[114.674,9.7291],[114.6768,9.7094],[114.7008,9.7023],[114.7164,9.7191]]],[[[114.6791,7.5642],[114.7144,7.6135],[114.6741,7.6119],[114.6679,7.5657],[114.6791,7.5642]]],[[[114.2565,10.2403],[114.3189,10.2978],[114.2608,10.2773],[114.2457,10.2379],[114.2565,10.2403]]],[[[116.6487,10.5199],[116.6468,10.494],[116.689,10.4911],[116.6954,10.5194],[116.6487,10.5199]]],[[[117.381,10.0653],[117.383,10.103],[117.3496,10.1065],[117.3559,10.0622],[117.381,10.0653]]],[[[113.6816,8.9753],[113.7214,9.0193],[113.6337,8.9788],[113.6669,8.9734],[113.6816,8.9753]]],[[[112.5587,5.7603],[112.5484,5.8232],[112.5249,5.8022],[112.5445,5.7587],[112.5587,5.7603]]],[[[112.9253,7.8294],[112.9275,7.8692],[112.889,7.8557],[112.8941,7.8292],[112.9253,7.8294]]],[[[116.3133,8.8871],[116.3022,8.9192],[116.2704,8.8876],[116.2903,8.86],[116.3008,8.8829],[116.3133,8.8871]]],[[[114.73,11.4338],[114.7273,11.4836],[114.6877,11.4861],[114.7265,11.4303],[114.73,11.4338]]],[[[112.2492,16.7537],[112.2573,16.7799],[112.206,16.7977],[112.2311,16.7551],[112.2492,16.7537]]],[[[114.6928,8.2161],[114.6689,8.205],[114.6873,8.1869],[114.7376,8.1912],[114.7045,8.2126],[114.6928,8.2161]]],[[[115.4518,9.3484],[115.4463,9.4186],[115.4233,9.3767],[115.4458,9.3469],[115.4518,9.3484]]],[[[117.2804,10.306],[117.2956,10.3451],[117.2706,10.3602],[117.2665,10.3052],[117.2804,10.306]]],[[[110.4778,7.7827],[110.5061,7.8216],[110.4811,7.8292],[110.4613,7.7846],[110.4778,7.7827]]],[[[112.5628,5.9536],[112.5714,5.9726],[112.5502,5.9799],[112.5346,5.9714],[112.5306,5.9524],[112.5491,5.9438],[112.5628,5.9536]]],[[[116.4806,9.1397],[116.4867,9.1858],[116.4496,9.1703],[116.4732,9.1389],[116.4806,9.1397]]],[[[116.7367,9.0306],[116.7457,9.0585],[116.6955,9.0508],[116.728,9.025],[116.7367,9.0306]]],[[[114.6146,15.6347],[114.6031,15.6522],[114.5863,15.6435],[114.5772,15.6273],[114.5901,15.6172],[114.6069,15.6172],[114.6146,15.6347]]],[[[117.1995,10.5868],[117.2055,10.5967],[117.1804,10.622],[117.1695,10.6208],[117.1692,10.5951],[117.1855,10.5872],[117.1995,10.5868]]],[[[116.5888,9.7246],[116.5844,9.7402],[116.5717,9.7484],[116.5477,9.7457],[116.5469,9.7395],[116.5629,9.7207],[116.5888,9.7246]]],[[[111.545,16.4438],[111.5285,16.4631],[111.4903,16.4391],[111.5324,16.4343],[111.545,16.4438]]],[[[112.2731,8.8548],[112.2739,8.8925],[112.2409,8.8782],[112.2571,8.8567],[112.2731,8.8548]]],[[[114.7859,15.8857],[114.786,15.9007],[114.7679,15.9033],[114.7575,15.8908],[114.7639,15.8708],[114.7833,15.8695],[114.7859,15.8857]]],[[[116.1665,9.599],[116.1569,9.5644],[116.1906,9.5717],[116.1839,9.5974],[116.1665,9.599]]],[[[115.7829,10.4392],[115.798,10.4656],[115.7598,10.4722],[115.7723,10.4368],[115.7829,10.4392]]],[[[110.637,7.9871],[110.619,8.043],[110.6096,7.9897],[110.637,7.9871]]],[[[114.2828,9.6995],[114.2956,9.7185],[114.2943,9.7302],[114.2839,9.7405],[114.2716,9.732],[114.2695,9.7056],[114.2828,9.6995]]],[[[113.8564,9.9941],[113.8573,10.129],[113.8459,9.9918],[113.8564,9.9941]]],[[[112.2276,8.8277],[112.2372,8.8429],[112.2365,8.8548],[112.2195,8.8575],[112.206,8.8441],[112.2086,8.8287],[112.2276,8.8277]]],[[[111.2054,15.7736],[111.2211,15.782],[111.2242,15.7979],[111.2161,15.8034],[111.1916,15.7915],[111.191,15.775],[111.2054,15.7736]]],[[[113.9996,8.7921],[113.9528,8.844],[113.9709,8.7948],[113.9996,8.7921]]],[[[114.5097,10.7241],[114.5507,10.7974],[114.4889,10.7191],[114.5097,10.7241]]],[[[112.0438,3.8381],[112.0326,3.8798],[112.0137,3.8379],[112.0438,3.8381]]],[[[113.6067,6.9229],[113.5918,6.9632],[113.5758,6.9221],[113.6067,6.9229]]],[[[114.4753,15.5773],[114.4888,15.5895],[114.4875,15.5951],[114.4699,15.6039],[114.4536,15.5977],[114.4624,15.5781],[114.4753,15.5773]]],[[[114.8509,7.1878],[114.8473,7.245],[114.8297,7.1848],[114.8509,7.1878]]],[[[114.0862,10.9043],[114.092,10.9492],[114.0598,10.9059],[114.0862,10.9043]]],[[[117.4622,11.0675],[117.4772,11.0761],[117.4812,11.0889],[117.4644,11.0919],[117.4476,11.0799],[117.4453,11.0662],[117.4622,11.0675]]],[[[115.299,10.2039],[115.2777,10.2079],[115.2866,10.1733],[115.3128,10.2003],[115.299,10.2039]]],[[[112.2263,15.6965],[112.247,15.7448],[112.204,15.6971],[112.2263,15.6965]]],[[[117.3002,11.029],[117.2772,11.0804],[117.2803,11.0269],[117.3002,11.029]]],[[[115.7391,10.4416],[115.7391,10.4654],[115.7267,10.4736],[115.722,10.4674],[115.7187,10.4472],[115.731,10.4395],[115.7391,10.4416]]],[[[112.7413,16.655],[112.7456,16.6693],[112.7361,16.6778],[112.7254,16.6809],[112.7156,16.6738],[112.7233,16.6577],[112.7413,16.655]]],[[[114.2466,15.431],[114.2587,15.4431],[114.2594,15.4489],[114.2446,15.4588],[114.2332,15.4491],[114.2321,15.4329],[114.2466,15.431]]],[[[114.5918,11.3145],[114.5912,11.3293],[114.5768,11.3386],[114.5662,11.3245],[114.5764,11.3083],[114.5918,11.3145]]],[[[113.2284,8.0687],[113.2766,8.1188],[113.2177,8.0779],[113.2284,8.0687]]],[[[113.6193,10.2246],[113.6338,10.2454],[113.6063,10.259],[113.6135,10.2242],[113.6193,10.2246]]],[[[112.3688,8.9101],[112.3804,8.9488],[112.347,8.9129],[112.3688,8.9101]]],[[[112.1951,8.8533],[112.2222,8.8886],[112.1768,8.8616],[112.1951,8.8533]]],[[[111.5314,9.2663],[111.5493,9.2769],[111.5513,9.287],[111.54,9.2873],[111.5179,9.2729],[111.5163,9.2658],[111.5314,9.2663]]],[[[115.8586,10.8299],[115.8657,10.8393],[115.8601,10.8497],[115.8421,10.8555],[115.8377,10.8476],[115.8521,10.8301],[115.8586,10.8299]]],[[[112.4917,5.0008],[112.4737,5.0442],[112.4718,5.0025],[112.4917,5.0008]]],[[[114.2679,15.5255],[114.2773,15.5418],[114.2634,15.5513],[114.2549,15.5469],[114.2534,15.5283],[114.2679,15.5255]]],[[[117.6862,11.0183],[117.6666,11.057],[117.666,11.0171],[117.6862,11.0183]]],[[[113.0374,9.6593],[113.0406,9.6644],[113.0318,9.6799],[113.0187,9.6824],[113.0124,9.6777],[113.0244,9.6604],[113.0374,9.6593]]],[[[114.5593,9.8693],[114.562,9.8834],[114.5504,9.8949],[114.5383,9.8892],[114.5429,9.8735],[114.5593,9.8693]]],[[[114.927,10.8437],[114.944,10.9104],[114.9152,10.8435],[114.927,10.8437]]],[[[114.3553,10.7255],[114.3477,10.7323],[114.3329,10.7196],[114.315,10.6977],[114.3358,10.701],[114.3366,10.7152],[114.3553,10.7255]]],[[[116.7613,11.4317],[116.7342,11.5162],[116.7463,11.4505],[116.7613,11.4317]]],[[[115.4356,8.3235],[115.4377,8.3626],[115.4168,8.3311],[115.4356,8.3235]]],[[[112.6697,4.9983],[112.6101,5.0438],[112.6526,4.9991],[112.6697,4.9983]]],[[[112.4909,5.7356],[112.4939,5.7761],[112.4731,5.7367],[112.4909,5.7356]]],[[[114.8637,10.8153],[114.8678,10.8275],[114.8628,10.8371],[114.8504,10.8376],[114.8469,10.8275],[114.8496,10.8177],[114.8637,10.8153]]],[[[113.9687,15.8075],[113.9488,15.8424],[113.9488,15.8075],[113.9687,15.8075]]],[[[114.3445,11.0584],[114.331,11.0629],[114.3237,11.0701],[114.3084,11.0597],[114.313,11.0531],[114.3347,11.0528],[114.3445,11.0584]]],[[[112.882,9.5362],[112.9036,9.5516],[112.8962,9.5635],[112.8744,9.5437],[112.882,9.5362]]],[[[114.4667,9.8913],[114.477,9.9021],[114.4611,9.9146],[114.4529,9.9106],[114.4542,9.8964],[114.4667,9.8913]]],[[[111.6066,16.5289],[111.6278,16.542],[111.6227,16.5501],[111.608,16.5463],[111.5968,16.5379],[111.6066,16.5289]]],[[[115.0093,11.0647],[115.0065,11.0965],[114.9882,11.0656],[115.0093,11.0647]]],[[[111.4835,8.5227],[111.5047,8.5527],[111.4615,8.5214],[111.4835,8.5227]]],[[[112.6728,16.3903],[112.6553,16.4286],[112.6599,16.3827],[112.6728,16.3903]]],[[[111.6647,16.5586],[111.6777,16.5699],[111.6673,16.5784],[111.6509,16.5674],[111.6507,16.5606],[111.6647,16.5586]]],[[[115.2811,8.4829],[115.272,8.5236],[115.267,8.4791],[115.2811,8.4829]]],[[[113.8896,15.4658],[113.8681,15.4933],[113.8694,15.4636],[113.8896,15.4658]]],[[[112.3554,16.8417],[112.3261,16.8401],[112.3298,16.8253],[112.3357,16.8229],[112.3554,16.8417]]],[[[115.7417,10.5121],[115.7374,10.5422],[115.7213,10.5191],[115.7417,10.5121]]],[[[109.176,19.6744],[109.1652,19.6749],[109.1615,19.6624],[109.1727,19.6548],[109.1844,19.663],[109.176,19.6744]]],[[[114.5569,9.9314],[114.5692,9.9371],[114.5706,9.9437],[114.5592,9.9496],[114.5486,9.9446],[114.5493,9.9324],[114.5569,9.9314]]],[[[116.4473,9.7633],[116.4396,9.8049],[116.4333,9.7653],[116.4473,9.7633]]],[[[112.3472,16.9137],[112.3026,16.9756],[112.3352,16.9178],[112.3472,16.9137]]],[[[114.2634,9.8176],[114.2696,9.8237],[114.2672,9.838],[114.2582,9.8381],[114.2521,9.8279],[114.2551,9.8192],[114.2634,9.8176]]],[[[112.245,3.8607],[112.239,3.9077],[112.2334,3.8629],[112.245,3.8607]]],[[[112.2593,3.9389],[112.2682,3.9758],[112.2459,3.943],[112.2593,3.9389]]],[[[112.8611,8.8919],[112.8204,8.9208],[112.8372,8.8959],[112.8611,8.8919]]],[[[112.8986,9.5712],[112.9037,9.5809],[112.901,9.5904],[112.8873,9.5904],[112.8892,9.5711],[112.8986,9.5712]]],[[[112.9653,8.405],[112.9604,8.4413],[112.951,8.4051],[112.9653,8.405]]],[[[114.3711,10.1733],[114.3739,10.1831],[114.3623,10.1859],[114.3442,10.1832],[114.3447,10.1779],[114.3711,10.1733]]],[[[116.8512,10.4706],[116.869,10.4942],[116.8318,10.4735],[116.8512,10.4706]]],[[[114.498,9.9039],[114.5047,9.9104],[114.5056,9.9205],[114.4925,9.9228],[114.486,9.9066],[114.498,9.9039]]],[[[116.4885,9.7836],[116.4865,9.8233],[116.4759,9.7872],[116.4885,9.7836]]],[[[114.9161,16.0051],[114.9048,16.0572],[114.9069,16.004],[114.9161,16.0051]]],[[[114.1093,8.0795],[114.1186,8.117],[114.0966,8.0805],[114.1093,8.0795]]],[[[117.2135,10.7154],[117.183,10.7437],[117.2027,10.7096],[117.2135,10.7154]]],[[[112.3814,5.6165],[112.3587,5.6425],[112.3682,5.6104],[112.3814,5.6165]]],[[[117.6383,10.6242],[117.6606,10.6529],[117.6271,10.6309],[117.6383,10.6242]]],[[[114.803,11.1414],[114.8069,11.1512],[114.8001,11.1574],[114.79,11.1577],[114.7841,11.1491],[114.803,11.1414]]],[[[114.4654,9.8252],[114.4707,9.8322],[114.4572,9.842],[114.4519,9.8371],[114.452,9.8239],[114.4654,9.8252]]],[[[114.12,15.98],[114.109,16.0128],[114.1062,15.9801],[114.12,15.98]]],[[[115.8009,10.5069],[115.7781,10.5428],[115.7915,10.5019],[115.8009,10.5069]]],[[[110.4813,18.6555],[110.492,18.662],[110.4936,18.6709],[110.4804,18.6748],[110.4748,18.6677],[110.4813,18.6555]]],[[[114.0339,10.0301],[114.0262,10.0256],[114.0299,10.015],[114.047,10.0182],[114.0431,10.0297],[114.0339,10.0301]]],[[[112.8787,16.7557],[112.8984,16.7893],[112.8665,16.7576],[112.8787,16.7557]]],[[[114.5906,9.8706],[114.5967,9.88],[114.5859,9.8883],[114.5794,9.886],[114.5768,9.8746],[114.5906,9.8706]]],[[[116.0969,10.7866],[116.0879,10.8327],[116.0871,10.7878],[116.0969,10.7866]]],[[[114.5299,9.9229],[114.5311,9.9373],[114.5224,9.9435],[114.514,9.9339],[114.5247,9.9226],[114.5299,9.9229]]],[[[111.6039,16.4405],[111.579,16.4929],[111.5958,16.4403],[111.6039,16.4405]]],[[[114.3726,11.0796],[114.383,11.0913],[114.3792,11.097],[114.3641,11.0934],[114.3666,11.0807],[114.3726,11.0796]]],[[[115.7145,10.4807],[115.7052,10.5152],[115.7023,10.4816],[115.7145,10.4807]]],[[[113.6726,9.2047],[113.6756,9.246],[113.6635,9.2122],[113.6726,9.2047]]],[[[114.4001,11.4524],[114.3994,11.4686],[114.388,11.4692],[114.382,11.4612],[114.4001,11.4524]]],[[[116.9275,9.4482],[116.9357,9.4632],[116.9289,9.4679],[116.9175,9.4569],[116.9275,9.4482]]],[[[114.2823,11.0471],[114.2927,11.0495],[114.2915,11.0606],[114.2824,11.0623],[114.2765,11.0499],[114.2823,11.0471]]],[[[114.3515,9.7436],[114.3553,9.7547],[114.345,9.7609],[114.3404,9.745],[114.3515,9.7436]]],[[[114.231,11.0555],[114.2322,11.0667],[114.2162,11.0669],[114.2161,11.0576],[114.231,11.0555]]],[[[111.7189,16.2036],[111.7171,16.214],[111.7054,16.2157],[111.7023,16.2037],[111.7189,16.2036]]],[[[112.6965,16.3336],[112.673,16.3611],[112.6887,16.3294],[112.6965,16.3336]]],[[[111.4705,17.0614],[111.4693,17.0745],[111.454,17.0746],[111.4637,17.0604],[111.4705,17.0614]]],[[[113.2349,6.2903],[113.2393,6.3272],[113.2262,6.2865],[113.2349,6.2903]]],[[[114.2606,9.7607],[114.2659,9.7674],[114.2561,9.7808],[114.2501,9.7704],[114.2606,9.7607]]],[[[115.3654,10.2436],[115.3768,10.2565],[115.3634,10.2581],[115.3577,10.2448],[115.3654,10.2436]]],[[[114.4008,9.7893],[114.4095,9.7951],[114.402,9.8056],[114.3917,9.797],[114.4008,9.7893]]],[[[113.737,15.5956],[113.7529,15.6126],[113.7198,15.5947],[113.737,15.5956]]],[[[114.5764,10.4079],[114.5844,10.4186],[114.5702,10.4198],[114.5671,10.4081],[114.5764,10.4079]]],[[[109.3732,18.2266],[109.3777,18.2311],[109.371,18.244],[109.3634,18.2296],[109.3732,18.2266]]],[[[113.897,15.6526],[113.9157,15.6871],[113.8904,15.6539],[113.897,15.6526]]],[[[111.7266,16.5624],[111.6917,16.5964],[111.7196,16.5621],[111.7266,16.5624]]],[[[116.6062,9.7175],[116.5964,9.736],[116.5884,9.7332],[116.5985,9.7202],[116.6062,9.7175]]],[[[113.8326,7.3854],[113.7994,7.3681],[113.8459,7.3849],[113.8326,7.3854]]],[[[114.0173,15.4117],[113.9813,15.4309],[114.0074,15.4105],[114.0173,15.4117]]],[[[110.5653,19.135],[110.5747,19.141],[110.569,19.1502],[110.5603,19.1436],[110.5653,19.135]]],[[[111.7029,16.455],[111.7016,16.4454],[111.7162,16.4468],[111.7117,16.4557],[111.7029,16.455]]],[[[114.3028,11.3757],[114.3044,11.3876],[114.2961,11.391],[114.2943,11.3785],[114.3028,11.3757]]],[[[113.0059,9.6492],[113.0071,9.66],[112.9974,9.6604],[112.9978,9.6504],[113.0059,9.6492]]],[[[114.364,11.3946],[114.3714,11.4066],[114.3564,11.4045],[114.364,11.3946]]]]},"properties":{"country_key":"china","region_key":"hainan","display_name":"海南省","country_display":"China","name":"Hainan","keys":["china|hainan","china|海南"],"legacy_region_key":"海南","geo_key":"china|hainan","parent_geo_key":"china","region_id":"admin1|china|hainan"}},{"type":"Feature","geometry":{"type":"Polygon","coordinates":[[[108.5046,32.2042],[108.4019,32.198],[108.3648,32.1776],[108.438902,32.077851],[108.3447,32.0733],[108.3613,32.0384],[108.3229,32.02],[108.3659,31.9905],[108.3039,31.9997],[108.2567,31.9686],[108.3432,31.8616],[108.5311,31.7588],[108.5021,31.7371],[108.5321,31.6715],[108.4327,31.6341],[108.3342,31.5114],[108.1866,31.4927],[108.2188,31.4493],[108.2032,31.4004],[108.1496,31.3755],[108.1761,31.3266],[108.0161,31.2469],[108.0319,31.2206],[108.0721,31.234],[108.0879,31.1929],[108.005,31.1109],[108.0492,31.043],[107.9768,30.9842],[107.9369,30.9891],[107.931,30.9333],[107.9904,30.9115],[107.9484,30.873],[107.8452,30.7949],[107.7589,30.8197],[107.7117,30.8922],[107.6313,30.8153],[107.6066,30.8448],[107.4799,30.8402],[107.4883,30.8098],[107.42,30.7426],[107.5097,30.6436],[107.3551,30.4625],[107.302573,30.369597],[107.295877,30.357754],[107.2159,30.2163],[107.0776,30.1015],[107.073968,30.072193],[107.045609,30.0434],[107.037006,30.039688],[106.9814,30.0869],[106.9099,30.0278],[106.838,30.0519],[106.756731,30.02478],[106.745464,30.026854],[106.71074,30.077866],[106.6065,30.231],[106.6398,30.2519],[106.62872,30.267377],[106.624324,30.273517],[106.6083,30.2959],[106.585465,30.2981],[106.526869,30.303744],[106.437,30.3124],[106.4093,30.2459],[106.3055,30.2398],[106.2382,30.1815],[106.176,30.2343],[106.154183,30.312271],[106.153,30.3165],[106.090999,30.339169],[105.986865,30.377243],[105.8877,30.4135],[105.842078,30.402247],[105.8127,30.4397],[105.713,30.3276],[105.7314,30.2739],[105.6825,30.2558],[105.6223,30.279],[105.63302,30.225988],[105.63769,30.202894],[105.579712,30.178545],[105.57079,30.17701],[105.536454,30.171105],[105.5341,30.1707],[105.535825,30.168207],[105.544037,30.156333],[105.5507,30.1467],[105.5934,30.1614],[105.576901,30.13172],[105.575,30.1283],[105.586746,30.119004],[105.6853,30.041],[105.7451,30.0365],[105.6976,29.9309],[105.7292,29.8699],[105.652117,29.846491],[105.6135,29.8488],[105.603855,29.831835],[105.5301,29.7021],[105.486571,29.715214],[105.475,29.7187],[105.473632,29.681576],[105.4309,29.679],[105.418496,29.700628],[105.4203,29.6902],[105.4096,29.6866],[105.404364,29.678236],[105.3855,29.6783],[105.3701,29.6235],[105.3174,29.6123],[105.2899,29.5484],[105.3208,29.4507],[105.3856,29.4557],[105.3712,29.429],[105.4242,29.4214],[105.4161,29.3175],[105.4556,29.3308],[105.4554,29.293],[105.5145,29.2664],[105.632,29.2833],[105.6639,29.2561],[105.7125,29.293],[105.6873,29.2726],[105.7051,29.1808],[105.746764,29.062952],[105.7381,29.0429],[105.778184,28.974081],[105.794554,28.945977],[105.7992,28.938],[105.8723,28.9387],[105.9067,28.9023],[105.9808,28.9842],[106.0439,28.9535],[106.0443,28.9093],[106.1695,28.9243],[106.2247,28.8927],[106.3446,28.587],[106.3359,28.536],[106.3684,28.5291],[106.3921,28.5736],[106.4751,28.5333],[106.5014,28.5475],[106.4707,28.6025],[106.5204,28.5763],[106.4898,28.6046],[106.524,28.6796],[106.4507,28.7813],[106.4734,28.8279],[106.6471,28.6545],[106.616,28.6498],[106.632,28.6144],[106.6017,28.5963],[106.6116,28.5534],[106.5562,28.5187],[106.5644,28.488],[106.6286,28.5076],[106.7045,28.4539],[106.7417,28.472],[106.7246,28.5469],[106.7755,28.566],[106.753,28.6132],[106.7818,28.6285],[106.8079,28.5915],[106.8633,28.6295],[106.8823,28.698],[106.855,28.6943],[106.8283,28.7738],[106.9223,28.8129],[106.9466,28.7701],[106.9895,28.7748],[106.9796,28.8544],[107.013,28.889],[107.0642,28.8989],[107.0682,28.8695],[107.1855,28.8931],[107.239,28.7655],[107.2497,28.7961],[107.323,28.8122],[107.3286,28.8472],[107.3903,28.8614],[107.4351,28.9565],[107.370412,29.004995],[107.391,29.0431],[107.373093,29.096226],[107.4071,29.0972],[107.4232,29.1309],[107.403222,29.186159],[107.409543,29.189866],[107.458872,29.181783],[107.4669,29.1743],[107.476313,29.178925],[107.5648,29.2224],[107.5841,29.1522],[107.6199,29.1742],[107.6924,29.1458],[107.7485,29.2017],[107.8064,29.1407],[107.7803,29.0498],[107.8188,29.0361],[107.8047,28.986],[107.8617,28.964],[107.9258,29.039],[108.018,29.0407],[108.0647,29.0892],[108.1278,29.0564],[108.1931,29.0741],[108.23,29.0305],[108.2643,29.0927],[108.292583,29.085072],[108.31248,29.029989],[108.3484,28.8192],[108.3847,28.7937],[108.329,28.6794],[108.4724,28.6305],[108.5645,28.6664],[108.625492,28.638544],[108.6075,28.5465],[108.5694,28.5293],[108.607,28.4405],[108.5751,28.3477],[108.6641,28.3387],[108.6535,28.3711],[108.6933,28.4077],[108.645052,28.465868],[108.66962,28.481067],[108.71274,28.49389],[108.7771,28.4305],[108.7664,28.318],[108.7215,28.2838],[108.7529,28.2006],[108.756109,28.202985],[108.8176,28.2487],[108.8412,28.2029],[108.9178,28.2213],[108.9809,28.1668],[109.033,28.2216],[109.075,28.1879],[109.0974,28.2126],[109.079,28.2616],[109.1452,28.3466],[109.1436,28.4132],[109.186,28.473],[109.260961,28.495274],[109.2698,28.4979],[109.2692,28.5414],[109.3164,28.5887],[109.288704,28.623737],[109.2832,28.6307],[109.1764,28.6215],[109.2666,28.673],[109.2497,28.6972],[109.2895,28.7225],[109.282919,28.729702],[109.2355,28.7816],[109.2305,28.8829],[109.3165,29.0479],[109.223599,29.116621],[109.1171,29.1954],[109.1355,29.2736],[109.0995,29.2939],[109.1101,29.3552],[109.065,29.4009],[108.9823,29.3387],[108.9156,29.3292],[108.9386,29.4148],[108.8604,29.4741],[108.9103,29.5741],[108.8633,29.6065],[108.8814,29.6384],[108.8416,29.6616],[108.7772,29.6377],[108.7724,29.6976],[108.7566,29.6412],[108.7061,29.682],[108.6566,29.856],[108.5927,29.8637],[108.5018,29.7162],[108.4328,29.7431],[108.4176,29.8209],[108.3625,29.8227],[108.4277,29.8823],[108.5147,29.8768],[108.5387,29.995],[108.5153,30.0717],[108.5794,30.2581],[108.400113,30.390833],[108.400998,30.394919],[108.419,30.3977],[108.4226,30.4946],[108.576,30.4828],[108.6451,30.541],[108.6563,30.591],[108.6864,30.5901],[108.7364,30.4989],[108.800361,30.498614],[108.8043,30.4938],[108.809801,30.498572],[108.9596,30.6285],[109.0376,30.6579],[109.1101,30.6439],[109.0761,30.6025],[109.1459,30.5299],[109.3197,30.6223],[109.308,30.5995],[109.3577,30.5547],[109.3463,30.4896],[109.4572,30.6211],[109.5309,30.6699],[109.5387,30.6417],[109.5714,30.6518],[109.6559,30.7645],[109.8887,30.9024],[110.0033,30.8869],[110.0132,30.8337],[110.0784,30.805],[110.168,30.9818],[110.1322,30.9872],[110.1152,31.0827],[110.1955,31.16],[110.1587,31.3054],[110.167456,31.304115],[110.150198,31.336505],[110.1358,31.3926],[110.118294,31.396382],[110.0511,31.4109],[109.9869,31.4754],[109.949517,31.479772],[109.970241,31.504617],[109.9784,31.5144],[109.971186,31.514866],[109.920121,31.518166],[109.8445,31.5539],[109.734193,31.557724],[109.7523,31.6027],[109.73,31.6967],[109.5796,31.7285],[109.28456,31.720749],[109.2493,31.7685],[109.2704,31.8021],[109.1885,31.8217],[109.1615,31.8782],[109.0348,31.963],[108.876307,32.001289],[108.7278,32.1096],[108.6698,32.1048],[108.5046,32.2042]]]},"properties":{"country_key":"china","region_key":"chongqing","display_name":"重庆市","country_display":"China","name":"Chongqing","keys":["china|chongqing","china|重庆"],"legacy_region_key":"重庆","geo_key":"china|chongqing","parent_geo_key":"china","region_id":"admin1|china|chongqing"}},{"type":"Feature","geometry":{"type":"Polygon","coordinates":[[[105.521,32.9226],[105.447854,32.929164],[105.427067,32.93103],[105.414468,32.916022],[105.395041,32.856669],[105.4463,32.7347],[105.2875,32.6568],[105.2143,32.665],[105.1999,32.6301],[105.144296,32.609424],[105.131352,32.604611],[105.109,32.5963],[105.0276,32.6526],[104.8826,32.605],[104.8265,32.6651],[104.7361,32.6382],[104.697629,32.675166],[104.6411,32.663],[104.633844,32.669874],[104.575048,32.725575],[104.4544,32.751],[104.3645,32.823],[104.296817,32.83755],[104.291,32.8388],[104.288414,32.87202],[104.2748,32.8934],[104.257425,32.894678],[104.28395,32.929378],[104.292927,32.941122],[104.368,32.9474],[104.415896,33.019376],[104.4225,33.0293],[104.3307,33.0454],[104.3799,33.1086],[104.3,33.3048],[104.4098,33.3211],[104.4338,33.3244],[104.423454,33.32868],[104.400778,33.338061],[104.3724,33.3498],[104.2935,33.3325],[104.2497,33.4095],[104.231172,33.407021],[104.202668,33.441102],[104.176683,33.495101],[104.16894,33.580981],[104.1754,33.5962],[104.166775,33.604993],[104.144693,33.627506],[104.1087,33.6642],[104.078916,33.667224],[103.8664,33.6888],[103.7639,33.6575],[103.631,33.7257],[103.624184,33.721948],[103.5389,33.675],[103.5182,33.8118],[103.4775,33.8125],[103.4309,33.7454],[103.3307,33.7438],[103.2691,33.8115],[103.1583,33.807],[103.1837,33.9041],[103.1259,33.9303],[103.1571,34.0058],[103.1165,34.0364],[103.1763,34.0817],[103.1208,34.1124],[103.1136,34.1768],[102.9706,34.1984],[102.9569,34.2964],[102.898529,34.31002],[102.8789,34.3146],[102.86647,34.293364],[102.828181,34.273471],[102.7959,34.2748],[102.782231,34.249599],[102.5963,34.153],[102.6538,34.1191],[102.6498,34.0787],[102.6021,34.1027],[102.4379,34.0882],[102.3871,33.9745],[102.312,33.9684],[102.3145,33.9954],[102.1318,33.9653],[102.2625,33.8464],[102.2367,33.7921],[102.32,33.7573],[102.2845,33.7181],[102.34,33.7231],[102.314,33.669],[102.3381,33.6129],[102.4764,33.5439],[102.4442,33.5307],[102.4596,33.48],[102.3936,33.4071],[102.2559,33.412],[102.2324,33.3882],[102.1863,33.3293],[102.2068,33.2268],[102.113,33.298],[102.0834,33.1994],[101.9788,33.2034],[101.964901,33.191398],[101.8667,33.1066],[101.841799,33.115909],[101.835458,33.166745],[101.8408,33.1857],[101.831749,33.196475],[101.7694,33.2707],[101.8757,33.3167],[101.8866,33.3876],[101.944,33.4425],[101.900867,33.538948],[101.9017,33.5557],[101.888263,33.567131],[101.8461,33.603],[101.83,33.5568],[101.7685,33.5482],[101.767603,33.521124],[101.7652,33.4486],[101.6993,33.4393],[101.6599,33.3855],[101.6477,33.325],[101.739,33.2696],[101.6318,33.1038],[101.483,33.2287],[101.3982,33.2261],[101.3811,33.1548],[101.2948,33.2642],[101.1825,33.2723],[101.126909,33.211142],[101.1146,33.1976],[101.143692,33.164755],[101.1673,33.0995],[101.1408,33.0835],[101.152743,33.072726],[101.1796,33.0485],[101.1841,32.988],[101.1272,32.991],[101.1196,32.9131],[101.219508,32.841555],[101.220121,32.775468],[101.198759,32.707187],[101.1099,32.6396],[101.081522,32.675498],[101.0748,32.684],[101.066123,32.679212],[100.926,32.6019],[100.888,32.6353],[100.6836,32.6769],[100.7191,32.6243],[100.6638,32.6251],[100.6638,32.526],[100.5422,32.575],[100.4341,32.7215],[100.3782,32.6997],[100.3951,32.756],[100.3324,32.7208],[100.2634,32.7449],[100.2112,32.6084],[100.1112,32.6445],[100.0862,32.6717],[100.1358,32.7329],[100.1098,32.8627],[100.0261,32.9017],[100.039,32.9319],[99.953,32.9539],[99.9059,33.0451],[99.8779,33.0458],[99.8551,32.9494],[99.7653,32.9426],[99.7911,32.8861],[99.7262,32.728],[99.6948,32.7714],[99.6023,32.7836],[99.5484,32.8474],[99.378,32.9034],[99.2654,32.8909],[99.1955,33.0356],[98.908744,33.136204],[98.847578,33.171166],[98.8031,33.2723],[98.7574,33.2825],[98.773224,33.356159],[98.7774,33.3756],[98.736,33.4093],[98.726465,33.490813],[98.7247,33.5059],[98.6533,33.5434],[98.6648,33.589],[98.628013,33.624504],[98.636759,33.644386],[98.6423,33.6457],[98.640364,33.652581],[98.636205,33.667362],[98.6349,33.672],[98.5827,33.7338],[98.4929,33.771],[98.4611,33.8506],[98.4073,33.8698],[98.4403,33.9876],[98.3911,34.0582],[98.402,34.0879],[98.211,34.0807],[98.0439,34.1174],[97.9025,34.211],[97.8104,34.2093],[97.698039,34.139027],[97.6658,34.1291],[97.66889,34.120797],[97.668405,34.120493],[97.670114,34.11751],[97.7023,34.0613],[97.694284,34.052563],[97.6545,34.0092],[97.6419,33.9258],[97.39641,33.887379],[97.3998,33.8521],[97.376981,33.83413],[97.387924,33.810473],[97.419817,33.741523],[97.4282,33.7234],[97.427072,33.71323],[97.4153,33.6071],[97.526,33.5758],[97.5105,33.5227],[97.5558,33.4654],[97.7538,33.4116],[97.6797,33.3481],[97.6228,33.3416],[97.5754,33.223],[97.4867,33.1702],[97.4847,33.1121],[97.5433,33.0382],[97.4999,33.0227],[97.5218,32.9901],[97.367592,32.945386],[97.3475,32.8974],[97.3879,32.8644],[97.3811,32.7951],[97.4227,32.7077],[97.7304,32.5298],[97.729099,32.52982],[98.0231,32.4549],[98.197639,32.352596],[98.219,32.2364],[98.4353,32.0028],[98.4329,31.9259],[98.3984,31.8984],[98.4139,31.8351],[98.5478,31.7166],[98.5546,31.6577],[98.6187,31.594],[98.8863,31.3785],[98.772,31.2518],[98.6931,31.3344],[98.6312,31.3335],[98.6009,31.1939],[98.6699,31.1586],[98.7359,31.0519],[98.7968,31.0137],[98.7797,30.8961],[98.9574,30.7673],[98.9597,30.7265],[98.9056,30.6858],[98.9731,30.4018],[98.9809,30.187],[99.0441,30.0818],[99.066,29.9349],[99.0125,29.8148],[98.9919,29.66],[99.0501,29.5683],[99.0657,29.3035],[99.1131,29.2243],[99.1111,29.2139],[99.1302,28.9482],[99.1075,28.8031],[99.1796,28.588],[99.174582,28.43621],[99.173963,28.417496],[99.1736,28.4065],[99.220661,28.355136],[99.3912,28.169],[99.4167,28.2727],[99.3919,28.3225],[99.4366,28.4113],[99.4025,28.4375],[99.4029,28.5507],[99.4616,28.5523],[99.4945,28.6173],[99.541,28.6294],[99.5307,28.684],[99.6168,28.7457],[99.6248,28.8165],[99.7123,28.8404],[99.7321,28.7229],[99.9495,28.5795],[99.995,28.4716],[100.0735,28.429],[100.0563,28.3726],[100.1719,28.3262],[100.1471,28.2938],[100.1865,28.2561],[100.1509,28.2099],[100.0288,28.1861],[100.0195,28.1492],[100.078153,28.075619],[100.0599,28.0868],[100.1864,27.9565],[100.1688,27.9003],[100.3079,27.8617],[100.2854,27.8124],[100.300977,27.759812],[100.29941,27.736752],[100.308923,27.732986],[100.3104,27.728],[100.315549,27.730363],[100.3749,27.7576],[100.4314,27.8682],[100.5527,27.8176],[100.6325,27.9183],[100.6785,27.9264],[100.7194,27.8616],[100.7076,27.8016],[100.7549,27.7726],[100.7893,27.6865],[100.8472,27.6752],[100.8258,27.6177],[100.8543,27.6272],[100.9127,27.5184],[100.8998,27.4578],[100.9356,27.4728],[101.0189,27.3468],[101.055019,27.212605],[101.0579,27.2019],[101.068674,27.2019],[101.1625,27.2019],[101.1665,27.1686],[101.1339,27.0264],[101.2643,26.9571],[101.2686,26.9055],[101.3631,26.8879],[101.3973,26.8469],[101.3551,26.7742],[101.3869,26.7265],[101.4532,26.734],[101.4494,26.7861],[101.5115,26.7743],[101.4515,26.6994],[101.4789,26.6762],[101.4619,26.613],[101.399717,26.597247],[101.398129,26.588438],[101.416595,26.551482],[101.48673,26.502038],[101.4874,26.5021],[101.490832,26.499146],[101.640846,26.370032],[101.6611,26.3526],[101.651116,26.338676],[101.6591,26.3143],[101.595725,26.290771],[101.596189,26.271994],[101.6284,26.2279],[101.7343,26.2235],[101.8074,26.1654],[101.7969,26.1152],[101.833566,26.089843],[101.833416,26.086455],[101.8322,26.059],[101.844494,26.066827],[101.9167,26.1128],[102.100647,26.071869],[102.1059,26.0707],[102.143832,26.109599],[102.244558,26.212892],[102.250693,26.219183],[102.55,26.366],[102.6303,26.3354],[102.6007,26.2567],[102.608134,26.251865],[102.617166,26.245991],[102.6742,26.2089],[102.691334,26.222383],[102.729132,26.252125],[102.774683,26.287967],[102.8783,26.3695],[102.893,26.3421],[102.988,26.3547],[102.988,26.4838],[103.0302,26.4898],[103.050622,26.528726],[103.0609,26.5361],[103.047352,26.547741],[103.030937,26.572855],[103.020053,26.622638],[103.0262,26.6661],[102.9792,26.8095],[102.888799,26.945946],[102.8697,27.0302],[102.912,27.1438],[102.8812,27.3006],[102.9534,27.4154],[102.9851,27.371],[103.1426,27.4292],[103.2175,27.5673],[103.2934,27.5729],[103.2826,27.6387],[103.4872,27.8004],[103.5002,27.914],[103.5619,27.9807],[103.5144,27.9689],[103.4839,28.0368],[103.4281,28.0493],[103.4522,28.127],[103.6286,28.2622],[103.7099,28.2006],[103.866866,28.309992],[103.8752,28.3158],[103.8569,28.366746],[103.828785,28.445017],[103.8104,28.4962],[103.792833,28.505628],[103.7798,28.5276],[103.784516,28.533079],[103.80935,28.561936],[103.8463,28.6691],[103.9422,28.6048],[104.0593,28.6309],[104.0985,28.6081],[104.2475,28.6671],[104.3122,28.6187],[104.3725,28.6527],[104.398848,28.640709],[104.407012,28.636994],[104.4215,28.6304],[104.410634,28.619058],[104.378121,28.585121],[104.353,28.5589],[104.2444,28.5268],[104.2891,28.3188],[104.3689,28.3395],[104.4037,28.2742],[104.4629,28.2495],[104.3975,28.2016],[104.4483,28.1785],[104.4489,28.1207],[104.3744,28.0559],[104.2973,28.0468],[104.5677,27.8453],[104.7394,27.9048],[104.878933,27.916181],[104.897666,27.937643],[104.9731,28.0654],[105.0428,28.1018],[105.1771,28.0704],[105.2572,28.1325],[105.3488,28.1467],[105.347331,28.164461],[105.343152,28.215012],[105.335,28.3136],[105.3006,28.3736],[105.323,28.4192],[105.29,28.4524],[105.1871,28.4485],[105.2337,28.5292],[105.201,28.5456],[105.1628,28.6544],[105.2111,28.6826],[105.2094,28.753],[105.2367,28.7729],[105.199373,28.890334],[105.197,28.8978],[105.174365,28.914719],[105.148504,28.939936],[105.1429,28.9454],[105.2649,28.9406],[105.2372,28.9628],[105.2651,29.0181],[105.1847,29.0269],[105.1852,29.0597],[105.254027,29.173169],[105.263,29.1921],[105.307,29.2605],[105.4161,29.3175],[105.4242,29.4214],[105.3712,29.429],[105.3856,29.4557],[105.3208,29.4507],[105.2899,29.5484],[105.3174,29.6123],[105.3701,29.6235],[105.3855,29.6783],[105.404364,29.678236],[105.4096,29.6866],[105.4203,29.6902],[105.418496,29.700628],[105.4309,29.679],[105.473632,29.681576],[105.475,29.7187],[105.486571,29.715214],[105.5301,29.7021],[105.603855,29.831835],[105.6135,29.8488],[105.652117,29.846491],[105.7292,29.8699],[105.6976,29.9309],[105.7451,30.0365],[105.6853,30.041],[105.586746,30.119004],[105.575,30.1283],[105.576901,30.13172],[105.5934,30.1614],[105.5507,30.1467],[105.544037,30.156333],[105.535825,30.168207],[105.5341,30.1707],[105.536454,30.171105],[105.57079,30.17701],[105.579712,30.178545],[105.63769,30.202894],[105.63302,30.225988],[105.6223,30.279],[105.6825,30.2558],[105.7314,30.2739],[105.713,30.3276],[105.8127,30.4397],[105.842078,30.402247],[105.8877,30.4135],[105.986865,30.377243],[106.090999,30.339169],[106.153,30.3165],[106.154183,30.312271],[106.176,30.2343],[106.2382,30.1815],[106.3055,30.2398],[106.4093,30.2459],[106.437,30.3124],[106.526869,30.303744],[106.585465,30.2981],[106.6083,30.2959],[106.624324,30.273517],[106.62872,30.267377],[106.6398,30.2519],[106.6065,30.231],[106.71074,30.077866],[106.745464,30.026854],[106.756731,30.02478],[106.838,30.0519],[106.9099,30.0278],[106.9814,30.0869],[107.037006,30.039688],[107.045609,30.0434],[107.073968,30.072193],[107.0776,30.1015],[107.2159,30.2163],[107.295877,30.357754],[107.302573,30.369597],[107.3551,30.4625],[107.5097,30.6436],[107.42,30.7426],[107.4883,30.8098],[107.4799,30.8402],[107.6066,30.8448],[107.6313,30.8153],[107.7117,30.8922],[107.7589,30.8197],[107.8452,30.7949],[107.9484,30.873],[107.9904,30.9115],[107.931,30.9333],[107.9369,30.9891],[107.9768,30.9842],[108.0492,31.043],[108.005,31.1109],[108.0879,31.1929],[108.0721,31.234],[108.0319,31.2206],[108.0161,31.2469],[108.1761,31.3266],[108.1496,31.3755],[108.2032,31.4004],[108.2188,31.4493],[108.1866,31.4927],[108.3342,31.5114],[108.4327,31.6341],[108.5321,31.6715],[108.5021,31.7371],[108.5311,31.7588],[108.3432,31.8616],[108.2567,31.9686],[108.3039,31.9997],[108.3659,31.9905],[108.3229,32.02],[108.3613,32.0384],[108.3447,32.0733],[108.438902,32.077851],[108.3648,32.1776],[108.4019,32.198],[108.5046,32.2042],[108.4656,32.2726],[108.3058,32.2345],[108.2373,32.2763],[108.176,32.2225],[108.157251,32.237092],[108.1384,32.2203],[108.0276,32.2228],[107.996187,32.162283],[107.9895,32.1494],[107.981105,32.15334],[107.94814,32.168812],[107.8297,32.2244],[107.7461,32.3392],[107.7112,32.3299],[107.707146,32.334911],[107.7016,32.3343],[107.6421,32.4153],[107.5271,32.3861],[107.452,32.4198],[107.4298,32.5409],[107.3719,32.5486],[107.2943,32.4904],[107.262645,32.410653],[107.2606,32.4055],[107.253839,32.411244],[107.2381,32.4123],[107.144929,32.481645],[107.1225,32.4805],[107.0676,32.5392],[107.088335,32.632109],[107.070497,32.684744],[107.048987,32.711785],[106.8672,32.7273],[106.7847,32.7],[106.7774,32.739],[106.7276,32.7409],[106.6588,32.6913],[106.636159,32.687647],[106.636011,32.687624],[106.61632,32.684447],[106.434478,32.63752],[106.4179,32.6191],[106.402865,32.629362],[106.3338,32.6765],[106.1087,32.7226],[106.0612,32.7841],[106.0966,32.7949],[106.089,32.8257],[106.0226,32.8589],[106.0083,32.8326],[105.9609,32.8515],[105.8279,32.8277],[105.7954,32.7577],[105.7444,32.7694],[105.593,32.7023],[105.4883,32.8849],[105.496561,32.894424],[105.521,32.9226]]]},"properties":{"country_key":"china","region_key":"sichuan","display_name":"四川省","country_display":"China","name":"Sichuan","keys":["china|sichuan","china|四川"],"legacy_region_key":"四川","geo_key":"china|sichuan","parent_geo_key":"china","region_id":"admin1|china|sichuan"}},{"type":"Feature","geometry":{"type":"MultiPolygon","coordinates":[[[[106.521047,25.072712],[106.5554,25.0877],[106.557163,25.086228],[106.57914,25.099655],[106.6452,25.1703],[106.889,25.1876],[106.9169,25.2513],[106.9927,25.2432],[107.0078,25.3578],[106.9618,25.4427],[107.0669,25.5156],[107.0615,25.5604],[107.1721,25.5773],[107.2031,25.6133],[107.2366,25.5956],[107.2288,25.5543],[107.3175,25.5014],[107.3059,25.4121],[107.4185,25.3887],[107.4007,25.3451],[107.4262,25.2874],[107.4827,25.2891],[107.4675,25.2171],[107.5886,25.2517],[107.6624,25.322],[107.6836,25.2005],[107.7589,25.2349],[107.7876,25.1481],[107.7641,25.1195],[108.1125,25.2145],[108.1534,25.3291],[108.1378,25.3914],[108.1881,25.4045],[108.1547,25.4437],[108.1908,25.4597],[108.2465,25.4321],[108.2393,25.4654],[108.284583,25.5077],[108.282501,25.5354],[108.284,25.5325],[108.3456,25.5378],[108.4251,25.4378],[108.4836,25.4598],[108.61303,25.327018],[108.6145,25.4015],[108.584,25.4254],[108.6086,25.48],[108.6293,25.4683],[108.6312,25.5227],[108.6835,25.5211],[108.6544,25.5779],[108.70561,25.624763],[108.7827,25.6243],[108.7771,25.5577],[108.807,25.5285],[108.8509,25.5584],[108.9458,25.5597],[109.0191,25.5152],[109.0711,25.5392],[109.0269,25.6377],[109.0736,25.7205],[109.0003,25.7379],[108.9421,25.6794],[108.9005,25.6831],[108.891,25.7156],[109.0077,25.7953],[109.0749,25.7795],[109.1122,25.8122],[109.1412,25.7452],[109.186356,25.778014],[109.2026,25.7416],[109.3367,25.7348],[109.3379,25.8407],[109.4232,25.916],[109.419,25.9732],[109.4749,26.0167],[109.471623,26.026704],[109.46555,26.045239],[109.4463,26.104],[109.501,26.1012],[109.5097,26.1324],[109.4319,26.2477],[109.4637,26.3164],[109.3366,26.2667],[109.2683,26.336],[109.4069,26.5438],[109.3739,26.6325],[109.2838,26.697],[109.4147,26.7273],[109.4608,26.7708],[109.5182,26.7526],[109.4922,26.8161],[109.5095,26.8839],[109.4791,26.9016],[109.4337,26.8643],[109.4341,26.8913],[109.5554,26.9578],[109.5231,26.9812],[109.5154,27.0624],[109.454,27.0856],[109.4683,27.1365],[109.3743,27.1588],[109.2596,27.1301],[109.2379,27.1525],[109.1587,27.0683],[109.0961,27.0743],[109.1285,27.1168],[109.118495,27.121277],[109.109125,27.12547],[109.1066,27.1266],[109.0218,27.1079],[108.9364,27.0505],[108.949,27.0228],[108.878666,27.007558],[108.867864,27.017665],[108.8696,27.0328],[108.7897,27.0908],[108.8817,27.1127],[108.8838,27.126],[108.9233,27.1673],[108.9021,27.2128],[109.0394,27.281],[109.0446,27.3299],[109.1001,27.3403],[109.1388,27.4242],[109.1039,27.4222],[109.1365,27.4511],[109.1596,27.4191],[109.2062,27.4601],[109.2895,27.4244],[109.2923,27.4801],[109.4583,27.57],[109.466094,27.656042],[109.453081,27.692367],[109.425326,27.71419],[109.401488,27.73024],[109.331,27.7777],[109.3441,27.8453],[109.296,27.9591],[109.3739,28.0376],[109.3401,28.065],[109.317784,28.050538],[109.303143,28.053914],[109.301741,28.068598],[109.322043,28.141844],[109.35062,28.221759],[109.3928,28.2712],[109.3305,28.2968],[109.3014,28.2768],[109.2681,28.3125],[109.263115,28.444647],[109.2616,28.4848],[109.2698,28.4979],[109.260961,28.495274],[109.186,28.473],[109.1436,28.4132],[109.1452,28.3466],[109.079,28.2616],[109.0974,28.2126],[109.075,28.1879],[109.033,28.2216],[108.9809,28.1668],[108.9178,28.2213],[108.8412,28.2029],[108.8176,28.2487],[108.756109,28.202985],[108.7529,28.2006],[108.7215,28.2838],[108.7664,28.318],[108.7771,28.4305],[108.71274,28.49389],[108.66962,28.481067],[108.645052,28.465868],[108.6933,28.4077],[108.6535,28.3711],[108.6641,28.3387],[108.5751,28.3477],[108.607,28.4405],[108.5694,28.5293],[108.6075,28.5465],[108.625492,28.638544],[108.5645,28.6664],[108.4724,28.6305],[108.329,28.6794],[108.3847,28.7937],[108.3484,28.8192],[108.31248,29.029989],[108.292583,29.085072],[108.2643,29.0927],[108.23,29.0305],[108.1931,29.0741],[108.1278,29.0564],[108.0647,29.0892],[108.018,29.0407],[107.9258,29.039],[107.8617,28.964],[107.8047,28.986],[107.8188,29.0361],[107.7803,29.0498],[107.8064,29.1407],[107.7485,29.2017],[107.6924,29.1458],[107.6199,29.1742],[107.5841,29.1522],[107.5648,29.2224],[107.476313,29.178925],[107.4669,29.1743],[107.458872,29.181783],[107.409543,29.189866],[107.403222,29.186159],[107.4232,29.1309],[107.4071,29.0972],[107.373093,29.096226],[107.391,29.0431],[107.370412,29.004995],[107.4351,28.9565],[107.3903,28.8614],[107.3286,28.8472],[107.323,28.8122],[107.2497,28.7961],[107.239,28.7655],[107.1855,28.8931],[107.0682,28.8695],[107.0642,28.8989],[107.013,28.889],[106.9796,28.8544],[106.9895,28.7748],[106.9466,28.7701],[106.9223,28.8129],[106.8283,28.7738],[106.855,28.6943],[106.8823,28.698],[106.8633,28.6295],[106.8079,28.5915],[106.7818,28.6285],[106.753,28.6132],[106.7755,28.566],[106.7246,28.5469],[106.7417,28.472],[106.7045,28.4539],[106.6286,28.5076],[106.5644,28.488],[106.5562,28.5187],[106.6116,28.5534],[106.6017,28.5963],[106.632,28.6144],[106.616,28.6498],[106.6471,28.6545],[106.4734,28.8279],[106.4507,28.7813],[106.524,28.6796],[106.4898,28.6046],[106.5204,28.5763],[106.4707,28.6025],[106.5014,28.5475],[106.4751,28.5333],[106.3921,28.5736],[106.3684,28.5291],[106.3359,28.536],[106.3446,28.587],[106.2247,28.8927],[106.1695,28.9243],[106.0443,28.9093],[106.0439,28.9535],[105.9808,28.9842],[105.9067,28.9023],[105.8723,28.9387],[105.7992,28.938],[105.794554,28.945977],[105.778184,28.974081],[105.7381,29.0429],[105.746764,29.062952],[105.7051,29.1808],[105.6873,29.2726],[105.7125,29.293],[105.6639,29.2561],[105.632,29.2833],[105.5145,29.2664],[105.4554,29.293],[105.4556,29.3308],[105.4161,29.3175],[105.307,29.2605],[105.263,29.1921],[105.254027,29.173169],[105.1852,29.0597],[105.1847,29.0269],[105.2651,29.0181],[105.2372,28.9628],[105.2649,28.9406],[105.1429,28.9454],[105.148504,28.939936],[105.174365,28.914719],[105.197,28.8978],[105.199373,28.890334],[105.2367,28.7729],[105.2094,28.753],[105.2111,28.6826],[105.1628,28.6544],[105.201,28.5456],[105.2337,28.5292],[105.1871,28.4485],[105.29,28.4524],[105.323,28.4192],[105.3006,28.3736],[105.335,28.3136],[105.343152,28.215012],[105.347331,28.164461],[105.3488,28.1467],[105.2572,28.1325],[105.1771,28.0704],[105.1833,28.0582],[105.182634,28.048993],[105.1791,28.0001],[105.2649,28.0018],[105.277,27.9728],[105.2772,27.9311],[105.229,27.8971],[105.2398,27.8254],[105.3121,27.8221],[105.2697,27.7989],[105.300691,27.719797],[105.305,27.7088],[105.304899,27.706839],[105.2983,27.7002],[105.3001,27.6141],[105.2407,27.5788],[105.2578,27.5174],[105.1886,27.3759],[105.1612,27.4137],[105.068,27.4229],[104.8686,27.2945],[104.8215,27.3554],[104.784,27.3227],[104.7495,27.3492],[104.6067,27.3107],[104.5399,27.3287],[104.495,27.4144],[104.3625,27.4707],[104.358264,27.465933],[104.2451,27.3386],[104.2518,27.2981],[104.1711,27.2667],[104.1277,27.3302],[104.0179,27.3804],[104.0132,27.4327],[103.9308,27.448],[103.862,27.2928],[103.8016,27.2708],[103.6935,27.1303],[103.6256,27.1207],[103.651395,27.074162],[103.6001,27.0629],[103.6125,27.0081],[103.621713,27.012748],[103.636429,27.020172],[103.6726,27.0548],[103.683195,27.043764],[103.7759,26.9472],[103.7777,26.879],[103.7009,26.8172],[103.7357,26.7318],[103.7662,26.7387],[103.765487,26.602148],[103.790835,26.567418],[103.838424,26.533585],[104.0486,26.5091],[104.1249,26.6471],[104.3463,26.6231],[104.4196,26.7147],[104.4654,26.6479],[104.4617,26.5985],[104.5538,26.5943],[104.5677,26.5436],[104.6279,26.4939],[104.6815,26.3726],[104.5397,26.256],[104.5176,26.0917],[104.4551,26.088],[104.46,25.989],[104.4121,25.9171],[104.428,25.822],[104.3621,25.7333],[104.3264,25.7661],[104.3143,25.6342],[104.3656,25.5868],[104.4179,25.5879],[104.434,25.476],[104.5546,25.5276],[104.549459,25.405903],[104.6436,25.3594],[104.6606,25.285],[104.7053,25.2998],[104.8163,25.265],[104.8201,25.1756],[104.7228,25.1978],[104.6698,25.0707],[104.7117,25.0015],[104.5379,24.8171],[104.5398,24.7588],[104.528198,24.739575],[104.522908,24.73081],[104.534841,24.731026],[104.5555,24.7314],[104.582237,24.706327],[104.7406,24.6238],[104.9013,24.7582],[105.0313,24.7912],[105.0378,24.8775],[105.208,24.9986],[105.2615,24.9345],[105.4245,24.9337],[105.4963,24.8108],[105.6031,24.8075],[105.7977,24.7053],[105.9387,24.7282],[106.0195,24.6356],[106.1941,24.8178],[106.1491,24.9636],[106.3035,24.9778],[106.521047,25.072712]]],[[[109.5333,26.7452],[109.5426,26.7212],[109.5933,26.7631],[109.5754,26.7728],[109.5333,26.7452]]]]},"properties":{"country_key":"china","region_key":"guizhou","display_name":"贵州省","country_display":"China","name":"Guizhou","keys":["china|guizhou","china|贵"],"legacy_region_key":"贵","geo_key":"china|guizhou","parent_geo_key":"china","region_id":"admin1|china|guizhou"}},{"type":"Feature","geometry":{"type":"Polygon","coordinates":[[[104.522908,24.73081],[104.528198,24.739575],[104.5398,24.7588],[104.5379,24.8171],[104.7117,25.0015],[104.6698,25.0707],[104.7228,25.1978],[104.8201,25.1756],[104.8163,25.265],[104.7053,25.2998],[104.6606,25.285],[104.6436,25.3594],[104.549459,25.405903],[104.5546,25.5276],[104.434,25.476],[104.4179,25.5879],[104.3656,25.5868],[104.3143,25.6342],[104.3264,25.7661],[104.3621,25.7333],[104.428,25.822],[104.4121,25.9171],[104.46,25.989],[104.4551,26.088],[104.5176,26.0917],[104.5397,26.256],[104.6815,26.3726],[104.6279,26.4939],[104.5677,26.5436],[104.5538,26.5943],[104.4617,26.5985],[104.4654,26.6479],[104.4196,26.7147],[104.3463,26.6231],[104.1249,26.6471],[104.0486,26.5091],[103.838424,26.533585],[103.790835,26.567418],[103.765487,26.602148],[103.7662,26.7387],[103.7357,26.7318],[103.7009,26.8172],[103.7777,26.879],[103.7759,26.9472],[103.683195,27.043764],[103.6726,27.0548],[103.636429,27.020172],[103.621713,27.012748],[103.6125,27.0081],[103.6001,27.0629],[103.651395,27.074162],[103.6256,27.1207],[103.6935,27.1303],[103.8016,27.2708],[103.862,27.2928],[103.9308,27.448],[104.0132,27.4327],[104.0179,27.3804],[104.1277,27.3302],[104.1711,27.2667],[104.2518,27.2981],[104.2451,27.3386],[104.358264,27.465933],[104.3625,27.4707],[104.495,27.4144],[104.5399,27.3287],[104.6067,27.3107],[104.7495,27.3492],[104.784,27.3227],[104.8215,27.3554],[104.8686,27.2945],[105.068,27.4229],[105.1612,27.4137],[105.1886,27.3759],[105.2578,27.5174],[105.2407,27.5788],[105.3001,27.6141],[105.2983,27.7002],[105.304899,27.706839],[105.305,27.7088],[105.300691,27.719797],[105.2697,27.7989],[105.3121,27.8221],[105.2398,27.8254],[105.229,27.8971],[105.2772,27.9311],[105.277,27.9728],[105.2649,28.0018],[105.1791,28.0001],[105.182634,28.048993],[105.1833,28.0582],[105.1771,28.0704],[105.0428,28.1018],[104.9731,28.0654],[104.897666,27.937643],[104.878933,27.916181],[104.7394,27.9048],[104.5677,27.8453],[104.2973,28.0468],[104.3744,28.0559],[104.4489,28.1207],[104.4483,28.1785],[104.3975,28.2016],[104.4629,28.2495],[104.4037,28.2742],[104.3689,28.3395],[104.2891,28.3188],[104.2444,28.5268],[104.353,28.5589],[104.378121,28.585121],[104.410634,28.619058],[104.4215,28.6304],[104.407012,28.636994],[104.398848,28.640709],[104.3725,28.6527],[104.3122,28.6187],[104.2475,28.6671],[104.0985,28.6081],[104.0593,28.6309],[103.9422,28.6048],[103.8463,28.6691],[103.80935,28.561936],[103.784516,28.533079],[103.7798,28.5276],[103.792833,28.505628],[103.8104,28.4962],[103.828785,28.445017],[103.8569,28.366746],[103.8752,28.3158],[103.866866,28.309992],[103.7099,28.2006],[103.6286,28.2622],[103.4522,28.127],[103.4281,28.0493],[103.4839,28.0368],[103.5144,27.9689],[103.5619,27.9807],[103.5002,27.914],[103.4872,27.8004],[103.2826,27.6387],[103.2934,27.5729],[103.2175,27.5673],[103.1426,27.4292],[102.9851,27.371],[102.9534,27.4154],[102.8812,27.3006],[102.912,27.1438],[102.8697,27.0302],[102.888799,26.945946],[102.9792,26.8095],[103.0262,26.6661],[103.020053,26.622638],[103.030937,26.572855],[103.047352,26.547741],[103.0609,26.5361],[103.050622,26.528726],[103.0302,26.4898],[102.988,26.4838],[102.988,26.3547],[102.893,26.3421],[102.8783,26.3695],[102.774683,26.287967],[102.729132,26.252125],[102.691334,26.222383],[102.6742,26.2089],[102.617166,26.245991],[102.608134,26.251865],[102.6007,26.2567],[102.6303,26.3354],[102.55,26.366],[102.250693,26.219183],[102.244558,26.212892],[102.143832,26.109599],[102.1059,26.0707],[102.100647,26.071869],[101.9167,26.1128],[101.844494,26.066827],[101.8322,26.059],[101.833416,26.086455],[101.833566,26.089843],[101.7969,26.1152],[101.8074,26.1654],[101.7343,26.2235],[101.6284,26.2279],[101.596189,26.271994],[101.595725,26.290771],[101.6591,26.3143],[101.651116,26.338676],[101.6611,26.3526],[101.640846,26.370032],[101.490832,26.499146],[101.4874,26.5021],[101.48673,26.502038],[101.416595,26.551482],[101.398129,26.588438],[101.399717,26.597247],[101.4619,26.613],[101.4789,26.6762],[101.4515,26.6994],[101.5115,26.7743],[101.4494,26.7861],[101.4532,26.734],[101.3869,26.7265],[101.3551,26.7742],[101.3973,26.8469],[101.3631,26.8879],[101.2686,26.9055],[101.2643,26.9571],[101.1339,27.0264],[101.1665,27.1686],[101.1625,27.2019],[101.068674,27.2019],[101.0579,27.2019],[101.055019,27.212605],[101.0189,27.3468],[100.9356,27.4728],[100.8998,27.4578],[100.9127,27.5184],[100.8543,27.6272],[100.8258,27.6177],[100.8472,27.6752],[100.7893,27.6865],[100.7549,27.7726],[100.7076,27.8016],[100.7194,27.8616],[100.6785,27.9264],[100.6325,27.9183],[100.5527,27.8176],[100.4314,27.8682],[100.3749,27.7576],[100.315549,27.730363],[100.3104,27.728],[100.308923,27.732986],[100.29941,27.736752],[100.300977,27.759812],[100.2854,27.8124],[100.3079,27.8617],[100.1688,27.9003],[100.1864,27.9565],[100.0599,28.0868],[100.078153,28.075619],[100.0195,28.1492],[100.0288,28.1861],[100.1509,28.2099],[100.1865,28.2561],[100.1471,28.2938],[100.1719,28.3262],[100.0563,28.3726],[100.0735,28.429],[99.995,28.4716],[99.9495,28.5795],[99.7321,28.7229],[99.7123,28.8404],[99.6248,28.8165],[99.6168,28.7457],[99.5307,28.684],[99.541,28.6294],[99.4945,28.6173],[99.4616,28.5523],[99.4029,28.5507],[99.4025,28.4375],[99.4366,28.4113],[99.3919,28.3225],[99.4167,28.2727],[99.3912,28.169],[99.220661,28.355136],[99.1736,28.4065],[99.173963,28.417496],[99.174582,28.43621],[99.1796,28.588],[99.1075,28.8031],[99.1302,28.9482],[99.1111,29.2139],[99.1131,29.2243],[98.9745,29.2077],[98.9617,29.1779],[99.0147,29.043],[98.9239,28.9778],[98.9129,28.9109],[98.9654,28.8773],[98.97,28.8317],[98.8389,28.8056],[98.8154,28.9504],[98.767,29.0092],[98.7039,28.9666],[98.6302,28.9761],[98.6814,28.7324],[98.5944,28.6837],[98.6348,28.5371],[98.6188,28.5029],[98.6748,28.4778],[98.6844,28.4393],[98.6951,28.433],[98.7518,28.344],[98.7138,28.309],[98.711,28.2325],[98.692738,28.21937],[98.692221,28.217167],[98.6231,28.1693],[98.5581,28.1871],[98.3953,28.1088],[98.3776,28.2497],[98.2893,28.3969],[98.205,28.3584],[98.259837,28.250128],[98.2637,28.2425],[98.1663,28.2111],[98.1688,28.1644],[98.1355,28.1444],[98.1591,28.0867],[98.1326,27.9895],[98.2005,27.9037],[98.1731,27.8446],[98.2225,27.8112],[98.2445,27.7405],[98.2224,27.7144],[98.2997,27.6324],[98.3201,27.5192],[98.3772,27.5111],[98.4289,27.5532],[98.4401,27.6668],[98.5319,27.6237],[98.5573,27.6486],[98.5967,27.5698],[98.6711,27.5869],[98.7038,27.5615],[98.6908,27.4279],[98.7404,27.3287],[98.6946,27.2015],[98.714,27.0797],[98.7662,27.039],[98.7333,27.0051],[98.7565,26.8821],[98.7302,26.855],[98.7635,26.8066],[98.7437,26.7027],[98.7795,26.6249],[98.7407,26.3872],[98.6719,26.2438],[98.7238,26.216],[98.7189,26.1328],[98.6643,26.0912],[98.6474,26.1475],[98.5726,26.1212],[98.6179,25.9724],[98.6815,25.9423],[98.7303,25.8368],[98.7109,25.8068],[98.7183,25.8561],[98.6321,25.8018],[98.5235,25.8423],[98.3986,25.602],[98.3108,25.5506],[98.248,25.6112],[98.1702,25.6251],[98.1807,25.5598],[98.1283,25.5115],[98.1509,25.4166],[98.1335,25.3859],[98.1005,25.3938],[98.0869,25.3405],[98.0077,25.3048],[97.9461,25.2215],[97.8383,25.2734],[97.7778,25.1253],[97.7196,25.0819],[97.73,24.9113],[97.7975,24.8501],[97.7004,24.843],[97.5464,24.7416],[97.5703,24.6034],[97.5313,24.4413],[97.6701,24.4547],[97.7148,24.3741],[97.6568,24.3241],[97.766,24.2619],[97.7259,24.2226],[97.7523,24.1659],[97.5275,23.9302],[97.644,23.8534],[97.6839,23.8836],[97.7072,23.8605],[97.7074,23.8887],[97.8254,23.9707],[97.897,23.9787],[97.9102,24.0195],[98.1058,24.0963],[98.5433,24.1305],[98.592,24.0812],[98.6977,24.1136],[98.7058,24.126],[98.8382,24.1298],[98.9104,24.1849],[98.8538,24.0621],[98.6724,23.964],[98.698,23.9527],[98.699,23.8369],[98.6708,23.8091],[98.7931,23.7796],[98.8476,23.6343],[98.8849,23.615],[98.8007,23.5371],[98.8289,23.4749],[98.8715,23.4878],[98.9136,23.4255],[98.9207,23.3611],[98.8726,23.3303],[98.9358,23.3148],[98.8905,23.1798],[99.0533,23.1668],[99.0453,23.1234],[99.1037,23.0909],[99.1975,23.1113],[99.2572,23.0779],[99.3318,23.1358],[99.5087,23.0765],[99.5098,23.1209],[99.511,23.0019],[99.559,22.9167],[99.527,22.8991],[99.4397,22.9357],[99.4532,22.849],[99.3957,22.8253],[99.3848,22.7652],[99.3254,22.7546],[99.3827,22.589],[99.3582,22.537],[99.378,22.4931],[99.2506,22.3963],[99.277,22.3484],[99.1745,22.1914],[99.1901,22.1671],[99.1549,22.1638],[99.2189,22.1142],[99.3499,22.0968],[99.4676,22.1334],[99.5158,22.1013],[99.6398,22.1055],[99.7052,22.0386],[99.7606,22.0708],[99.8473,22.0263],[99.874,22.0698],[99.96765,22.056504],[99.958,22.0376],[99.9967,21.9726],[99.9432,21.8251],[99.99,21.7073],[100.0413,21.669],[100.1123,21.7059],[100.1681,21.6664],[100.1071,21.5876],[100.1298,21.5072],[100.1676,21.486],[100.1918,21.5184],[100.2497,21.4673],[100.3499,21.5319],[100.4293,21.5418],[100.4706,21.4718],[100.5638,21.4531],[100.7277,21.5206],[100.8833,21.6841],[101.0138,21.7097],[101.1219,21.7746],[101.1152,21.6929],[101.153,21.6699],[101.1696,21.6054],[101.1381,21.5731],[101.2034,21.5599],[101.2194,21.4996],[101.1847,21.4183],[101.1411,21.4105],[101.2472,21.2936],[101.223,21.228],[101.2855,21.1814],[101.5402,21.2534],[101.6043,21.2324],[101.5989,21.1764],[101.669,21.1989],[101.6982,21.151],[101.7552,21.147],[101.7931,21.2108],[101.8341,21.2105],[101.8312,21.2552],[101.7496,21.2935],[101.7255,21.3527],[101.7368,21.4852],[101.7675,21.514],[101.7434,21.5794],[101.7918,21.5776],[101.8257,21.6204],[101.779,21.6432],[101.7472,21.7339],[101.7698,21.8359],[101.6996,21.9011],[101.6968,21.9427],[101.6062,21.9666],[101.6244,22.0129],[101.5729,22.1225],[101.5998,22.1302],[101.5939,22.1628],[101.547,22.2402],[101.6333,22.3161],[101.647,22.3346],[101.6699,22.4735],[101.7644,22.5082],[101.889,22.3865],[101.9035,22.4388],[101.9783,22.4291],[102.0228,22.4566],[102.1201,22.4392],[102.1438,22.4006],[102.1718,22.4321],[102.2631,22.4162],[102.254,22.4596],[102.3214,22.5486],[102.314393,22.558686],[102.3553,22.5667],[102.3465,22.5879],[102.4174,22.6409],[102.3926,22.6904],[102.5087,22.7814],[102.5724,22.7126],[102.6112,22.7339],[102.6525,22.6974],[102.6926,22.7058],[102.786,22.6288],[102.8662,22.6089],[102.9225,22.4994],[103.0293,22.448],[103.0785,22.4531],[103.0804,22.5103],[103.1823,22.558],[103.1665,22.6152],[103.2838,22.6856],[103.3239,22.812],[103.439,22.7608],[103.4583,22.6607],[103.53,22.5965],[103.5797,22.6639],[103.5626,22.7004],[103.6409,22.7977],[103.8747,22.5674],[103.9642,22.5056],[104.0059,22.5172],[104.0615,22.7532],[104.1187,22.8092],[104.271997,22.845236],[104.2701,22.7413],[104.3664,22.6919],[104.5718,22.8467],[104.6138,22.8165],[104.6305,22.8379],[104.7288,22.8238],[104.7707,22.9011],[104.861,22.9497],[104.7999,23.113],[104.8693,23.1258],[104.8819,23.1715],[104.9422,23.1545],[104.9652,23.2007],[105.0816,23.2646],[105.2345,23.266],[105.2547,23.3385],[105.3204,23.3912],[105.5302,23.188],[105.5447,23.1876],[105.541561,23.200608],[105.5263,23.2245],[105.533257,23.23502],[105.5831,23.3104],[105.647,23.3487],[105.6977,23.3326],[105.6471,23.4001],[105.8091,23.4686],[105.8377,23.5291],[105.9898,23.4937],[105.9956,23.449],[106.125368,23.565718],[106.129861,23.586233],[106.1601,23.7243],[106.1331,23.8003],[106.195,23.8312],[106.1695,23.8651],[106.1963,23.8695],[106.0832,23.9922],[106.08861,24.008797],[105.9963,24.1282],[105.9184,24.1238],[105.888878,24.049073],[105.8864,24.0428],[105.8469,24.0589],[105.7952,24.0263],[105.7978,24.0564],[105.7573,24.0746],[105.6438,24.0339],[105.6232,24.1316],[105.5933,24.1411],[105.5246,24.1294],[105.4916,24.0208],[105.4154,24.0308],[105.3125,24.1204],[105.2561,24.0637],[105.1744,24.1601],[105.2268,24.1677],[105.2418,24.2076],[105.1748,24.2556],[105.1965,24.3316],[105.1081,24.369],[105.1055,24.4164],[105.0502,24.4439],[104.9235,24.4106],[104.7642,24.4617],[104.7003,24.4224],[104.7236,24.3481],[104.6971,24.3202],[104.6068,24.3792],[104.612352,24.409015],[104.5772,24.4204],[104.555501,24.471757],[104.4777,24.6559],[104.5168,24.7307],[104.522908,24.73081]]]},"properties":{"country_key":"china","region_key":"yunnan","display_name":"云南省","country_display":"China","name":"Yunnan","keys":["china|yunnan","china|云南"],"legacy_region_key":"云南","geo_key":"china|yunnan","parent_geo_key":"china","region_id":"admin1|china|yunnan"}},{"type":"Feature","geometry":{"type":"Polygon","coordinates":[[[82.1466,30.2023],[82.2053,30.1582],[82.1756,30.0712],[82.3317,30.051],[82.4947,29.9541],[82.5596,29.9601],[82.6408,29.8781],[82.6246,29.8418],[82.6893,29.8548],[82.7298,29.8283],[82.6945,29.7679],[82.755,29.7681],[82.8343,29.6924],[82.9472,29.7129],[82.9545,29.6706],[83.0181,29.6715],[83.0767,29.6167],[83.1258,29.6319],[83.2702,29.5745],[83.2731,29.5115],[83.3407,29.4995],[83.3776,29.4293],[83.4176,29.4226],[83.4584,29.2913],[83.5789,29.1838],[83.6461,29.1674],[83.7172,29.2437],[83.7917,29.2498],[83.8202,29.3012],[83.9057,29.3264],[84.1056,29.2943],[84.1327,29.2415],[84.2001,29.2406],[84.1637,29.1843],[84.2054,29.1211],[84.1907,29.0488],[84.2481,29.0367],[84.2295,28.8946],[84.4039,28.861],[84.4411,28.7679],[84.4868,28.7385],[84.6276,28.734],[84.7022,28.6717],[84.698,28.6415],[84.8571,28.573],[84.9819,28.5931],[85.0573,28.6786],[85.1843,28.6455],[85.1839,28.5422],[85.1066,28.4647],[85.1271,28.3343],[85.204,28.3416],[85.2746,28.285],[85.3754,28.2796],[85.417,28.3254],[85.5094,28.331],[85.595,28.3013],[85.5979,28.2567],[85.6475,28.2886],[85.68,28.3812],[85.7132,28.3809],[85.752,28.2341],[85.8491,28.1768],[85.8993,28.0526],[85.9775,27.9942],[85.9493,27.9405],[85.9959,27.9139],[86.1238,27.9273],[86.0823,28.0095],[86.083,28.0891],[86.1232,28.0906],[86.1816,28.1711],[86.2223,28.0999],[86.2254,27.9799],[86.3351,27.9657],[86.4114,27.9093],[86.5095,27.9579],[86.564,28.1054],[86.6406,28.0699],[86.7193,28.103],[86.7603,28.0754],[86.7603,28.0354],[86.8669,28.0228],[86.9348,27.962],[87.0343,27.9481],[87.1163,27.8442],[87.1921,27.8172],[87.2692,27.8468],[87.3592,27.8245],[87.4252,27.8596],[87.4045,27.8297],[87.4453,27.8256],[87.5555,27.8657],[87.615,27.8099],[87.6544,27.8363],[87.6707,27.806],[87.7234,27.8056],[87.8412,27.9506],[87.8733,27.9119],[88.0375,27.9036],[88.1037,27.8686],[88.141,27.8801],[88.1202,27.916],[88.1448,27.9613],[88.2452,27.9727],[88.2592,27.9394],[88.3392,27.9862],[88.4068,27.9815],[88.5019,28.0446],[88.5523,28.0306],[88.5634,28.085],[88.6465,28.1134],[88.6783,28.0698],[88.7615,28.0724],[88.8394,28.0132],[88.8407,27.9283],[88.8878,27.8555],[88.8505,27.6722],[88.7697,27.5649],[88.7952,27.5325],[88.7819,27.4661],[88.8063,27.4095],[88.9142,27.3303],[88.9091,27.2749],[88.9788,27.2138],[89.0677,27.2455],[89.0696,27.2833],[89.1503,27.3207],[89.1786,27.3737],[89.0951,27.4741],[89.1039,27.5317],[89.1587,27.5679],[89.1303,27.634],[89.2269,27.7276],[89.2376,27.792],[89.3673,27.871],[89.4717,28.0121],[89.461,28.0342],[89.6012,28.1621],[89.7202,28.173],[89.7773,28.2003],[89.794,28.2445],[89.8652,28.2274],[89.9028,28.1832],[89.9788,28.1909],[90.0414,28.1384],[90.102,28.1426],[90.1229,28.192],[90.1887,28.1616],[90.2952,28.1574],[90.3764,28.0671],[90.4554,28.0491],[90.5179,28.0646],[90.5923,28.0245],[90.7013,28.0777],[90.7935,28.0461],[90.8444,27.9716],[90.9634,27.9556],[90.9629,27.9045],[91.0295,27.8607],[91.1158,27.8505],[91.166,27.9681],[91.2528,27.9742],[91.3147,28.0635],[91.4607,28.0077],[91.4883,27.9384],[91.616,27.8852],[91.5429,27.8329],[91.6103,27.8213],[91.6424,27.7657],[91.5596,27.6333],[91.5838,27.5444],[91.742,27.4656],[91.8349,27.493],[92.0079,27.4783],[92.0441,27.4295],[92.1251,27.2833],[92.0777,27.2566],[92.0231,27.1075],[92.1223,26.9621],[92.1054,26.857],[92.6307,26.9534],[92.8067,26.8961],[92.9088,26.9156],[93.0954,26.8801],[93.616,26.9522],[93.8333,27.0357],[93.8756,27.2111],[94.2405,27.5472],[94.2555,27.5617],[94.5288,27.5993],[94.8814,27.7423],[95.0037,27.8258],[95.2793,27.9362],[95.3956,28.1437],[95.8267,28.2945],[95.8755,28.2967],[95.9835,28.1996],[96.2717,28.2319],[96.2971,28.144],[96.3956,28.1247],[96.3969,28.1532],[96.456,28.1527],[96.5036,28.0677],[96.5718,28.066],[96.6836,27.9554],[96.7906,27.9322],[96.8527,27.8804],[96.9312,27.878],[97.002,27.8096],[97.0472,27.8215],[97.0528,27.7447],[97.0898,27.7419],[97.1021,27.7808],[97.2609,27.8989],[97.3115,27.9149],[97.3271,27.883],[97.3835,27.8829],[97.4103,28.0185],[97.3757,28.0674],[97.3065,28.0828],[97.3575,28.1619],[97.3478,28.2303],[97.4068,28.247],[97.4204,28.2961],[97.4649,28.2715],[97.4761,28.3125],[97.5162,28.3228],[97.482,28.3823],[97.5211,28.4457],[97.5081,28.496],[97.5699,28.5439],[97.7202,28.4953],[97.7398,28.3986],[97.7947,28.3326],[97.9159,28.3602],[98.0184,28.2598],[98.0116,28.2044],[98.0885,28.1985],[98.1355,28.1444],[98.1688,28.1644],[98.1663,28.2111],[98.2637,28.2425],[98.259837,28.250128],[98.205,28.3584],[98.2893,28.3969],[98.3776,28.2497],[98.3953,28.1088],[98.5581,28.1871],[98.6231,28.1693],[98.692221,28.217167],[98.692738,28.21937],[98.711,28.2325],[98.7138,28.309],[98.7518,28.344],[98.6951,28.433],[98.6844,28.4393],[98.6748,28.4778],[98.6188,28.5029],[98.6348,28.5371],[98.5944,28.6837],[98.6814,28.7324],[98.6302,28.9761],[98.7039,28.9666],[98.767,29.0092],[98.8154,28.9504],[98.8389,28.8056],[98.97,28.8317],[98.9654,28.8773],[98.9129,28.9109],[98.9239,28.9778],[99.0147,29.043],[98.9617,29.1779],[98.9745,29.2077],[99.1131,29.2243],[99.0657,29.3035],[99.0501,29.5683],[98.9919,29.66],[99.0125,29.8148],[99.066,29.9349],[99.0441,30.0818],[98.9809,30.187],[98.9731,30.4018],[98.9056,30.6858],[98.9597,30.7265],[98.9574,30.7673],[98.7797,30.8961],[98.7968,31.0137],[98.7359,31.0519],[98.6699,31.1586],[98.6009,31.1939],[98.6312,31.3335],[98.6931,31.3344],[98.772,31.2518],[98.8863,31.3785],[98.6187,31.594],[98.5546,31.6577],[98.5478,31.7166],[98.4139,31.8351],[98.3984,31.8984],[98.4329,31.9259],[98.4353,32.0028],[98.219,32.2364],[98.197639,32.352596],[98.0231,32.4549],[97.729099,32.52982],[97.5011,32.5333],[97.4472,32.5892],[97.3405,32.5589],[97.3349,32.5165],[97.3818,32.4999],[97.3399,32.4458],[97.3914,32.4231],[97.4173,32.3085],[97.3687,32.2753],[97.2932,32.2931],[97.2638,32.1864],[97.3073,32.0808],[97.2568,32.0748],[97.2179,32.1092],[97.2007,32.093],[97.2347,32.0486],[97.1861,32.0574],[97.166,32.0268],[96.9751,32.0692],[96.9347,32.0505],[96.9558,31.9966],[96.8945,32.0176],[96.8662,31.9676],[96.8223,32.0117],[96.7237,32.0263],[96.8108,31.8999],[96.7617,31.8689],[96.7645,31.823],[96.8406,31.7298],[96.7733,31.6757],[96.6755,31.7305],[96.6593,31.7078],[96.6151,31.7394],[96.5675,31.7144],[96.474,31.7709],[96.4122,31.8357],[96.3858,31.9256],[96.1874,31.9058],[96.2138,31.8758],[96.176,31.7777],[96.2314,31.7508],[96.245941,31.686928],[96.2505,31.6669],[96.2058,31.6007],[96.1621,31.6021],[96.1616,31.604958],[96.1468,31.6896],[96.0439,31.734],[95.9714,31.8203],[95.8984,31.819],[95.8238,31.6832],[95.7406,31.7639],[95.6169,31.7862],[95.5656,31.742],[95.5136,31.7504],[95.4529,31.8046],[95.4087,31.9176],[95.3599,31.9395],[95.3949,32.0039],[95.4532,32.0098],[95.4182,32.0468],[95.4527,32.0673],[95.4394,32.1598],[95.368,32.1825],[95.3653,32.1531],[95.3117,32.1512],[95.2618,32.2141],[95.2402,32.3226],[95.1053,32.2614],[95.078,32.2822],[95.096,32.3248],[95.2581,32.3514],[95.2224,32.3913],[95.0738,32.3783],[94.987,32.4251],[94.923,32.4116],[94.8909,32.4743],[94.817658,32.48959],[94.8042,32.4924],[94.793689,32.506767],[94.757713,32.555944],[94.7582,32.5575],[94.754251,32.560676],[94.6101,32.6766],[94.5935,32.631],[94.5309,32.5998],[94.4723,32.6119],[94.4609,32.5731],[94.3939,32.5961],[94.3673,32.5231],[94.1954,32.5164],[94.1795,32.4571],[94.1384,32.434],[94.0671,32.4704],[94.0111,32.4479],[93.9602,32.4864],[93.8667,32.4753],[93.823,32.549],[93.7172,32.5803],[93.6457,32.571],[93.5145,32.478],[93.4617,32.5577],[93.3813,32.5264],[93.241,32.6652],[93.1767,32.6724],[93.0657,32.6281],[93.0182,32.7389],[92.8727,32.6989],[92.6945,32.7657],[92.641655,32.725813],[92.5769,32.7441],[92.571,32.7346],[92.4574,32.766],[92.395845,32.75873],[92.355,32.7649],[92.316161,32.749318],[92.229298,32.739059],[92.212171,32.749032],[92.1931,32.805],[92.2289,32.8438],[92.1973,32.8697],[92.160423,32.879498],[92.141064,32.884642],[92.1352,32.8862],[91.9564,32.8216],[91.8373,32.9496],[91.6844,32.9915],[91.495,33.1112],[91.4294,33.0711],[91.225,33.1437],[91.1454,33.0742],[91.0699,33.1151],[90.9275,33.1236],[90.9004,33.0882],[90.8807,33.1227],[90.7013,33.1382],[90.4838,33.2688],[90.3619,33.2845],[90.242,33.4284],[90.0889,33.4718],[90.0787,33.5338],[89.9858,33.5876],[90.0061,33.6916],[89.9815,33.7264],[89.9047,33.7413],[89.9382,33.8053],[89.8358,33.8706],[89.7926,33.8665],[89.634,34.0441],[89.6924,34.1312],[89.7547,34.1263],[89.7578,34.1545],[89.814,34.1709],[89.826,34.2995],[89.8706,34.3405],[89.7977,34.3975],[89.8215,34.4556],[89.8132,34.5504],[89.7756,34.577],[89.7963,34.6287],[89.735653,34.659991],[89.726318,34.688094],[89.728209,34.707906],[89.769258,34.740366],[89.8668,34.8175],[89.812936,34.885761],[89.783,34.9237],[89.6203,34.8831],[89.572732,34.914454],[89.567831,34.923406],[89.5899,35.1091],[89.5104,35.1399],[89.4472,35.2267],[89.5265,35.2758],[89.4931,35.2959],[89.5067,35.3734],[89.6829,35.4171],[89.7628,35.4829],[89.6961,35.5391],[89.7093,35.5833],[89.7583,35.5855],[89.723,35.6487],[89.7996,35.8493],[89.5471,35.8575],[89.4209,35.9199],[89.4315,35.9944],[89.416749,36.006442],[89.4149,36.045],[89.473,36.0226],[89.537586,36.030621],[89.557264,36.033064],[89.5954,36.0378],[89.659657,36.073564],[89.6926,36.0919],[89.705299,36.092889],[89.5131,36.1408],[89.3605,36.2331],[89.2858,36.2359],[89.2437,36.2913],[89.1272,36.2513],[88.9686,36.3152],[88.9269,36.3609],[88.8431,36.3602],[88.7632,36.293],[88.7145,36.3556],[88.6141,36.392],[88.5845,36.461],[88.5038,36.4513],[88.481241,36.472528],[88.433452,36.477863],[88.369197,36.471569],[88.308226,36.465596],[88.216721,36.456633],[87.9673,36.4322],[87.9494,36.4009],[87.5624,36.34],[87.4631,36.3597],[87.4571,36.4109],[87.4221,36.4263],[87.36,36.421],[87.2968,36.3578],[87.1965,36.3532],[87.1421,36.2934],[87.0024,36.3021],[86.8903,36.2622],[86.861,36.3004],[86.7643,36.2981],[86.6125,36.2196],[86.5251,36.2291],[86.4983,36.199],[86.4379,36.227],[86.3631,36.1638],[86.2766,36.1724],[86.1842,36.1314],[86.1967,36.0325],[86.1299,35.9787],[86.0784,35.8623],[86.069574,35.85672],[85.9468,35.7791],[85.6877,35.7511],[85.6125,35.6539],[85.602067,35.651716],[85.587546,35.648677],[85.5609,35.6431],[85.538223,35.660576],[85.3719,35.7007],[85.2813,35.788],[85.060128,35.741802],[84.984,35.7259],[84.97649,35.731015],[84.960428,35.723086],[84.7603,35.6243],[84.4449,35.551],[84.4748,35.518],[84.4511,35.4745],[84.1728,35.3586],[84.0923,35.3636],[84.0623,35.4112],[84.0041,35.4221],[83.9189,35.4115],[83.8551,35.3595],[83.6795,35.364],[83.6156,35.3364],[83.2391,35.4244],[83.1777,35.3895],[83.1154,35.4009],[82.9819,35.5055],[82.965,35.6722],[82.7942,35.6908],[82.7316,35.6381],[82.6075,35.6983],[82.4616,35.7154],[82.4126,35.7096],[82.3934,35.6549],[82.3338,35.6543],[82.3506,35.6134],[82.3105,35.5429],[82.2682,35.5522],[82.1696,35.4868],[82.0312,35.4548],[82.0498,35.3493],[82.0106,35.3113],[81.6801,35.2355],[81.511,35.2361],[81.4406,35.3335],[81.3635,35.3541],[81.2136,35.3246],[81.1916,35.3661],[81.0962,35.3841],[81.0879,35.4098],[81.0304,35.3843],[81.0168,35.3163],[80.966,35.3112],[80.8566,35.3425],[80.6874,35.338],[80.6523,35.3986],[80.5119,35.3922],[80.4296,35.45],[80.3692,35.3877],[80.3027,35.3805],[80.2757,35.3298],[80.2705,35.2931],[80.3553,35.213],[80.2564,35.2045],[80.208,35.1247],[80.0284,35.0399],[80.0348,34.9049],[79.9884,34.8587],[79.9238,34.8525],[79.9415,34.8168],[79.8964,34.7339],[79.9055,34.6858],[79.8654,34.6728],[79.8864,34.6242],[79.845893,34.545469],[79.824439,34.503772],[79.806337,34.490283],[79.766305,34.481061],[79.628,34.4492],[79.5452,34.478],[79.2487,34.4191],[79.1574,34.449],[79.0776,34.4126],[79.0499,34.4289],[79.0087,34.4016],[79.02973,34.338193],[79.0351,34.322],[78.9737,34.316],[78.9205,34.1574],[78.8619,34.1651],[78.7483,34.0991],[78.6583,34.0867],[78.6499,34.0372],[78.7382,33.9973],[78.7754,33.7397],[78.6809,33.6605],[78.7504,33.6253],[78.7361,33.5636],[78.8377,33.4303],[79.0234,33.3239],[79.0711,33.2295],[79.1534,33.1831],[79.1356,33.1214],[79.1612,33.0139],[79.249,32.9423],[79.2229,32.7981],[79.2733,32.78],[79.2981,32.7305],[79.2695,32.6756],[79.3057,32.6009],[79.2514,32.5207],[79.1296,32.4707],[79.1006,32.3722],[79.0118,32.3743],[78.9704,32.3308],[78.7801,32.4786],[78.7751,32.614],[78.7332,32.7056],[78.3958,32.5371],[78.4681,32.4374],[78.4584,32.3779],[78.5093,32.3003],[78.4277,32.2142],[78.4515,32.1421],[78.5107,32.1466],[78.6033,32.0632],[78.5963,32.0327],[78.7676,31.9419],[78.6556,31.8207],[78.7548,31.6806],[78.7957,31.6808],[78.8424,31.6132],[78.7228,31.5026],[78.7893,31.4464],[78.7523,31.3718],[78.778,31.3204],[78.8329,31.2945],[78.8662,31.3155],[78.9865,31.1782],[78.9711,31.1169],[79.0106,31.0471],[79.091,31.0004],[79.181,31.0204],[79.225,30.9542],[79.3181,30.9637],[79.3145,31.0221],[79.4011,31.0747],[79.4304,31.0257],[79.5002,31.032],[79.6015,30.9322],[79.6739,30.9823],[79.8246,30.8559],[79.8869,30.8596],[79.8966,30.808],[79.9544,30.7825],[79.97,30.6926],[80.0949,30.5773],[80.2998,30.5734],[80.5438,30.4537],[80.6047,30.4736],[80.7151,30.4194],[80.8019,30.3319],[80.9981,30.2701],[81.1073,30.0948],[81.0981,30.0514],[81.1589,30.0114],[81.246,30.0126],[81.2925,30.1038],[81.2594,30.1533],[81.333,30.1528],[81.3924,30.202],[81.4233,30.4217],[81.544,30.3714],[81.5641,30.423],[81.6188,30.4158],[81.6243,30.4466],[82.0005,30.3253],[82.1017,30.3491],[82.1301,30.3051],[82.1058,30.2456],[82.1466,30.2023]]]},"properties":{"country_key":"china","region_key":"xizang","display_name":"西藏自治区","country_display":"China","name":"Xizang","keys":["china|xizang","china|西藏"],"legacy_region_key":"西藏","geo_key":"china|xizang","parent_geo_key":"china","region_id":"admin1|china|xizang"}},{"type":"Feature","geometry":{"type":"Polygon","coordinates":[[[109.434487,33.151829],[109.449629,33.169233],[109.4488,33.1711],[109.458986,33.179989],[109.513677,33.227711],[109.5265,33.2389],[109.6059,33.2331],[109.62,33.2729],[109.7075,33.2347],[109.8648,33.2503],[109.9776,33.2009],[110.1577,33.2127],[110.2259,33.1601],[110.4672,33.175],[110.5274,33.2567],[110.561431,33.244251],[110.5818,33.2368],[110.5892,33.1569],[110.6507,33.1515],[110.7053,33.096],[110.734,33.1421],[110.8166,33.1553],[110.8318,33.207],[110.9187,33.2103],[110.9882,33.254],[110.990173,33.257884],[110.9756,33.272],[111.0294,33.3351],[111.0041,33.5615],[111.008247,33.56217],[110.998253,33.573183],[110.9974,33.5797],[110.98766,33.584856],[110.8323,33.6671],[110.7761,33.794],[110.6056,33.8536],[110.588836,33.892497],[110.6717,33.9499],[110.6141,34.0375],[110.5801,34.0253],[110.5847,34.1014],[110.6378,34.1621],[110.4362,34.2417],[110.423,34.2892],[110.5014,34.341],[110.4712,34.4097],[110.4456,34.4028],[110.4243,34.4099],[110.418403,34.418956],[110.3584,34.5111],[110.3937,34.5645],[110.3614,34.567],[110.371144,34.598786],[110.303,34.6088],[110.291705,34.616905],[110.2343,34.6581],[110.234559,34.898275],[110.234592,34.928786],[110.2346,34.9358],[110.3328,35.0481],[110.3697,35.1409],[110.3643,35.2529],[110.4163,35.3487],[110.6082,35.5889],[110.5726,35.7378],[110.546,35.8754],[110.5059,35.88],[110.5113,35.9722],[110.445318,36.152941],[110.45502,36.276142],[110.477811,36.466181],[110.4981,36.4897],[110.4917,36.582],[110.394903,36.677606],[110.4326,36.6869],[110.4465,36.7272],[110.4162,36.7212],[110.4265,36.7482],[110.384698,36.771472],[110.386225,36.775277],[110.403,36.7766],[110.4185,36.8557],[110.3692,36.8803],[110.4016,36.8902],[110.4199,36.9549],[110.4138,36.9726],[110.3724,37.0179],[110.4439,37.0103],[110.4121,37.0336],[110.5211,37.1037],[110.6817,37.2823],[110.6943,37.3473],[110.6304,37.3636],[110.6359,37.4281],[110.7459,37.4564],[110.7896,37.5573],[110.7587,37.6403],[110.7904,37.6614],[110.6972,37.7112],[110.7487,37.7563],[110.6646,37.7949],[110.587,37.9228],[110.5173,37.9535],[110.5004,38.1842],[110.5564,38.2123],[110.577,38.3025],[110.6469,38.3054],[110.7466,38.3721],[110.7754,38.4446],[110.8727,38.4605],[110.8643,38.5093],[110.9016,38.5205],[110.915,38.5777],[110.8737,38.6231],[110.933895,38.724092],[110.9395,38.7287],[110.947162,38.746352],[111,38.835],[111.002212,38.873168],[111.004084,38.905468],[111.0055,38.9299],[110.9741,38.9714],[111.1304,39.0616],[111.2414,39.2992],[111.188012,39.328803],[111.1875,39.3463],[111.164006,39.342113],[111.147736,39.351135],[111.1486,39.3675],[111.121759,39.365538],[111.116164,39.368641],[111.111088,39.363139],[111.1045,39.356],[111.101308,39.360288],[111.093311,39.371031],[111.048,39.4319],[111.136715,39.544858],[111.129949,39.563111],[111.071685,39.566614],[110.979247,39.538067],[110.9538,39.5176],[110.878,39.5068],[110.6822,39.2676],[110.5946,39.2783],[110.5176,39.3819],[110.4932,39.3585],[110.4238,39.3779],[110.4221,39.3373],[110.3801,39.3091],[110.2634,39.4005],[110.2694,39.4252],[110.124,39.4464],[110.2062,39.2814],[109.9921,39.2078],[109.8776,39.2637],[109.8654,39.2417],[109.9549,39.191],[109.8914,39.1452],[109.9153,39.1023],[109.8513,39.123],[109.6674,38.9977],[109.6808,38.9365],[109.6217,38.8571],[109.5525,38.806],[109.5037,38.83],[109.3294,38.6884],[109.3578,38.6237],[109.319,38.5949],[109.2644,38.6166],[109.0472,38.4325],[109.0585,38.3983],[108.9711,38.2935],[108.9387,38.179],[109.0621,38.0938],[109.042,38.0549],[109.0629,38.0218],[108.9392,37.9205],[108.8708,38.0289],[108.7922,38.0515],[108.8241,37.9827],[108.793467,37.92311],[108.790567,37.87278],[108.7882,37.7012],[108.78028,37.694299],[108.770085,37.685416],[108.761,37.6775],[108.6312,37.6531],[108.5291,37.6908],[108.33,37.6316],[108.234,37.6651],[108.1434,37.6209],[108.133972,37.623128],[108.098259,37.631568],[108.0228,37.6494],[108.019747,37.658645],[107.9775,37.7866],[107.7376,37.8443],[107.685572,37.882702],[107.6451,37.8642],[107.6617,37.8368],[107.6237,37.7723],[107.546565,37.780169],[107.5345,37.7814],[107.4922,37.7643],[107.466,37.6866],[107.3807,37.6918],[107.4146,37.6495],[107.3096,37.6052],[107.3667,37.5782],[107.3431,37.521],[107.2806,37.4819],[107.2513,37.3336],[107.3035,37.2511],[107.2578,37.2242],[107.3337,37.1587],[107.302,37.1002],[107.2743,37.128],[107.2637,37.099],[107.2942,36.9346],[107.309954,36.929619],[107.4359,36.8898],[107.4814,36.914],[107.5308,36.8282],[107.6353,36.8186],[107.657112,36.830707],[107.6618,36.8308],[107.6888,36.8103],[107.9009,36.7452],[107.9327,36.6588],[108.002,36.6833],[108.0182,36.6482],[107.9965,36.6388],[108.063554,36.602667],[108.1316,36.566],[108.137733,36.570621],[108.2176,36.6308],[108.2028,36.5776],[108.2532,36.5482],[108.3447,36.5558],[108.4015,36.4453],[108.4912,36.4213],[108.5175,36.4628],[108.6283,36.4168],[108.6454,36.2426],[108.700636,36.116469],[108.6467,35.9441],[108.582,35.9502],[108.497,35.8862],[108.500742,35.876874],[108.5226,35.8224],[108.5138,35.6517],[108.6173,35.5409],[108.621318,35.539231],[108.618344,35.534027],[108.6197,35.5325],[108.6001,35.5021],[108.6334,35.3999],[108.5752,35.2918],[108.4422,35.2736],[108.3405,35.302],[108.2512,35.2567],[108.2177,35.3003],[108.1664,35.3064],[108.0399,35.2546],[108.003201,35.25526],[107.95534,35.256121],[107.862,35.2578],[107.7496,35.3041],[107.745516,35.30956],[107.7416,35.3113],[107.7055,35.2575],[107.664801,35.246024],[107.678442,35.212144],[107.7134,35.1781],[107.7184,35.1129],[107.8441,35.0251],[107.84905,35.007797],[107.851997,34.997497],[107.8546,34.9884],[107.829943,34.983458],[107.8154,34.9742],[107.6705,34.9515],[107.6348,34.9193],[107.6282,34.961],[107.613322,34.962957],[107.601564,34.964504],[107.5689,34.9688],[107.4936,34.9077],[107.2848,34.9395],[107.2182,34.8792],[107.0866,34.9725],[107.0809,35.0181],[106.8966,35.0965],[106.690261,35.090834],[106.573849,35.087638],[106.550427,35.086995],[106.5397,35.0867],[106.525938,35.062813],[106.489985,35.000412],[106.4788,34.981],[106.486878,34.962693],[106.529471,34.866168],[106.565293,34.784986],[106.4502,34.709],[106.4583,34.639],[106.4214,34.6552],[106.315584,34.584027],[106.3093,34.5798],[106.3401,34.56],[106.3293,34.5188],[106.478959,34.52472],[106.501041,34.514977],[106.579502,34.47059],[106.6341,34.3989],[106.7142,34.3726],[106.692248,34.306112],[106.683345,34.279148],[106.629193,34.264129],[106.550906,34.276749],[106.51088,34.2832],[106.5053,34.2841],[106.4839,34.252],[106.5371,34.2485],[106.5782,34.1432],[106.5563,34.1112],[106.4968,34.1126],[106.467,33.9706],[106.4065,33.9115],[106.4228,33.8703],[106.4907,33.8572],[106.4544,33.7937],[106.48,33.7119],[106.558725,33.647728],[106.5725,33.6365],[106.568563,33.612744],[106.562994,33.579132],[106.5552,33.5321],[106.541059,33.531218],[106.4654,33.5265],[106.444,33.6181],[106.4176,33.6236],[106.3437,33.5879],[106.2735,33.6067],[106.1827,33.5457],[106.1059,33.5708],[106.1271,33.5994],[106.0824,33.6191],[106.0239,33.5966],[105.9555,33.6159],[105.8405,33.5014],[105.8196,33.3826],[105.6998,33.3926],[105.7543,33.3231],[105.7472,33.2876],[105.9586,33.2123],[105.9665,33.1484],[105.9258,33.2014],[105.8912,33.1473],[105.9243,33.15],[105.926,33.0276],[105.916161,33.01479],[105.8644,32.9474],[105.8199,32.9591],[105.5887,32.8808],[105.521,32.9226],[105.496561,32.894424],[105.4883,32.8849],[105.593,32.7023],[105.7444,32.7694],[105.7954,32.7577],[105.8279,32.8277],[105.9609,32.8515],[106.0083,32.8326],[106.0226,32.8589],[106.089,32.8257],[106.0966,32.7949],[106.0612,32.7841],[106.1087,32.7226],[106.3338,32.6765],[106.402865,32.629362],[106.4179,32.6191],[106.434478,32.63752],[106.61632,32.684447],[106.636011,32.687624],[106.636159,32.687647],[106.6588,32.6913],[106.7276,32.7409],[106.7774,32.739],[106.7847,32.7],[106.8672,32.7273],[107.048987,32.711785],[107.070497,32.684744],[107.088335,32.632109],[107.0676,32.5392],[107.1225,32.4805],[107.144929,32.481645],[107.2381,32.4123],[107.253839,32.411244],[107.2606,32.4055],[107.262645,32.410653],[107.2943,32.4904],[107.3719,32.5486],[107.4298,32.5409],[107.452,32.4198],[107.5271,32.3861],[107.6421,32.4153],[107.7016,32.3343],[107.707146,32.334911],[107.7112,32.3299],[107.7461,32.3392],[107.8297,32.2244],[107.94814,32.168812],[107.981105,32.15334],[107.9895,32.1494],[107.996187,32.162283],[108.0276,32.2228],[108.1384,32.2203],[108.157251,32.237092],[108.176,32.2225],[108.2373,32.2763],[108.3058,32.2345],[108.4656,32.2726],[108.5046,32.2042],[108.6698,32.1048],[108.7278,32.1096],[108.876307,32.001289],[109.0348,31.963],[109.1615,31.8782],[109.1885,31.8217],[109.2704,31.8021],[109.2493,31.7685],[109.28456,31.720749],[109.5796,31.7285],[109.597,31.7989],[109.6344,31.8077],[109.5787,31.8961],[109.6248,31.946],[109.5814,32.0305],[109.6181,32.1002],[109.5878,32.1351],[109.6036,32.2047],[109.4876,32.2955],[109.5127,32.3354],[109.4976,32.3939],[109.5801,32.5157],[109.6347,32.5403],[109.6212,32.5993],[109.9222,32.5925],[110.0294,32.545],[110.0895,32.5871],[110.0866,32.6214],[110.1482,32.5915],[110.2012,32.6377],[110.149,32.6804],[110.1584,32.7637],[110.129776,32.799575],[110.111097,32.822984],[110.078648,32.839791],[109.8648,32.9149],[109.7842,32.8849],[109.7608,32.9107],[109.7966,33.0685],[109.6817,33.1178],[109.501123,33.135387],[109.463,33.1391],[109.459713,33.146508],[109.4374,33.1525],[109.434487,33.151829]]]},"properties":{"country_key":"china","region_key":"shaanxi","display_name":"陕西省","country_display":"China","name":"Shaanxi","keys":["china|shaanxi","china|陕西"],"legacy_region_key":"陕西","geo_key":"china|shaanxi","parent_geo_key":"china","region_id":"admin1|china|shaanxi"}},{"type":"Feature","geometry":{"type":"Polygon","coordinates":[[[97.1717,42.7945],[96.9777,42.7543],[96.3848,42.7254],[96.324121,42.694223],[96.0226,42.5393],[95.9779,42.4352],[96.0651,42.4128],[96.0401,42.3249],[96.1776,42.2163],[96.0761,42.1479],[96.1365,42.0178],[96.042345,41.928947],[95.8571,41.8491],[95.5701,41.7938],[95.3601,41.6683],[95.2963,41.565],[95.1356,41.7714],[94.8611,41.6672],[94.7489,41.5368],[94.533,41.5045],[94.100006,41.181222],[94.0093,41.1135],[93.8061,40.876],[93.8197,40.7928],[93.7593,40.664],[92.9273,40.572],[92.9058,40.3101],[92.7953,40.1532],[92.6388,39.5138],[92.5252,39.3692],[92.3385,39.2374],[92.3557,39.0636],[92.403541,39.025374],[92.415575,39.038224],[92.4237,39.0469],[92.4595,39.0429],[92.4938,39.1018],[92.9373,39.1685],[93.0455,39.1464],[93.114,39.1791],[93.1408,39.1594],[93.1314,39.1064],[93.1966,39.0455],[93.1792,38.9228],[93.2807,38.8937],[93.7303,38.9237],[93.8835,38.8675],[93.883,38.826],[93.7548,38.8073],[93.7988,38.7505],[93.8742,38.7204],[94.3697,38.7616],[94.5505,38.3503],[94.9715,38.4303],[95.1226,38.4134],[95.2674,38.2973],[95.3172,38.3201],[95.4532,38.2914],[95.6879,38.3971],[95.8199,38.3542],[95.8562,38.2838],[95.8988,38.288],[96.0431,38.1801],[96.1915,38.149],[96.2354,38.17],[96.2633,38.145],[96.3126,38.1619],[96.339,38.255],[96.3961,38.2807],[96.6653,38.2221],[96.6261,38.3555],[96.6985,38.4576],[96.6576,38.4886],[96.7891,38.5142],[96.7601,38.5469],[96.812,38.5681],[96.7944,38.6078],[96.9277,38.5548],[97.0554,38.5931],[97.0518,38.6802],[97.0162,38.686],[97.0218,38.7552],[96.9873,38.7918],[96.9891,38.8858],[96.9402,38.9066],[96.9605,39.0749],[97.0124,39.1415],[96.962,39.1976],[97.2112,39.1968],[97.3454,39.1747],[97.4316,39.1255],[97.4446,39.1124],[97.6853,39.0053],[97.6851,38.9696],[98.0117,38.8588],[98.0932,38.7849],[98.2471,38.8814],[98.2367,38.9227],[98.2955,39.0388],[98.3813,39.0324],[98.4425,38.9635],[98.5879,38.9303],[98.7426,39.0856],[98.8119,39.0869],[98.9347,38.9941],[99.0967,38.9562],[99.0635,38.9052],[99.3494,38.7367],[99.4266,38.6242],[99.5091,38.6098],[99.5269,38.547],[99.6764,38.4299],[100.1803,38.2199],[100.1673,38.3205],[99.9993,38.4675],[100.0608,38.5198],[100.2382,38.4419],[100.247,38.3733],[100.2974,38.3881],[100.3221,38.3244],[100.4182,38.3077],[100.4298,38.2723],[100.7112,38.2534],[100.8429,38.1477],[100.9102,38.1781],[100.9369,38.1602],[100.886,38.0538],[100.9012,38.0081],[100.9762,38.0074],[101.101,37.9465],[101.168528,37.863055],[101.171,37.86],[101.3539,37.7897],[101.4361,37.8668],[101.577485,37.832442],[101.6684,37.7566],[101.6574,37.7319],[101.788,37.6959],[101.814,37.6535],[101.9291,37.7216],[101.9968,37.7258],[102.0348,37.6247],[102.1273,37.5427],[102.1012,37.4816],[102.304859,37.372472],[102.4263,37.3074],[102.4878,37.223],[102.6021,37.1712],[102.6405,37.0999],[102.4852,37.0785],[102.499593,37.035847],[102.502326,37.019623],[102.4488,36.9686],[102.5595,36.9192],[102.7171,36.7694],[102.717129,36.769398],[102.7186,36.768],[102.718241,36.767898],[102.718213,36.76789],[102.7182,36.7679],[102.6154,36.7403],[102.614941,36.738493],[102.609729,36.717984],[102.603,36.6915],[102.607623,36.68814],[102.7626,36.5755],[102.7425,36.5393],[102.777894,36.511362],[102.777571,36.510229],[102.7916,36.4986],[102.7648,36.4654],[102.8241,36.4051],[102.8386,36.3389],[102.8951,36.3325],[103.062234,36.21191],[103.0689,36.2071],[102.9851,36.1941],[102.9398,36.1062],[102.88,36.0834],[102.9735,36.0371],[102.9484,35.837],[102.7821,35.8622],[102.695749,35.78084],[102.696653,35.746647],[102.8052,35.5597],[102.7269,35.5239],[102.7811,35.5287],[102.7423,35.4941],[102.5293,35.5815],[102.496,35.5725],[102.436,35.4557],[102.4483,35.4498],[102.4007,35.4096],[102.30492,35.423434],[102.292,35.4253],[102.289265,35.400811],[102.286934,35.379936],[102.2854,35.3662],[102.3167,35.3432],[102.2761,35.3057],[102.3683,35.2614],[102.4047,35.1804],[102.3403,35.1601],[102.2785,35.0584],[102.2169,35.0607],[102.0928,34.9881],[102.0506,34.9337],[102.0578,34.8892],[101.9161,34.8753],[101.9326,34.5894],[101.9728,34.5495],[102.1539,34.5091],[102.2575,34.3571],[102.1865,34.3561],[102.1451,34.273],[102.0655,34.2938],[102.0618,34.2317],[102.0116,34.2213],[102.028,34.1917],[102.0012,34.1627],[101.9639,34.1694],[101.9559,34.1098],[101.8476,34.1548],[101.8386,34.1267],[101.786,34.1331],[101.7101,34.0873],[101.7024,34.1205],[101.6673,34.1139],[101.5803,34.1969],[101.3298,34.2532],[101.2272,34.3005],[101.2264,34.3313],[101.0517,34.327],[100.9496,34.3848],[100.8241,34.3214],[100.7653,34.1761],[100.8704,34.0848],[100.9956,33.8921],[101.1527,33.845],[101.1891,33.7922],[101.1646,33.6623],[101.232,33.6869],[101.385,33.6466],[101.5388,33.6973],[101.601754,33.624016],[101.6162,33.6072],[101.6191,33.56648],[101.638363,33.502589],[101.752652,33.51898],[101.767603,33.521124],[101.7685,33.5482],[101.83,33.5568],[101.8461,33.603],[101.888263,33.567131],[101.9017,33.5557],[101.900867,33.538948],[101.944,33.4425],[101.8866,33.3876],[101.8757,33.3167],[101.7694,33.2707],[101.831749,33.196475],[101.8408,33.1857],[101.835458,33.166745],[101.841799,33.115909],[101.8667,33.1066],[101.964901,33.191398],[101.9788,33.2034],[102.0834,33.1994],[102.113,33.298],[102.2068,33.2268],[102.1863,33.3293],[102.2324,33.3882],[102.2559,33.412],[102.3936,33.4071],[102.4596,33.48],[102.4442,33.5307],[102.4764,33.5439],[102.3381,33.6129],[102.314,33.669],[102.34,33.7231],[102.2845,33.7181],[102.32,33.7573],[102.2367,33.7921],[102.2625,33.8464],[102.1318,33.9653],[102.3145,33.9954],[102.312,33.9684],[102.3871,33.9745],[102.4379,34.0882],[102.6021,34.1027],[102.6498,34.0787],[102.6538,34.1191],[102.5963,34.153],[102.782231,34.249599],[102.7959,34.2748],[102.828181,34.273471],[102.86647,34.293364],[102.8789,34.3146],[102.898529,34.31002],[102.9569,34.2964],[102.9706,34.1984],[103.1136,34.1768],[103.1208,34.1124],[103.1763,34.0817],[103.1165,34.0364],[103.1571,34.0058],[103.1259,33.9303],[103.1837,33.9041],[103.1583,33.807],[103.2691,33.8115],[103.3307,33.7438],[103.4309,33.7454],[103.4775,33.8125],[103.5182,33.8118],[103.5389,33.675],[103.624184,33.721948],[103.631,33.7257],[103.7639,33.6575],[103.8664,33.6888],[104.078916,33.667224],[104.1087,33.6642],[104.144693,33.627506],[104.166775,33.604993],[104.1754,33.5962],[104.16894,33.580981],[104.176683,33.495101],[104.202668,33.441102],[104.231172,33.407021],[104.2497,33.4095],[104.2935,33.3325],[104.3724,33.3498],[104.400778,33.338061],[104.423454,33.32868],[104.4338,33.3244],[104.4098,33.3211],[104.3,33.3048],[104.3799,33.1086],[104.3307,33.0454],[104.4225,33.0293],[104.415896,33.019376],[104.368,32.9474],[104.292927,32.941122],[104.28395,32.929378],[104.257425,32.894678],[104.2748,32.8934],[104.288414,32.87202],[104.291,32.8388],[104.296817,32.83755],[104.3645,32.823],[104.4544,32.751],[104.575048,32.725575],[104.633844,32.669874],[104.6411,32.663],[104.697629,32.675166],[104.7361,32.6382],[104.8265,32.6651],[104.8826,32.605],[105.0276,32.6526],[105.109,32.5963],[105.131352,32.604611],[105.144296,32.609424],[105.1999,32.6301],[105.2143,32.665],[105.2875,32.6568],[105.4463,32.7347],[105.395041,32.856669],[105.414468,32.916022],[105.427067,32.93103],[105.447854,32.929164],[105.521,32.9226],[105.5887,32.8808],[105.8199,32.9591],[105.8644,32.9474],[105.916161,33.01479],[105.926,33.0276],[105.9243,33.15],[105.8912,33.1473],[105.9258,33.2014],[105.9665,33.1484],[105.9586,33.2123],[105.7472,33.2876],[105.7543,33.3231],[105.6998,33.3926],[105.8196,33.3826],[105.8405,33.5014],[105.9555,33.6159],[106.0239,33.5966],[106.0824,33.6191],[106.1271,33.5994],[106.1059,33.5708],[106.1827,33.5457],[106.2735,33.6067],[106.3437,33.5879],[106.4176,33.6236],[106.444,33.6181],[106.4654,33.5265],[106.541059,33.531218],[106.5552,33.5321],[106.562994,33.579132],[106.568563,33.612744],[106.5725,33.6365],[106.558725,33.647728],[106.48,33.7119],[106.4544,33.7937],[106.4907,33.8572],[106.4228,33.8703],[106.4065,33.9115],[106.467,33.9706],[106.4968,34.1126],[106.5563,34.1112],[106.5782,34.1432],[106.5371,34.2485],[106.4839,34.252],[106.5053,34.2841],[106.51088,34.2832],[106.550906,34.276749],[106.629193,34.264129],[106.683345,34.279148],[106.692248,34.306112],[106.7142,34.3726],[106.6341,34.3989],[106.579502,34.47059],[106.501041,34.514977],[106.478959,34.52472],[106.3293,34.5188],[106.3401,34.56],[106.3093,34.5798],[106.315584,34.584027],[106.4214,34.6552],[106.4583,34.639],[106.4502,34.709],[106.565293,34.784986],[106.529471,34.866168],[106.486878,34.962693],[106.4788,34.981],[106.489985,35.000412],[106.525938,35.062813],[106.5397,35.0867],[106.550427,35.086995],[106.573849,35.087638],[106.690261,35.090834],[106.8966,35.0965],[107.0809,35.0181],[107.0866,34.9725],[107.2182,34.8792],[107.2848,34.9395],[107.4936,34.9077],[107.5689,34.9688],[107.601564,34.964504],[107.613322,34.962957],[107.6282,34.961],[107.6348,34.9193],[107.6705,34.9515],[107.8154,34.9742],[107.829943,34.983458],[107.8546,34.9884],[107.851997,34.997497],[107.84905,35.007797],[107.8441,35.0251],[107.7184,35.1129],[107.7134,35.1781],[107.678442,35.212144],[107.664801,35.246024],[107.7055,35.2575],[107.7416,35.3113],[107.745516,35.30956],[107.7496,35.3041],[107.862,35.2578],[107.95534,35.256121],[108.003201,35.25526],[108.0399,35.2546],[108.1664,35.3064],[108.2177,35.3003],[108.2512,35.2567],[108.3405,35.302],[108.4422,35.2736],[108.5752,35.2918],[108.6334,35.3999],[108.6001,35.5021],[108.6197,35.5325],[108.618344,35.534027],[108.621318,35.539231],[108.6173,35.5409],[108.5138,35.6517],[108.5226,35.8224],[108.500742,35.876874],[108.497,35.8862],[108.582,35.9502],[108.6467,35.9441],[108.700636,36.116469],[108.6454,36.2426],[108.6283,36.4168],[108.5175,36.4628],[108.4912,36.4213],[108.4015,36.4453],[108.3447,36.5558],[108.2532,36.5482],[108.2028,36.5776],[108.2176,36.6308],[108.137733,36.570621],[108.1316,36.566],[108.063554,36.602667],[107.9965,36.6388],[108.0182,36.6482],[108.002,36.6833],[107.9327,36.6588],[107.9009,36.7452],[107.6888,36.8103],[107.6618,36.8308],[107.657112,36.830707],[107.6353,36.8186],[107.5308,36.8282],[107.4814,36.914],[107.4359,36.8898],[107.309954,36.929619],[107.2942,36.9346],[107.2637,37.099],[107.244779,37.108186],[107.1776,37.1408],[107.0895,37.1167],[107.0259,37.1402],[106.9921,37.1058],[106.9019,37.1511],[106.8915,37.1],[106.7763,37.1583],[106.7519,37.1011],[106.6134,37.1347],[106.6624,37.0172],[106.6373,37.0118],[106.6389,36.9626],[106.5908,36.969],[106.5793,36.9355],[106.5376,36.9696],[106.6063,36.8803],[106.6358,36.8822],[106.6539,36.8115],[106.6277,36.7353],[106.5103,36.7159],[106.5264,36.6897],[106.4873,36.6861],[106.46734,36.628407],[106.4407,36.6248],[106.442119,36.616336],[106.4516,36.5598],[106.3576,36.571],[106.402121,36.51049],[106.4285,36.5178],[106.5185,36.4778],[106.4881,36.4229],[106.49417,36.414766],[106.5269,36.3709],[106.5031,36.37],[106.5057,36.3009],[106.4657,36.3119],[106.493109,36.276949],[106.4995,36.2688],[106.5366,36.254],[106.5555,36.2923],[106.5903,36.2706],[106.6049,36.2906],[106.7676,36.2127],[106.8342,36.2216],[106.9531,36.0921],[106.924,36.0118],[106.9454,35.9915],[106.915301,35.955308],[106.9414,35.941],[106.8504,35.8911],[106.925,35.8077],[106.8899,35.8132],[106.9092,35.7715],[106.871,35.7794],[106.8585,35.7363],[106.8195,35.7462],[106.8004,35.709],[106.7627,35.7302],[106.7482,35.6886],[106.5926,35.7465],[106.487,35.7355],[106.4298,35.6889],[106.4742,35.5757],[106.4355,35.5247],[106.485,35.4842],[106.4986,35.3547],[106.4695,35.3118],[106.363,35.2706],[106.3594,35.2386],[106.2514,35.335],[106.2361,35.4077],[106.1666,35.4352],[106.0978,35.3802],[106.0642,35.4554],[106.091,35.5104],[106.0174,35.4949],[106.0115,35.5225],[105.8832,35.5478],[105.8313,35.496],[105.8125,35.576],[105.6886,35.6838],[105.7501,35.7323],[105.666,35.7515],[105.5605,35.689],[105.5418,35.7299],[105.473844,35.723671],[105.4779,35.7275],[105.468544,35.74404],[105.4262,35.8189],[105.3813,35.7942],[105.3696,35.847],[105.3956,35.8577],[105.321,35.9065],[105.3296,36],[105.405582,36.08113],[105.4875,36.1013],[105.5107,36.1472],[105.498316,36.164639],[105.50448,36.200742],[105.4832,36.1912],[105.459117,36.23238],[105.4739,36.2916],[105.3966,36.369],[105.4154,36.3776],[105.3946,36.4306],[105.3619,36.4345],[105.3576,36.4976],[105.2454,36.5476],[105.27,36.5776],[105.203018,36.69779],[105.212889,36.710953],[105.301308,36.748846],[105.3269,36.752],[105.327452,36.760051],[105.328724,36.778614],[105.3303,36.8016],[105.286891,36.845611],[105.25821,36.874691],[105.2366,36.8966],[105.203929,36.893299],[105.186115,36.899406],[105.1616,36.9946],[104.957619,37.038345],[104.929104,37.078773],[104.8545,37.2101],[104.828226,37.221792],[104.7736,37.2461],[104.660357,37.20958],[104.61182,37.22537],[104.607028,37.230241],[104.6181,37.2961],[104.681189,37.318578],[104.711,37.3292],[104.699853,37.335628],[104.6647,37.3559],[104.6705,37.4106],[104.4568,37.4194],[104.4331,37.4458],[104.1795,37.4069],[103.8672,37.6066],[103.839654,37.631737],[103.6717,37.785],[103.3975,37.8614],[103.3478,38.0569],[103.3607,38.0865],[103.5501,38.1595],[103.4118,38.4045],[103.8594,38.6463],[104.0321,38.8919],[104.1692,38.9391],[104.2002,39.084],[104.1742,39.1543],[104.0443,39.2966],[104.0874,39.4193],[103.8478,39.4607],[103.358,39.3337],[103.0101,39.0985],[102.6023,39.1728],[102.4541,39.255],[101.8297,39.0914],[102.0715,38.8905],[101.9373,38.8121],[101.7733,38.6588],[101.6772,38.6902],[101.6037,38.6481],[101.601996,38.650509],[101.5578,38.713],[101.3058,38.7881],[101.331,38.8475],[101.2378,38.8588],[101.1965,38.9481],[101.2266,39.0212],[100.9615,38.9437],[100.9578,39.0057],[100.9001,39.0301],[100.8805,38.9957],[100.8288,39.0276],[100.8268,39.0728],[100.8665,39.1097],[100.8298,39.4041],[100.4968,39.3998],[100.4978,39.4803],[100.3236,39.5083],[100.3108,39.6081],[100.2624,39.6767],[99.9037,39.7874],[99.813207,39.863481],[99.802426,39.865455],[99.470253,39.882315],[99.441,39.8838],[99.5334,39.8909],[99.7497,40.006],[99.8801,40.0301],[99.9868,40.1861],[100.1679,40.2766],[100.168,40.5402],[100.241,40.6176],[100.2357,40.7157],[100.1062,40.8741],[100.0554,40.9066],[99.6716,40.9318],[99.5646,40.8457],[99.1732,40.8571],[99.1716,40.7461],[99.1005,40.6752],[99.0403,40.6926],[98.9839,40.7818],[98.79,40.7045],[98.8022,40.6068],[98.702,40.6727],[98.6678,40.7719],[98.5695,40.746],[98.6274,40.6771],[98.3434,40.5673],[98.3323,40.9178],[97.9715,41.0967],[97.6156,41.4638],[97.8465,41.6551],[97.1717,42.7945]],[[105.8895,35.4182],[105.8922,35.4528],[106.0523,35.4806],[105.8895,35.4182]]]},"properties":{"country_key":"china","region_key":"gansu","display_name":"甘肃省","country_display":"China","name":"Gansu","keys":["china|gansu","china|甘肃"],"legacy_region_key":"甘肃","geo_key":"china|gansu","parent_geo_key":"china","region_id":"admin1|china|gansu"}},{"type":"Feature","geometry":{"type":"Polygon","coordinates":[[[89.705299,36.092889],[89.6926,36.0919],[89.659657,36.073564],[89.5954,36.0378],[89.557264,36.033064],[89.537586,36.030621],[89.473,36.0226],[89.4149,36.045],[89.416749,36.006442],[89.4315,35.9944],[89.4209,35.9199],[89.5471,35.8575],[89.7996,35.8493],[89.723,35.6487],[89.7583,35.5855],[89.7093,35.5833],[89.6961,35.5391],[89.7628,35.4829],[89.6829,35.4171],[89.5067,35.3734],[89.4931,35.2959],[89.5265,35.2758],[89.4472,35.2267],[89.5104,35.1399],[89.5899,35.1091],[89.567831,34.923406],[89.572732,34.914454],[89.6203,34.8831],[89.783,34.9237],[89.812936,34.885761],[89.8668,34.8175],[89.769258,34.740366],[89.728209,34.707906],[89.726318,34.688094],[89.735653,34.659991],[89.7963,34.6287],[89.7756,34.577],[89.8132,34.5504],[89.8215,34.4556],[89.7977,34.3975],[89.8706,34.3405],[89.826,34.2995],[89.814,34.1709],[89.7578,34.1545],[89.7547,34.1263],[89.6924,34.1312],[89.634,34.0441],[89.7926,33.8665],[89.8358,33.8706],[89.9382,33.8053],[89.9047,33.7413],[89.9815,33.7264],[90.0061,33.6916],[89.9858,33.5876],[90.0787,33.5338],[90.0889,33.4718],[90.242,33.4284],[90.3619,33.2845],[90.4838,33.2688],[90.7013,33.1382],[90.8807,33.1227],[90.9004,33.0882],[90.9275,33.1236],[91.0699,33.1151],[91.1454,33.0742],[91.225,33.1437],[91.4294,33.0711],[91.495,33.1112],[91.6844,32.9915],[91.8373,32.9496],[91.9564,32.8216],[92.1352,32.8862],[92.141064,32.884642],[92.160423,32.879498],[92.1973,32.8697],[92.2289,32.8438],[92.1931,32.805],[92.212171,32.749032],[92.229298,32.739059],[92.316161,32.749318],[92.355,32.7649],[92.395845,32.75873],[92.4574,32.766],[92.571,32.7346],[92.5769,32.7441],[92.641655,32.725813],[92.6945,32.7657],[92.8727,32.6989],[93.0182,32.7389],[93.0657,32.6281],[93.1767,32.6724],[93.241,32.6652],[93.3813,32.5264],[93.4617,32.5577],[93.5145,32.478],[93.6457,32.571],[93.7172,32.5803],[93.823,32.549],[93.8667,32.4753],[93.9602,32.4864],[94.0111,32.4479],[94.0671,32.4704],[94.1384,32.434],[94.1795,32.4571],[94.1954,32.5164],[94.3673,32.5231],[94.3939,32.5961],[94.4609,32.5731],[94.4723,32.6119],[94.5309,32.5998],[94.5935,32.631],[94.6101,32.6766],[94.754251,32.560676],[94.7582,32.5575],[94.757713,32.555944],[94.793689,32.506767],[94.8042,32.4924],[94.817658,32.48959],[94.8909,32.4743],[94.923,32.4116],[94.987,32.4251],[95.0738,32.3783],[95.2224,32.3913],[95.2581,32.3514],[95.096,32.3248],[95.078,32.2822],[95.1053,32.2614],[95.2402,32.3226],[95.2618,32.2141],[95.3117,32.1512],[95.3653,32.1531],[95.368,32.1825],[95.4394,32.1598],[95.4527,32.0673],[95.4182,32.0468],[95.4532,32.0098],[95.3949,32.0039],[95.3599,31.9395],[95.4087,31.9176],[95.4529,31.8046],[95.5136,31.7504],[95.5656,31.742],[95.6169,31.7862],[95.7406,31.7639],[95.8238,31.6832],[95.8984,31.819],[95.9714,31.8203],[96.0439,31.734],[96.1468,31.6896],[96.1616,31.604958],[96.1621,31.6021],[96.2058,31.6007],[96.2505,31.6669],[96.245941,31.686928],[96.2314,31.7508],[96.176,31.7777],[96.2138,31.8758],[96.1874,31.9058],[96.3858,31.9256],[96.4122,31.8357],[96.474,31.7709],[96.5675,31.7144],[96.6151,31.7394],[96.6593,31.7078],[96.6755,31.7305],[96.7733,31.6757],[96.8406,31.7298],[96.7645,31.823],[96.7617,31.8689],[96.8108,31.8999],[96.7237,32.0263],[96.8223,32.0117],[96.8662,31.9676],[96.8945,32.0176],[96.9558,31.9966],[96.9347,32.0505],[96.9751,32.0692],[97.166,32.0268],[97.1861,32.0574],[97.2347,32.0486],[97.2007,32.093],[97.2179,32.1092],[97.2568,32.0748],[97.3073,32.0808],[97.2638,32.1864],[97.2932,32.2931],[97.3687,32.2753],[97.4173,32.3085],[97.3914,32.4231],[97.3399,32.4458],[97.3818,32.4999],[97.3349,32.5165],[97.3405,32.5589],[97.4472,32.5892],[97.5011,32.5333],[97.729099,32.52982],[97.7304,32.5298],[97.4227,32.7077],[97.3811,32.7951],[97.3879,32.8644],[97.3475,32.8974],[97.367592,32.945386],[97.5218,32.9901],[97.4999,33.0227],[97.5433,33.0382],[97.4847,33.1121],[97.4867,33.1702],[97.5754,33.223],[97.6228,33.3416],[97.6797,33.3481],[97.7538,33.4116],[97.5558,33.4654],[97.5105,33.5227],[97.526,33.5758],[97.4153,33.6071],[97.427072,33.71323],[97.4282,33.7234],[97.419817,33.741523],[97.387924,33.810473],[97.376981,33.83413],[97.3998,33.8521],[97.39641,33.887379],[97.6419,33.9258],[97.6545,34.0092],[97.694284,34.052563],[97.7023,34.0613],[97.670114,34.11751],[97.668405,34.120493],[97.66889,34.120797],[97.6658,34.1291],[97.698039,34.139027],[97.8104,34.2093],[97.9025,34.211],[98.0439,34.1174],[98.211,34.0807],[98.402,34.0879],[98.3911,34.0582],[98.4403,33.9876],[98.4073,33.8698],[98.4611,33.8506],[98.4929,33.771],[98.5827,33.7338],[98.6349,33.672],[98.636205,33.667362],[98.640364,33.652581],[98.6423,33.6457],[98.636759,33.644386],[98.628013,33.624504],[98.6648,33.589],[98.6533,33.5434],[98.7247,33.5059],[98.726465,33.490813],[98.736,33.4093],[98.7774,33.3756],[98.773224,33.356159],[98.7574,33.2825],[98.8031,33.2723],[98.847578,33.171166],[98.908744,33.136204],[99.1955,33.0356],[99.2654,32.8909],[99.378,32.9034],[99.5484,32.8474],[99.6023,32.7836],[99.6948,32.7714],[99.7262,32.728],[99.7911,32.8861],[99.7653,32.9426],[99.8551,32.9494],[99.8779,33.0458],[99.9059,33.0451],[99.953,32.9539],[100.039,32.9319],[100.0261,32.9017],[100.1098,32.8627],[100.1358,32.7329],[100.0862,32.6717],[100.1112,32.6445],[100.2112,32.6084],[100.2634,32.7449],[100.3324,32.7208],[100.3951,32.756],[100.3782,32.6997],[100.4341,32.7215],[100.5422,32.575],[100.6638,32.526],[100.6638,32.6251],[100.7191,32.6243],[100.6836,32.6769],[100.888,32.6353],[100.926,32.6019],[101.066123,32.679212],[101.0748,32.684],[101.081522,32.675498],[101.1099,32.6396],[101.198759,32.707187],[101.220121,32.775468],[101.219508,32.841555],[101.1196,32.9131],[101.1272,32.991],[101.1841,32.988],[101.1796,33.0485],[101.152743,33.072726],[101.1408,33.0835],[101.1673,33.0995],[101.143692,33.164755],[101.1146,33.1976],[101.126909,33.211142],[101.1825,33.2723],[101.2948,33.2642],[101.3811,33.1548],[101.3982,33.2261],[101.483,33.2287],[101.6318,33.1038],[101.739,33.2696],[101.6477,33.325],[101.6599,33.3855],[101.6993,33.4393],[101.7652,33.4486],[101.767603,33.521124],[101.752652,33.51898],[101.638363,33.502589],[101.6191,33.56648],[101.6162,33.6072],[101.601754,33.624016],[101.5388,33.6973],[101.385,33.6466],[101.232,33.6869],[101.1646,33.6623],[101.1891,33.7922],[101.1527,33.845],[100.9956,33.8921],[100.8704,34.0848],[100.7653,34.1761],[100.8241,34.3214],[100.9496,34.3848],[101.0517,34.327],[101.2264,34.3313],[101.2272,34.3005],[101.3298,34.2532],[101.5803,34.1969],[101.6673,34.1139],[101.7024,34.1205],[101.7101,34.0873],[101.786,34.1331],[101.8386,34.1267],[101.8476,34.1548],[101.9559,34.1098],[101.9639,34.1694],[102.0012,34.1627],[102.028,34.1917],[102.0116,34.2213],[102.0618,34.2317],[102.0655,34.2938],[102.1451,34.273],[102.1865,34.3561],[102.2575,34.3571],[102.1539,34.5091],[101.9728,34.5495],[101.9326,34.5894],[101.9161,34.8753],[102.0578,34.8892],[102.0506,34.9337],[102.0928,34.9881],[102.2169,35.0607],[102.2785,35.0584],[102.3403,35.1601],[102.4047,35.1804],[102.3683,35.2614],[102.2761,35.3057],[102.3167,35.3432],[102.2854,35.3662],[102.286934,35.379936],[102.289265,35.400811],[102.292,35.4253],[102.30492,35.423434],[102.4007,35.4096],[102.4483,35.4498],[102.436,35.4557],[102.496,35.5725],[102.5293,35.5815],[102.7423,35.4941],[102.7811,35.5287],[102.7269,35.5239],[102.8052,35.5597],[102.696653,35.746647],[102.695749,35.78084],[102.7821,35.8622],[102.9484,35.837],[102.9735,36.0371],[102.88,36.0834],[102.9398,36.1062],[102.9851,36.1941],[103.0689,36.2071],[103.062234,36.21191],[102.8951,36.3325],[102.8386,36.3389],[102.8241,36.4051],[102.7648,36.4654],[102.7916,36.4986],[102.777571,36.510229],[102.777894,36.511362],[102.7425,36.5393],[102.7626,36.5755],[102.607623,36.68814],[102.603,36.6915],[102.609729,36.717984],[102.614941,36.738493],[102.6154,36.7403],[102.7182,36.7679],[102.718213,36.76789],[102.718241,36.767898],[102.7186,36.768],[102.717129,36.769398],[102.7171,36.7694],[102.5595,36.9192],[102.4488,36.9686],[102.502326,37.019623],[102.499593,37.035847],[102.4852,37.0785],[102.6405,37.0999],[102.6021,37.1712],[102.4878,37.223],[102.4263,37.3074],[102.304859,37.372472],[102.1012,37.4816],[102.1273,37.5427],[102.0348,37.6247],[101.9968,37.7258],[101.9291,37.7216],[101.814,37.6535],[101.788,37.6959],[101.6574,37.7319],[101.6684,37.7566],[101.577485,37.832442],[101.4361,37.8668],[101.3539,37.7897],[101.171,37.86],[101.168528,37.863055],[101.101,37.9465],[100.9762,38.0074],[100.9012,38.0081],[100.886,38.0538],[100.9369,38.1602],[100.9102,38.1781],[100.8429,38.1477],[100.7112,38.2534],[100.4298,38.2723],[100.4182,38.3077],[100.3221,38.3244],[100.2974,38.3881],[100.247,38.3733],[100.2382,38.4419],[100.0608,38.5198],[99.9993,38.4675],[100.1673,38.3205],[100.1803,38.2199],[99.6764,38.4299],[99.5269,38.547],[99.5091,38.6098],[99.4266,38.6242],[99.3494,38.7367],[99.0635,38.9052],[99.0967,38.9562],[98.9347,38.9941],[98.8119,39.0869],[98.7426,39.0856],[98.5879,38.9303],[98.4425,38.9635],[98.3813,39.0324],[98.2955,39.0388],[98.2367,38.9227],[98.2471,38.8814],[98.0932,38.7849],[98.0117,38.8588],[97.6851,38.9696],[97.6853,39.0053],[97.4446,39.1124],[97.4316,39.1255],[97.3454,39.1747],[97.2112,39.1968],[96.962,39.1976],[97.0124,39.1415],[96.9605,39.0749],[96.9402,38.9066],[96.9891,38.8858],[96.9873,38.7918],[97.0218,38.7552],[97.0162,38.686],[97.0518,38.6802],[97.0554,38.5931],[96.9277,38.5548],[96.7944,38.6078],[96.812,38.5681],[96.7601,38.5469],[96.7891,38.5142],[96.6576,38.4886],[96.6985,38.4576],[96.6261,38.3555],[96.6653,38.2221],[96.3961,38.2807],[96.339,38.255],[96.3126,38.1619],[96.2633,38.145],[96.2354,38.17],[96.1915,38.149],[96.0431,38.1801],[95.8988,38.288],[95.8562,38.2838],[95.8199,38.3542],[95.6879,38.3971],[95.4532,38.2914],[95.3172,38.3201],[95.2674,38.2973],[95.1226,38.4134],[94.9715,38.4303],[94.5505,38.3503],[94.3697,38.7616],[93.8742,38.7204],[93.7988,38.7505],[93.7548,38.8073],[93.883,38.826],[93.8835,38.8675],[93.7303,38.9237],[93.2807,38.8937],[93.1792,38.9228],[93.1966,39.0455],[93.1314,39.1064],[93.1408,39.1594],[93.114,39.1791],[93.0455,39.1464],[92.9373,39.1685],[92.4938,39.1018],[92.4595,39.0429],[92.4237,39.0469],[92.415575,39.038224],[92.403541,39.025374],[92.4174,39.0143],[92.387334,39.008067],[92.343114,38.998901],[91.933389,38.913965],[91.4473,38.8132],[91.1113,38.707],[90.8067,38.6563],[90.6212,38.6663],[90.6448,38.6339],[90.6097,38.5962],[90.4559,38.5499],[90.4616,38.5191],[90.4214,38.4909],[90.128391,38.482499],[90.112404,38.439588],[90.112877,38.425295],[90.1772,38.3968],[90.1356,38.3403],[90.279,38.2379],[90.351,38.2332],[90.3597,38.2999],[90.5294,38.3196],[90.5181,37.731],[90.7863,37.6428],[90.8773,37.5818],[90.8617,37.5334],[90.9356,37.4819],[91.0737,37.4755],[91.1317,37.3254],[91.1915,37.2731],[91.188,37.2226],[91.2756,37.1638],[91.3042,37.0124],[91.1857,37.0254],[91.1146,36.9703],[91.0502,36.9667],[91.0368,36.929],[90.8524,36.9151],[90.729244,36.803651],[90.727644,36.781601],[90.7556,36.7215],[90.7092,36.6834],[90.7396,36.5856],[91.0329,36.5317],[91.0258,36.4433],[91.0513,36.4301],[91.0254,36.3233],[91.0741,36.2871],[91.0457,36.2543],[91.0968,36.2172],[91.100223,36.162026],[91.1045,36.0931],[90.9738,36.1054],[90.9259,36.0318],[90.8401,36.0184],[90.7735,36.0879],[90.6565,36.1358],[90.2357,36.1614],[90.127,36.2089],[90.1432,36.2398],[90.025961,36.272484],[90.015036,36.269507],[90.014406,36.261494],[90.0264,36.2533],[90.010157,36.207489],[90.00108,36.18189],[89.9969,36.1701],[89.9356,36.1313],[89.9408,36.0679],[89.7911,36.0715],[89.70727,36.092397],[89.705299,36.092889]]]},"properties":{"country_key":"china","region_key":"qinghai","display_name":"青海省","country_display":"China","name":"Qinghai","keys":["china|qinghai","china|青海"],"legacy_region_key":"青海","geo_key":"china|qinghai","parent_geo_key":"china","region_id":"admin1|china|qinghai"}},{"type":"Feature","geometry":{"type":"MultiPolygon","coordinates":[[[[104.1795,37.4069],[104.4331,37.4458],[104.4568,37.4194],[104.6705,37.4106],[104.6647,37.3559],[104.699853,37.335628],[104.711,37.3292],[104.681189,37.318578],[104.6181,37.2961],[104.607028,37.230241],[104.61182,37.22537],[104.660357,37.20958],[104.7736,37.2461],[104.828226,37.221792],[104.8545,37.2101],[104.929104,37.078773],[104.957619,37.038345],[105.1616,36.9946],[105.186115,36.899406],[105.203929,36.893299],[105.2366,36.8966],[105.25821,36.874691],[105.286891,36.845611],[105.3303,36.8016],[105.328724,36.778614],[105.327452,36.760051],[105.3269,36.752],[105.301308,36.748846],[105.212889,36.710953],[105.203018,36.69779],[105.27,36.5776],[105.2454,36.5476],[105.3576,36.4976],[105.3619,36.4345],[105.3946,36.4306],[105.4154,36.3776],[105.3966,36.369],[105.4739,36.2916],[105.459117,36.23238],[105.4832,36.1912],[105.50448,36.200742],[105.498316,36.164639],[105.5107,36.1472],[105.4875,36.1013],[105.405582,36.08113],[105.3296,36],[105.321,35.9065],[105.3956,35.8577],[105.3696,35.847],[105.3813,35.7942],[105.4262,35.8189],[105.468544,35.74404],[105.4779,35.7275],[105.473844,35.723671],[105.5418,35.7299],[105.5605,35.689],[105.666,35.7515],[105.7501,35.7323],[105.6886,35.6838],[105.8125,35.576],[105.8313,35.496],[105.8832,35.5478],[106.0115,35.5225],[106.0174,35.4949],[106.091,35.5104],[106.0642,35.4554],[106.0978,35.3802],[106.1666,35.4352],[106.2361,35.4077],[106.2514,35.335],[106.3594,35.2386],[106.363,35.2706],[106.4695,35.3118],[106.4986,35.3547],[106.485,35.4842],[106.4355,35.5247],[106.4742,35.5757],[106.4298,35.6889],[106.487,35.7355],[106.5926,35.7465],[106.7482,35.6886],[106.7627,35.7302],[106.8004,35.709],[106.8195,35.7462],[106.8585,35.7363],[106.871,35.7794],[106.9092,35.7715],[106.8899,35.8132],[106.925,35.8077],[106.8504,35.8911],[106.9414,35.941],[106.915301,35.955308],[106.9454,35.9915],[106.924,36.0118],[106.9531,36.0921],[106.8342,36.2216],[106.7676,36.2127],[106.6049,36.2906],[106.5903,36.2706],[106.5555,36.2923],[106.5366,36.254],[106.4995,36.2688],[106.493109,36.276949],[106.4657,36.3119],[106.5057,36.3009],[106.5031,36.37],[106.5269,36.3709],[106.49417,36.414766],[106.4881,36.4229],[106.5185,36.4778],[106.4285,36.5178],[106.402121,36.51049],[106.3576,36.571],[106.4516,36.5598],[106.442119,36.616336],[106.4407,36.6248],[106.46734,36.628407],[106.4873,36.6861],[106.5264,36.6897],[106.5103,36.7159],[106.6277,36.7353],[106.6539,36.8115],[106.6358,36.8822],[106.6063,36.8803],[106.5376,36.9696],[106.5793,36.9355],[106.5908,36.969],[106.6389,36.9626],[106.6373,37.0118],[106.6624,37.0172],[106.6134,37.1347],[106.7519,37.1011],[106.7763,37.1583],[106.8915,37.1],[106.9019,37.1511],[106.9921,37.1058],[107.0259,37.1402],[107.0895,37.1167],[107.1776,37.1408],[107.244779,37.108186],[107.2637,37.099],[107.2743,37.128],[107.302,37.1002],[107.3337,37.1587],[107.2578,37.2242],[107.3035,37.2511],[107.2513,37.3336],[107.2806,37.4819],[107.3431,37.521],[107.3667,37.5782],[107.3096,37.6052],[107.4146,37.6495],[107.3807,37.6918],[107.466,37.6866],[107.4922,37.7643],[107.5345,37.7814],[107.546565,37.780169],[107.6237,37.7723],[107.6617,37.8368],[107.6451,37.8642],[107.588352,37.882382],[107.5549,37.8931],[107.4892,37.944],[107.4167,37.9388],[107.4355,37.9953],[107.185,38.1542],[107.0278,38.1161],[106.9437,38.1302],[106.895303,38.145526],[106.8621,38.1529],[106.8198,38.1621],[106.682224,38.213002],[106.6216,38.2322],[106.608392,38.240319],[106.4791,38.3198],[106.5962,38.3904],[106.6451,38.4729],[106.6592,38.6008],[106.6999,38.7141],[106.9537,38.9443],[106.9663,39.0527],[106.86,39.0914],[106.7863,39.244],[106.8024,39.3144],[106.7756,39.3711],[106.752124,39.371563],[106.711231,39.372371],[106.6694,39.3537],[106.5983,39.3746],[106.5038,39.2694],[106.2771,39.2735],[106.2833,39.1429],[106.1454,39.155],[106.0847,39.0675],[106.0838,39.0048],[105.969916,38.896014],[105.973587,38.888023],[105.98525,38.862642],[105.9889,38.8547],[105.8928,38.7856],[105.874569,38.682974],[105.861785,38.61101],[105.840571,38.491596],[105.825886,38.408933],[105.838258,38.330839],[105.8623,38.2967],[105.847913,38.269897],[105.8488,38.2643],[105.842235,38.259317],[105.8214,38.2205],[105.7766,38.2095],[105.761,38.1214],[105.8406,38.004],[105.7965,37.9572],[105.8035,37.8718],[105.797439,37.85851],[105.7682,37.7944],[105.618,37.7773],[105.5969,37.7066],[105.3662,37.7148],[105.1702,37.6634],[105.0214,37.5793],[104.429037,37.512502],[104.4046,37.4643],[104.1795,37.4069]]],[[[105.8895,35.4182],[106.0523,35.4806],[105.8922,35.4528],[105.8895,35.4182]]]]},"properties":{"country_key":"china","region_key":"ningxia","display_name":"宁夏回族自治区","country_display":"China","name":"Ningxia","keys":["china|ningxia","china|宁夏回族"],"legacy_region_key":"宁夏回族","geo_key":"china|ningxia","parent_geo_key":"china","region_id":"admin1|china|ningxia"}},{"type":"Feature","geometry":{"type":"Polygon","coordinates":[[[78.3959,41.4089],[78.159,41.3782],[78.1294,41.2297],[77.829,41.1497],[77.7992,41.1014],[77.8231,41.0548],[77.7714,41.0219],[77.4875,40.994],[77.3627,41.0431],[77.2885,41.0026],[77.2278,41.0261],[77.165,41.0085],[77.0858,41.0618],[76.9987,41.0719],[76.8803,41.0285],[76.8467,40.9761],[76.7568,40.9522],[76.7265,40.8251],[76.6446,40.762],[76.6709,40.6904],[76.6533,40.6219],[76.5528,40.5422],[76.5381,40.4646],[76.4312,40.387],[76.3617,40.3817],[76.3386,40.3408],[76.274,40.4385],[76.1725,40.3816],[76.0758,40.3956],[76.0234,40.3558],[75.953,40.3735],[75.915,40.293],[75.8236,40.3268],[75.7024,40.2817],[75.6668,40.3623],[75.7272,40.475],[75.6471,40.5132],[75.6326,40.624],[75.5937,40.6596],[75.2379,40.4502],[74.9916,40.4557],[74.8374,40.5208],[74.7934,40.4429],[74.9028,40.3369],[74.7048,40.348],[74.6665,40.273],[74.584,40.27],[74.365,40.0964],[74.2525,40.1263],[74.0879,40.0795],[74.0389,40.0949],[73.9463,40.0258],[73.9723,39.9957],[73.8416,39.7768],[73.921,39.7234],[73.9487,39.5944],[73.8835,39.5406],[73.864,39.4766],[73.6182,39.4674],[73.5767,39.3967],[73.5011,39.3791],[73.5506,39.353],[73.541,39.2696],[73.6171,39.2394],[73.65,39.1628],[73.7057,39.1308],[73.7343,39.0249],[73.8146,39.0404],[73.8365,39.0046],[73.8184,38.9176],[73.7409,38.9349],[73.6957,38.8668],[73.7642,38.7733],[73.7508,38.721],[73.8053,38.6049],[73.8943,38.5778],[73.9178,38.5365],[74.0788,38.5422],[74.063,38.5873],[74.1385,38.6755],[74.5135,38.6327],[74.7863,38.5385],[74.8601,38.4856],[74.8691,38.432],[74.791,38.3362],[74.8054,38.2854],[74.8212,38.0977],[74.8746,38.031],[74.9239,38.0279],[74.9177,37.8503],[75.0085,37.7833],[74.8928,37.6598],[74.9421,37.556],[75.0033,37.5098],[75.076,37.5108],[75.1326,37.4547],[75.1387,37.3565],[75.1153,37.3161],[74.9329,37.2823],[74.8802,37.2254],[74.8144,37.2177],[74.7351,37.2875],[74.6664,37.2396],[74.6333,37.2666],[74.5852,37.2332],[74.5245,37.2463],[74.476,37.2037],[74.4896,37.1626],[74.4626,37.1308],[74.4948,37.0762],[74.5332,37.0791],[74.5742,37.0353],[74.7035,37.0916],[74.7362,37.0283],[74.8493,37.0561],[74.8953,36.9371],[74.9453,36.9879],[75.1382,37.0273],[75.2421,36.9638],[75.4061,36.9544],[75.3912,36.9095],[75.4239,36.8789],[75.4513,36.7256],[75.5289,36.7282],[75.5353,36.7732],[75.6417,36.7719],[75.8593,36.6705],[75.94,36.604],[75.9329,36.5709],[76.0099,36.475],[76.032,36.4051],[75.9872,36.329],[76.0672,36.2344],[76.0079,36.2297],[76.0135,36.168],[75.9329,36.1347],[75.9552,36.0571],[76.0038,36.0161],[76.1022,36.0117],[76.1606,35.9185],[76.166,35.8243],[76.3635,35.8236],[76.359,35.8574],[76.4316,35.8514],[76.5769,35.9219],[76.5922,35.7716],[76.6928,35.7461],[76.7621,35.6565],[76.8482,35.667],[76.9043,35.6127],[77.0613,35.5957],[77.1891,35.5192],[77.3014,35.5435],[77.3855,35.4714],[77.7308,35.4641],[77.752835,35.519008],[77.7862,35.4929],[77.8168,35.5205],[77.9028,35.4666],[77.9159,35.4954],[78.0235,35.4724],[78.1376,35.4918],[78.0137,35.3624],[78.0101,35.2339],[78.0536,35.187],[78.0648,35.1054],[78.1286,35.1026],[78.1257,35.0281],[78.1983,34.9693],[78.176,34.9286],[78.2323,34.8782],[78.2039,34.7262],[78.2697,34.6976],[78.2745,34.6217],[78.4106,34.5988],[78.4429,34.5465],[78.5329,34.5767],[78.57,34.5105],[78.6171,34.5383],[78.7044,34.5259],[78.7525,34.4486],[78.8509,34.4145],[78.8895,34.3574],[78.9563,34.3886],[79.02973,34.338193],[79.0087,34.4016],[79.0499,34.4289],[79.0776,34.4126],[79.1574,34.449],[79.2487,34.4191],[79.5452,34.478],[79.628,34.4492],[79.766305,34.481061],[79.806337,34.490283],[79.824439,34.503772],[79.845893,34.545469],[79.8864,34.6242],[79.8654,34.6728],[79.9055,34.6858],[79.8964,34.7339],[79.9415,34.8168],[79.9238,34.8525],[79.9884,34.8587],[80.0348,34.9049],[80.0284,35.0399],[80.208,35.1247],[80.2564,35.2045],[80.3553,35.213],[80.2705,35.2931],[80.2757,35.3298],[80.3027,35.3805],[80.3692,35.3877],[80.4296,35.45],[80.5119,35.3922],[80.6523,35.3986],[80.6874,35.338],[80.8566,35.3425],[80.966,35.3112],[81.0168,35.3163],[81.0304,35.3843],[81.0879,35.4098],[81.0962,35.3841],[81.1916,35.3661],[81.2136,35.3246],[81.3635,35.3541],[81.4406,35.3335],[81.511,35.2361],[81.6801,35.2355],[82.0106,35.3113],[82.0498,35.3493],[82.0312,35.4548],[82.1696,35.4868],[82.2682,35.5522],[82.3105,35.5429],[82.3506,35.6134],[82.3338,35.6543],[82.3934,35.6549],[82.4126,35.7096],[82.4616,35.7154],[82.6075,35.6983],[82.7316,35.6381],[82.7942,35.6908],[82.965,35.6722],[82.9819,35.5055],[83.1154,35.4009],[83.1777,35.3895],[83.2391,35.4244],[83.6156,35.3364],[83.6795,35.364],[83.8551,35.3595],[83.9189,35.4115],[84.0041,35.4221],[84.0623,35.4112],[84.0923,35.3636],[84.1728,35.3586],[84.4511,35.4745],[84.4748,35.518],[84.4449,35.551],[84.7603,35.6243],[84.960428,35.723086],[84.97649,35.731015],[84.984,35.7259],[85.060128,35.741802],[85.2813,35.788],[85.3719,35.7007],[85.538223,35.660576],[85.5609,35.6431],[85.587546,35.648677],[85.602067,35.651716],[85.6125,35.6539],[85.6877,35.7511],[85.9468,35.7791],[86.069574,35.85672],[86.0784,35.8623],[86.1299,35.9787],[86.1967,36.0325],[86.1842,36.1314],[86.2766,36.1724],[86.3631,36.1638],[86.4379,36.227],[86.4983,36.199],[86.5251,36.2291],[86.6125,36.2196],[86.7643,36.2981],[86.861,36.3004],[86.8903,36.2622],[87.0024,36.3021],[87.1421,36.2934],[87.1965,36.3532],[87.2968,36.3578],[87.36,36.421],[87.4221,36.4263],[87.4571,36.4109],[87.4631,36.3597],[87.5624,36.34],[87.9494,36.4009],[87.9673,36.4322],[88.216721,36.456633],[88.308226,36.465596],[88.369197,36.471569],[88.433452,36.477863],[88.481241,36.472528],[88.5038,36.4513],[88.5845,36.461],[88.6141,36.392],[88.7145,36.3556],[88.7632,36.293],[88.8431,36.3602],[88.9269,36.3609],[88.9686,36.3152],[89.1272,36.2513],[89.2437,36.2913],[89.2858,36.2359],[89.3605,36.2331],[89.5131,36.1408],[89.705299,36.092889],[89.70727,36.092397],[89.7911,36.0715],[89.9408,36.0679],[89.9356,36.1313],[89.9969,36.1701],[90.00108,36.18189],[90.010157,36.207489],[90.0264,36.2533],[90.014406,36.261494],[90.015036,36.269507],[90.025961,36.272484],[90.1432,36.2398],[90.127,36.2089],[90.2357,36.1614],[90.6565,36.1358],[90.7735,36.0879],[90.8401,36.0184],[90.9259,36.0318],[90.9738,36.1054],[91.1045,36.0931],[91.100223,36.162026],[91.0968,36.2172],[91.0457,36.2543],[91.0741,36.2871],[91.0254,36.3233],[91.0513,36.4301],[91.0258,36.4433],[91.0329,36.5317],[90.7396,36.5856],[90.7092,36.6834],[90.7556,36.7215],[90.727644,36.781601],[90.729244,36.803651],[90.8524,36.9151],[91.0368,36.929],[91.0502,36.9667],[91.1146,36.9703],[91.1857,37.0254],[91.3042,37.0124],[91.2756,37.1638],[91.188,37.2226],[91.1915,37.2731],[91.1317,37.3254],[91.0737,37.4755],[90.9356,37.4819],[90.8617,37.5334],[90.8773,37.5818],[90.7863,37.6428],[90.5181,37.731],[90.5294,38.3196],[90.3597,38.2999],[90.351,38.2332],[90.279,38.2379],[90.1356,38.3403],[90.1772,38.3968],[90.112877,38.425295],[90.112404,38.439588],[90.128391,38.482499],[90.4214,38.4909],[90.4616,38.5191],[90.4559,38.5499],[90.6097,38.5962],[90.6448,38.6339],[90.6212,38.6663],[90.8067,38.6563],[91.1113,38.707],[91.4473,38.8132],[91.933389,38.913965],[92.343114,38.998901],[92.387334,39.008067],[92.4174,39.0143],[92.403541,39.025374],[92.3557,39.0636],[92.3385,39.2374],[92.5252,39.3692],[92.6388,39.5138],[92.7953,40.1532],[92.9058,40.3101],[92.9273,40.572],[93.7593,40.664],[93.8197,40.7928],[93.8061,40.876],[94.0093,41.1135],[94.100006,41.181222],[94.533,41.5045],[94.7489,41.5368],[94.8611,41.6672],[95.1356,41.7714],[95.2963,41.565],[95.3601,41.6683],[95.5701,41.7938],[95.8571,41.8491],[96.042345,41.928947],[96.1365,42.0178],[96.0761,42.1479],[96.1776,42.2163],[96.0401,42.3249],[96.0651,42.4128],[95.9779,42.4352],[96.0226,42.5393],[96.324121,42.694223],[96.3848,42.7254],[96.3607,42.8976],[95.8759,43.2789],[95.8556,43.4144],[95.5228,44.0051],[95.3232,44.0259],[95.3716,44.2253],[95.4284,44.282],[95.4098,44.2939],[94.9975,44.2509],[94.9141,44.3034],[94.7295,44.3391],[94.6069,44.4498],[94.4869,44.5036],[94.3599,44.5151],[94.3254,44.5854],[94.2149,44.6675],[93.5237,44.9577],[93.1682,45.0134],[92.9831,45.0012],[92.8836,45.0451],[92.487,45],[92.24,45.013],[92.0964,45.0795],[91.617,45.066],[91.4998,45.1001],[91.446,45.1548],[91.3732,45.109],[91.2421,45.1335],[91.1237,45.2142],[90.8795,45.1894],[90.8752,45.2785],[90.804,45.2898],[90.7699,45.4278],[90.6703,45.4871],[90.7141,45.7261],[90.8475,45.8872],[91.0223,46.0236],[91.0141,46.1257],[90.8961,46.3106],[90.9682,46.3634],[91.0738,46.5541],[91.0147,46.5846],[91.0529,46.715],[90.9408,46.8247],[90.9545,46.8786],[90.9169,46.941],[90.8258,46.9941],[90.7617,46.9921],[90.491,47.3128],[90.5222,47.3817],[90.4597,47.4129],[90.4679,47.4976],[90.3526,47.6223],[90.3906,47.6426],[90.1303,47.7263],[90.0725,47.7916],[90.0616,47.8832],[89.9602,47.8847],[89.9352,47.8325],[89.7663,47.8289],[89.7384,47.8919],[89.6453,47.9125],[89.5615,48.0371],[89.3791,48.0449],[89.2202,47.9797],[89.0632,47.9877],[88.9376,48.1094],[88.8284,48.1062],[88.7118,48.1751],[88.6391,48.1805],[88.5744,48.2762],[88.6059,48.3356],[88.5309,48.3691],[88.52,48.4053],[88.4462,48.39],[88.3631,48.4307],[88.3538,48.4639],[87.9821,48.5682],[87.958,48.5982],[88.0973,48.7132],[87.8292,48.7984],[87.7811,48.87],[87.7401,48.8731],[87.7553,48.9245],[87.9066,48.9781],[87.8379,49.0406],[87.8667,49.1113],[87.8192,49.1727],[87.5051,49.1442],[87.5102,49.103],[87.4328,49.0764],[87.1383,49.1545],[86.8869,49.1318],[86.834,49.0502],[86.734,48.9955],[86.7419,48.913],[86.82,48.848],[86.7502,48.7807],[86.7722,48.7198],[86.6364,48.6284],[86.5834,48.5403],[86.4066,48.4785],[86.3741,48.503],[86.3101,48.4896],[86.2218,48.4322],[85.7875,48.4175],[85.5655,48.1531],[85.5297,48.0289],[85.6146,47.5033],[85.6834,47.4418],[85.6991,47.3751],[85.6701,47.3197],[85.6901,47.2454],[85.5491,47.1159],[85.5371,47.0556],[85.9542,47.0769],[85.3232,47.0443],[85.2795,47.068],[85.215,47.0534],[85.0718,46.933],[84.9898,46.9209],[84.94236,46.865256],[84.7474,47.0082],[84.511,46.9721],[84.4416,47.0071],[84.1929,47.0034],[84.1245,46.9705],[83.9931,46.9914],[83.9178,46.9682],[83.7726,47.0253],[83.7043,47.0161],[83.4608,47.1322],[83.4147,47.121],[83.3642,47.1776],[83.2567,47.1746],[83.14,47.2378],[83.0252,47.2218],[82.9888,47.0646],[82.9353,47.0155],[82.8746,46.7975],[82.8241,46.7738],[82.7855,46.6816],[82.7249,46.4929],[82.6121,46.305],[82.5179,46.1604],[82.4557,45.9772],[82.3387,45.9362],[82.338,45.7834],[82.287,45.7167],[82.2823,45.6444],[82.2635,45.6193],[82.2778,45.5387],[82.5447,45.4248],[82.5968,45.3468],[82.5845,45.2228],[82.4793,45.1786],[82.2909,45.2443],[82.1154,45.2106],[82.0493,45.2559],[81.9241,45.2322],[81.782,45.385],[81.6351,45.359],[81.5174,45.2804],[81.1049,45.2177],[81.0783,45.1833],[80.8971,45.1299],[80.7301,45.1768],[80.6966,45.1361],[80.5901,45.1049],[80.484,45.1274],[80.3751,45.0435],[80.3286,45.0703],[80.2063,45.0289],[80.105,45.0537],[79.8862,44.9039],[79.9612,44.8819],[79.9478,44.8591],[80.0014,44.7942],[80.1566,44.8465],[80.200563,44.827857],[80.1834,44.8236],[80.2169,44.739],[80.3427,44.6884],[80.4029,44.6234],[80.3467,44.4802],[80.4041,44.29],[80.3959,44.1078],[80.4404,44.0838],[80.5161,43.8597],[80.5178,43.8432],[80.5188,43.814],[80.6125,43.6828],[80.7517,43.4907],[80.7321,43.3872],[80.6834,43.33],[80.7725,43.3064],[80.7987,43.1739],[80.7907,43.1382],[80.5914,43.1321],[80.3738,43.0232],[80.593,42.8896],[80.258,42.8234],[80.2276,42.694],[80.1643,42.6342],[80.2135,42.5415],[80.2757,42.5113],[80.2108,42.4668],[80.2336,42.3487],[80.2785,42.3176],[80.2818,42.2308],[80.1678,42.2031],[80.1354,42.1502],[80.1887,42.0824],[80.1551,42.0366],[79.9154,42.0426],[79.8495,42.0141],[79.7651,41.8925],[79.6409,41.8866],[79.5468,41.834],[79.4642,41.8498],[79.35,41.7932],[79.3217,41.8093],[79.2028,41.7233],[78.9501,41.6493],[78.8086,41.5596],[78.7033,41.5496],[78.6482,41.4707],[78.5762,41.4815],[78.3959,41.4089]]]},"properties":{"country_key":"china","region_key":"xinjiang","display_name":"新疆维吾尔自治区","country_display":"China","name":"Xinjiang","keys":["china|xinjiang","china|新疆维吾尔"],"legacy_region_key":"新疆维吾尔","geo_key":"china|xinjiang","parent_geo_key":"china","region_id":"admin1|china|xinjiang"}},{"type":"Feature","geometry":{"type":"MultiPolygon","coordinates":[[[[114.2198,22.542052],[113.9989,22.4893],[113.915,22.3753],[114.1109,22.3666],[114.2739,22.2625],[114.3122,22.2984],[114.2766,22.3914],[114.313483,22.377235],[114.3057,22.3756],[114.3216,22.3421],[114.317884,22.375545],[114.3732,22.3543],[114.3977,22.4361],[114.3215,22.4805],[114.2137,22.411],[114.1812,22.4519],[114.3254,22.5005],[114.2198,22.542052]]],[[[114.0478,22.3463],[113.8972,22.2912],[113.842,22.2082],[114.0007,22.2147],[114.0559,22.3344],[114.0478,22.3463]]],[[[114.2282,22.2833],[114.1164,22.2747],[114.156622,22.245061],[114.1453,22.2449],[114.1625,22.2289],[114.159865,22.242671],[114.2232,22.196],[114.2349,22.2842],[114.2282,22.2833]]],[[[113.9356,22.321],[113.8956,22.2937],[113.9586,22.3209],[113.9356,22.321]]],[[[114.2739,22.165],[114.2709,22.177],[114.2645,22.1803],[114.2498,22.1659],[114.2608,22.1601],[114.2739,22.165]]],[[[114.2958,22.2588],[114.2846,22.2545],[114.2804,22.2451],[114.2871,22.24],[114.2983,22.2476],[114.2958,22.2588]]],[[[114.033,22.2159],[114.0172,22.2011],[114.0216,22.1957],[114.0336,22.2035],[114.033,22.2159]]],[[[114.3261,22.3406],[114.3156,22.3381],[114.32,22.3266],[114.3304,22.3279],[114.3261,22.3406]]],[[[114.3598,22.4864],[114.3539,22.4816],[114.3582,22.4667],[114.3667,22.4727],[114.3598,22.4864]]]]},"properties":{"country_key":"china","region_key":"hongkong","display_name":"香港特别行政区","country_display":"China","name":"HongKong","keys":["china|hongkong","china|香港"],"legacy_region_key":"香港","geo_key":"china|hongkong","parent_geo_key":"china","region_id":"admin1|china|hongkong"}},{"type":"Feature","geometry":{"type":"MultiPolygon","coordinates":[[[[113.5733,22.1658],[113.5501,22.1121],[113.5874,22.1651],[113.5733,22.1658]]],[[[113.5535,22.2155],[113.5317,22.1793],[113.561,22.2101],[113.5535,22.2155]]]]},"properties":{"country_key":"china","region_key":"aomen","display_name":"澳门特别行政区","country_display":"China","name":"Aomen","keys":["china|aomen","china|澳门"],"legacy_region_key":"澳门","geo_key":"china|aomen","parent_geo_key":"china","region_id":"admin1|china|aomen"}},{"type":"Feature","geometry":{"type":"MultiPolygon","coordinates":[[[[119.633583,31.111018],[119.636244,31.14566],[119.6366,31.1503],[119.645098,31.152267],[119.708009,31.166827],[119.7753,31.1824],[119.786869,31.168805],[119.8983,31.1716],[119.9154,31.1736],[119.9896,31.0344],[120.1274,30.9459],[120.3655,30.9503],[120.361,30.8823],[120.4323,30.9239],[120.4352,30.8619],[120.472395,30.803003],[120.4847,30.7659],[120.484093,30.763226],[120.4993,30.7604],[120.5595,30.8377],[120.7088,30.8878],[120.687455,30.95919],[120.7415,30.9653],[120.752351,30.980428],[120.8892,31.0069],[120.889648,31.009867],[120.9005,31.0818],[120.854,31.1032],[120.8756,31.1363],[121.064,31.1517],[121.0577,31.27],[121.0827,31.2941],[121.1565,31.284],[121.102,31.3665],[121.1434,31.3874],[121.1429,31.4453],[121.3822,31.5471],[121.097,31.7651],[121.3014,31.8725],[121.3701,31.8493],[121.426,31.772],[121.443365,31.766382],[121.532785,31.737454],[121.8096,31.6479],[121.8748,31.6352],[121.882,31.6908],[121.9571,31.7141],[121.8265,31.9586],[121.7337,32.0191],[121.7335,32.0576],[121.6827,32.0836],[121.7025,32.0563],[121.6648,32.0574],[121.6227,32.0832],[121.6705,32.0874],[121.5645,32.0958],[121.5135,32.1126],[121.5198,32.1347],[121.4399,32.134],[121.5148,32.158],[121.4122,32.1761],[121.4832,32.2323],[121.4188,32.3149],[121.4133,32.4034],[121.0274,32.5664],[121.0154,32.6028],[120.9518,32.6077],[120.9713,32.6359],[120.9663,32.6508],[120.8924,32.697],[120.9453,32.7225],[120.9687,32.876],[120.9099,32.8723],[120.9329,32.9023],[120.9027,33.0213],[120.8123,33.0467],[120.8609,33.0556],[120.8362,33.2153],[120.7946,33.2248],[120.6773,33.4697],[120.5418,33.5556],[120.5804,33.5942],[120.5811,33.6571],[120.5136,33.7936],[120.468,33.8039],[120.476,33.8436],[120.3234,34.1031],[120.2762,34.2972],[120.0088,34.4254],[119.804174,34.450826],[119.8136,34.4678],[119.7221,34.5234],[119.6467,34.5223],[119.639,34.5622],[119.5602,34.5963],[119.5552,34.6284],[119.5251,34.6198],[119.4494,34.6755],[119.4989,34.728],[119.2234,34.7883],[119.1861,34.8853],[119.2047,35.0063],[119.2563,35.0698],[119.2803,35.0765],[119.2998,35.0347],[119.2961,35.0837],[119.2958,35.0908],[119.268134,35.108283],[119.2382,35.1272],[119.219846,35.122227],[119.192144,35.114722],[119.1936,35.1127],[119.1271,35.0971],[119.1209,35.055],[118.8632,35.0331],[118.8529,34.939],[118.8014,34.8508],[118.7677,34.8469],[118.769,34.7978],[118.7047,34.7514],[118.7563,34.7457],[118.756616,34.728653],[118.75686,34.715481],[118.757,34.7079],[118.6744,34.6795],[118.53511,34.712638],[118.525511,34.702122],[118.5254,34.6862],[118.506697,34.68151],[118.4588,34.6695],[118.4705,34.6223],[118.4176,34.6092],[118.4332,34.5278],[118.4023,34.4333],[118.362734,34.424833],[118.1649,34.3825],[118.1715,34.4555],[118.1216,34.4862],[118.1839,34.5448],[118.0723,34.5712],[118.1091,34.6196],[118.0958,34.6564],[118.0004,34.6508],[117.9581,34.6802],[117.8978,34.6456],[117.789769,34.654857],[117.7881,34.655],[117.788189,34.651449],[117.7914,34.5227],[117.6787,34.548],[117.5833,34.4633],[117.4822,34.4708],[117.40325,34.5628],[117.3969,34.5702],[117.3879,34.5751],[117.2756,34.5647],[117.2972,34.5492],[117.2625,34.5343],[117.235,34.4455],[117.149,34.5057],[117.1227,34.6447],[117.052,34.6547],[117.0746,34.7016],[116.9629,34.8702],[116.8099,34.9278],[116.7809,34.9758],[116.7759,34.9175],[116.6266,34.9417],[116.44567,34.897627],[116.4394,34.8961],[116.437646,34.890945],[116.390014,34.851277],[116.4072,34.8446],[116.3903,34.7518],[116.3565,34.7388],[116.3883,34.7046],[116.3697,34.637],[116.4249,34.6523],[116.470026,34.597429],[116.5152,34.5425],[116.5954,34.5057],[116.5666,34.4874],[116.7413,34.469],[116.8284,34.3859],[116.9654,34.3927],[116.969189,34.298956],[116.9696,34.2888],[116.99431,34.274214],[117.025009,34.243977],[117.0342,34.2492],[117.030721,34.20296],[117.02,34.1685],[117.026331,34.165975],[117.027021,34.1657],[117.033862,34.162971],[117.137016,34.095595],[117.1436,34.0799],[117.163706,34.078162],[117.204502,34.074636],[117.3079,34.0657],[117.3525,34.0887],[117.4086,34.0224],[117.5038,34.0623],[117.5588,33.9797],[117.6211,34.0258],[117.6647,33.9961],[117.7044,33.8832],[117.7533,33.8864],[117.7174,33.7414],[117.7541,33.7182],[117.9474,33.7313],[117.956002,33.747763],[118.021784,33.757395],[118.142951,33.751663],[118.168465,33.736885],[118.175,33.7331],[118.156132,33.698551],[118.116894,33.626701],[118.1152,33.6236],[118.1013,33.4768],[118.055843,33.490222],[118.0187,33.3717],[117.97854,33.340891],[117.9861,33.3353],[117.939,33.2265],[117.9722,33.2298],[117.9854,33.1801],[118.0592,33.1414],[118.059579,33.141529],[118.1454,33.1707],[118.1727,33.2181],[118.2176,33.1772],[118.218,33.151],[118.2059,33.0632],[118.2511,32.9797],[118.304,32.9611],[118.2225,32.9252],[118.243747,32.854227],[118.2937,32.8442],[118.2961,32.7848],[118.3576,32.7745],[118.3648,32.7207],[118.6323,32.7479],[118.7218,32.7277],[118.7518,32.7422],[118.7407,32.8584],[118.8048,32.8557],[118.8025,32.9171],[118.842678,32.938627],[118.8434,32.9601],[118.870524,32.953547],[118.9295,32.9393],[118.9966,32.9634],[118.999346,32.95208],[119.0089,32.9127],[119.0394,32.9128],[119.0947,32.8335],[119.1795,32.8278],[119.181469,32.817813],[119.2233,32.6056],[119.214552,32.587748],[119.211195,32.580897],[119.2061,32.5705],[119.1713,32.5956],[119.1472,32.5059],[119.075768,32.45809],[119.0716,32.4553],[119.07009,32.457801],[119.0349,32.5161],[118.9696,32.5077],[118.9293,32.5597],[118.8901,32.5513],[118.88,32.5921],[118.8395,32.5695],[118.8203,32.6035],[118.5789,32.5974],[118.5583,32.5686],[118.6112,32.5126],[118.587,32.4857],[118.6859,32.4751],[118.6735,32.3963],[118.7029,32.3399],[118.698884,32.337102],[118.6528,32.305],[118.659303,32.238937],[118.6597,32.2349],[118.649744,32.226334],[118.632552,32.211542],[118.6246,32.2047],[118.5043,32.1967],[118.4956,32.1243],[118.3779,32.0615],[118.3905,31.9946],[118.362,31.9397],[118.4092,31.8889],[118.4731,31.8852],[118.4623,31.8588],[118.499,31.8426],[118.478,31.7831],[118.5321,31.7677],[118.5378,31.7331],[118.6373,31.7613],[118.6854,31.723],[118.6405,31.6812],[118.6557,31.642],[118.7137,31.6299],[118.769,31.6841],[118.799,31.6209],[118.8289,31.6358],[118.8679,31.6066],[118.8647,31.4257],[118.8052,31.3732],[118.7495,31.3874],[118.7148,31.3245],[118.79,31.2316],[119.1003,31.2379],[119.1807,31.3035],[119.195781,31.290091],[119.211104,31.276468],[119.3414,31.2651],[119.3443,31.3019],[119.3581,31.2],[119.5281,31.161],[119.584353,31.124907],[119.601826,31.119977],[119.633583,31.111018]]],[[[121.5662,32.2293],[121.5341,32.2288],[121.5349,32.1842],[121.5569,32.2163],[121.5669,32.1773],[121.5662,32.2293]]],[[[119.4511,34.7702],[119.3754,34.764],[119.4901,34.7604],[119.4511,34.7702]]],[[[121.4062,32.5224],[121.4303,32.5227],[121.4242,32.5321],[121.4004,32.5317],[121.4062,32.5224]]]]},"properties":{"country_key":"china","region_key":"jiangsu","display_name":"江苏省","country_display":"China","name":"Jiangsu","keys":["china|jiangsu","china|江苏"],"legacy_region_key":"江苏","geo_key":"china|jiangsu","parent_geo_key":"china","region_id":"admin1|china|jiangsu"}},{"type":"Feature","geometry":{"type":"MultiPolygon","coordinates":[[[[121.5502,25.2909],[121.4071,25.1849],[121.4615,25.1222],[121.4167,25.1691],[121.034,25.02],[120.9028,24.7472],[120.7232,24.6055],[120.3799,24.0946],[120.4378,24.1253],[120.4344,24.09],[120.1656,23.7673],[120.2017,23.7565],[120.1192,23.516],[120.1634,23.3929],[120.0386,23.0635],[120.1734,22.9713],[120.2749,22.7068],[120.2517,22.6454],[120.3415,22.5436],[120.3035,22.5266],[120.6364,22.3128],[120.7234,21.9217],[120.766,21.9593],[120.8598,21.8969],[120.8941,22.3342],[120.9766,22.5538],[121.4114,23.1236],[121.3973,23.2076],[121.6469,24.0094],[121.6189,24.0878],[121.8735,24.5345],[121.8268,24.842],[122.0027,25.003],[121.9374,25.0276],[121.9146,25.1244],[121.7067,25.166],[121.5658,25.2919],[121.5502,25.2909]]],[[[119.6559,23.6073],[119.562,23.5854],[119.5742,23.5076],[119.6934,23.5552],[119.6597,23.5917],[119.6559,23.6073]]],[[[123.5043,25.7258],[123.508,25.7581],[123.4747,25.7715],[123.4413,25.7526],[123.4407,25.7288],[123.4654,25.7154],[123.5043,25.7258]]],[[[119.5876,23.6728],[119.5509,23.6627],[119.5885,23.6227],[119.6036,23.669],[119.5876,23.6728]]],[[[120.3986,24.0586],[120.4035,24.0609],[120.4194,24.086],[120.379,24.0853],[120.3656,24.0604],[120.3682,24.058],[120.3986,24.0586]]],[[[121.5118,22.0812],[121.5938,22.0032],[121.5348,22.0817],[121.5118,22.0812]]],[[[124.5807,25.9119],[124.5628,25.9447],[124.5387,25.907],[124.5807,25.9119]]],[[[119.5228,23.6423],[119.4895,23.5628],[119.5365,23.6388],[119.5228,23.6423]]],[[[119.4435,23.2045],[119.4397,23.2214],[119.411,23.2151],[119.4209,23.2035],[119.4232,23.1921],[119.4435,23.2045]]],[[[123.7027,25.9182],[123.6854,25.943],[123.6627,25.9172],[123.7027,25.9182]]],[[[120.3604,22.3222],[120.388,22.3439],[120.3784,22.3557],[120.361,22.3465],[120.3604,22.3222]]],[[[119.4981,23.3903],[119.494,23.3778],[119.4949,23.3656],[119.4906,23.3532],[119.5081,23.3588],[119.5072,23.3881],[119.4981,23.3903]]],[[[122.1181,25.4983],[122.0935,25.5026],[122.1064,25.4685],[122.1181,25.4983]]],[[[121.4924,22.6756],[121.5052,22.6363],[121.5092,22.6762],[121.4924,22.6756]]],[[[122.0885,25.6419],[122.0627,25.6274],[122.083,25.6133],[122.0885,25.6419]]],[[[120.1655,23.7179],[120.1686,23.737],[120.1564,23.7385],[120.1535,23.7176],[120.1655,23.7179]]],[[[119.3462,23.3078],[119.336,23.3277],[119.3231,23.3301],[119.3154,23.3247],[119.336,23.3172],[119.3462,23.3078]]],[[[121.962,24.8355],[121.9556,24.8496],[121.9396,24.8438],[121.9423,24.8377],[121.962,24.8355]]],[[[119.6223,23.7434],[119.6101,23.7559],[119.5979,23.7413],[119.6223,23.7434]]],[[[120.0955,23.5153],[120.0842,23.5117],[120,23.468],[120.0955,23.5153]]],[[[123.543,25.7774],[123.5374,25.7901],[123.5297,25.78],[123.543,25.7774]]],[[[120.2717,22.6135],[120.3175,22.5554],[120.2785,22.6082],[120.2717,22.6135]]]]},"properties":{"country_key":"china","region_key":"taiwan","display_name":"台湾省","country_display":"China","name":"Taiwan","keys":["china|taiwan","china|台湾"],"legacy_region_key":"台湾","geo_key":"china|taiwan","parent_geo_key":"china","region_id":"admin1|china|taiwan"}}]}
