{"type":"FeatureCollection","features":[{"type":"Feature","properties":{"boundary_group":"china|xinjiang","parent_geo_key":"china|xinjiang","country_key":"china","left_geo_key":"china|xinjiang|akesu","right_geo_key":"china|xinjiang|hetian"},"geometry":{"type":"LineString","coordinates":[[79.7621,39.6225],[80.16,39.4636],[83.4117,39.4827]]}},{"type":"Feature","properties":{"boundary_group":"china|xinjiang","parent_geo_key":"china|xinjiang","country_key":"china","left_geo_key":"china|xinjiang|akesu","right_geo_key":"china|xinjiang|bayinguolengmenggu"},"geometry":{"type":"LineString","coordinates":[[83.4117,39.4827],[84.0011,40.0004],[84.0697,40.8494],[84.0559,41.0811],[84.0834,41.1145],[84.0238,41.1912],[84.0124,41.4442],[83.898,41.5966],[83.9106,41.7328],[83.934,41.7859],[83.9824,41.7989],[83.97895,41.924519],[83.977986,41.95961],[83.9249,42.1374],[83.876,42.1853],[83.8769,42.2616],[83.9453,42.2663],[83.9738,42.2986],[83.926,42.4046],[83.932334,42.512645],[83.7067,42.5389],[83.6877,42.5114],[83.4702,42.4655],[83.3613,42.4977],[83.3182,42.5626],[83.2047,42.5855],[83.0854,42.549],[82.9649,42.6296],[82.8534,42.5667],[82.84243,42.570033],[82.8139,42.5787],[82.8228,42.6457],[82.762754,42.623029],[82.688161,42.594867],[82.666,42.5865],[82.645886,42.594821]]}},{"type":"Feature","properties":{"boundary_group":"china|xinjiang","parent_geo_key":"china|xinjiang","country_key":"china","left_geo_key":"china|xinjiang|akesu","right_geo_key":"china|xinjiang|yilihasake"},"geometry":{"type":"LineString","coordinates":[[82.645886,42.594821],[82.6259,42.5948],[82.61952,42.584391],[82.603222,42.557803],[82.3994,42.551],[82.364278,42.51715],[82.342696,42.49635],[82.323101,42.490636],[82.2272,42.4969],[82.210148,42.483667],[82.1331,42.4869],[82.1318,42.438],[81.8694,42.4087],[81.8575,42.3751],[81.7856,42.4112],[81.726,42.3592],[81.6594,42.3931],[81.3602,42.3323],[81.1941,42.3429],[81.1496,42.3223],[81.154349,42.270749],[81.140904,42.265331],[81.0475,42.2833],[81.0225,42.3416],[80.9704,42.3636],[80.8015,42.3386],[80.571,42.3659],[80.4298,42.3036],[80.2785,42.3176]]}},{"type":"Feature","properties":{"boundary_group":"china|xinjiang","parent_geo_key":"china|xinjiang","country_key":"china","left_geo_key":"china|xinjiang|akesu","right_geo_key":"china|xinjiang|kezilesukeerkezi"},"geometry":{"type":"LineString","coordinates":[[78.3959,41.4089],[78.71406,41.176322],[78.8063,41.011],[78.8749,40.9842],[78.85346,40.88767],[78.7469,40.818],[78.5617,40.7633],[78.5718,40.6978],[78.6056,40.6958],[78.524,40.5533],[78.1593,40.3907],[78.133324,40.316269],[78.0855,40.2752],[78.0247,40.1125],[78.030954,40.107487],[78.0902,40.06],[78.3099,40.0657],[78.3721,40.0071]]}},{"type":"Feature","properties":{"boundary_group":"china|xinjiang","parent_geo_key":"china|xinjiang","country_key":"china","left_geo_key":"china|xinjiang|akesu","right_geo_key":"china|xinjiang|kashi"},"geometry":{"type":"LineString","coordinates":[[78.3721,40.0071],[78.5348,40.0567],[78.6032,40.1317],[78.8917,40.2572],[79.0021,40.219],[79.1445,40.2564],[79.8396,40.131],[79.8594,39.9268],[79.8017,39.8984],[79.7621,39.6225]]}},{"type":"Feature","properties":{"boundary_group":"china|xinjiang","parent_geo_key":"china|xinjiang","country_key":"china","left_geo_key":"china|xinjiang|akesu","right_geo_key":"china|xinjiang|alaer"},"geometry":{"type":"LineString","coordinates":[[81.7405,40.7327],[81.8066,40.806],[81.8405,40.8855],[81.8813,40.9404],[81.4541,40.8039],[81.3827,40.8241],[81.323,40.8044],[81.3269,40.7622],[81.1379,40.6981],[80.988,40.7019],[80.8628,40.661],[80.8135,40.6959],[80.7237,40.7008],[80.5899,40.6047],[80.6191,40.5632],[80.6702,40.5637],[80.8264,40.4774],[80.746,40.4472],[80.7017,40.5039],[80.649,40.5058],[80.6104,40.4043],[80.7307,40.3557],[80.906,40.4346],[80.999,40.3964],[81.2078,40.3967],[81.2782,40.4354],[81.7573,40.4373],[81.9758,40.468],[81.8203,40.684],[81.7405,40.7327]]}},{"type":"Feature","properties":{"boundary_group":"china|xinjiang","parent_geo_key":"china|xinjiang","country_key":"china","left_geo_key":"china|xinjiang|aletai","right_geo_key":"china|xinjiang|changjihuizu"},"geometry":{"type":"MultiLineString","coordinates":[[[88.0012,45.0004],[90.2314,45.0004],[90.2211,45.0616],[90.2902,45.1762],[90.4949,45.4198],[90.6377,45.4742],[90.6703,45.4871]],[[87.333033,45.3338],[87.333052,45.242815],[87.3331,45.0004]]]}},{"type":"Feature","properties":{"boundary_group":"china|xinjiang","parent_geo_key":"china|xinjiang","country_key":"china","left_geo_key":"china|xinjiang|aletai","right_geo_key":"china|xinjiang|tacheng"},"geometry":{"type":"LineString","coordinates":[[85.9542,47.0769],[86.093613,47.032618],[86.1113,47.027],[86.3746,47.0866],[86.4897,47.0891],[86.4917,47.0629],[86.5787,47.0511],[87.0375,47.1175],[87.026,46.9702],[87.2005,46.8486],[87.1985,46.7148],[87.0339,46.4987],[87.3329,46.0006],[87.333033,45.3338]]}},{"type":"Feature","properties":{"boundary_group":"china|xinjiang","parent_geo_key":"china|xinjiang","country_key":"china","left_geo_key":"china|xinjiang|aletai","right_geo_key":"china|xinjiang|wulumuqi"},"geometry":{"type":"LineString","coordinates":[[87.3331,45.0004],[88.0012,45.0004]]}},{"type":"Feature","properties":{"boundary_group":"china|xinjiang","parent_geo_key":"china|xinjiang","country_key":"china","left_geo_key":"china|xinjiang|aletai","right_geo_key":"china|xinjiang|beitun"},"geometry":{"type":"LineString","coordinates":[[87.7758,47.3901],[87.755395,47.385912],[87.7686,47.356],[87.5246,47.3413],[87.8428,47.2525],[87.7296,47.2248],[87.7597,47.202],[88.1357,47.1145],[88.2904,47.1388],[88.3501,47.172],[88.3367,47.231],[88.4255,47.2328],[88.2215,47.2437],[87.7758,47.3901]]}},{"type":"Feature","properties":{"boundary_group":"china|xinjiang","parent_geo_key":"china|xinjiang","country_key":"china","left_geo_key":"china|xinjiang|bayinguolengmenggu","right_geo_key":"china|xinjiang|hetian"},"geometry":{"type":"LineString","coordinates":[[83.4117,39.4827],[83.39169,39.135615],[83.3842,39.0057],[83.3835,38.388],[83.8166,38.0481],[83.9196,37.8755],[83.9421,37.6983],[83.9873,37.6121],[83.9702,37.4044],[83.7884,37.2502],[83.8519,37.1212],[83.8208,36.9715],[83.8582,36.8847],[83.8258,36.8159],[83.9105,36.7684],[83.9982,36.7652],[84.0668,36.6997],[84.1634,36.6946],[84.3007,36.612],[84.3441,36.5486],[84.3051,36.4261],[84.353,36.3983],[84.3604,36.3122],[84.4082,36.3092],[84.4138,36.278],[84.5336,36.2705],[84.7036,36.1316],[84.8517,36.0929],[84.8382,36.0499],[84.857922,36.000115],[84.9122,35.8631],[84.9169,35.7716],[84.960428,35.723086]]}},{"type":"Feature","properties":{"boundary_group":"china|xinjiang","parent_geo_key":"china|xinjiang","country_key":"china","left_geo_key":"china|xinjiang|bayinguolengmenggu","right_geo_key":"china|xinjiang|hami"},"geometry":{"type":"LineString","coordinates":[[93.8061,40.876],[93.6952,40.8744],[93.5555,40.9565],[93.3996,40.9881],[93.1993,40.9898],[92.862,41.1119],[92.5364,41.1191],[92.06792,41.260852],[92.0324,41.2716],[91.908987,41.276462]]}},{"type":"Feature","properties":{"boundary_group":"china|xinjiang","parent_geo_key":"china|xinjiang","country_key":"china","left_geo_key":"china|xinjiang|bayinguolengmenggu","right_geo_key":"china|xinjiang|tulufan"},"geometry":{"type":"LineString","coordinates":[[91.908987,41.276462],[91.8344,41.2794],[91.4389,41.1963],[91.0945,41.2494],[90.892,41.225],[90.248013,41.242581],[90.1013,41.2547],[89.9589,41.3561],[89.859,41.3751],[89.7529,41.3432],[89.4578,41.3588],[89.3412,41.4041],[89.1757,41.3616],[89.0162,41.425],[88.8584,41.4195],[88.7325,41.4737],[88.4006,41.4588],[88.320611,41.504931],[88.326314,41.523121],[88.345,41.5322],[88.343822,41.578962],[88.3391,41.7665],[88.2126,41.8698],[88.1364,42.0024],[87.9936,42.0674],[87.8947,42.2483],[88.1225,42.3729],[88.162248,42.438409],[88.1807,42.4457],[88.1998,42.5003],[88.1442,42.5622],[87.9132,42.6559],[87.8374,42.7667],[87.5156,42.7852],[87.5401,42.8451],[87.4833,42.8699],[87.5236,42.8636],[87.5321,42.9224]]}},{"type":"Feature","properties":{"boundary_group":"china|xinjiang","parent_geo_key":"china|xinjiang","country_key":"china","left_geo_key":"china|xinjiang|bayinguolengmenggu","right_geo_key":"china|xinjiang|wulumuqi"},"geometry":{"type":"LineString","coordinates":[[87.5321,42.9224],[87.2664,43.0307],[87.240805,43.035793],[87.1071,43.0624],[87.0514,43.0219],[86.805352,43.108123]]}},{"type":"Feature","properties":{"boundary_group":"china|xinjiang","parent_geo_key":"china|xinjiang","country_key":"china","left_geo_key":"china|xinjiang|bayinguolengmenggu","right_geo_key":"china|xinjiang|changjihuizu"},"geometry":{"type":"LineString","coordinates":[[86.805352,43.108123],[86.798,43.1107],[86.782372,43.109405],[86.755481,43.107177],[86.5097,43.1258],[86.3814,43.2231],[86.1612,43.3034],[86.1518,43.3574],[86.0778,43.428],[85.9871,43.4019],[85.594613,43.531252]]}},{"type":"Feature","properties":{"boundary_group":"china|xinjiang","parent_geo_key":"china|xinjiang","country_key":"china","left_geo_key":"china|xinjiang|bayinguolengmenggu","right_geo_key":"china|xinjiang|tacheng"},"geometry":{"type":"LineString","coordinates":[[85.594613,43.531252],[85.5947,43.5282],[85.516,43.5346],[85.4318,43.4774],[85.3544,43.4802],[85.3124,43.5276],[85.2847,43.5009],[85.1681,43.5102],[85.1512,43.5463],[85.0531,43.5612],[84.969349,43.483574],[84.934791,43.481802]]}},{"type":"Feature","properties":{"boundary_group":"china|xinjiang","parent_geo_key":"china|xinjiang","country_key":"china","left_geo_key":"china|xinjiang|bayinguolengmenggu","right_geo_key":"china|xinjiang|yilihasake"},"geometry":{"type":"LineString","coordinates":[[84.934791,43.481802],[84.9441,43.4618],[84.8986,43.418],[84.7931,43.4636],[84.7129,43.4518],[84.6592,43.4898],[84.6284,43.4387],[84.6903,43.4002],[84.6739,43.3712],[84.5505,43.3304],[84.5298,43.2914],[84.6514,43.1741],[84.4232,43.1614],[84.42,43.1031],[84.3597,43.1581],[84.2772,43.1734],[84.0375,43.1307],[83.9687,43.1568],[83.8844,43.122],[83.7447,43.1453],[83.635,43.0805],[83.5633,43.0911],[83.3579,43.0266],[83.322,43.046],[83.1425,42.9907],[82.8224,42.9812],[82.7929,42.9338],[82.6596,42.9356],[82.6414,42.8784],[82.5244,42.8999],[82.5175,42.8622],[82.4677,42.8384],[82.4783,42.7994],[82.571831,42.735537],[82.598649,42.702181],[82.621134,42.614057],[82.6237,42.604],[82.645886,42.594821]]}},{"type":"Feature","properties":{"boundary_group":"china|xinjiang","parent_geo_key":"china|xinjiang","country_key":"china","left_geo_key":"china|xinjiang|bayinguolengmenggu","right_geo_key":"china|xinjiang|tiemenguan"},"geometry":{"type":"MultiLineString","coordinates":[[[86.5139,41.9249],[86.46745,41.922371],[86.4583,41.8885],[86.5127,41.8896],[86.5139,41.9249]],[[86.576592,41.88888],[86.6044,41.8943],[86.5829,41.9407],[86.575829,41.925403],[86.576592,41.88888]],[[87.0997,42.1745],[87.1237,42.167],[87.0325,42.2175],[87.0039,42.1548],[87.0782,42.1304],[87.0997,42.1745]],[[85.908838,41.81873],[85.885916,41.804588],[85.8744,41.7778],[86.0883,41.7696],[86.0969,41.7968],[85.908838,41.81873]],[[86.468697,42.078833],[86.4803,42.0213],[86.5051,42.0084],[86.50564,41.994083],[86.5079,41.9341],[86.5597,41.9368],[86.4986,42.0924],[86.464632,42.098986],[86.468697,42.078833]],[[85.397199,38.192063],[85.4077,38.2197],[85.3539,38.218],[85.331981,38.216342],[85.3124,38.1702],[85.216,38.1783],[85.3125,38.129],[85.2511,38.1299],[85.2539,38.1001],[85.3837,38.1047],[85.3936,38.1439],[85.3284,38.1461],[85.397199,38.192063]],[[86.8034,42.2623],[86.653105,42.288434],[86.6327,42.2667],[86.6328,42.2308],[86.4784,42.1938],[86.4419,42.2551],[86.3742,42.2099],[86.3716,42.1525],[86.5556,42.1367],[86.6844,42.2314],[86.7953,42.2051],[86.8034,42.2623]],[[86.488,42.2576],[86.610813,42.246563],[86.635855,42.300478],[86.6412,42.318132],[86.4863,42.3372],[86.488,42.2576]],[[89.0701,39.2339],[89.0747,39.3207],[88.807,39.3088],[88.817899,39.1866],[88.8308,39.1866],[88.823629,39.122348],[88.813656,39.032985],[88.8055,38.9599],[88.8564,38.9577],[89.0701,39.1866],[88.9374,39.1925],[88.9599,39.2331],[89.0701,39.2339]],[[85.7424,41.7582],[85.7882,41.829],[85.632,41.8793],[85.5114,41.9126],[85.5003,41.8666],[85.3686,41.8292],[85.354,41.7504],[85.6867,41.7432],[85.6808,41.6746],[85.7014,41.7436],[85.7027,41.6806],[85.7802,41.655],[85.7424,41.7582]],[[84.3325,37.8746],[84.0833,37.7861],[84.1169,37.7439],[84.3813,37.8017],[84.3325,37.8746]],[[85.4344,41.9305],[85.4372,41.9332],[85.4408,41.9374],[85.4097,41.9475],[85.405,41.9392],[85.4344,41.9305]],[[86.4911,41.9973],[86.4864,42.0137],[86.4694,42.0091],[86.4688,41.9972],[86.4911,41.9973]]]}},{"type":"Feature","properties":{"boundary_group":"china|xinjiang","parent_geo_key":"china|xinjiang","country_key":"china","left_geo_key":"china|xinjiang|boertalamenggu","right_geo_key":"china|xinjiang|tacheng"},"geometry":{"type":"LineString","coordinates":[[83.454185,44.027093],[83.4057,44.1677],[83.4377,44.2231],[83.4193,44.2474],[83.5276,44.4103],[83.516298,44.45896],[83.5145,44.4667],[83.79,44.4658],[83.7883,44.5193],[83.7425,44.5534],[83.7929,44.7559],[83.6811,44.8766],[83.4713,44.9748],[83.091,45.0278],[83.055396,45.040868],[82.7548,45.1512],[82.6788,45.1527],[82.5845,45.2228]]}},{"type":"Feature","properties":{"boundary_group":"china|xinjiang","parent_geo_key":"china|xinjiang","country_key":"china","left_geo_key":"china|xinjiang|boertalamenggu","right_geo_key":"china|xinjiang|yilihasake"},"geometry":{"type":"LineString","coordinates":[[80.200563,44.827857],[80.2604,44.8427],[80.4746,44.741],[80.6341,44.7303],[80.6896,44.6731],[80.6584,44.6279],[80.8732,44.56],[80.8872,44.5295],[80.9944,44.5351],[81.2924,44.4503],[81.6208,44.4283],[81.7403,44.3463],[81.9147,44.3039],[82.2808,44.2482],[82.3578,44.2638],[82.4426,44.1811],[82.6688,44.1129],[82.7024,44.0701],[82.7782,44.0848],[82.8962,44.0523],[83.0935,44.098],[83.2397,44.0722],[83.2395,44.0408],[83.3166,44.0032],[83.451511,44.025083],[83.454185,44.027093]]}},{"type":"Feature","properties":{"boundary_group":"china|xinjiang","parent_geo_key":"china|xinjiang","country_key":"china","left_geo_key":"china|xinjiang|boertalamenggu","right_geo_key":"china|xinjiang|shuanghe"},"geometry":{"type":"MultiLineString","coordinates":[[[82.1303,45.0355],[82.03431,45.021752],[82.0194,45.0041],[81.9376,45.0079],[81.9824,44.9612],[82.0408,44.9727],[82.0589,44.9318],[82.1965,44.917],[82.1874,44.9927],[82.1303,45.0355]],[[82.566,44.8509],[82.6156,44.9234],[82.482,44.8805],[82.3511,44.9008],[82.2759,44.86],[82.2196,44.888],[82.0873,44.8811],[82.1718,44.8335],[82.266,44.8306],[82.5403,44.739],[82.552,44.7052],[82.7183,44.8212],[82.6813,44.8299],[82.6452,44.7906],[82.6509,44.8859],[82.566,44.8509]],[[82.2223,44.7269],[82.1981,44.7387],[82.1231,44.6795],[82.2334,44.6811],[82.2223,44.7269]],[[82.1183,44.8052],[82.1369,44.8172],[82.132,44.8283],[82.1012,44.8481],[82.0848,44.8326],[82.1183,44.8052]]]}},{"type":"Feature","properties":{"boundary_group":"china|xinjiang","parent_geo_key":"china|xinjiang","country_key":"china","left_geo_key":"china|xinjiang|changjihuizu","right_geo_key":"china|xinjiang|wulumuqi"},"geometry":{"type":"MultiLineString","coordinates":[[[88.0012,45.0004],[87.7925,44.3614],[87.8157,44.2242],[87.7711,44.116],[87.8213,44.1224],[87.8634,44.0631],[87.9857,44.0038],[88.0151,43.8738],[88.0883,43.8114],[88.1298,43.8155],[88.1352,43.7549],[88.2329,43.7636],[88.2827,43.8291],[88.3113,43.7894],[88.4023,43.7889],[88.5103,43.8568],[88.5305,43.8002],[88.5976,43.8023],[88.6244,43.7645],[88.72,43.7425],[88.7046,43.7064],[88.8314,43.72],[88.914686,43.653439],[88.944241,43.629819]],[[86.805352,43.108123],[86.8438,43.1479],[86.8159,43.1796],[86.9372,43.3658],[86.8981,43.4275],[87.1031,43.5967],[87.2758,43.7992],[87.273,43.9431],[87.423892,44.051898],[87.497332,44.064502],[87.5014,44.0652]],[[87.580407,44.538384],[87.5882,44.5325],[87.5784,44.5957],[87.561724,44.623213],[87.3331,45.0004]]]}},{"type":"Feature","properties":{"boundary_group":"china|xinjiang","parent_geo_key":"china|xinjiang","country_key":"china","left_geo_key":"china|xinjiang|changjihuizu","right_geo_key":"china|xinjiang|tulufan"},"geometry":{"type":"LineString","coordinates":[[88.944241,43.629819],[88.9549,43.6213],[89.166076,43.585997],[89.2013,43.542164],[89.2081,43.525],[89.213468,43.527022],[89.2774,43.5511],[89.3918,43.4533],[89.702805,43.415366],[89.7181,43.4135],[89.72357,43.420527],[89.755,43.4609],[89.9181,43.4514],[90.0118,43.4891],[90.0118,43.5136],[90.1726,43.5505],[90.3839,43.4974],[90.4185,43.5252],[90.5626,43.4993],[90.8797,43.5314],[91.1281,43.482],[91.143765,43.496601],[91.16442,43.49388]]}},{"type":"Feature","properties":{"boundary_group":"china|xinjiang","parent_geo_key":"china|xinjiang","country_key":"china","left_geo_key":"china|xinjiang|changjihuizu","right_geo_key":"china|xinjiang|hami"},"geometry":{"type":"LineString","coordinates":[[91.16442,43.49388],[91.1723,43.5232],[91.308844,43.56728],[91.379266,43.590015],[91.5468,43.6441],[91.3787,43.698],[91.5462,43.7325],[91.5633,43.7691],[91.5097,43.8695],[91.3052,44.0076],[91.331,44.2788],[91.2858,44.3744],[91.4006,44.6235],[91.3852,44.7348],[91.5674,44.8933],[91.5005,45.0302],[91.4998,45.1001]]}},{"type":"Feature","properties":{"boundary_group":"china|xinjiang","parent_geo_key":"china|xinjiang","country_key":"china","left_geo_key":"china|xinjiang|changjihuizu","right_geo_key":"china|xinjiang|tacheng"},"geometry":{"type":"MultiLineString","coordinates":[[[87.333033,45.3338],[85.6662,45.3338],[85.6663,44.9184],[85.7938,44.9182],[85.8659,44.8652],[85.9397,44.7588],[85.9052,44.737],[85.9531,44.6386],[86.07,44.5815],[86.0826,44.4855],[86.1281,44.4623]],[[86.091243,44.127916],[86.0948,44.124],[85.965,44.0033],[85.9618,43.9305],[85.8811,43.9193],[85.7844,43.8387],[85.7172,43.6367],[85.594166,43.546839],[85.594613,43.531252]]]}},{"type":"Feature","properties":{"boundary_group":"china|xinjiang","parent_geo_key":"china|xinjiang","country_key":"china","left_geo_key":"china|xinjiang|changjihuizu","right_geo_key":"china|xinjiang|shihezi"},"geometry":{"type":"LineString","coordinates":[[86.1281,44.4623],[86.141,44.3124],[86.097203,44.133799],[86.091243,44.127916]]}},{"type":"Feature","properties":{"boundary_group":"china|xinjiang","parent_geo_key":"china|xinjiang","country_key":"china","left_geo_key":"china|xinjiang|changjihuizu","right_geo_key":"china|xinjiang|wujiaqu"},"geometry":{"type":"LineString","coordinates":[[87.5014,44.0652],[87.498705,44.074547],[87.505243,44.122358],[87.5261,44.1484],[87.510197,44.158581],[87.5201,44.231],[87.4753,44.2822],[87.4957,44.2947],[87.4206,44.3503],[87.4454,44.4416],[87.4263,44.4988],[87.420675,44.504694],[87.3698,44.558],[87.5101,44.5491],[87.5041,44.596],[87.580407,44.538384]]}},{"type":"Feature","properties":{"boundary_group":"china|xinjiang","parent_geo_key":"china|xinjiang","country_key":"china","left_geo_key":"china|xinjiang|hami","right_geo_key":"china|xinjiang|tulufan"},"geometry":{"type":"LineString","coordinates":[[91.16442,43.49388],[91.1544,43.4566],[91.2234,43.3774],[91.2067,43.3553],[91.2576,43.3327],[91.3835,42.9685],[91.4625,42.2445],[91.636,42.1392],[91.6321,42.0732],[91.7093,42.052],[91.7769,41.9306],[91.8537,41.7435],[91.7842,41.5075],[91.9048,41.3975],[91.908987,41.276462]]}},{"type":"Feature","properties":{"boundary_group":"china|xinjiang","parent_geo_key":"china|xinjiang","country_key":"china","left_geo_key":"china|xinjiang|hami","right_geo_key":"china|xinjiang|xinxing"},"geometry":{"type":"MultiLineString","coordinates":[[[94.1552,42.5525],[94.0964,42.5782],[94.0607,42.542],[94.1107,42.5212],[94.1552,42.5525]],[[93.8381,42.8059],[93.7196,42.8211],[93.7076,42.7925],[93.6529,42.6748],[93.6291,42.7139],[93.6485,42.7635],[93.5383,42.8075],[93.5112,42.6535],[93.5943,42.6605],[93.6686,42.6319],[93.7077,42.5646],[93.7844,42.5744],[93.8322,42.5401],[94.0399,42.6523],[94.0096,42.6805],[94.036,42.7069],[94.0159,42.7288],[93.9756,42.7049],[93.9948,42.6896],[93.9274,42.6802],[93.8131,42.6038],[93.7693,42.6231],[93.8381,42.8059]]]}},{"type":"Feature","properties":{"boundary_group":"china|xinjiang","parent_geo_key":"china|xinjiang","country_key":"china","left_geo_key":"china|xinjiang|hetian","right_geo_key":"china|xinjiang|kashi"},"geometry":{"type":"LineString","coordinates":[[79.7621,39.6225],[79.6123,38.8696],[79.5655,38.7847],[79.3867,38.83],[79.2646,38.8054],[78.5048,38.4226],[78.039,37.9997],[77.7379,37.6669],[77.7393,37.6332],[77.6637,37.5841],[77.6679,37.4482],[77.5978,37.3009],[77.6441,37.2568],[77.6818,37.1133],[77.6091,36.935],[77.5162,36.9314],[77.5311,36.8681],[77.4872,36.807],[77.6454,36.6727],[77.4902,36.554],[77.4121,36.5486],[77.3995,36.5095],[77.5732,36.4536],[77.6263,36.3446],[77.7161,36.2869],[77.8114,36.2928],[77.9084,36.1995],[77.7323,36.0966],[77.738,36.0391],[77.8711,35.9956],[77.8972,35.9548],[77.8658,35.9187],[77.8985,35.8865],[77.8809,35.8038],[77.9042,35.7669],[77.8659,35.6487],[77.758525,35.533185],[77.7485,35.5224],[77.752835,35.519008]]}},{"type":"Feature","properties":{"boundary_group":"china|xinjiang","parent_geo_key":"china|xinjiang","country_key":"china","left_geo_key":"china|xinjiang|hetian","right_geo_key":"china|xinjiang|kunyu"},"geometry":{"type":"MultiLineString","coordinates":[[[81.035914,36.325695],[81.0343,36.2527],[81.053,36.3297],[81.035914,36.325695]],[[79.5704,37.3827],[79.5799,37.3505],[79.6074,37.3903],[79.5704,37.3827]],[[79.6305,37.4191],[79.6847,37.4476],[79.6816,37.5622],[79.656331,37.539524],[79.6305,37.4191]],[[78.512267,37.571368],[78.526643,37.572924],[78.542,37.6806],[78.5428,37.7912],[78.348,37.731],[78.3283,37.6035],[78.4395,37.642],[78.487958,37.594964],[78.512267,37.571368]],[[79.3748,37.4163],[79.3347,37.4166],[79.2477,37.4149],[79.2513,37.2244],[79.1952,37.2064],[79.3721,37.1741],[79.3634,37.3542],[79.3359,37.3713],[79.3748,37.4163]],[[79.7012,37.376],[79.6884,37.3769],[79.6772,37.371],[79.6992,37.3631],[79.7012,37.376]]]}},{"type":"Feature","properties":{"boundary_group":"china|xinjiang","parent_geo_key":"china|xinjiang","country_key":"china","left_geo_key":"china|xinjiang|huyanghe","right_geo_key":"china|xinjiang|kelamayi"},"geometry":{"type":"LineString","coordinates":[[85.0077,44.7543],[85.007263,44.754724],[84.847,44.8257],[84.9148,44.8361],[84.9147,44.8878],[84.8592,44.8986],[84.8027,45.0248],[84.6538,45.0626],[84.658572,45.102258]]}},{"type":"Feature","properties":{"boundary_group":"china|xinjiang","parent_geo_key":"china|xinjiang","country_key":"china","left_geo_key":"china|xinjiang|huyanghe","right_geo_key":"china|xinjiang|tacheng"},"geometry":{"type":"MultiLineString","coordinates":[[[84.658572,45.102258],[84.6458,45.1081],[84.6533,45.1514],[84.5386,45.1519],[84.5559,45.0833],[84.514,44.988],[84.6057,44.9939],[84.5971,44.9414],[84.6333,44.9295],[84.6462,44.8658],[84.6501,44.7904],[84.6241,44.7839],[84.7666,44.6738],[84.8064,44.6821],[84.8704,44.6345],[84.864638,44.553185]],[[85.062057,44.622188],[85.0159,44.6179],[85.042557,44.72877],[85.0077,44.7543]]]}},{"type":"Feature","properties":{"boundary_group":"china|xinjiang","parent_geo_key":"china|xinjiang","country_key":"china","left_geo_key":"china|xinjiang|huyanghe","right_geo_key":"china|xinjiang|yilihasake"},"geometry":{"type":"LineString","coordinates":[[84.864638,44.553185],[85.0076,44.5739],[85.062057,44.622188]]}},{"type":"Feature","properties":{"boundary_group":"china|xinjiang","parent_geo_key":"china|xinjiang","country_key":"china","left_geo_key":"china|xinjiang|kashi","right_geo_key":"china|xinjiang|kezilesukeerkezi"},"geometry":{"type":"LineString","coordinates":[[78.3721,40.0071],[78.0716,39.9705],[77.7946,39.9868],[77.5288,39.9262],[77.4881,39.8739],[76.8374,39.8301],[76.8212,39.7842],[76.576482,39.602571],[76.4452,39.5754],[76.147184,39.620153],[76.1229,39.6238],[75.9738,39.6114],[75.9801,39.5865],[75.6975,39.5944],[75.6448,39.6524],[75.632535,39.655417],[75.605136,39.662155],[75.583,39.6676],[75.568143,39.666696],[75.399573,39.656441],[75.3578,39.6539],[75.3343,39.6322],[75.3861,39.5005],[75.3122,39.4539],[75.2964,39.4038],[75.3468,39.143],[75.4691,39.1687],[75.5337,39.2417],[75.5797,39.2092],[75.6378,39.2852],[75.7223,39.2936],[75.599719,39.129753],[75.5913,39.1185],[75.585234,39.08525],[75.565656,38.977935],[75.5645,38.9716],[75.6607,38.9555],[75.7548,38.9975],[75.7696,39.0975],[75.7092,39.1243],[75.7683,39.1893],[75.8504,39.1994],[75.8802,39.2686],[75.8596,39.2899],[76.1503,39.2322],[76.1361,39.1978],[76.0432,39.1788],[76.1379,39.0395],[75.982,39.0054],[75.9174,39.037],[75.756,38.9476],[75.9134,38.8702],[75.9753,38.7597],[76.01,38.7676],[76.16,38.6462],[76.1515,38.6047],[76.2852,38.6301],[76.4027,38.6061],[76.399,38.5361],[76.3472,38.4946],[76.4532,38.4993],[76.598273,38.413431],[76.5998,38.2169],[76.531,38.118],[76.5392,38.0616],[76.4673,37.9289],[76.4884,37.8548],[76.3828,37.87],[76.3802,37.8277],[76.314,37.8087],[76.289,37.734],[76.2631,37.7307],[76.2093,37.8132],[76.0253,37.7318],[75.9422,37.7339],[75.804085,37.657358],[75.7901,37.7339],[75.8565,37.8304],[75.843,37.8517],[75.8845,37.8757],[75.8752,37.93],[75.7772,37.9393],[75.7683,37.8978],[75.6619,37.8762],[75.5526,37.9235],[75.4088,37.9275],[75.3951,38.1114],[75.2636,38.2092],[75.1818,38.2007],[75.1018,38.2758],[74.9847,38.2418],[74.9418,38.2767],[74.8054,38.2854]]}},{"type":"Feature","properties":{"boundary_group":"china|xinjiang","parent_geo_key":"china|xinjiang","country_key":"china","left_geo_key":"china|xinjiang|kashi","right_geo_key":"china|xinjiang|tumushuke"},"geometry":{"type":"LineString","coordinates":[[79.298,39.8395],[79.2651,39.8763],[79.419,39.8917],[79.479825,39.87609],[79.5714,39.876],[79.5948,39.8922],[79.5746,40.0123],[79.4828,40.098],[79.0338,40.0348],[79.0117,40.0268],[79.0362,39.9783],[78.9425,39.9099],[78.9842,39.8728],[78.9063,39.8337],[78.9885,39.8076],[78.9922,39.7817],[78.8692,39.7616],[78.8803,39.7013],[78.8315,39.7073],[78.806,39.6549],[78.7763,39.6955],[78.8048,39.7445],[78.7695,39.7588],[78.7739,39.8275],[78.6558,39.7391],[78.7041,39.6497],[78.7901,39.6629],[78.7797,39.6319],[78.869039,39.613972],[78.9987,39.6236],[78.9995,39.6606],[79.088522,39.687194],[79.2375,39.7317],[79.2375,39.7823],[79.3235,39.8042],[79.2805,39.8159],[79.298,39.8395]]}},{"type":"Feature","properties":{"boundary_group":"china|xinjiang","parent_geo_key":"china|xinjiang","country_key":"china","left_geo_key":"china|xinjiang|kekedala","right_geo_key":"china|xinjiang|yilihasake"},"geometry":{"type":"MultiLineString","coordinates":[[[80.5178,43.8432],[80.6659,43.8599],[80.7418,43.9253],[80.7194,43.9376],[80.7394,44.0159],[80.6989,44.0494],[80.7172,44.0776],[80.6816,44.0848],[80.6972,44.1384],[80.6447,44.18],[80.566224,44.166503],[80.5522,44.1038],[80.592,44.0148],[80.5293,44.0286],[80.4912,44.1009],[80.4404,44.0838]],[[80.6125,43.6828],[80.7723,43.7187],[80.7701,43.7995],[80.6343,43.8457],[80.5188,43.814]],[[80.9148,43.8884],[81.1209,43.8694],[81.0375,43.8391],[80.7619,43.8529],[80.7372,43.886],[80.8565,43.92],[80.9148,43.8884]],[[81.0141,43.9831],[81.0909,43.961],[81.0748,43.9154],[80.9826,43.9083],[80.9347,43.9362],[81.0141,43.9831]]]}},{"type":"Feature","properties":{"boundary_group":"china|xinjiang","parent_geo_key":"china|xinjiang","country_key":"china","left_geo_key":"china|xinjiang|kelamayi","right_geo_key":"china|xinjiang|tacheng"},"geometry":{"type":"MultiLineString","coordinates":[[[85.0077,44.7543],[85.007971,44.754411],[85.0446,44.7694],[85.0172,44.8217],[85.0487,44.9307],[85.1532,44.9699],[85.1695,45.022],[85.2549,45.0305],[85.2492,45.158],[85.2007,45.2433],[85.2405,45.2945],[85.2382,45.3753],[85.248993,45.381168],[85.302191,45.41009],[85.4889,45.5116],[85.5908,45.6385],[85.6397,45.7884],[85.8682,45.9261],[85.9521,46.0005],[85.9599,46.044],[86.0215,46.067],[85.9905,46.1231],[85.9034,46.1806],[85.63864,46.209076],[85.6161,46.2115],[85.409504,46.136794],[85.2801,46.09],[85.2702,45.9346],[85.1379,45.7529],[85.0601,45.7127],[84.9563,45.7081],[84.8928,45.6397],[84.7711,45.6483],[84.8026,45.6091],[84.5769,45.3099],[84.5865,45.2406],[84.6654,45.159],[84.6587,45.1022],[84.658572,45.102258]],[[84.783453,44.389675],[84.7935,44.2614],[84.784518,44.240312],[84.753183,44.16675],[84.737546,44.130038],[84.915,44.1784],[84.986216,44.297426],[84.9935,44.3096],[85.1086,44.3093],[85.1104,44.3425]]]}},{"type":"Feature","properties":{"boundary_group":"china|xinjiang","parent_geo_key":"china|xinjiang","country_key":"china","left_geo_key":"china|xinjiang|kelamayi","right_geo_key":"china|xinjiang|yilihasake"},"geometry":{"type":"LineString","coordinates":[[85.1104,44.3425],[84.9741,44.3833],[84.783453,44.389675]]}},{"type":"Feature","properties":{"boundary_group":"china|xinjiang","parent_geo_key":"china|xinjiang","country_key":"china","left_geo_key":"china|xinjiang|shihezi","right_geo_key":"china|xinjiang|tacheng"},"geometry":{"type":"LineString","coordinates":[[86.1281,44.4623],[86.0409,44.4518],[85.9788,44.406],[85.9096,44.4274],[85.9015,44.3326],[85.9577,44.2875],[85.9846,44.156],[86.0631,44.1589],[86.091243,44.127916]]}},{"type":"Feature","properties":{"boundary_group":"china|xinjiang","parent_geo_key":"china|xinjiang","country_key":"china","left_geo_key":"china|xinjiang|tulufan","right_geo_key":"china|xinjiang|wulumuqi"},"geometry":{"type":"LineString","coordinates":[[88.944241,43.629819],[88.9338,43.6315],[88.9739,43.5532],[88.9233,43.4286],[88.6405,43.3454],[88.5297,43.3505],[88.5208,43.2614],[88.4274,43.1947],[88.3418,43.2268],[88.2565,43.2174],[88.2137,43.272],[88.2251,43.3218],[88.1663,43.3305],[87.5656,43.2586],[87.3654,43.2796],[87.3793,43.1125],[87.2637,43.135],[87.2735,43.0859],[87.3608,43.0461],[87.368629,43.045209],[87.3946,43.0341],[87.553411,43.016496],[87.567492,43.00625],[87.57949,42.980059],[87.561886,42.943379],[87.5321,42.9224]]}},{"type":"Feature","properties":{"boundary_group":"china|xinjiang","parent_geo_key":"china|xinjiang","country_key":"china","left_geo_key":"china|xinjiang|wujiaqu","right_geo_key":"china|xinjiang|wulumuqi"},"geometry":{"type":"LineString","coordinates":[[87.580407,44.538384],[87.5932,44.4803],[87.633616,44.453397],[87.6904,44.4156],[87.7085,44.2613],[87.6496,44.1951],[87.5814,44.2384],[87.5738,44.1167],[87.5245,44.0924],[87.502301,44.038073],[87.5014,44.0652]]}},{"type":"Feature","properties":{"boundary_group":"china|xinjiang","parent_geo_key":"china|xinjiang","country_key":"china","left_geo_key":"china|xinjiang|tacheng","right_geo_key":"china|xinjiang|yilihasake"},"geometry":{"type":"MultiLineString","coordinates":[[[84.934791,43.481802],[84.9328,43.4817],[84.891,43.5759],[84.8187,43.5799],[84.7754,43.6431],[84.6106,43.6571],[84.5938,43.6755],[84.6273,43.7284],[84.5099,43.7506],[84.3159,43.7206],[84.2511,43.7839],[84.1117,43.8035],[84.093167,43.816539],[84.087807,43.82031],[84.081,43.8251],[84.1113,43.8521],[84.036946,43.887826],[83.9342,43.9027],[83.8823,43.951],[83.756709,43.956848],[83.616,43.9634],[83.530895,44.007179],[83.4964,44.0053],[83.481022,44.032834],[83.4807,44.033],[83.4655,44.0356],[83.454185,44.027093]],[[84.864638,44.553185],[84.8606,44.4962],[84.783883,44.428976],[84.782909,44.396626],[84.783453,44.389675]],[[85.1104,44.3425],[85.1774,44.3242],[85.2099,44.4782],[85.252,44.4751],[85.2399,44.5882],[85.2021,44.6352],[85.062057,44.622188]]]}},{"type":"Feature","properties":{"boundary_group":"china|xinjiang","parent_geo_key":"china|xinjiang","country_key":"china","left_geo_key":"china|xinjiang|baiyang","right_geo_key":"china|xinjiang|tacheng"},"geometry":{"type":"MultiLineString","coordinates":[[[82.2635,45.6193],[82.5337,45.6784],[82.5364,45.712],[82.4551,45.7288],[82.5615,45.7801],[82.5457,45.8184],[82.6371,45.7715],[82.5968,45.8296],[82.6074,45.8713],[82.6364,45.8698],[82.5694,45.9341],[82.7006,45.9871],[82.6313,46.0997],[82.738,46.1159],[82.6957,46.1227],[82.714829,46.214447],[82.709838,46.229925],[82.6259,46.2707],[82.653,46.3014],[82.6121,46.305]],[[84.1245,46.9705],[84.1369,46.9481],[84.182,46.8585],[84.2176,46.862],[84.1885,46.8189],[84.4487,46.8297],[84.5737,46.8965],[84.7512,46.7471],[84.7616,46.796],[84.8416,46.8458],[84.9314,46.8524],[84.94236,46.865256]],[[82.7855,46.6816],[82.8794,46.6852],[82.9288,46.7365],[82.9336,46.8139],[83.0099,46.8074],[83.0552,46.879],[83.0256,46.9321],[83.036792,46.956543],[83.034791,46.964971],[83.026095,46.959537],[82.988633,46.936129],[82.9665,46.9223],[82.962177,46.935737],[82.948,46.9798],[83.0118,47.0077],[82.9888,47.0646]],[[82.9114,46.5731],[82.945026,46.670473],[82.9463,46.5488],[82.9007,46.4768],[82.7683,46.5088],[82.9114,46.5731]]]}},{"type":"Feature","properties":{"boundary_group":"china|neimenggu","parent_geo_key":"china|neimenggu","country_key":"china","left_geo_key":"china|neimenggu|alashan","right_geo_key":"china|neimenggu|bayannaoer"},"geometry":{"type":"LineString","coordinates":[[106.854422,40.176587],[106.8615,40.1845],[106.7354,40.1953],[106.7009,40.2613],[106.8088,40.3688],[106.5989,40.3859],[106.5166,40.3727],[106.4632,40.3244],[106.3236,40.3453],[106.2058,40.512],[106.2689,40.5088],[106.2809,40.537],[106.3693,40.4907],[106.493,40.4856],[106.4749,40.5539],[106.2823,40.5944],[106.2427,40.6247],[106.2456,40.6682],[106.178,40.7034],[105.6927,40.8103],[105.3909,40.9832],[105.2129,41.3899],[105.1951,41.5839],[105.2254,41.7246],[105.2244,41.7494]]}},{"type":"Feature","properties":{"boundary_group":"china|neimenggu","parent_geo_key":"china|neimenggu","country_key":"china","left_geo_key":"china|neimenggu|alashan","right_geo_key":"china|neimenggu|wuhai"},"geometry":{"type":"LineString","coordinates":[[106.752124,39.371563],[106.7513,39.3725],[106.7486,39.4314],[106.6309,39.4752],[106.6013,39.5364],[106.7704,39.6353],[106.7914,39.6874],[106.7542,39.7119],[106.744,39.8576],[106.746826,39.858655]]}},{"type":"Feature","properties":{"boundary_group":"china|neimenggu","parent_geo_key":"china|neimenggu","country_key":"china","left_geo_key":"china|neimenggu|alashan","right_geo_key":"china|neimenggu|eerduosi"},"geometry":{"type":"LineString","coordinates":[[106.746826,39.858655],[106.733418,39.883572],[106.7166,40.0225],[106.76739,40.079284],[106.854422,40.176587]]}},{"type":"Feature","properties":{"boundary_group":"china|neimenggu","parent_geo_key":"china|neimenggu","country_key":"china","left_geo_key":"china|neimenggu|bayannaoer","right_geo_key":"china|neimenggu|eerduosi"},"geometry":{"type":"LineString","coordinates":[[106.854422,40.176587],[106.8925,40.1706],[107.0013,40.2461],[107.043,40.3299],[107.1659,40.3875],[107.1498,40.4506],[107.1988,40.4996],[107.1556,40.5241],[107.1592,40.5723],[107.2337,40.5558],[107.2816,40.6499],[107.3793,40.6423],[107.4775,40.7084],[107.5337,40.7061],[107.6098,40.777],[107.6746,40.7566],[107.713138,40.812129],[107.731386,40.838422],[107.741364,40.8528],[107.7465,40.8602],[107.8153,40.8352],[107.8513,40.873],[108.088,40.8313],[108.1551,40.8802],[108.167856,40.877124],[108.173326,40.875804],[108.1891,40.872],[108.208,40.8194],[108.4497,40.7929],[108.5762,40.7072],[108.5945,40.6508],[108.6511,40.6663],[108.7151,40.618],[108.7575,40.6257],[108.764,40.5741],[108.8186,40.5423],[108.8666,40.57],[108.9293,40.5274],[109.0507,40.5481],[109.3973,40.4565],[109.4229,40.5124],[109.425953,40.509934]]}},{"type":"Feature","properties":{"boundary_group":"china|neimenggu","parent_geo_key":"china|neimenggu","country_key":"china","left_geo_key":"china|neimenggu|baotou","right_geo_key":"china|neimenggu|bayannaoer"},"geometry":{"type":"LineString","coordinates":[[109.425953,40.509934],[109.427524,40.512863],[109.438,40.5324],[109.4278,40.6212],[109.413041,40.630064],[109.4043,40.7008],[109.4735,40.7486],[109.7903,40.7606],[109.8004,40.8061],[109.8629,40.8406],[109.8815,40.9232],[109.8314,40.9428],[109.807,41.0061],[109.755,40.9971],[109.6735,41.0608],[109.6711,41.1111],[109.7118,41.1369],[109.6143,41.2724],[109.6291,41.3187],[109.6863,41.3321],[109.6864,41.3793],[109.6265,41.4216],[109.666,41.5053],[109.5439,41.4953],[109.4538,41.5264],[109.4213,41.6518],[109.2529,41.8696],[109.3385,41.9126],[109.3829,42.0376],[109.456,42.0723],[109.5041,42.1592],[109.4701,42.3715],[109.3801,42.447]]}},{"type":"Feature","properties":{"boundary_group":"china|neimenggu","parent_geo_key":"china|neimenggu","country_key":"china","left_geo_key":"china|neimenggu|baotou","right_geo_key":"china|neimenggu|eerduosi"},"geometry":{"type":"LineString","coordinates":[[109.425953,40.509934],[109.4281,40.5082],[109.5017,40.5092],[109.5732,40.5531],[109.6362,40.542],[109.6523,40.4971],[109.7035,40.4772],[109.9076,40.5305],[110.1411,40.5022],[110.1995,40.5486],[110.2488,40.5143],[110.2358,40.4742],[110.2999,40.4917],[110.2989,40.4478],[110.3638,40.4548],[110.4226,40.3997],[110.4714,40.4033],[110.4877,40.3662],[110.5103,40.3896],[110.5847,40.3179],[110.66484,40.311915],[110.7668,40.3043],[110.7937,40.2608],[110.835916,40.282783],[110.847919,40.289033],[110.854,40.2922],[110.853593,40.287426],[110.8514,40.2617],[110.945232,40.254464],[111.012789,40.277798],[111.033111,40.284817]]}},{"type":"Feature","properties":{"boundary_group":"china|neimenggu","parent_geo_key":"china|neimenggu","country_key":"china","left_geo_key":"china|neimenggu|baotou","right_geo_key":"china|neimenggu|huhehaote"},"geometry":{"type":"LineString","coordinates":[[111.033111,40.284817],[111.0257,40.3155],[111.1082,40.33],[111.116671,40.36469],[111.1208,40.3816],[111.095987,40.394943],[111.044971,40.422377],[111.023761,40.433783],[110.920409,40.489361],[110.8374,40.534],[110.8708,40.5628],[110.7969,40.6105],[110.776,40.7921],[110.728,40.7846],[110.7035,40.8178],[110.739,40.9171],[110.628,40.9301],[110.622,40.987],[110.6719,41.053],[110.6406,41.1581],[110.5117,41.2868],[110.5625,41.3233],[110.631,41.3181],[110.7135,41.3826],[110.8143,41.382],[110.9178,41.3125],[110.9777,41.3431],[111.0242,41.2957],[111.0863,41.2822],[111.0956,41.3063],[111.2297,41.2372],[111.2793,41.2898],[111.4187,41.3168]]}},{"type":"Feature","properties":{"boundary_group":"china|neimenggu","parent_geo_key":"china|neimenggu","country_key":"china","left_geo_key":"china|neimenggu|baotou","right_geo_key":"china|neimenggu|wulanchabu"},"geometry":{"type":"LineString","coordinates":[[111.4187,41.3168],[111.3807,41.3791],[111.4271,41.424],[111.4344,41.519],[111.369174,41.622857],[111.2369,41.6677],[111.0541,41.7968],[110.9918,41.9162],[110.7782,42.1746],[110.7239,42.4409],[110.6333,42.49],[110.491973,42.629014],[110.401092,42.702727],[110.3328,42.7348]]}},{"type":"Feature","properties":{"boundary_group":"china|neimenggu","parent_geo_key":"china|neimenggu","country_key":"china","left_geo_key":"china|neimenggu|chifeng","right_geo_key":"china|neimenggu|tongliao"},"geometry":{"type":"LineString","coordinates":[[120.878747,42.266001],[120.8779,42.2678],[120.81186,42.325919],[120.706784,42.418391],[120.5661,42.5422],[120.3908,42.8831],[120.4226,42.984],[120.3806,42.9829],[120.3423,43.0564],[120.7681,43.4251],[120.4262,43.3849],[120.6514,43.4504],[120.7495,43.5504],[120.9367,43.6105],[120.9766,43.6585],[120.7813,43.8121],[120.7902,43.8834],[120.687,44.0349],[120.7396,44.1116],[120.6477,44.1838],[120.6408,44.2328],[120.4485,44.2604],[120.3723,44.3843],[120.3061,44.4164],[120.2937,44.5025],[120.1595,44.5839],[120.169,44.6322],[120.0954,44.6606],[120.0671,44.7257],[120.041351,44.746872],[120.005158,44.776632],[119.9242,44.8432],[119.7446,44.9256],[119.6476,45.1041],[119.4853,45.222],[119.3306,45.2503]]}},{"type":"Feature","properties":{"boundary_group":"china|neimenggu","parent_geo_key":"china|neimenggu","country_key":"china","left_geo_key":"china|neimenggu|chifeng","right_geo_key":"china|neimenggu|xilinguole"},"geometry":{"type":"LineString","coordinates":[[119.3306,45.2503],[119.326406,45.242539],[119.2998,45.1933],[119.3547,45.1636],[119.361726,45.107998],[119.3628,45.0995],[119.35416,45.097859],[119.312432,45.089931],[119.287,45.0851],[119.283947,45.105863],[119.2061,45.1494],[119.1521,45.0981],[119.2223,45.0164],[119.1503,44.9888],[119.2225,44.9148],[119.065,44.9226],[119.0623,44.8661],[119.1754,44.775],[119.1194,44.7602],[119.1347,44.7277],[119.0595,44.7085],[118.9223,44.7167],[118.9906,44.6518],[118.9719,44.5559],[118.7748,44.4535],[118.5984,44.4601],[118.5478,44.4325],[118.5474,44.3999],[118.4721,44.3872],[118.4671,44.3411],[118.4186,44.3124],[118.2484,44.3272],[118.2207,44.3091],[118.2555,44.2391],[118.2061,44.2556],[118.122322,44.166589],[118.1081,44.1291],[118.062,44.1025],[117.8999,44.1211],[117.7836,44.0176],[117.671396,44.025732],[117.647,44.0275],[117.650968,44.03562],[117.6795,44.094],[117.5154,44.2251],[117.1995,44.2183],[117.1136,44.1774],[116.9551,44.0229],[117.026,43.9527],[116.9931,43.9103],[117.0067,43.8485],[116.9796,43.8383],[116.9944,43.7805],[117.0474,43.7514],[116.9657,43.6715],[116.8522,43.6553],[116.799,43.6044],[116.8256,43.5022],[116.7837,43.4818],[116.6158,43.5032],[116.5996,43.4177],[116.4299,43.3262],[116.4075,43.2544],[116.3635,43.2411],[116.3499,43.1546],[116.3918,43.1046],[116.4975,43.047],[116.4944,43.0131],[116.6586,42.9311],[116.6678,42.7594],[116.582,42.598],[116.6294,42.6128],[116.6633,42.5539],[116.6929,42.5902],[116.7951,42.581],[116.8145,42.545],[116.8795,42.5328],[116.883844,42.460278],[116.9037,42.4362],[116.888985,42.386288],[116.888963,42.386211]]}},{"type":"Feature","properties":{"boundary_group":"china|neimenggu","parent_geo_key":"china|neimenggu","country_key":"china","left_geo_key":"china|neimenggu|eerduosi","right_geo_key":"china|neimenggu|wuhai"},"geometry":{"type":"LineString","coordinates":[[106.746826,39.858655],[106.7729,39.8102],[106.9562,39.9126],[106.9625,39.8586],[106.8713,39.7957],[106.9638,39.4515],[106.9381,39.2989],[107.0624,39.2294],[107.132776,39.264442],[107.132936,39.258262],[107.0756,39.047],[106.9663,39.0527]]}},{"type":"Feature","properties":{"boundary_group":"china|neimenggu","parent_geo_key":"china|neimenggu","country_key":"china","left_geo_key":"china|neimenggu|eerduosi","right_geo_key":"china|neimenggu|huhehaote"},"geometry":{"type":"LineString","coordinates":[[111.440421,39.6432],[111.432823,39.652452],[111.397351,39.695646],[111.361495,39.739308],[111.4389,39.8964],[111.4054,40.0433],[111.3096,40.1506],[111.045454,40.267203],[111.0458,40.2892],[111.033111,40.284817]]}},{"type":"Feature","properties":{"boundary_group":"china|neimenggu","parent_geo_key":"china|neimenggu","country_key":"china","left_geo_key":"china|neimenggu|huhehaote","right_geo_key":"china|neimenggu|wulanchabu"},"geometry":{"type":"LineString","coordinates":[[112.3035,40.2551],[112.2632,40.3566],[112.2288,40.3537],[112.2613,40.3927],[112.2123,40.4523],[112.0462,40.557],[112.0906,40.5948],[112.0384,40.6543],[112.1084,40.6575],[112.1234,40.6962],[112.086,40.7387],[112.1434,40.761],[112.178957,40.844284],[112.1262,40.9535],[112.0346,40.9678],[112.011,41.0028],[112.027,41.0459],[111.8772,41.1277],[111.8249,41.2582],[111.7239,41.3092],[111.4187,41.3168]]}},{"type":"Feature","properties":{"boundary_group":"china|neimenggu","parent_geo_key":"china|neimenggu","country_key":"china","left_geo_key":"china|neimenggu|hulunbeier","right_geo_key":"china|neimenggu|xingan"},"geometry":{"type":"LineString","coordinates":[[119.4792,47.3338],[119.5833,47.3497],[119.6547,47.4066],[119.7607,47.4349],[119.9013,47.5678],[120.0147,47.5511],[120.2576,47.6536],[120.3955,47.5722],[120.5884,47.5439],[120.5885,47.4855],[120.7264,47.3822],[120.6935,47.3283],[120.612,47.2899],[120.6175,47.2414],[120.7317,47.2164],[120.7872,47.1598],[120.9548,47.0967],[121.0667,47.1482],[121.2396,47.1101],[121.5196,47.1969],[121.642,47.1781],[121.667,47.2475],[121.7537,47.2788],[122.0776,47.1782],[122.4117,47.3482]]}},{"type":"Feature","properties":{"boundary_group":"china|neimenggu","parent_geo_key":"china|neimenggu","country_key":"china","left_geo_key":"china|neimenggu|tongliao","right_geo_key":"china|neimenggu|xingan"},"geometry":{"type":"LineString","coordinates":[[122.2658,44.2536],[122.0998,44.2701],[121.8238,44.4096],[121.5983,44.6076],[121.5903,44.6576],[121.5426,44.6659],[121.5243,44.7186],[121.4031,44.7888],[121.3955,44.8492],[121.0125,45.0098],[120.9495,45.1247],[120.9626,45.1819],[120.8294,45.2143],[120.8222,45.2513],[120.7375,45.2582],[120.5487,45.3557],[120.5334,45.4331],[120.4289,45.4623],[120.3136,45.5541],[120.0313,45.5929],[119.9902,45.5713],[120.0245,45.4964],[119.9935,45.4785],[119.9007,45.503],[119.9124,45.5591],[119.7864,45.5627],[119.5589,45.6541]]}},{"type":"Feature","properties":{"boundary_group":"china|neimenggu","parent_geo_key":"china|neimenggu","country_key":"china","left_geo_key":"china|neimenggu|tongliao","right_geo_key":"china|neimenggu|xilinguole"},"geometry":{"type":"LineString","coordinates":[[119.5589,45.6541],[119.4893,45.5484],[119.2973,45.4663],[119.3064,45.3836],[119.2413,45.3016],[119.3306,45.2503]]}},{"type":"Feature","properties":{"boundary_group":"china|neimenggu","parent_geo_key":"china|neimenggu","country_key":"china","left_geo_key":"china|neimenggu|wulanchabu","right_geo_key":"china|neimenggu|xilinguole"},"geometry":{"type":"LineString","coordinates":[[114.8005,42.1475],[114.8028,42.1983],[114.6701,42.196],[114.665268,42.274451],[114.5685,42.2946],[114.51,42.2279],[114.3983,42.198],[114.4589,42.1687],[114.4725,42.1121],[114.4411,42.0968],[114.3702,42.1076],[114.369,42.15],[114.3146,42.187],[114.2016,42.1281],[114.0932,42.1237],[114.0581,42.0418],[114.0988,41.9812],[114.0615,41.996],[114.0504,41.9481],[114.0127,41.9896],[113.9807,41.9517],[113.9076,41.9762],[113.8887,42.0563],[113.7506,42.0748],[113.7024,42.1281],[113.6253,42.103],[113.365,42.1415],[113.1413,41.9764],[113.1563,41.942],[113.0715,41.9322],[113.0351,41.9838],[112.9329,42.0164],[112.8492,42.1153],[112.7309,42.1426],[112.683,42.2526],[112.6301,42.2786],[112.6478,42.3142],[112.3903,42.3855],[112.1713,42.5089],[112.1734,42.5328],[112.0218,42.5826],[111.7454,42.9856],[111.6213,43.0423],[111.4962,43.1766],[111.3724,43.1802],[111.2087,43.2746],[111.1406,43.3781]]}},{"type":"Feature","properties":{"boundary_group":"china|neimenggu","parent_geo_key":"china|neimenggu","country_key":"china","left_geo_key":"china|neimenggu|xilinguole","right_geo_key":"china|neimenggu|xingan"},"geometry":{"type":"LineString","coordinates":[[119.5589,45.6541],[119.675,45.6677],[119.6936,45.7351],[119.8014,45.8187],[119.8035,45.9827],[119.8726,46.1427],[119.8441,46.1819],[119.8812,46.2046],[119.8291,46.2335],[119.8312,46.3192],[119.8672,46.3442],[119.8311,46.3738],[119.9777,46.4172],[119.9032,46.4275],[119.9423,46.492],[119.9026,46.5339],[119.9448,46.6031],[119.9037,46.6513]]}},{"type":"Feature","properties":{"boundary_group":"china|xizang","parent_geo_key":"china|xizang","country_key":"china","left_geo_key":"china|xizang|ali","right_geo_key":"china|xizang|naqu"},"geometry":{"type":"MultiLineString","coordinates":[[[86.1914,31.0068],[86.1987,31.0774],[86.1385,31.214],[85.9759,31.216],[85.866,31.258],[85.8612,31.2845],[85.5989,31.3671],[85.5451,31.4596],[85.5593,31.4955],[85.4744,31.506],[85.4466,31.579],[85.3874,31.593],[85.3478,31.5609],[85.2864,31.6431],[85.1186,31.6815],[85.16,31.9513],[85.0493,32.0967],[85.175,32.2439],[85.257,32.4934],[85.3382,32.5158],[85.395,32.5891],[85.495,32.5879],[85.7264,32.684],[85.8769,32.6961],[85.9635,32.7795],[86.068975,32.811523],[86.1064,32.8612],[86.0513,32.9119],[86.0675,32.9844],[86.129,33.028],[86.1126,33.0778],[86.1726,33.1578],[86.0204,33.163],[86.0187,33.2177],[86.0328,33.2471],[86.2422,33.3258],[86.251,33.3884],[86.3263,33.4264],[86.2637,33.4968],[86.2467,33.6337],[86.2114,33.634],[86.1763,33.6846],[86.2714,33.8986],[86.2255,33.9639],[86.2326,34.0033],[86.1905,34.0321],[86.1909,34.1407],[86.1285,34.2119],[86.1627,34.4019],[85.9415,34.5253],[85.9453,34.5608],[86.0538,34.6573],[86.0405,34.7448],[86.1049,34.8096],[86.1427,34.9248],[86.1131,34.9298],[86.2309,35.1511],[86.1757,35.323],[86.2935,35.376],[86.2497,35.4838],[86.3041,35.5373],[86.2734,35.5469],[86.3144,35.6371],[86.158731,35.765048],[86.086853,35.824126],[86.069,35.8388],[86.073542,35.849234],[86.069574,35.85672]],[[85.763134,30.95387],[85.7579,30.9546],[85.766225,30.976362],[85.782217,31.018171],[85.7846,31.0244],[85.9105,31.0824],[85.923042,31.081],[86.0969,31.0616],[86.1211,30.9697]]]}},{"type":"Feature","properties":{"boundary_group":"china|xizang","parent_geo_key":"china|xizang","country_key":"china","left_geo_key":"china|xizang|ali","right_geo_key":"china|xizang|rikaze"},"geometry":{"type":"MultiLineString","coordinates":[[[82.1466,30.2023],[82.25,30.2861],[82.27,30.4039],[82.3126,30.4289],[82.409,30.4099],[82.4223,30.3605],[82.477,30.4197],[82.5758,30.3616],[82.6303,30.3628],[82.6631,30.4267],[82.6104,30.5329],[82.6493,30.6046],[82.6357,30.7289],[82.7095,30.7989],[82.8106,30.7585],[82.8173,30.6919],[82.9474,30.6485],[82.9184,30.5962],[82.9492,30.5381],[82.9991,30.5495],[83.0685,30.5079],[83.1818,30.7062],[83.1427,30.8077],[83.0366,30.8102],[82.9407,30.937],[82.8945,30.9164],[82.7988,31.0223],[82.821,31.1555],[82.9695,31.1813],[82.9892,31.2602],[82.9465,31.41],[82.9649,31.4723],[82.8262,31.5527],[82.8528,31.5808],[82.983,31.5798],[82.926,31.6303],[82.9527,31.6499],[83.0479,31.6095],[83.068,31.6513],[83.1674,31.6921],[83.2667,31.6546],[83.2564,31.7007],[83.3039,31.7316],[83.3956,31.6068],[83.6471,31.5735],[83.7089,31.5949],[83.7646,31.5677],[83.961,31.5889],[84.0287,31.6444],[84.1067,31.611],[84.1655,31.6709],[84.2137,31.6767],[84.2868,31.6637],[84.2981,31.615],[84.3473,31.645],[84.3882,31.6176],[84.3932,31.6775],[84.3482,31.7606],[84.3775,31.8093],[84.4429,31.7737],[84.4542,31.7048],[84.6479,31.6657],[84.5235,31.4909],[84.3791,31.4953],[84.3531,31.4583],[84.204,31.4072],[84.2049,31.3694],[84.3453,31.3187],[84.4922,31.3284],[84.6065,31.2585],[84.6129,31.074],[84.662,31.0685],[84.6938,31.0354],[84.6778,30.9843],[84.775,30.9302],[84.5949,30.7978],[84.5189,30.6503],[84.4696,30.6248],[84.4624,30.5925],[84.5071,30.5654],[84.4493,30.4783],[84.4622,30.4159],[84.5745,30.4094],[84.6518,30.26],[84.7036,30.2562],[84.7433,30.1675],[84.7321,29.9995],[84.8639,29.9844],[84.855,29.9559],[84.9455,29.8608],[85.097,29.7732],[85.1658,29.6957],[85.2606,29.7139],[85.303,29.679],[85.3947,29.7211],[85.3876,29.8019],[85.4389,29.863],[85.5447,29.7816],[85.5892,29.7839],[85.6018,29.8089],[85.5393,29.8433],[85.5434,29.874],[85.6972,29.9082],[85.6651,29.9721],[85.7827,30.0167],[85.7976,30.0498],[85.7701,30.1433],[85.8413,30.1119],[85.8211,30.2283],[85.7632,30.2695],[85.8154,30.276],[85.8655,30.3237],[85.8601,30.3554],[85.92522,30.347507],[85.9327,30.3466],[85.8826,30.3986],[85.8719,30.5839],[85.7083,30.6419],[85.7338,30.6799],[85.8068,30.661],[85.817991,30.668886],[85.8454,30.6882],[85.7908,30.7365],[85.828,30.8163],[85.762097,30.94632],[85.763134,30.95387]],[[86.1211,30.9697],[86.1758,31.0001],[86.1914,31.0068]]]}},{"type":"Feature","properties":{"boundary_group":"china|xizang","parent_geo_key":"china|xizang","country_key":"china","left_geo_key":"china|xizang|changdu","right_geo_key":"china|xizang|naqu"},"geometry":{"type":"LineString","coordinates":[[94.757713,32.555944],[94.7382,32.4936],[94.6485,32.4634],[94.7585,32.3481],[94.744,32.2675],[94.6701,32.2171],[94.6475,32.1301],[94.6599,32.0569],[94.6878,32.0499],[94.6542,31.9922],[94.6722,31.9186],[94.6411,31.8369],[94.7534,31.7968],[94.7694,31.7375],[94.6809,31.6846],[94.6784,31.6479],[94.7457,31.642],[94.7743,31.5606],[94.8899,31.5446],[94.9097,31.4859],[94.8661,31.4094],[94.9628,31.3662],[95.0471,31.1887],[95.0326,31.16],[94.9225,31.1576],[94.9202,31.1351],[94.8252,31.1202],[94.8141,31.0745],[94.7723,31.0801],[94.712,31.1831],[94.7738,31.3464],[94.7466,31.3642],[94.6736,31.3174],[94.606,31.3254],[94.5776,31.4411],[94.451,31.3394],[94.3888,31.3527],[94.3669,31.2971],[94.2962,31.3163],[94.2769,31.2444],[94.3012,31.2188],[94.2484,31.1961],[94.212,31.1252],[94.3399,30.9199],[94.3187,30.8495],[94.2315,30.8775],[94.1626,30.8524],[93.9911,30.8767],[93.9689,30.8378],[93.8545,30.9076],[93.668222,30.918428],[93.622386,30.889542],[93.606117,30.865465],[93.619093,30.859312],[93.653,30.863],[93.7001,30.8209],[93.674,30.7613],[93.7753,30.7065],[93.7863,30.6653],[93.969,30.6077],[94.14342,30.496185],[94.147031,30.493877]]}},{"type":"Feature","properties":{"boundary_group":"china|xizang","parent_geo_key":"china|xizang","country_key":"china","left_geo_key":"china|xizang|changdu","right_geo_key":"china|xizang|linzhi"},"geometry":{"type":"LineString","coordinates":[[94.147031,30.493877],[94.155092,30.498807],[94.3258,30.6032],[94.3738,30.5904],[94.39199,30.543954],[94.408716,30.541646],[94.438645,30.544686],[94.4616,30.5803],[94.5065,30.5461],[94.5999,30.5539],[94.6073,30.6022],[94.6998,30.631],[95.0165,30.5622],[95.095,30.582],[95.0753,30.6127],[95.091628,30.645651],[95.098239,30.658993],[95.1029,30.6684],[95.114459,30.662339],[95.2057,30.6145],[95.23,30.6494],[95.3021,30.6421],[95.364,30.558],[95.3867,30.5901],[95.400688,30.585371],[95.42582,30.604121],[95.4281,30.6192],[95.440027,30.61472],[95.4463,30.6194],[95.529209,30.598101],[95.5502,30.6061],[95.711,30.5514],[95.6936,30.4856],[95.7519,30.4589],[95.8134,30.368],[95.8843,30.3455],[95.8585,30.3066],[95.929,30.2513],[96.025857,30.247878],[96.052,30.2604],[96.069514,30.246336],[96.106164,30.216904],[96.124743,30.201983],[96.2093,30.2175],[96.238566,30.294525],[96.24,30.2983],[96.253724,30.300538],[96.4246,30.3284],[96.476444,30.272751],[96.5508,30.3003],[96.6329,30.2348],[96.6361,30.1698],[96.6023,30.1446],[96.6624,30.1385],[96.66042,30.125702],[96.653274,30.079518],[96.6475,30.0422],[96.638876,30.035104],[96.564,29.9735],[96.5827,29.9342],[96.4769,29.798],[96.4862,29.7398],[96.6243,29.6426],[96.6537,29.5642],[96.6053,29.5001],[96.7056,29.4218],[96.5415,29.3615],[96.6677,29.2763],[96.7161,29.1712],[96.84,29.1774],[96.9171,29.127],[96.919,29.2002],[96.9852,29.204],[96.9915,29.3207],[96.9559,29.3688],[96.9938,29.3972],[96.9823,29.4854],[97.064,29.4931],[97.0754,29.5494],[97.1515,29.4487],[97.2933,29.4534],[97.2803,29.4346],[97.3589,29.3691],[97.3334,29.3231],[97.3977,29.289],[97.4092,29.0705],[97.5461,29.1003],[97.5177,29.1403],[97.5355,29.1871],[97.6145,29.2103],[97.5476,29.2837],[97.6042,29.2937],[97.7411,29.2409],[97.8437,29.1036],[97.981,29.1355],[98.0355,29.0872],[98.0422,29.0333],[98.1138,29.0081],[98.0948,28.9634],[98.1452,28.8635],[98.2032,28.8668],[98.2458,28.9127],[98.3068,28.8729],[98.3255,28.7958],[98.3736,28.7687],[98.4424,28.7913],[98.4776,28.7368],[98.4801,28.638],[98.5496,28.5575],[98.5409,28.5094],[98.6844,28.4393]]}},{"type":"Feature","properties":{"boundary_group":"china|xizang","parent_geo_key":"china|xizang","country_key":"china","left_geo_key":"china|xizang|lasa","right_geo_key":"china|xizang|naqu"},"geometry":{"type":"LineString","coordinates":[[92.6108,30.2259],[92.3955,30.2704],[92.343,30.2532],[92.2146,30.3193],[92.1663,30.2141],[92.0754,30.2229],[91.9754,30.1837],[91.971924,30.190876],[91.9256,30.2865],[91.8569,30.2876],[91.8514,30.4333],[91.7909,30.4494],[91.9038,30.5159],[91.8921,30.5422],[91.8268,30.6217],[91.7415,30.6634],[91.7436,30.7179],[91.5732,30.6588],[91.5064,30.6576],[91.4751,30.7036],[91.4217,30.7111],[91.4405,30.749],[91.3806,30.8554],[91.3457,31.0431],[91.2812,31.0577],[91.1864,31.0211],[91.1114,31.0416],[91.1226,30.9839],[91.1592,30.9648],[91.0758,30.8828],[91.009,30.9233],[91.0189,30.9476],[90.9811,30.9386],[90.9372,31.0157],[90.8802,30.996],[90.7965,31.0269],[90.7183,30.9535],[90.5915,30.5658],[90.6557,30.4739],[90.5539,30.4033],[90.4464,30.3814],[90.3987,30.3389],[90.4041,30.2888],[90.2441,30.2805],[90.2321,30.1996],[90.1218,30.0167],[90.084768,30.011435],[90.0852,29.96],[90.038,29.9389],[89.900314,29.978051]]}},{"type":"Feature","properties":{"boundary_group":"china|xizang","parent_geo_key":"china|xizang","country_key":"china","left_geo_key":"china|xizang|lasa","right_geo_key":"china|xizang|rikaze"},"geometry":{"type":"LineString","coordinates":[[89.900314,29.978051],[89.9011,29.9762],[89.887091,29.976585],[89.855887,29.977441],[89.847974,29.969464],[89.838071,29.931558],[89.8426,29.8059],[89.8938,29.7464],[89.8078,29.6848],[89.819,29.6544],[89.7511,29.5842],[89.8189,29.5234],[89.7653,29.4991],[89.7829,29.4243],[89.9382,29.3396],[90.1509,29.3535],[90.222761,29.337356],[90.297054,29.320666],[90.3472,29.3094]]}},{"type":"Feature","properties":{"boundary_group":"china|xizang","parent_geo_key":"china|xizang","country_key":"china","left_geo_key":"china|xizang|lasa","right_geo_key":"china|xizang|shannan"},"geometry":{"type":"LineString","coordinates":[[90.3472,29.3094],[90.4396,29.2408],[90.599758,29.269083],[90.7174,29.3433],[90.866735,29.353355],[90.945418,29.372737],[91.2161,29.5295],[91.3995,29.4882],[91.5484,29.5813],[91.6369,29.5751],[91.6259,29.5392],[91.6934,29.5242],[91.8542,29.5862],[92.1278,29.525],[92.1791,29.5626],[92.2349,29.5518],[92.3249,29.6264],[92.3838,29.6304],[92.3603,29.7587],[92.390953,29.822775]]}},{"type":"Feature","properties":{"boundary_group":"china|xizang","parent_geo_key":"china|xizang","country_key":"china","left_geo_key":"china|xizang|lasa","right_geo_key":"china|xizang|linzhi"},"geometry":{"type":"LineString","coordinates":[[92.390953,29.822775],[92.385938,29.824065],[92.356702,29.827148],[92.291,29.79],[92.2576,29.852],[92.164829,29.896255],[92.1618,29.8977],[92.169043,29.918275],[92.179837,29.948937],[92.1825,29.9565],[92.2533,29.9419],[92.3222,29.9944],[92.3642,29.978],[92.4382,30.0223],[92.4062,30.0548],[92.41253,30.061099],[92.415423,30.063977],[92.4266,30.0751],[92.436462,30.076748],[92.5451,30.0949],[92.615011,30.21119],[92.615093,30.217241],[92.6108,30.2259]]}},{"type":"Feature","properties":{"boundary_group":"china|xizang","parent_geo_key":"china|xizang","country_key":"china","left_geo_key":"china|xizang|linzhi","right_geo_key":"china|xizang|naqu"},"geometry":{"type":"LineString","coordinates":[[94.147031,30.493877],[94.152,30.4907],[94.100497,30.461466],[94.1041,30.3912],[94.024042,30.372488],[93.9974,30.3016],[93.8709,30.3396],[93.8517,30.305],[93.842561,30.302519],[93.825807,30.297972],[93.7758,30.2844],[93.692703,30.285608],[93.647541,30.286265],[93.5626,30.2875],[93.496721,30.312551],[93.42793,30.338709],[93.4056,30.3472],[93.409288,30.357615],[93.4295,30.4147],[93.3623,30.473],[93.2498,30.5095],[93.1409,30.4046],[93.0821,30.4936],[93.022,30.5116],[93.0293,30.583],[92.906329,30.606833],[92.8752,30.5319],[92.8306,30.5454],[92.759,30.4801],[92.7959,30.4417],[92.7438,30.3748],[92.7482,30.3267],[92.691,30.3342],[92.7069,30.2937],[92.622942,30.305006],[92.61564,30.257435],[92.6108,30.2259]]}},{"type":"Feature","properties":{"boundary_group":"china|xizang","parent_geo_key":"china|xizang","country_key":"china","left_geo_key":"china|xizang|linzhi","right_geo_key":"china|xizang|shannan"},"geometry":{"type":"LineString","coordinates":[[92.390953,29.822775],[92.5016,29.7943],[92.5247,29.7153],[92.4759,29.6536],[92.4614,29.5893],[92.4856,29.5533],[92.5173,29.5566],[92.5811,29.6716],[92.6838,29.6968],[92.745,29.6503],[92.8835,29.7247],[92.9879,29.6653],[92.998,29.5961],[93.01035,29.586462],[93.0827,29.53],[93.09259,29.395909],[93.096278,29.345897],[93.0261,29.3069],[93.0158,29.2399],[92.9187,29.1306],[92.7933,29.0794],[92.7607,28.9364],[92.6962,28.9049],[92.6661,28.8264],[92.4958,28.87],[92.4272,28.8061],[92.4444,28.7555],[92.51,28.726],[92.5571,28.8088],[92.6509,28.76],[92.7691,28.7532],[92.8184,28.702],[92.8676,28.7049],[92.9198,28.7732],[93.0781,28.7248],[93.3312,28.7627],[93.369,28.707],[93.4213,28.7181],[93.5066,28.668],[93.6069,28.6855],[93.6414,28.6571],[93.7554,28.6976],[93.8885,28.5496],[93.8877,28.3998],[94.0297,28.366],[94.1584,28.2318],[94.1469,28.0874],[94.2045,28],[94.3005,27.951],[94.3166,27.8548],[94.3494,27.8307],[94.3101,27.7448],[94.3544,27.73],[94.2087,27.6073],[94.2555,27.5617]]}},{"type":"Feature","properties":{"boundary_group":"china|xizang","parent_geo_key":"china|xizang","country_key":"china","left_geo_key":"china|xizang|naqu","right_geo_key":"china|xizang|rikaze"},"geometry":{"type":"MultiLineString","coordinates":[[[86.1914,31.0068],[86.3136,30.9564],[86.3308,30.8061],[86.4262,30.7016],[86.3987,30.6626],[86.4325,30.6112],[86.4102,30.5876],[86.4422,30.5698],[86.4262,30.4757],[86.5294,30.4857],[86.548957,30.450159],[86.635,30.4306],[86.6541,30.4671],[86.7171,30.4556],[86.6758,30.5288],[86.709,30.5514],[86.7742,30.5231],[86.8586,30.5687],[86.9385,30.5124],[86.9238,30.6155],[86.8491,30.5878],[86.9015,30.6667],[86.8924,30.7311],[86.8581,30.7276],[86.8657,30.6508],[86.7853,30.6643],[86.7653,30.6807],[86.8016,30.6932],[86.7961,30.7396],[86.7305,30.8345],[86.9133,30.9332],[86.9764,30.9237],[86.938,30.897],[86.9233,30.8065],[86.8633,30.7673],[86.9238,30.7566],[87.0067,30.8119],[87.0193,30.9049],[87.0727,30.9446],[87.1263,30.8947],[87.0968,30.7972],[87.1629,30.7242],[87.1564,30.5866],[87.182,30.5542],[87.3662,30.5328],[87.3819,30.5592],[87.4715,30.5533],[87.5302,30.4851],[87.525623,30.395379],[87.5254,30.391],[87.527602,30.389894],[87.53957,30.383883],[87.5692,30.369],[87.6124,30.3845],[87.731915,30.336838],[87.7448,30.3317],[87.854,30.3939],[88.025,30.3592],[88.051688,30.375057],[88.0932,30.3711],[88.116596,30.285287],[88.1197,30.2739],[88.1808,30.2626],[88.203,30.2182],[88.2722,30.2221],[88.3062,30.2636],[88.416,30.2432],[88.476913,30.174605],[88.4596,30.0864],[88.506327,30.061704],[88.5192,30.0549],[88.525734,30.063934],[88.539005,30.082284],[88.591838,30.155335],[88.6428,30.2258],[88.8419,30.2004],[88.8695,30.2345],[88.9412,30.2016],[89.0051,30.2609],[89.0936,30.2493],[89.1055,30.2817],[89.1941,30.311],[89.2388,30.2604],[89.3099,30.28],[89.3753,30.2267],[89.419,30.2591],[89.524118,30.233532],[89.573258,30.22158],[89.6369,30.2061],[89.6992,30.2231],[89.7102,30.1614],[89.7703,30.1865],[89.810524,30.144329],[89.8219,30.0591],[89.8698,30.0499],[89.8917,29.9805],[89.900314,29.978051]],[[85.763134,30.95387],[85.9286,30.9308],[85.9465,30.8993],[85.9376,30.8669],[85.8655,30.8731],[85.8997,30.786],[85.8247,30.8001],[85.85355,30.765243],[85.8636,30.7531],[85.896371,30.760028],[85.94002,30.754713],[85.9386,30.7509],[85.9894,30.7487],[86.046837,30.836777],[86.070015,30.87232],[86.1,30.9183],[86.106591,30.934356],[86.1211,30.9697]],[[86.5781,30.3972],[86.551192,30.446098],[86.604,30.4097],[86.5781,30.3972]]]}},{"type":"Feature","properties":{"boundary_group":"china|xizang","parent_geo_key":"china|xizang","country_key":"china","left_geo_key":"china|xizang|rikaze","right_geo_key":"china|xizang|shannan"},"geometry":{"type":"LineString","coordinates":[[90.1887,28.1616],[90.225,28.3499],[90.1348,28.3417],[90.0895,28.3937],[90.0874,28.4753],[90.1301,28.5002],[90.1249,28.5824],[90.0654,28.6226],[90.2209,28.8049],[90.186072,28.946443],[90.233311,29.040342],[90.2466,29.058],[90.245802,29.065171],[90.235,29.1623],[90.3007,29.2133],[90.340793,29.296159],[90.3472,29.3094]]}},{"type":"Feature","properties":{"boundary_group":"china|shaanxi","parent_geo_key":"china|shaanxi","country_key":"china","left_geo_key":"china|shaanxi|ankang","right_geo_key":"china|shaanxi|xian"},"geometry":{"type":"LineString","coordinates":[[108.8346,33.8159],[108.7734,33.8014],[108.7508,33.8405],[108.6466,33.8426],[108.5814,33.7657],[108.4842,33.8055],[108.3983,33.7651],[108.3412,33.7949],[108.1763,33.7128],[108.0507,33.7107]]}},{"type":"Feature","properties":{"boundary_group":"china|shaanxi","parent_geo_key":"china|shaanxi","country_key":"china","left_geo_key":"china|shaanxi|ankang","right_geo_key":"china|shaanxi|hanzhong"},"geometry":{"type":"LineString","coordinates":[[108.0507,33.7107],[108.0582,33.5084],[108.1618,33.4431],[108.0913,33.4054],[108.0253,33.2553],[108.1021,33.2127],[108.0857,33.0853],[108.1387,33.0031],[108.0683,32.8762],[108.123,32.7883],[108.2355,32.7192],[108.2598,32.6102],[108.1732,32.6139],[108.2449,32.5735],[108.259766,32.539841],[108.27031,32.515969],[108.2786,32.4972],[108.1812,32.4286],[108.1111,32.4346],[108.1304,32.3901],[108.0981,32.3807],[108.168569,32.25928],[108.1732,32.2513],[108.157684,32.237478],[108.157251,32.237092]]}},{"type":"Feature","properties":{"boundary_group":"china|shaanxi","parent_geo_key":"china|shaanxi","country_key":"china","left_geo_key":"china|shaanxi|ankang","right_geo_key":"china|shaanxi|shangluo"},"geometry":{"type":"LineString","coordinates":[[109.434487,33.151829],[109.3445,33.1311],[109.2156,33.1924],[109.1389,33.1584],[109.0579,33.2111],[108.9737,33.1749],[108.9444,33.128],[108.8,33.252],[108.7316,33.2846],[108.7073,33.2685],[108.6668,33.3171],[108.5745,33.2984],[108.6008,33.4093],[108.5814,33.4592],[108.6338,33.5033],[108.6379,33.5486],[108.7351,33.529],[108.8228,33.6167],[108.7866,33.6532],[108.8853,33.7009],[108.927,33.6863],[108.9336,33.7632],[108.832749,33.800448],[108.834599,33.815898],[108.8346,33.8159]]}},{"type":"Feature","properties":{"boundary_group":"china|shaanxi","parent_geo_key":"china|shaanxi","country_key":"china","left_geo_key":"china|shaanxi|baoji","right_geo_key":"china|shaanxi|xianyang"},"geometry":{"type":"LineString","coordinates":[[108.022491,34.217688],[107.984,34.2243],[107.9912,34.268],[107.962226,34.30654],[108.0485,34.3252],[107.9765,34.5796],[108.0234,34.6231],[108.023489,34.628087],[108.023887,34.650293],[108.0243,34.6734],[108.018363,34.687388],[107.9445,34.8614],[107.8502,34.8455],[107.8154,34.9742]]}},{"type":"Feature","properties":{"boundary_group":"china|shaanxi","parent_geo_key":"china|shaanxi","country_key":"china","left_geo_key":"china|shaanxi|baoji","right_geo_key":"china|shaanxi|hanzhong"},"geometry":{"type":"LineString","coordinates":[[106.562994,33.579132],[106.5947,33.5807],[106.608624,33.595113],[106.623353,33.610359],[106.6383,33.66],[106.7019,33.6774],[106.6838,33.7036],[106.7966,33.6785],[106.8044,33.8178],[106.861,33.8781],[107.0199,33.7901],[107.0584,33.8784],[107.067,33.8296],[107.1253,33.8179],[107.1805,33.7545],[107.3372,33.8161],[107.3006,33.7109],[107.4057,33.6459],[107.631262,33.709082],[107.673609,33.720944]]}},{"type":"Feature","properties":{"boundary_group":"china|shaanxi","parent_geo_key":"china|shaanxi","country_key":"china","left_geo_key":"china|shaanxi|baoji","right_geo_key":"china|shaanxi|xian"},"geometry":{"type":"LineString","coordinates":[[107.673609,33.720944],[107.6583,33.7693],[107.7121,33.9299],[107.8057,33.9967],[107.9438,33.9845],[107.9384,34.0442],[107.9969,34.1039],[108.0329,34.2159],[108.022491,34.217688]]}},{"type":"Feature","properties":{"boundary_group":"china|shaanxi","parent_geo_key":"china|shaanxi","country_key":"china","left_geo_key":"china|shaanxi|hanzhong","right_geo_key":"china|shaanxi|xian"},"geometry":{"type":"LineString","coordinates":[[108.0507,33.7107],[107.98559,33.733953],[107.9471,33.7477],[107.886,33.745],[107.834404,33.702745],[107.7078,33.7281],[107.6913,33.7259],[107.673609,33.720944]]}},{"type":"Feature","properties":{"boundary_group":"china|shaanxi","parent_geo_key":"china|shaanxi","country_key":"china","left_geo_key":"china|shaanxi|shangluo","right_geo_key":"china|shaanxi|weinan"},"geometry":{"type":"LineString","coordinates":[[110.4243,34.4099],[110.192205,34.412472],[110.1076,34.432],[110.076959,34.413749],[110.002,34.3691],[110.029524,34.320278],[110.0019,34.3056],[110.0189,34.2406],[109.981433,34.219062],[109.965657,34.213534],[109.954751,34.21955],[109.9488,34.2435],[109.927098,34.234806],[109.8256,34.2908],[109.7868,34.2666],[109.7975,34.2263],[109.756077,34.249303],[109.7505,34.2524],[109.749933,34.246158],[109.747305,34.217255],[109.746938,34.213217]]}},{"type":"Feature","properties":{"boundary_group":"china|shaanxi","parent_geo_key":"china|shaanxi","country_key":"china","left_geo_key":"china|shaanxi|shangluo","right_geo_key":"china|shaanxi|xian"},"geometry":{"type":"LineString","coordinates":[[109.746938,34.213217],[109.745,34.1919],[109.8194,34.1486],[109.778,34.1622],[109.7378,34.1013],[109.6533,34.1021],[109.5485,34.0513],[109.528,33.983],[109.6004,33.9447],[109.5939,33.913],[109.5018,33.849],[109.1139,33.8787],[109.0434,33.9246],[108.959028,33.877181],[108.9125,33.8685],[108.8346,33.8159]]}},{"type":"Feature","properties":{"boundary_group":"china|shaanxi","parent_geo_key":"china|shaanxi","country_key":"china","left_geo_key":"china|shaanxi|tongchuan","right_geo_key":"china|shaanxi|weinan"},"geometry":{"type":"LineString","coordinates":[[108.9715,34.8252],[108.9625,34.8789],[109.0544,34.8917],[109.0917,34.9195],[109.0943,34.9728],[109.2105,35.0089],[109.280143,35.090622],[109.2866,35.0982],[109.297628,35.097573],[109.34538,35.09486],[109.424415,35.090369],[109.4317,35.1648],[109.355,35.1631],[109.2784,35.2573],[109.4836,35.3464],[109.489608,35.35698]]}},{"type":"Feature","properties":{"boundary_group":"china|shaanxi","parent_geo_key":"china|shaanxi","country_key":"china","left_geo_key":"china|shaanxi|tongchuan","right_geo_key":"china|shaanxi|yanan"},"geometry":{"type":"LineString","coordinates":[[109.489608,35.35698],[109.4466,35.5104],[109.2377,35.5229],[109.177198,35.576752],[109.130226,35.566482],[109.045721,35.53685],[108.999043,35.472283],[108.9743,35.4192],[108.948873,35.402885],[108.861173,35.346613]]}},{"type":"Feature","properties":{"boundary_group":"china|shaanxi","parent_geo_key":"china|shaanxi","country_key":"china","left_geo_key":"china|shaanxi|tongchuan","right_geo_key":"china|shaanxi|xianyang"},"geometry":{"type":"LineString","coordinates":[[108.861173,35.346613],[108.8646,35.3448],[108.865576,35.341872],[108.8701,35.3283],[108.740771,35.287408],[108.724067,35.271142],[108.6281,35.1646],[108.654,35.1267],[108.5862,35.1025],[108.6194,35.1017],[108.5793,35.0432],[108.69,34.8789],[108.7615,34.8706],[108.8141,34.812],[108.964123,34.824581],[108.9715,34.8252]]}},{"type":"Feature","properties":{"boundary_group":"china|shaanxi","parent_geo_key":"china|shaanxi","country_key":"china","left_geo_key":"china|shaanxi|weinan","right_geo_key":"china|shaanxi|yanan"},"geometry":{"type":"LineString","coordinates":[[110.5059,35.88],[110.5441,35.8562],[110.4063,35.81],[110.2774,35.7112],[110.161325,35.709553],[110.1235,35.6762],[110.221627,35.623044],[110.2422,35.6119],[110.248297,35.596881],[110.26785,35.548721],[110.2707,35.5417],[110.262847,35.542603],[110.2133,35.5483],[110.2284,35.5075],[110.0813,35.4069],[110.0084,35.4088],[109.9913,35.4351],[109.8844,35.4067],[109.797653,35.440633],[109.704,35.4105],[109.552866,35.440782],[109.529873,35.42788],[109.493367,35.363599],[109.4905,35.3538],[109.489608,35.35698]]}},{"type":"Feature","properties":{"boundary_group":"china|shaanxi","parent_geo_key":"china|shaanxi","country_key":"china","left_geo_key":"china|shaanxi|weinan","right_geo_key":"china|shaanxi|xianyang"},"geometry":{"type":"LineString","coordinates":[[108.9715,34.8252],[109.0362,34.7683],[109.0403,34.6907],[109.0676,34.7174],[109.167203,34.703793]]}},{"type":"Feature","properties":{"boundary_group":"china|shaanxi","parent_geo_key":"china|shaanxi","country_key":"china","left_geo_key":"china|shaanxi|weinan","right_geo_key":"china|shaanxi|xian"},"geometry":{"type":"LineString","coordinates":[[109.167203,34.703793],[109.216071,34.697116],[109.2828,34.688],[109.322506,34.69739],[109.327069,34.698469],[109.342,34.702],[109.3537,34.741],[109.416198,34.722438],[109.446,34.5503],[109.3821,34.531],[109.384,34.47],[109.459,34.3917],[109.4511,34.3036],[109.5181,34.2574],[109.746938,34.213217]]}},{"type":"Feature","properties":{"boundary_group":"china|shaanxi","parent_geo_key":"china|shaanxi","country_key":"china","left_geo_key":"china|shaanxi|xian","right_geo_key":"china|shaanxi|xianyang"},"geometry":{"type":"LineString","coordinates":[[109.167203,34.703793],[109.152323,34.649524],[109.1354,34.5878],[109.127973,34.586955],[109.108844,34.584777],[108.9509,34.5668],[108.9578,34.4215],[108.7972,34.3628],[108.7876,34.2951],[108.6946,34.275],[108.6838,34.2389],[108.6502,34.271],[108.4459,34.2059],[108.376673,34.208658],[108.128715,34.218535],[108.023623,34.222722],[108.022491,34.217688]]}},{"type":"Feature","properties":{"boundary_group":"china|shaanxi","parent_geo_key":"china|shaanxi","country_key":"china","left_geo_key":"china|shaanxi|xianyang","right_geo_key":"china|shaanxi|yanan"},"geometry":{"type":"LineString","coordinates":[[108.861173,35.346613],[108.8571,35.344],[108.8026,35.3776],[108.775,35.4754],[108.621318,35.539231]]}},{"type":"Feature","properties":{"boundary_group":"china|shaanxi","parent_geo_key":"china|shaanxi","country_key":"china","left_geo_key":"china|shaanxi|yanan","right_geo_key":"china|shaanxi|yulin"},"geometry":{"type":"LineString","coordinates":[[110.4138,36.9726],[110.408573,36.969923],[110.356,36.943],[110.3328,36.9862],[110.2655,36.9636],[110.2703,36.9943],[110.2063,37.0152],[110.1126,36.9687],[110.0221,37.0336],[110.0228,37.14],[109.9865,37.1274],[109.9627,37.1557],[109.9852,37.1674],[109.9518,37.208],[110.0086,37.2063],[110.0097,37.2705],[109.9072,37.3113],[109.8952,37.2651],[109.7626,37.2696],[109.8075,37.3191],[109.733,37.4242],[109.6088,37.4202],[109.4836,37.5],[109.453,37.458],[109.368,37.4315],[109.2928,37.3354],[109.0791,37.313],[109.0533,37.2837],[109.0092,37.3034],[108.9503,37.2355],[108.8557,37.2584],[108.8743,37.151],[108.7555,37.1171],[108.7362,37.0771],[108.8087,37.0252],[108.7716,36.9824],[108.6528,37.0374],[108.5903,36.9973],[108.4891,37.0054],[108.5387,37.0415],[108.5461,37.1606],[108.5111,37.2297],[108.4457,37.2564],[108.4811,37.2717],[108.409449,37.399878],[108.4025,37.3813],[108.3574,37.4015],[108.3122,37.3542],[108.2098,37.3218],[108.2822,37.2555],[108.2072,37.168],[108.1663,37.1639],[108.1727,37.1951],[108.1254,37.2066],[108.0911,37.1252],[108.016,37.1246],[107.9452,37.0782],[107.8802,37.0896],[107.8517,37.2158],[107.767348,37.230094],[107.759361,37.223191],[107.7301,37.1366],[107.6807,37.1331],[107.706,37.0658],[107.6493,37.0581],[107.7482,37.0003],[107.6868,36.9701],[107.7252,36.8685],[107.6618,36.8308]]}},{"type":"Feature","properties":{"boundary_group":"china|anhui","parent_geo_key":"china|anhui","country_key":"china","left_geo_key":"china|anhui|anqing","right_geo_key":"china|anhui|hefei"},"geometry":{"type":"LineString","coordinates":[[117.1724,31.0921],[117.1138,31.0829],[117.1187,31.1509],[117.0766,31.2447],[117.0369,31.262],[117.0284,31.26]]}},{"type":"Feature","properties":{"boundary_group":"china|anhui","parent_geo_key":"china|anhui","country_key":"china","left_geo_key":"china|anhui|anqing","right_geo_key":"china|anhui|liuan"},"geometry":{"type":"LineString","coordinates":[[117.0284,31.26],[116.9726,31.2478],[116.9387,31.1624],[116.7033,31.0459],[116.6189,31.0774],[116.5284,31.0213],[116.5576,31.1144],[116.5432,31.1866],[116.4531,31.128],[116.348,31.1738],[116.199,31.0596],[116.1614,31.1031],[116.0898,31.0943],[116.033505,31.020623]]}},{"type":"Feature","properties":{"boundary_group":"china|anhui","parent_geo_key":"china|anhui","country_key":"china","left_geo_key":"china|anhui|anqing","right_geo_key":"china|anhui|chizhou"},"geometry":{"type":"LineString","coordinates":[[116.7421,30.0598],[116.885675,30.214749],[116.8961,30.226],[116.902831,30.241433],[116.923498,30.288813],[116.9272,30.2973],[116.8953,30.4401],[117.0279,30.4969],[117.210601,30.487746],[117.2215,30.4872],[117.2464,30.5759],[117.226116,30.633444],[117.224984,30.636655]]}},{"type":"Feature","properties":{"boundary_group":"china|anhui","parent_geo_key":"china|anhui","country_key":"china","left_geo_key":"china|anhui|anqing","right_geo_key":"china|anhui|tongling"},"geometry":{"type":"LineString","coordinates":[[117.224984,30.636655],[117.209,30.682],[117.196727,30.691239],[117.132561,30.739547],[117.096705,30.766541],[117.0751,30.976],[117.0894,31.0128],[117.1384,31.0129],[117.1724,31.0921]]}},{"type":"Feature","properties":{"boundary_group":"china|anhui","parent_geo_key":"china|anhui","country_key":"china","left_geo_key":"china|anhui|bengbu","right_geo_key":"china|anhui|suzhou"},"geometry":{"type":"LineString","coordinates":[[117.97854,33.340891],[117.97232,33.336118],[117.9663,33.3315],[117.9058,33.3462],[117.8004,33.2754],[117.7328,33.2758],[117.645194,33.330788],[117.603216,33.335348],[117.4702,33.3498],[117.3802,33.4621],[117.2378,33.5019],[117.1968,33.4255],[117.148185,33.44075],[117.1273,33.3885],[117.11998,33.388934],[117.1189,33.3846],[117.109995,33.389526],[117.078402,33.3914],[117.0898,33.2864],[116.970452,33.281139],[116.9537,33.2804],[116.937556,33.300909],[116.9206,33.3111]]}},{"type":"Feature","properties":{"boundary_group":"china|anhui","parent_geo_key":"china|anhui","country_key":"china","left_geo_key":"china|anhui|bengbu","right_geo_key":"china|anhui|huaibei"},"geometry":{"type":"LineString","coordinates":[[116.9206,33.3111],[116.8598,33.2814],[116.803618,33.304916]]}},{"type":"Feature","properties":{"boundary_group":"china|anhui","parent_geo_key":"china|anhui","country_key":"china","left_geo_key":"china|anhui|bengbu","right_geo_key":"china|anhui|bozhou"},"geometry":{"type":"LineString","coordinates":[[116.803618,33.304916],[116.803722,33.304058],[116.8192,33.1754],[116.7533,33.1377],[116.7431,33.0567],[116.8137,33.0011],[116.7495,33.004],[116.7255,32.9317]]}},{"type":"Feature","properties":{"boundary_group":"china|anhui","parent_geo_key":"china|anhui","country_key":"china","left_geo_key":"china|anhui|bengbu","right_geo_key":"china|anhui|huainan"},"geometry":{"type":"LineString","coordinates":[[116.7255,32.9317],[116.872443,32.849984],[117.0444,32.7178],[117.1165,32.7592],[117.1879,32.7365]]}},{"type":"Feature","properties":{"boundary_group":"china|anhui","parent_geo_key":"china|anhui","country_key":"china","left_geo_key":"china|anhui|bengbu","right_geo_key":"china|anhui|chuzhou"},"geometry":{"type":"LineString","coordinates":[[117.1879,32.7365],[117.251,32.8096],[117.469055,32.845844],[117.5071,32.8731],[117.5243,32.9823],[117.6387,32.9126],[117.7694,33.0501],[117.8819,33.0478],[117.8888,32.9906],[118.0213,33.0078],[117.9948,33.0582],[118.055574,33.080866],[118.061648,33.092358],[118.0592,33.1414]]}},{"type":"Feature","properties":{"boundary_group":"china|anhui","parent_geo_key":"china|anhui","country_key":"china","left_geo_key":"china|anhui|bozhou","right_geo_key":"china|anhui|huaibei"},"geometry":{"type":"LineString","coordinates":[[116.803618,33.304916],[116.7894,33.4231],[116.699484,33.471141],[116.6917,33.4753],[116.53,33.4703],[116.5203,33.5489],[116.5493,33.5944],[116.4995,33.6196],[116.4737,33.6578],[116.4915,33.6854],[116.4022,33.7751],[116.3888,33.7853]]}},{"type":"Feature","properties":{"boundary_group":"china|anhui","parent_geo_key":"china|anhui","country_key":"china","left_geo_key":"china|anhui|bozhou","right_geo_key":"china|anhui|fuyang"},"geometry":{"type":"LineString","coordinates":[[115.6352,33.5835],[115.6465,33.5451],[115.652281,33.541737],[115.718844,33.503014],[115.893,33.4017],[115.9208,33.2321],[115.8302,33.2648],[115.8485,33.2021],[115.831297,33.180459],[115.831643,33.15383],[115.8768,33.1266],[115.8647,33.0973],[116.0478,33.048],[116.0424,32.9975],[116.1628,32.969],[116.1991,32.8939],[116.273335,32.864206],[116.383035,32.893026],[116.3856,32.8937]]}},{"type":"Feature","properties":{"boundary_group":"china|anhui","parent_geo_key":"china|anhui","country_key":"china","left_geo_key":"china|anhui|bozhou","right_geo_key":"china|anhui|huainan"},"geometry":{"type":"LineString","coordinates":[[116.3856,32.8937],[116.383564,32.897151],[116.3607,32.9359],[116.3759,33.0073],[116.7255,32.9317]]}},{"type":"Feature","properties":{"boundary_group":"china|anhui","parent_geo_key":"china|anhui","country_key":"china","left_geo_key":"china|anhui|chizhou","right_geo_key":"china|anhui|huangshan"},"geometry":{"type":"LineString","coordinates":[[117.2015,29.9332],[117.207,29.9838],[117.5056,30.0394],[117.5339,30.1086],[117.555,30.0859],[117.5946,30.1324],[117.6267,30.1018],[117.8493,30.1961],[117.8185,30.2415],[117.9272,30.3275],[117.937868,30.384609],[117.944489,30.420048],[117.9626,30.517]]}},{"type":"Feature","properties":{"boundary_group":"china|anhui","parent_geo_key":"china|anhui","country_key":"china","left_geo_key":"china|anhui|chizhou","right_geo_key":"china|anhui|xuancheng"},"geometry":{"type":"LineString","coordinates":[[117.9626,30.517],[117.978261,30.565524],[117.9809,30.5737],[118.0585,30.5976],[118.100837,30.658019]]}},{"type":"Feature","properties":{"boundary_group":"china|anhui","parent_geo_key":"china|anhui","country_key":"china","left_geo_key":"china|anhui|chizhou","right_geo_key":"china|anhui|wuhu"},"geometry":{"type":"LineString","coordinates":[[118.100837,30.658019],[118.1161,30.6798],[118.1142,30.688384],[118.1024,30.7417],[117.969438,30.803926],[117.9862,30.8263],[117.980102,30.844878],[117.9798,30.8458]]}},{"type":"Feature","properties":{"boundary_group":"china|anhui","parent_geo_key":"china|anhui","country_key":"china","left_geo_key":"china|anhui|chizhou","right_geo_key":"china|anhui|tongling"},"geometry":{"type":"LineString","coordinates":[[117.9798,30.8458],[117.7899,30.751],[117.7411,30.8078],[117.5521,30.7515],[117.463,30.6805],[117.3694,30.7007],[117.298,30.6759],[117.251351,30.648348],[117.224984,30.636655]]}},{"type":"Feature","properties":{"boundary_group":"china|anhui","parent_geo_key":"china|anhui","country_key":"china","left_geo_key":"china|anhui|chuzhou","right_geo_key":"china|anhui|huainan"},"geometry":{"type":"LineString","coordinates":[[117.1879,32.7365],[117.1541,32.6881],[117.2101,32.5637],[117.1956,32.5328]]}},{"type":"Feature","properties":{"boundary_group":"china|anhui","parent_geo_key":"china|anhui","country_key":"china","left_geo_key":"china|anhui|chuzhou","right_geo_key":"china|anhui|hefei"},"geometry":{"type":"LineString","coordinates":[[117.1956,32.5328],[117.2062,32.5079],[117.2131,32.4633],[117.3206,32.439],[117.3892,32.4816],[117.349,32.3881],[117.4335,32.3732],[117.3916,32.2837],[117.4316,32.2327],[117.4916,32.203],[117.6563,32.2616],[117.8519,32.214],[117.8701,32.1413],[117.847,32.1088],[117.8763,32.0615],[117.811,31.9976],[117.8644,31.9316],[117.943506,31.892236],[117.944929,31.891528]]}},{"type":"Feature","properties":{"boundary_group":"china|anhui","parent_geo_key":"china|anhui","country_key":"china","left_geo_key":"china|anhui|chuzhou","right_geo_key":"china|anhui|maanshan"},"geometry":{"type":"LineString","coordinates":[[117.944929,31.891528],[118.0107,31.8588],[118.0793,31.855],[118.116369,31.904119],[118.2305,31.9369],[118.3779,32.0615]]}},{"type":"Feature","properties":{"boundary_group":"china|anhui","parent_geo_key":"china|anhui","country_key":"china","left_geo_key":"china|anhui|fuyang","right_geo_key":"china|anhui|liuan"},"geometry":{"type":"LineString","coordinates":[[115.923142,32.570007],[115.9746,32.6088],[116.0842,32.5431],[116.171,32.4282],[116.2651,32.5217],[116.3052,32.5257],[116.3822,32.4534],[116.475,32.4399]]}},{"type":"Feature","properties":{"boundary_group":"china|anhui","parent_geo_key":"china|anhui","country_key":"china","left_geo_key":"china|anhui|fuyang","right_geo_key":"china|anhui|huainan"},"geometry":{"type":"LineString","coordinates":[[116.475,32.4399],[116.509674,32.482985],[116.543165,32.524599],[116.582635,32.548603],[116.6291,32.5569],[116.622659,32.572943],[116.621354,32.576194],[116.6181,32.5843],[116.5493,32.5869],[116.5211,32.6608],[116.4444,32.6933],[116.4353,32.8484],[116.3782,32.8553],[116.3856,32.8937]]}},{"type":"Feature","properties":{"boundary_group":"china|anhui","parent_geo_key":"china|anhui","country_key":"china","left_geo_key":"china|anhui|hefei","right_geo_key":"china|anhui|tongling"},"geometry":{"type":"LineString","coordinates":[[117.1724,31.0921],[117.2778,30.9848],[117.3523,30.9908],[117.37449,30.958076],[117.378,30.9529],[117.5025,31.0047]]}},{"type":"Feature","properties":{"boundary_group":"china|anhui","parent_geo_key":"china|anhui","country_key":"china","left_geo_key":"china|anhui|hefei","right_geo_key":"china|anhui|wuhu"},"geometry":{"type":"LineString","coordinates":[[117.5025,31.0047],[117.4753,31.041],[117.5112,31.0492],[117.5227,31.1403],[117.556,31.1563],[117.530186,31.206499],[117.6338,31.3059],[117.7299,31.4872],[117.955535,31.500323],[117.9603,31.5006]]}},{"type":"Feature","properties":{"boundary_group":"china|anhui","parent_geo_key":"china|anhui","country_key":"china","left_geo_key":"china|anhui|hefei","right_geo_key":"china|anhui|maanshan"},"geometry":{"type":"LineString","coordinates":[[117.9603,31.5006],[117.954016,31.506895],[117.91402,31.546959],[117.905102,31.555893],[117.9399,31.6305],[117.903823,31.7011],[117.9323,31.7325],[117.905592,31.831483],[117.944929,31.891528]]}},{"type":"Feature","properties":{"boundary_group":"china|anhui","parent_geo_key":"china|anhui","country_key":"china","left_geo_key":"china|anhui|hefei","right_geo_key":"china|anhui|huainan"},"geometry":{"type":"LineString","coordinates":[[117.1956,32.5328],[117.0732,32.5299],[117.0667,32.4671],[117.0057,32.4077],[117.0523,32.3326],[117.0344,32.2835],[117.0692,32.2654],[116.9983,32.2188],[117.0228,32.1879],[116.9748,32.1552],[117.0447,32.0409],[117.0276,32],[116.9275,32.025],[116.9169,31.9792],[116.779415,31.917196]]}},{"type":"Feature","properties":{"boundary_group":"china|anhui","parent_geo_key":"china|anhui","country_key":"china","left_geo_key":"china|anhui|hefei","right_geo_key":"china|anhui|liuan"},"geometry":{"type":"LineString","coordinates":[[116.779415,31.917196],[116.7251,31.8927],[116.728441,31.848913],[116.7289,31.8429],[116.6827,31.8214],[116.7597,31.7683],[116.7595,31.5728],[116.8248,31.5196],[116.9817,31.5356],[116.9997,31.5627],[117.0458,31.5375],[117.1931,31.5538],[117.203064,31.544926],[117.2498,31.5033],[117.1411,31.4849],[117.067439,31.337906],[117.062,31.2895],[117.037443,31.278045],[117.0284,31.26]]}},{"type":"Feature","properties":{"boundary_group":"china|anhui","parent_geo_key":"china|anhui","country_key":"china","left_geo_key":"china|anhui|huaibei","right_geo_key":"china|anhui|suzhou"},"geometry":{"type":"MultiLineString","coordinates":[[[116.9206,33.3111],[116.923358,33.318947],[116.9145,33.3302],[116.964,33.4346],[116.905765,33.500755],[116.8993,33.5081],[116.9309,33.5818],[116.881514,33.59248],[116.862,33.5967],[116.866906,33.615351],[116.8852,33.6849],[116.9232,33.6723],[116.9821,33.9003],[116.976615,33.920235],[116.964903,33.962804],[116.959372,33.982906],[116.9405,34.0515],[116.9655,34.0817],[116.864766,34.080427],[116.8072,34.0797],[116.8024,34.0048],[116.609457,34.019183]],[[117.025009,34.243977],[117.0259,34.2431],[117.0287,34.2236],[116.9895,34.2238],[116.977931,34.155698],[117.00712,34.156479],[117.026331,34.165975]]]}},{"type":"Feature","properties":{"boundary_group":"china|anhui","parent_geo_key":"china|anhui","country_key":"china","left_geo_key":"china|anhui|huainan","right_geo_key":"china|anhui|liuan"},"geometry":{"type":"LineString","coordinates":[[116.475,32.4399],[116.482,32.4314],[116.481845,32.429621],[116.478859,32.395274],[116.526,32.2735],[116.4999,32.2125],[116.5404,32.0257],[116.671,31.982],[116.681,31.9069],[116.779415,31.917196]]}},{"type":"Feature","properties":{"boundary_group":"china|anhui","parent_geo_key":"china|anhui","country_key":"china","left_geo_key":"china|anhui|huangshan","right_geo_key":"china|anhui|xuancheng"},"geometry":{"type":"LineString","coordinates":[[118.8617,30.1009],[118.7368,30.0902],[118.574392,29.976874],[118.5472,29.9579],[118.529536,29.969112],[118.513145,29.979515],[118.5034,29.9857],[118.4938,30.0805],[118.3664,30.0981],[118.3416,30.1639],[118.2836,30.1984],[118.2603,30.2549],[118.3088,30.296],[118.2951,30.3726],[118.2178,30.4143],[118.2202,30.4574],[118.1793,30.4709],[118.1196,30.4261],[118.0971,30.4718],[118.1207,30.5086],[117.9626,30.517]]}},{"type":"Feature","properties":{"boundary_group":"china|anhui","parent_geo_key":"china|anhui","country_key":"china","left_geo_key":"china|anhui|maanshan","right_geo_key":"china|anhui|wuhu"},"geometry":{"type":"LineString","coordinates":[[117.9603,31.5006],[117.9699,31.4382],[118.1674,31.4],[118.1656,31.4308],[118.1279,31.4387],[118.129,31.5179],[118.243,31.5357],[118.306,31.5077],[118.3204,31.4382],[118.3714,31.522],[118.4101,31.5041],[118.4396,31.3946],[118.52,31.4044],[118.5703,31.294],[118.6521,31.3069]]}},{"type":"Feature","properties":{"boundary_group":"china|anhui","parent_geo_key":"china|anhui","country_key":"china","left_geo_key":"china|anhui|maanshan","right_geo_key":"china|anhui|xuancheng"},"geometry":{"type":"LineString","coordinates":[[118.6521,31.3069],[118.7148,31.3245]]}},{"type":"Feature","properties":{"boundary_group":"china|anhui","parent_geo_key":"china|anhui","country_key":"china","left_geo_key":"china|anhui|tongling","right_geo_key":"china|anhui|wuhu"},"geometry":{"type":"LineString","coordinates":[[117.9798,30.8458],[117.980716,30.846132],[117.9831,30.851],[117.991587,30.850066],[118.1547,30.9091],[118.1553,30.9693],[118.0074,31.037],[118.003236,31.077808],[117.998904,31.080535],[117.9181,31.0691],[117.908738,31.075895],[117.889494,31.089862],[117.828656,31.134019],[117.802638,31.123252],[117.748611,31.063956],[117.6528,30.9588],[117.5363,30.9693],[117.5025,31.0047]]}},{"type":"Feature","properties":{"boundary_group":"china|anhui","parent_geo_key":"china|anhui","country_key":"china","left_geo_key":"china|anhui|wuhu","right_geo_key":"china|anhui|xuancheng"},"geometry":{"type":"LineString","coordinates":[[118.100837,30.658019],[118.0937,30.6418],[118.180937,30.697876],[118.1922,30.7071],[118.1951,30.706979],[118.3051,30.7024],[118.2709,30.7425],[118.303984,30.805794],[118.3135,30.824],[118.343652,30.831316],[118.387379,30.841927],[118.4087,30.8471],[118.4087,30.823378],[118.475,30.7657],[118.5014,30.8102],[118.4692,30.8751],[118.4945,30.9374],[118.5672,30.9678],[118.5802,31.0424],[118.6316,31.0268],[118.6785,31.0731],[118.6795,31.1213],[118.7286,31.1519],[118.6448,31.2467],[118.6521,31.3069]]}},{"type":"Feature","properties":{"boundary_group":"china|guizhou","parent_geo_key":"china|guizhou","country_key":"china","left_geo_key":"china|guizhou|anshun","right_geo_key":"china|guizhou|guiyang"},"geometry":{"type":"LineString","coordinates":[[106.4822,26.2652],[106.5618,26.3712],[106.496,26.3835],[106.4325,26.4674],[106.3877,26.4001],[106.3728,26.4495],[106.3219,26.4559],[106.3485,26.4811],[106.309482,26.52934],[106.3094,26.5376],[106.297188,26.54454],[106.289967,26.548644],[106.2728,26.5584],[106.1982,26.5368],[106.1449,26.6287],[106.143602,26.619318]]}},{"type":"Feature","properties":{"boundary_group":"china|guizhou","parent_geo_key":"china|guizhou","country_key":"china","left_geo_key":"china|guizhou|anshun","right_geo_key":"china|guizhou|bijie"},"geometry":{"type":"LineString","coordinates":[[106.143602,26.619318],[106.142735,26.613057],[106.1526,26.595],[106.131011,26.528344],[106.121941,26.500342],[106.1183,26.4891],[106.084675,26.478227],[105.9711,26.4415],[105.9699,26.5198],[105.8988,26.5237],[105.8478,26.4796],[105.6299,26.4317],[105.5315,26.3623]]}},{"type":"Feature","properties":{"boundary_group":"china|guizhou","parent_geo_key":"china|guizhou","country_key":"china","left_geo_key":"china|guizhou|anshun","right_geo_key":"china|guizhou|liupanshui"},"geometry":{"type":"LineString","coordinates":[[105.5315,26.3623],[105.522586,26.360264],[105.516594,26.356276],[105.485574,26.312346],[105.474349,26.280957],[105.5067,26.2275],[105.6565,26.2128],[105.7189,26.1722],[105.6613,26.1384],[105.6022,26.1638],[105.5892,26.0784],[105.5309,26.0719],[105.5079,26.0312],[105.2668,26.0179],[105.251383,25.990229]]}},{"type":"Feature","properties":{"boundary_group":"china|guizhou","parent_geo_key":"china|guizhou","country_key":"china","left_geo_key":"china|guizhou|anshun","right_geo_key":"china|guizhou|qianxinanbuyizumiaozu"},"geometry":{"type":"LineString","coordinates":[[105.251383,25.990229],[105.252,25.9895],[105.257524,25.984184],[105.26,25.9818],[105.260767,25.95586],[105.375,25.8921],[105.379,25.8208],[105.5283,25.6962],[105.5663,25.7178],[105.6851,25.6616],[105.7839,25.4638],[105.9207,25.4325],[105.9117,25.4992],[105.9912,25.5545],[105.9582,25.5734],[105.9821,25.6097],[105.987,25.5727],[106.0441,25.5603],[106.0732,25.6033],[106.099,25.5708],[106.0639,25.5327],[106.1358,25.4899],[106.1253,25.4533],[106.1936,25.4669],[106.2219,25.4],[106.3367,25.3569],[106.416,25.3644]]}},{"type":"Feature","properties":{"boundary_group":"china|guizhou","parent_geo_key":"china|guizhou","country_key":"china","left_geo_key":"china|guizhou|anshun","right_geo_key":"china|guizhou|qiannanbuyizumiaozu"},"geometry":{"type":"LineString","coordinates":[[106.416,25.3644],[106.4084,25.404497],[106.3888,25.4207],[106.404051,25.427447],[106.3921,25.4905],[106.4853,25.6468],[106.4284,25.6833],[106.409,25.6503],[106.3625,25.6566],[106.2891,25.7268],[106.2313,25.7014],[106.2558,25.7359],[106.2392,25.8304],[106.3113,25.9928],[106.223,26.0357],[106.2409,26.1069],[106.2927,26.1079],[106.2562,26.1407],[106.2964,26.2045],[106.245,26.235],[106.261034,26.240596],[106.267348,26.242799],[106.294,26.2521],[106.322267,26.235245],[106.3546,26.282],[106.376812,26.279462],[106.3841,26.2892],[106.457085,26.270287],[106.4736,26.2684],[106.4822,26.2652]]}},{"type":"Feature","properties":{"boundary_group":"china|guizhou","parent_geo_key":"china|guizhou","country_key":"china","left_geo_key":"china|guizhou|bijie","right_geo_key":"china|guizhou|guiyang"},"geometry":{"type":"LineString","coordinates":[[106.143602,26.619318],[106.119,26.6565],[106.1707,26.6811],[106.1671,26.7758],[106.1239,26.8312],[106.2298,26.8967],[106.2557,26.8612],[106.3027,26.8994],[106.353,26.8943],[106.3765,26.9804],[106.4447,27.0103],[106.4032,27.0495],[106.4048,27.1458],[106.6316,27.3033],[106.7101,27.3102],[106.6891,27.3602]]}},{"type":"Feature","properties":{"boundary_group":"china|guizhou","parent_geo_key":"china|guizhou","country_key":"china","left_geo_key":"china|guizhou|bijie","right_geo_key":"china|guizhou|zunyi"},"geometry":{"type":"LineString","coordinates":[[106.6891,27.3602],[106.7226,27.409],[106.7026,27.4578],[106.598355,27.527715],[106.565938,27.519748],[106.5074,27.4736],[106.4539,27.5106],[106.3303,27.4758],[106.305,27.5173],[106.3335,27.5796],[106.3077,27.6013],[106.2811,27.6168],[106.2304,27.5582],[106.1513,27.5687],[106.1044,27.6576],[106.003239,27.676401],[105.9984,27.6773],[105.999283,27.713018],[106.0002,27.7501]]}},{"type":"Feature","properties":{"boundary_group":"china|guizhou","parent_geo_key":"china|guizhou","country_key":"china","left_geo_key":"china|guizhou|bijie","right_geo_key":"china|guizhou|luzhou"},"geometry":{"type":"LineString","coordinates":[[106.0002,27.7501],[105.964111,27.749588],[105.9016,27.7487],[105.8393,27.709],[105.7613,27.7215],[105.6341,27.6625],[105.598,27.7213],[105.5049,27.7724],[105.49104,27.770349],[105.418384,27.759595],[105.3468,27.749],[105.326425,27.728499],[105.300691,27.719797]]}},{"type":"Feature","properties":{"boundary_group":"china|guizhou","parent_geo_key":"china|guizhou","country_key":"china","left_geo_key":"china|guizhou|bijie","right_geo_key":"china|guizhou|liupanshui"},"geometry":{"type":"MultiLineString","coordinates":[[[104.5677,26.5436],[104.6661,26.5171],[104.668076,26.525252],[104.6861,26.5996],[104.7615,26.6899],[104.7516,26.7998],[104.8337,26.8924],[104.9276,26.836],[104.9363,26.8821],[105.005699,26.908949],[105.014378,26.893921],[105.002303,26.858512],[104.9852,26.8499],[104.9905,26.8239],[105.0587,26.8035],[105.0437,26.7753],[105.0904,26.745],[105.0671,26.7203],[105.0898,26.6482],[105.1388,26.5837],[105.1819,26.5947],[105.2511,26.5237],[105.3043,26.5371],[105.4322,26.4414],[105.4966,26.445],[105.530216,26.365343],[105.5315,26.3623]],[[104.691,26.8572],[104.652,26.8338],[104.5945,26.7882],[104.6183,26.7244],[104.7011,26.804],[104.691,26.8572]]]}},{"type":"Feature","properties":{"boundary_group":"china|guizhou","parent_geo_key":"china|guizhou","country_key":"china","left_geo_key":"china|guizhou|guiyang","right_geo_key":"china|guizhou|qiannanbuyizumiaozu"},"geometry":{"type":"LineString","coordinates":[[106.4822,26.2652],[106.487898,26.262303],[106.4991,26.2594],[106.499966,26.256166],[106.504666,26.238615],[106.507648,26.227482],[106.5852,26.2249],[106.674,26.2958],[106.7175,26.2741],[106.7422,26.2948],[106.838307,26.194227],[106.8832,26.22],[106.8469,26.2516],[106.868971,26.305162],[106.866744,26.311956],[106.778,26.3242],[106.8391,26.3846],[106.7872,26.3705],[106.7532,26.396],[106.8281,26.4561],[106.7985,26.4765],[106.8428,26.5182],[106.8364,26.572],[106.916,26.5978],[106.8955,26.6586],[106.9577,26.65],[106.9412,26.6756],[106.9778,26.7016],[106.9787,26.7564],[107.1309,26.8262],[107.2624,26.807],[107.2461,26.9677],[107.163,27.0306],[107.1867,27.1206],[107.1652,27.1503],[107.2534,27.1786],[107.2546,27.2247],[107.1346,27.254],[107.2016,27.3542],[107.1919,27.3588]]}},{"type":"Feature","properties":{"boundary_group":"china|guizhou","parent_geo_key":"china|guizhou","country_key":"china","left_geo_key":"china|guizhou|guiyang","right_geo_key":"china|guizhou|zunyi"},"geometry":{"type":"LineString","coordinates":[[107.1919,27.3588],[107.0923,27.3232],[106.9972,27.3561],[106.8931,27.263],[106.8051,27.3244],[106.739,27.2207],[106.7513,27.2504],[106.6891,27.3602]]}},{"type":"Feature","properties":{"boundary_group":"china|guizhou","parent_geo_key":"china|guizhou","country_key":"china","left_geo_key":"china|guizhou|liupanshui","right_geo_key":"china|guizhou|qianxinanbuyizumiaozu"},"geometry":{"type":"LineString","coordinates":[[104.6436,25.3594],[104.6716,25.3805],[104.7014,25.3268],[104.8849,25.3625],[104.8467,25.4183],[104.915,25.519],[104.8516,25.625],[104.9104,25.6956],[104.8728,25.7985],[104.9344,25.8824],[104.9562,26.0471],[105.0105,26.0931],[104.9936,26.1285],[105.0504,26.1764],[105.1854,26.1729],[105.1873,26.066],[105.251383,25.990229]]}},{"type":"Feature","properties":{"boundary_group":"china|guizhou","parent_geo_key":"china|guizhou","country_key":"china","left_geo_key":"china|guizhou|luzhou","right_geo_key":"china|guizhou|zunyi"},"geometry":{"type":"LineString","coordinates":[[106.0002,27.7501],[106.0604,27.7809],[106.1898,27.7577],[106.3384,27.8234],[106.3135,27.8359],[106.3238,27.8983],[106.2983,27.9041],[106.3247,27.9571],[106.2909,28.0063],[106.2414,28.0151],[106.245844,28.089823],[106.234123,28.103035],[106.122,28.1702],[106.0337,28.1412],[106.033,28.1135],[105.9385,28.1478],[105.876,28.1256],[105.8565,28.1718],[105.8875,28.241],[105.7846,28.3394],[105.7276,28.2747],[105.6344,28.3261],[105.6457,28.4169],[105.6064,28.4454],[105.61238,28.467597],[105.61854,28.490462],[105.6248,28.5137],[105.7348,28.6173],[105.7534,28.5939],[105.9027,28.6138],[105.8879,28.6716],[105.9322,28.6845],[105.9617,28.7639],[106.0816,28.6843],[106.104,28.6338],[106.1611,28.6394],[106.1911,28.5779],[106.287,28.5413],[106.3276,28.4836],[106.3752,28.4829],[106.3722,28.5214],[106.3684,28.5291]]}},{"type":"Feature","properties":{"boundary_group":"china|guizhou","parent_geo_key":"china|guizhou","country_key":"china","left_geo_key":"china|guizhou|qiandongnanmiaozudongzu","right_geo_key":"china|guizhou|tongren"},"geometry":{"type":"LineString","coordinates":[[108.8838,27.126],[108.8097,27.2069],[108.8676,27.2883],[108.8395,27.3485],[109.0341,27.4022],[108.9246,27.5245],[108.9054,27.4907],[108.8213,27.5083],[108.8302,27.4867],[108.7578,27.4729],[108.7146,27.5201],[108.6071,27.5248],[108.5821,27.4826],[108.5429,27.4979],[108.4842,27.4083],[108.4203,27.4298],[108.3272,27.3494],[108.2086,27.3622],[108.1688,27.2867],[108.0921,27.3365],[108.0183,27.3192],[108.017151,27.31644],[107.991645,27.309614]]}},{"type":"Feature","properties":{"boundary_group":"china|guizhou","parent_geo_key":"china|guizhou","country_key":"china","left_geo_key":"china|guizhou|qiandongnanmiaozudongzu","right_geo_key":"china|guizhou|zunyi"},"geometry":{"type":"MultiLineString","coordinates":[[[107.991645,27.309614],[108.007692,27.293713],[108.0401,27.2616],[107.8818,27.1819],[107.8663,27.1389],[107.816,27.1641],[107.8272,27.198],[107.7596,27.1907],[107.7736,27.2195],[107.6624,27.2398]],[[107.9512,27.1566],[107.9402,27.1683],[107.9258,27.1665],[107.9252,27.1575],[107.9398,27.1515],[107.9512,27.1566]]]}},{"type":"Feature","properties":{"boundary_group":"china|guizhou","parent_geo_key":"china|guizhou","country_key":"china","left_geo_key":"china|guizhou|qiandongnanmiaozudongzu","right_geo_key":"china|guizhou|qiannanbuyizumiaozu"},"geometry":{"type":"LineString","coordinates":[[107.6624,27.2398],[107.7043,27.1254],[107.6306,27.0507],[107.6601,26.9803],[107.5963,26.9145],[107.6344,26.8425],[107.6876,26.8688],[107.7595,26.8272],[107.6834,26.715],[107.7387,26.5821],[107.6768,26.5754],[107.6131,26.6139],[107.5993,26.5873],[107.5847,26.6161],[107.5092,26.5581],[107.459,26.5504],[107.4459,26.584],[107.399,26.543],[107.3326,26.5551],[107.3188,26.504],[107.3501,26.4922],[107.2936,26.4368],[107.4006,26.375],[107.5044,26.4232],[107.5222,26.3481],[107.5812,26.3695],[107.6463,26.2823],[107.6784,26.3125],[107.7748,26.3133],[107.7324,26.1705],[107.7586,26.1752],[107.8046,26.106],[107.856,26.1434],[107.9482,26.0793],[108.1354,26.0978],[108.1669,26.0822],[108.1612,26.0434],[108.2179,26.0481],[108.2066,25.9677],[108.1333,25.9145],[108.1464,25.8889],[108.0873,25.8125],[108.088089,25.795485],[108.089254,25.770368],[108.0933,25.6831],[108.1632,25.7039],[108.1862,25.6143],[108.2331,25.631],[108.258499,25.581849],[108.282501,25.5354]]}},{"type":"Feature","properties":{"boundary_group":"china|guizhou","parent_geo_key":"china|guizhou","country_key":"china","left_geo_key":"china|guizhou|qiannanbuyizumiaozu","right_geo_key":"china|guizhou|qianxinanbuyizumiaozu"},"geometry":{"type":"LineString","coordinates":[[106.416,25.3644],[106.417265,25.362888],[106.416,25.3357],[106.4922,25.2733],[106.5017,25.2132],[106.4413,25.1797],[106.5247,25.1],[106.521047,25.072712]]}},{"type":"Feature","properties":{"boundary_group":"china|guizhou","parent_geo_key":"china|guizhou","country_key":"china","left_geo_key":"china|guizhou|qiannanbuyizumiaozu","right_geo_key":"china|guizhou|zunyi"},"geometry":{"type":"LineString","coordinates":[[107.6624,27.2398],[107.5532,27.2701],[107.5603,27.2299],[107.4989,27.2114],[107.453,27.271],[107.5007,27.3203],[107.4912,27.3689],[107.4357,27.3764],[107.4049,27.3461],[107.3676,27.3878],[107.3972,27.4159],[107.3492,27.4712],[107.2649,27.4867],[107.2454,27.4023],[107.1919,27.3588]]}},{"type":"Feature","properties":{"boundary_group":"china|guizhou","parent_geo_key":"china|guizhou","country_key":"china","left_geo_key":"china|guizhou|tongren","right_geo_key":"china|guizhou|zunyi"},"geometry":{"type":"LineString","coordinates":[[108.0647,29.0892],[108.071,29.0793],[108.0702,29.0138],[108.1345,28.9322],[108.125,28.8641],[108.2037,28.8209],[108.2108,28.7864],[108.121,28.6369],[108.0235,28.5888],[108.0642,28.5361],[108.051419,28.439607],[108.0658,28.4342],[108.046215,28.400315],[108.040781,28.390915],[108.0306,28.3733],[108.0039,28.3825],[108.0075,28.4509],[107.9727,28.4531],[107.955,28.4128],[107.9937,28.3776],[107.914146,28.378141],[107.9144,28.3685],[107.874432,28.363641],[107.8577,28.2062],[107.7976,28.1849],[107.7752,28.0764],[107.8312,28.0339],[107.8817,28.063],[107.9263,28.0145],[107.913,27.9102],[107.8761,27.8702],[107.9458,27.7748],[107.9052,27.5792],[107.8373,27.5545],[107.7489,27.4637],[107.794,27.4459],[107.7891,27.3946],[107.781573,27.392011],[107.775921,27.367499],[107.8114,27.3264],[107.8913,27.347],[107.9154,27.3139],[107.944674,27.343618],[107.955,27.3541],[107.9479,27.3191],[107.9742,27.3269],[107.991645,27.309614]]}},{"type":"Feature","properties":{"boundary_group":"china|henan","parent_geo_key":"china|henan","country_key":"china","left_geo_key":"china|henan|anyang","right_geo_key":"china|henan|puyang"},"geometry":{"type":"LineString","coordinates":[[114.945,35.3803],[114.9783,35.4111],[114.9562,35.4823],[114.9314,35.4834],[114.9646,35.5069],[114.9534,35.5785],[114.8701,35.6065],[114.9152,35.6787],[114.8793,35.7583],[114.9346,35.7891],[114.926,35.852],[114.9756,35.9088],[114.976741,35.95465],[114.9785,36.0253],[114.9196,36.0557]]}},{"type":"Feature","properties":{"boundary_group":"china|henan","parent_geo_key":"china|henan","country_key":"china","left_geo_key":"china|henan|anyang","right_geo_key":"china|henan|xinxiang"},"geometry":{"type":"MultiLineString","coordinates":[[[113.7376,35.8148],[113.7984,35.7429],[113.7797,35.675],[113.979832,35.704688],[113.9907,35.7063]],[[114.418575,35.46865],[114.4223,35.4696],[114.421378,35.465039],[114.3994,35.3563],[114.4324,35.3326],[114.3972,35.3279],[114.3857,35.2579],[114.482,35.2078],[114.6019,35.2929],[114.6762,35.2917],[114.6946,35.3417],[114.8002,35.3472],[114.8523,35.3892],[114.945,35.3803]]]}},{"type":"Feature","properties":{"boundary_group":"china|henan","parent_geo_key":"china|henan","country_key":"china","left_geo_key":"china|henan|anyang","right_geo_key":"china|henan|hebi"},"geometry":{"type":"LineString","coordinates":[[113.9907,35.7063],[114.0746,35.7819],[114.0719,35.8054],[114.0156,35.801],[114.002,35.8593],[114.0625,35.8717],[114.0794,35.9083],[114.0236,35.9702],[114.1023,35.9834],[114.139716,36.03926],[114.1697,36.0519],[114.1711,35.9868],[114.3035,35.96],[114.2293,35.8492],[114.2543,35.7639],[114.339493,35.816778],[114.354489,35.819268],[114.5804,35.8427],[114.6241,35.797],[114.685835,35.786405],[114.728058,35.763861],[114.733524,35.736439],[114.6687,35.6523],[114.4941,35.6097],[114.3864,35.5101],[114.418575,35.46865]]}},{"type":"Feature","properties":{"boundary_group":"china|henan","parent_geo_key":"china|henan","country_key":"china","left_geo_key":"china|henan|hebi","right_geo_key":"china|henan|xinxiang"},"geometry":{"type":"LineString","coordinates":[[113.9907,35.7063],[114.045,35.6749],[114.0491,35.6039],[114.0933,35.5566],[114.2838,35.5018],[114.2633,35.4653],[114.302941,35.450891],[114.3219,35.444],[114.418575,35.46865]]}},{"type":"Feature","properties":{"boundary_group":"china|henan","parent_geo_key":"china|henan","country_key":"china","left_geo_key":"china|henan|jiyuan","right_geo_key":"china|henan|luoyang"},"geometry":{"type":"LineString","coordinates":[[112.0339,35.0319],[112.1493,35.0138],[112.2505,34.9396],[112.2745,34.9633],[112.5156,34.8953],[112.5313,34.9187],[112.4922,34.9215],[112.4987,34.943],[112.552047,34.953752],[112.5632,34.956]]}},{"type":"Feature","properties":{"boundary_group":"china|henan","parent_geo_key":"china|henan","country_key":"china","left_geo_key":"china|henan|jiaozuo","right_geo_key":"china|henan|jiyuan"},"geometry":{"type":"LineString","coordinates":[[112.5632,34.956],[112.60894,34.981812],[112.699075,35.032676],[112.741747,35.085714],[112.757034,35.168776],[112.767864,35.227627]]}},{"type":"Feature","properties":{"boundary_group":"china|henan","parent_geo_key":"china|henan","country_key":"china","left_geo_key":"china|henan|jiaozuo","right_geo_key":"china|henan|luoyang"},"geometry":{"type":"LineString","coordinates":[[112.5632,34.956],[112.5799,34.9252],[112.6288,34.9271],[112.6337,34.8565],[112.8079,34.8334]]}},{"type":"Feature","properties":{"boundary_group":"china|henan","parent_geo_key":"china|henan","country_key":"china","left_geo_key":"china|henan|jiaozuo","right_geo_key":"china|henan|zhengzhou"},"geometry":{"type":"LineString","coordinates":[[112.8079,34.8334],[112.8451,34.8111],[112.8848,34.8498],[112.9244,34.8295],[112.9999,34.8623],[113.1419,34.8578],[113.134,34.8852],[113.3652,34.9807],[113.4804,34.9806],[113.586178,34.95448]]}},{"type":"Feature","properties":{"boundary_group":"china|henan","parent_geo_key":"china|henan","country_key":"china","left_geo_key":"china|henan|jiaozuo","right_geo_key":"china|henan|xinxiang"},"geometry":{"type":"LineString","coordinates":[[113.586178,34.95448],[113.6432,35.0346],[113.5991,35.1321],[113.5256,35.1512],[113.5296,35.2544],[113.4596,35.3483],[113.4628,35.4019],[113.375,35.4948]]}},{"type":"Feature","properties":{"boundary_group":"china|henan","parent_geo_key":"china|henan","country_key":"china","left_geo_key":"china|henan|kaifeng","right_geo_key":"china|henan|xinxiang"},"geometry":{"type":"LineString","coordinates":[[114.824826,35.014027],[114.75,34.9681],[114.760548,34.904288],[114.7621,34.8949],[114.750935,34.895184],[114.5108,34.9013],[114.4727,34.9297],[114.4326,34.8946],[114.377424,34.923516],[114.2828,34.9236],[114.2554,34.8958],[114.2067,34.9137]]}},{"type":"Feature","properties":{"boundary_group":"china|henan","parent_geo_key":"china|henan","country_key":"china","left_geo_key":"china|henan|kaifeng","right_geo_key":"china|henan|zhengzhou"},"geometry":{"type":"LineString","coordinates":[[114.2067,34.9137],[114.196,34.8319],[114.190962,34.83114],[114.1111,34.8191],[114.161074,34.770549],[114.1673,34.7645],[114.1342,34.7257],[114.1648,34.711],[114.1461,34.6196],[114.135099,34.619002],[114.0889,34.4759],[114.032517,34.500729],[113.9916,34.4839],[114.0144,34.4487],[113.9801,34.4342],[114.0533,34.3831],[114.057,34.3172],[113.917096,34.325949],[113.8875,34.3278]]}},{"type":"Feature","properties":{"boundary_group":"china|henan","parent_geo_key":"china|henan","country_key":"china","left_geo_key":"china|henan|kaifeng","right_geo_key":"china|henan|xuchang"},"geometry":{"type":"LineString","coordinates":[[113.8875,34.3278],[113.8909,34.3188],[114.011,34.2437],[114.0915,34.2441],[114.1307,34.1965],[114.20958,34.241096],[114.252946,34.237929]]}},{"type":"Feature","properties":{"boundary_group":"china|henan","parent_geo_key":"china|henan","country_key":"china","left_geo_key":"china|henan|kaifeng","right_geo_key":"china|henan|zhoukou"},"geometry":{"type":"LineString","coordinates":[[114.252946,34.237929],[114.2458,34.2432],[114.2768,34.2791],[114.4024,34.2476],[114.4466,34.2994],[114.4283,34.3308],[114.4698,34.3328],[114.516595,34.299642],[114.7284,34.2249],[114.8332,34.2859],[114.8939,34.2618],[114.872293,34.2979]]}},{"type":"Feature","properties":{"boundary_group":"china|henan","parent_geo_key":"china|henan","country_key":"china","left_geo_key":"china|henan|kaifeng","right_geo_key":"china|henan|shangqiu"},"geometry":{"type":"LineString","coordinates":[[114.872293,34.2979],[114.8621,34.3011],[114.861689,34.315616],[114.860816,34.346477],[114.859204,34.403457],[114.8577,34.4566],[114.9166,34.4944],[114.8832,34.6544],[114.9308,34.68],[114.8528,34.6909],[114.8354,34.711],[114.8625,34.7405],[114.8239,34.7634],[114.888,34.7778],[114.9433,34.7484],[115.2432,34.7992],[115.245806,34.845117]]}},{"type":"Feature","properties":{"boundary_group":"china|henan","parent_geo_key":"china|henan","country_key":"china","left_geo_key":"china|henan|luoyang","right_geo_key":"china|henan|sanmenxia"},"geometry":{"type":"LineString","coordinates":[[111.9519,35.0655],[111.9302,35.0419],[111.9765,35.006],[111.949,34.9867],[111.9794,34.9602],[111.8771,34.9108],[111.884626,34.904096],[111.9458,34.8496],[111.9859,34.8579],[112.0258,34.7879],[111.9251,34.6033],[111.8189,34.6516],[111.7565,34.5931],[111.6781,34.5722],[111.69,34.535],[111.5612,34.5689],[111.3854,34.4774],[111.2954,34.49],[111.2699,34.4481],[111.2114,34.4608],[111.155034,34.391823],[111.1305,34.3618],[111.1942,34.2981],[111.154,34.2273],[111.3626,34.0919],[111.3362,34.0631],[111.352,33.9868],[111.2956,33.9285],[111.2296,33.9326],[111.20323,33.887544],[111.1994,33.881],[111.252134,33.797526]]}},{"type":"Feature","properties":{"boundary_group":"china|henan","parent_geo_key":"china|henan","country_key":"china","left_geo_key":"china|henan|luoyang","right_geo_key":"china|henan|nanyang"},"geometry":{"type":"LineString","coordinates":[[111.252134,33.797526],[111.2542,33.798],[111.2603,33.7846],[111.4899,33.7226],[111.6146,33.7238],[111.8233,33.644],[111.8221,33.5936],[111.9138,33.5641],[112.0218,33.5931],[112.0076,33.6204],[112.0798,33.6028],[112.0777,33.6556],[112.1163,33.6531],[112.164135,33.717248],[112.1682,33.7227],[112.170115,33.714813],[112.195688,33.704404],[112.223848,33.707804],[112.2442,33.7209]]}},{"type":"Feature","properties":{"boundary_group":"china|henan","parent_geo_key":"china|henan","country_key":"china","left_geo_key":"china|henan|luoyang","right_geo_key":"china|henan|pingdingshan"},"geometry":{"type":"LineString","coordinates":[[112.2442,33.7209],[112.2804,33.8111],[112.3577,33.8392],[112.4071,33.8089],[112.420037,33.815274],[112.445823,33.82798],[112.5169,33.863],[112.524737,33.880947],[112.529588,33.892054],[112.5338,33.9017],[112.4892,33.9295],[112.5639,34.0045],[112.5335,34.0281],[112.6006,34.0729],[112.6166,34.1454],[112.5405,34.2714],[112.615314,34.331058],[112.6338,34.3458],[112.7695,34.3462],[112.722,34.3617]]}},{"type":"Feature","properties":{"boundary_group":"china|henan","parent_geo_key":"china|henan","country_key":"china","left_geo_key":"china|henan|luoyang","right_geo_key":"china|henan|zhengzhou"},"geometry":{"type":"LineString","coordinates":[[112.722,34.3617],[112.7355,34.4923],[112.8995,34.4693],[112.9234,34.5287],[112.9701,34.5327],[112.8304,34.5952],[112.8201,34.6921],[112.9304,34.7261],[112.893,34.7822],[112.809,34.7797],[112.808194,34.819026],[112.8079,34.8334]]}},{"type":"Feature","properties":{"boundary_group":"china|henan","parent_geo_key":"china|henan","country_key":"china","left_geo_key":"china|henan|luohe","right_geo_key":"china|henan|zhoukou"},"geometry":{"type":"LineString","coordinates":[[114.2791,33.4747],[114.287755,33.542961],[114.267642,33.575932],[114.2593,33.5826],[114.25821,33.591394],[114.256399,33.605994],[114.2439,33.7068],[114.113,33.6539],[114.0839,33.7207],[114.1285,33.8098],[114.157198,33.800964]]}},{"type":"Feature","properties":{"boundary_group":"china|henan","parent_geo_key":"china|henan","country_key":"china","left_geo_key":"china|henan|luohe","right_geo_key":"china|henan|xuchang"},"geometry":{"type":"LineString","coordinates":[[114.157198,33.800964],[114.1117,33.8647],[114.1195,33.9185],[114.0425,33.987],[113.929076,33.959745],[113.915,33.9463],[113.8519,33.9412],[113.8504,33.8743],[113.745046,33.870362],[113.731282,33.859713],[113.733652,33.841069],[113.7504,33.7093],[113.700705,33.70224],[113.660597,33.696543],[113.6251,33.6915],[113.5915,33.6957],[113.586399,33.711545]]}},{"type":"Feature","properties":{"boundary_group":"china|henan","parent_geo_key":"china|henan","country_key":"china","left_geo_key":"china|henan|luohe","right_geo_key":"china|henan|pingdingshan"},"geometry":{"type":"LineString","coordinates":[[113.586399,33.711545],[113.5797,33.7129],[113.583208,33.670656],[113.6235,33.6264],[113.5476,33.5888],[113.5301,33.5014],[113.4801,33.5015],[113.4521,33.4301],[113.6829,33.4177],[113.682388,33.416724]]}},{"type":"Feature","properties":{"boundary_group":"china|henan","parent_geo_key":"china|henan","country_key":"china","left_geo_key":"china|henan|luohe","right_geo_key":"china|henan|zhumadian"},"geometry":{"type":"LineString","coordinates":[[113.682388,33.416724],[113.692836,33.416117],[113.71,33.432],[113.8558,33.4801],[113.9403,33.4668],[114.0101,33.5251],[114.038601,33.523213],[114.05248,33.522294],[114.069,33.5212],[114.1852,33.4365],[114.2791,33.4747]]}},{"type":"Feature","properties":{"boundary_group":"china|henan","parent_geo_key":"china|henan","country_key":"china","left_geo_key":"china|henan|nanyang","right_geo_key":"china|henan|sanmenxia"},"geometry":{"type":"LineString","coordinates":[[111.252134,33.797526],[111.2058,33.7869],[111.1733,33.6861],[111.1255,33.6793],[111.1457,33.6444],[111.1087,33.5784],[111.008247,33.56217]]}},{"type":"Feature","properties":{"boundary_group":"china|henan","parent_geo_key":"china|henan","country_key":"china","left_geo_key":"china|henan|nanyang","right_geo_key":"china|henan|xinyang"},"geometry":{"type":"LineString","coordinates":[[113.709033,32.419067],[113.7126,32.4193],[113.7555,32.4686],[113.7577,32.5506],[113.8095,32.6022],[113.805109,32.609677]]}},{"type":"Feature","properties":{"boundary_group":"china|henan","parent_geo_key":"china|henan","country_key":"china","left_geo_key":"china|henan|nanyang","right_geo_key":"china|henan|zhumadian"},"geometry":{"type":"LineString","coordinates":[[113.805109,32.609677],[113.7819,32.6492],[113.644,32.7111],[113.6105,32.7155],[113.6142,32.67],[113.5085,32.5721],[113.3934,32.6158],[113.3597,32.5711],[113.2751,32.5988],[113.2025,32.5719],[113.1838,32.6559],[113.2319,32.6861],[113.2635,32.6641],[113.1829,32.7206],[113.1991,32.7519],[113.1595,32.8495],[113.2015,32.9191],[113.100652,32.947235],[113.095883,32.95748],[113.123546,33.001318],[113.160653,33.049132],[113.3529,33.0947],[113.363232,33.105715],[113.3698,33.1073],[113.370676,33.113651],[113.391214,33.135547]]}},{"type":"Feature","properties":{"boundary_group":"china|henan","parent_geo_key":"china|henan","country_key":"china","left_geo_key":"china|henan|nanyang","right_geo_key":"china|henan|pingdingshan"},"geometry":{"type":"LineString","coordinates":[[113.391214,33.135547],[113.3805,33.1305],[113.383422,33.206019],[113.3969,33.3037],[113.387754,33.318009],[113.375451,33.337258],[113.3721,33.3425],[113.2264,33.3667],[113.1825,33.4338],[113.0417,33.4405],[113.0409,33.5355],[112.9371,33.6091],[112.8631,33.6106],[112.7638,33.5619],[112.5837,33.6214],[112.5281,33.5889],[112.423973,33.667065],[112.4154,33.6735],[112.410758,33.672565],[112.3989,33.6775],[112.345025,33.670785],[112.2735,33.7138],[112.258548,33.711994],[112.2442,33.7209]]}},{"type":"Feature","properties":{"boundary_group":"china|henan","parent_geo_key":"china|henan","country_key":"china","left_geo_key":"china|henan|pingdingshan","right_geo_key":"china|henan|zhumadian"},"geometry":{"type":"LineString","coordinates":[[113.391214,33.135547],[113.4119,33.1576],[113.436733,33.156988],[113.525614,33.154798],[113.617547,33.152532],[113.6402,33.1807],[113.5988,33.235],[113.6092,33.2771],[113.643,33.37],[113.671929,33.39677],[113.682388,33.416724]]}},{"type":"Feature","properties":{"boundary_group":"china|henan","parent_geo_key":"china|henan","country_key":"china","left_geo_key":"china|henan|pingdingshan","right_geo_key":"china|henan|xuchang"},"geometry":{"type":"LineString","coordinates":[[113.586399,33.711545],[113.5727,33.7541],[113.4454,33.7394],[113.3655,33.7868],[113.3567,33.8854],[113.4149,33.9621],[113.4024,34.0211],[113.39419,34.022981],[113.3247,34.0389],[113.2497,34.1145],[113.1594,34.0979],[113.0624,34.227041],[113.063352,34.235754],[113.0654,34.2545],[113.0763,34.2677],[113.057242,34.277187]]}},{"type":"Feature","properties":{"boundary_group":"china|henan","parent_geo_key":"china|henan","country_key":"china","left_geo_key":"china|henan|pingdingshan","right_geo_key":"china|henan|zhengzhou"},"geometry":{"type":"LineString","coordinates":[[113.057242,34.277187],[113.0084,34.3015],[112.8317,34.3008],[112.8368,34.3368],[112.722,34.3617]]}},{"type":"Feature","properties":{"boundary_group":"china|henan","parent_geo_key":"china|henan","country_key":"china","left_geo_key":"china|henan|puyang","right_geo_key":"china|henan|xinxiang"},"geometry":{"type":"LineString","coordinates":[[114.945,35.3803],[114.947907,35.378318],[115.000358,35.342559]]}},{"type":"Feature","properties":{"boundary_group":"china|henan","parent_geo_key":"china|henan","country_key":"china","left_geo_key":"china|henan|shangqiu","right_geo_key":"china|henan|zhoukou"},"geometry":{"type":"LineString","coordinates":[[114.872293,34.2979],[114.921132,34.282569],[114.9357,34.2808],[114.948986,34.273825],[115.1277,34.18],[115.1113,34.0994],[115.1336,34.0573],[115.0658,34.0232],[115.043,33.9406],[115.1653,33.9495],[115.1943,33.9897],[115.2526,33.9839],[115.2441,34.0197],[115.4506,33.9873],[115.5336,34.0223],[115.5513,34.0926],[115.6407,34.0824],[115.643891,34.051087]]}},{"type":"Feature","properties":{"boundary_group":"china|henan","parent_geo_key":"china|henan","country_key":"china","left_geo_key":"china|henan|xinxiang","right_geo_key":"china|henan|zhengzhou"},"geometry":{"type":"LineString","coordinates":[[113.586178,34.95448],[113.58,34.9458],[113.8878,34.88],[113.939,34.8884],[114.019695,34.962662],[114.033108,34.961337],[114.0699,34.9381],[114.1752,34.9473],[114.2067,34.9137]]}},{"type":"Feature","properties":{"boundary_group":"china|henan","parent_geo_key":"china|henan","country_key":"china","left_geo_key":"china|henan|xinyang","right_geo_key":"china|henan|zhumadian"},"geometry":{"type":"LineString","coordinates":[[115.192945,32.610673],[115.1404,32.5801],[115.0939,32.6347],[114.9519,32.664],[114.8976,32.6573],[114.885,32.6175],[114.8097,32.6243],[114.7805,32.5968],[114.8081,32.5604],[114.775,32.5457],[114.7872,32.5121],[114.7218,32.5212],[114.7154,32.5509],[114.6994,32.5205],[114.5646,32.5063],[114.5685,32.4258],[114.6401,32.3881],[114.6042,32.3382],[114.5401,32.2876],[114.417,32.2803],[114.3647,32.2996],[114.3383,32.3658],[114.2834,32.373],[114.2432,32.4592],[114.193,32.4537],[114.1907,32.4939],[114.0772,32.4527],[114.0616,32.5386],[113.9621,32.5043],[113.9139,32.6088],[113.841777,32.618831],[113.8154,32.6225],[113.805109,32.609677]]}},{"type":"Feature","properties":{"boundary_group":"china|henan","parent_geo_key":"china|henan","country_key":"china","left_geo_key":"china|henan|xuchang","right_geo_key":"china|henan|zhengzhou"},"geometry":{"type":"LineString","coordinates":[[113.8875,34.3278],[113.7982,34.3397],[113.6479,34.2782],[113.473095,34.34659],[113.4072,34.3511],[113.357927,34.391649],[113.334582,34.400782],[113.3098,34.354],[113.2238,34.3391],[113.1469,34.2678],[113.11783,34.270844],[113.057242,34.277187]]}},{"type":"Feature","properties":{"boundary_group":"china|henan","parent_geo_key":"china|henan","country_key":"china","left_geo_key":"china|henan|xuchang","right_geo_key":"china|henan|zhoukou"},"geometry":{"type":"LineString","coordinates":[[114.157198,33.800964],[114.191493,33.790405],[114.283167,33.76806],[114.321,33.8125],[114.261366,34.083901],[114.2584,34.0974],[114.2837,34.1386],[114.270208,34.225194],[114.252946,34.237929]]}},{"type":"Feature","properties":{"boundary_group":"china|henan","parent_geo_key":"china|henan","country_key":"china","left_geo_key":"china|henan|zhoukou","right_geo_key":"china|henan|zhumadian"},"geometry":{"type":"LineString","coordinates":[[114.2791,33.4747],[114.3072,33.4839],[114.3643,33.4481],[114.4406,33.4649],[114.4819,33.4183],[114.5565,33.426],[114.5839,33.3636],[114.7183,33.3038],[114.7258,33.2536],[114.6748,33.1719],[114.7652,33.073],[114.842003,33.057805],[114.8486,33.0565],[114.909008,33.082722]]}},{"type":"Feature","properties":{"boundary_group":"china|liaoning","parent_geo_key":"china|liaoning","country_key":"china","left_geo_key":"china|liaoning|anshan","right_geo_key":"china|liaoning|shenyang"},"geometry":{"type":"LineString","coordinates":[[122.617,41.1978],[122.5497,41.249],[122.6486,41.3485],[122.614483,41.507651],[122.59509,41.519865],[122.4974,41.5365],[122.480851,41.56382]]}},{"type":"Feature","properties":{"boundary_group":"china|liaoning","parent_geo_key":"china|liaoning","country_key":"china","left_geo_key":"china|liaoning|anshan","right_geo_key":"china|liaoning|jinzhou"},"geometry":{"type":"LineString","coordinates":[[122.480851,41.56382],[122.4602,41.5553],[122.313127,41.524057],[122.1887,41.4573]]}},{"type":"Feature","properties":{"boundary_group":"china|liaoning","parent_geo_key":"china|liaoning","country_key":"china","left_geo_key":"china|liaoning|anshan","right_geo_key":"china|liaoning|panjin"},"geometry":{"type":"LineString","coordinates":[[122.1887,41.4573],[122.2761,41.3385],[122.2099,41.2137],[122.3305,41.1881],[122.4139,41.2521],[122.4793,41.2535],[122.3621,41.1729],[122.4149,41.0113],[122.3361,40.985],[122.3381,40.9256],[122.3049,40.9383],[122.327374,40.90854]]}},{"type":"Feature","properties":{"boundary_group":"china|liaoning","parent_geo_key":"china|liaoning","country_key":"china","left_geo_key":"china|liaoning|anshan","right_geo_key":"china|liaoning|yingkou"},"geometry":{"type":"LineString","coordinates":[[122.327374,40.90854],[122.3305,40.9044],[122.4966,40.9325],[122.4787,40.8498],[122.5369,40.8171],[122.5127,40.7661],[122.6465,40.74],[122.6191,40.668],[122.6644,40.6611],[122.6224,40.6065],[122.7951,40.5761],[122.8242,40.5352],[122.9098,40.5363],[123.0006,40.4784],[122.963392,40.419678],[122.931666,40.369609],[122.907799,40.331942],[122.878115,40.285095],[122.8676,40.2685],[122.887746,40.202463],[122.887789,40.202321]]}},{"type":"Feature","properties":{"boundary_group":"china|liaoning","parent_geo_key":"china|liaoning","country_key":"china","left_geo_key":"china|liaoning|anshan","right_geo_key":"china|liaoning|dalian"},"geometry":{"type":"LineString","coordinates":[[122.887789,40.202321],[122.8882,40.2028],[122.914943,40.178898],[122.94551,40.151579],[122.9908,40.1111],[122.9936,40.0739],[123.0748,40.0423],[123.128,40.078],[123.352224,40.007907],[123.38374,40.007767],[123.3989,40.0077],[123.39932,40.006243]]}},{"type":"Feature","properties":{"boundary_group":"china|liaoning","parent_geo_key":"china|liaoning","country_key":"china","left_geo_key":"china|liaoning|anshan","right_geo_key":"china|liaoning|dandong"},"geometry":{"type":"LineString","coordinates":[[123.39932,40.006243],[123.412569,40.023447],[123.417,40.0292],[123.576591,40.129427],[123.6078,40.1717],[123.554,40.1884],[123.5881,40.24],[123.6985,40.2974],[123.7582,40.4],[123.7614,40.4984],[123.7329,40.5065],[123.7114,40.589],[123.7427,40.6125],[123.7303,40.6429],[123.5719,40.6875],[123.5477,40.7228],[123.5788,40.7776],[123.5368,40.8235]]}},{"type":"Feature","properties":{"boundary_group":"china|liaoning","parent_geo_key":"china|liaoning","country_key":"china","left_geo_key":"china|liaoning|anshan","right_geo_key":"china|liaoning|liaoyang"},"geometry":{"type":"LineString","coordinates":[[123.5368,40.8235],[123.4116,40.8056],[123.1744,40.7098],[123.0956,40.7328],[123.0645,40.7812],[123.1003,40.8146],[123.0411,40.8395],[123.072169,40.926188],[123.0945,40.936],[123.081813,40.953096],[123.086236,40.965437],[123.092503,40.971088],[123.1955,40.9993],[123.2273,41.0443],[123.2055,41.097],[123.1409,41.1085],[123.1435,41.1519],[123.125071,41.166177],[123.112151,41.176185],[123.104,41.1825],[123.0324,41.2063],[122.9017,41.191],[122.8265,41.0815],[122.5855,41.173],[122.6015,41.1986],[122.617,41.1978]]}},{"type":"Feature","properties":{"boundary_group":"china|liaoning","parent_geo_key":"china|liaoning","country_key":"china","left_geo_key":"china|liaoning|benxi","right_geo_key":"china|liaoning|dandong"},"geometry":{"type":"LineString","coordinates":[[123.564603,40.854195],[123.6893,40.8139],[123.8214,40.8613],[123.9257,40.8254],[123.9746,40.8657],[124.1283,40.849],[124.146,40.9491],[124.09,41.0355],[124.2229,41.0391],[124.2575,41.0984],[124.2952,41.095],[124.3074,41.0543],[124.4125,41.0738],[124.5048,41.0475],[124.5624,41.0986],[124.665,41.0934],[124.7313,41.1561],[124.7572,41.1244],[124.8475,41.1409],[124.9937,41.097],[125.2689,41.0986],[125.3447,41.0363],[125.3476,40.9982],[125.4466,41.028],[125.4587,40.961],[125.522,40.9852],[125.4946,40.9402],[125.5117,40.9131],[125.5798,40.9171],[125.588066,40.922252]]}},{"type":"Feature","properties":{"boundary_group":"china|liaoning","parent_geo_key":"china|liaoning","country_key":"china","left_geo_key":"china|liaoning|benxi","right_geo_key":"china|liaoning|fushun"},"geometry":{"type":"LineString","coordinates":[[125.450068,41.562603],[125.4506,41.5524],[125.433133,41.553372],[125.3715,41.5568],[125.3263,41.4965],[125.2157,41.4777],[124.915,41.4986],[124.8476,41.4185],[124.8587,41.3224],[124.647,41.2429],[124.4892,41.3327],[124.4218,41.3034],[124.3467,41.3898],[124.3729,41.4685],[124.3284,41.4733],[124.2884,41.5398],[124.1255,41.5056],[123.9244,41.560725],[123.904292,41.561391],[123.866932,41.539343],[123.8572,41.5167],[123.8023,41.5012],[123.7724,41.5382],[123.734694,41.528869]]}},{"type":"Feature","properties":{"boundary_group":"china|liaoning","parent_geo_key":"china|liaoning","country_key":"china","left_geo_key":"china|liaoning|benxi","right_geo_key":"china|liaoning|shenyang"},"geometry":{"type":"LineString","coordinates":[[123.734694,41.528869],[123.7398,41.5187],[123.703602,41.521175],[123.5857,41.492]]}},{"type":"Feature","properties":{"boundary_group":"china|liaoning","parent_geo_key":"china|liaoning","country_key":"china","left_geo_key":"china|liaoning|benxi","right_geo_key":"china|liaoning|liaoyang"},"geometry":{"type":"LineString","coordinates":[[123.5857,41.492],[123.6557,41.4421],[123.6308,41.4088],[123.6671,41.2641],[123.5916,41.2344],[123.6832,41.0593],[123.645852,40.982875],[123.604485,40.898223],[123.564603,40.854195]]}},{"type":"Feature","properties":{"boundary_group":"china|liaoning","parent_geo_key":"china|liaoning","country_key":"china","left_geo_key":"china|liaoning|chaoyang","right_geo_key":"china|liaoning|fuxin"},"geometry":{"type":"LineString","coordinates":[[121.2576,41.7901],[121.27164,41.827326],[121.2964,41.8634],[121.287975,41.870636],[121.249714,41.9035],[121.1596,41.9809],[121.0422,41.975],[121.0377,42.0552],[121.0792,42.1167],[121.0464,42.2117],[121.040702,42.215388],[121.0272,42.25],[121.034724,42.252496]]}},{"type":"Feature","properties":{"boundary_group":"china|liaoning","parent_geo_key":"china|liaoning","country_key":"china","left_geo_key":"china|liaoning|chaoyang","right_geo_key":"china|liaoning|huludao"},"geometry":{"type":"LineString","coordinates":[[119.233017,40.599998],[119.235282,40.603137],[119.2701,40.6054],[119.279846,40.612356],[119.302702,40.628671],[119.369661,40.676464],[119.423403,40.714824],[119.4951,40.766],[119.5256,40.8367],[119.6322,40.8284],[119.6785,40.779],[119.7046,40.8567],[119.7943,40.8575],[119.8229,40.9337],[119.8982,40.9088],[119.9313,40.9493],[119.9811,40.9377],[120.0221,40.9997],[120.000881,41.073053],[120.009341,41.077091],[120.1056,41.0873],[120.1447,41.0006],[120.1897,41.0108],[120.1633,40.9252],[120.176543,40.93332],[120.2119,40.955],[120.2702,40.944],[120.3145,40.9973],[120.408,40.9497],[120.4534,40.9992],[120.4624,41.0692],[120.5257,41.0576],[120.565147,41.10034],[120.602375,41.140675],[120.626989,41.167344],[120.66641,41.185217],[120.7661,41.1922],[120.760986,41.195623]]}},{"type":"Feature","properties":{"boundary_group":"china|liaoning","parent_geo_key":"china|liaoning","country_key":"china","left_geo_key":"china|liaoning|chaoyang","right_geo_key":"china|liaoning|jinzhou"},"geometry":{"type":"LineString","coordinates":[[120.760986,41.195623],[120.740252,41.2095],[120.721645,41.221953],[120.7645,41.2477],[120.7305,41.2843],[120.8013,41.4198],[120.8278,41.3962],[120.8789,41.422],[120.8722,41.4742],[120.9759,41.5644],[120.975,41.5986],[121.1055,41.6178],[121.15,41.6685],[121.2188,41.6758],[121.2104,41.7381],[121.2576,41.7901]]}},{"type":"Feature","properties":{"boundary_group":"china|liaoning","parent_geo_key":"china|liaoning","country_key":"china","left_geo_key":"china|liaoning|dalian","right_geo_key":"china|liaoning|yingkou"},"geometry":{"type":"LineString","coordinates":[[122.887789,40.202321],[122.872693,40.184721],[122.8008,40.1009],[122.5341,40.0608],[122.5463,40.0235],[122.5161,39.9962],[122.5522,39.9378],[122.5069,39.9287],[122.3369,39.984],[122.2748,39.9671],[122.2405,40.0192],[122.1957,39.9965],[122.0631,40.0651],[121.9848,40.0528],[121.9519,40.1143]]}},{"type":"Feature","properties":{"boundary_group":"china|liaoning","parent_geo_key":"china|liaoning","country_key":"china","left_geo_key":"china|liaoning|dalian","right_geo_key":"china|liaoning|dandong"},"geometry":{"type":"LineString","coordinates":[[123.497325,39.823236],[123.4667,39.8678],[123.4659,39.9236],[123.3854,39.9344],[123.3711,39.9696],[123.39932,40.006243]]}},{"type":"Feature","properties":{"boundary_group":"china|liaoning","parent_geo_key":"china|liaoning","country_key":"china","left_geo_key":"china|liaoning|fushun","right_geo_key":"china|liaoning|tieling"},"geometry":{"type":"LineString","coordinates":[[125.095506,42.47302],[125.076766,42.462088],[125.016197,42.408766],[124.9995,42.3761],[124.983139,42.379663],[124.8158,42.4161],[124.77,42.3983],[124.7819,42.3379],[124.6422,42.3142],[124.6288,42.3438],[124.5661,42.3458],[124.5544,42.2799],[124.5091,42.2367],[124.5593,42.1533],[124.5484,42.1211],[124.3359,42.007],[124.2747,42.0049],[124.2411,42.07],[124.0868,42.0705],[123.9929,42.0021],[123.838908,42.01366],[123.7844,41.9874],[123.777972,41.994359]]}},{"type":"Feature","properties":{"boundary_group":"china|liaoning","parent_geo_key":"china|liaoning","country_key":"china","left_geo_key":"china|liaoning|fushun","right_geo_key":"china|liaoning|shenyang"},"geometry":{"type":"LineString","coordinates":[[123.777972,41.994359],[123.771713,41.990727],[123.7785,41.9783],[123.728771,41.951087],[123.7342,41.8625],[123.6584,41.7967],[123.7111,41.7729],[123.776,41.793],[123.8061,41.7077],[123.7469,41.6395],[123.7828,41.595],[123.7158,41.5665],[123.727084,41.544026],[123.734694,41.528869]]}},{"type":"Feature","properties":{"boundary_group":"china|liaoning","parent_geo_key":"china|liaoning","country_key":"china","left_geo_key":"china|liaoning|fuxin","right_geo_key":"china|liaoning|jinzhou"},"geometry":{"type":"LineString","coordinates":[[121.2576,41.7901],[121.3371,41.7664],[121.3236,41.7338],[121.3584,41.7178],[121.4379,41.731],[121.4686,41.693],[121.5331,41.7811],[121.8193,41.7848],[121.8578,41.8026],[121.8237,41.8184],[121.9535,41.8785],[122.1477,42.0301],[122.3493,42.0903],[122.421478,42.124237]]}},{"type":"Feature","properties":{"boundary_group":"china|liaoning","parent_geo_key":"china|liaoning","country_key":"china","left_geo_key":"china|liaoning|fuxin","right_geo_key":"china|liaoning|shenyang"},"geometry":{"type":"LineString","coordinates":[[122.421478,42.124237],[122.4204,42.1266],[122.8959,42.3473],[122.8565,42.4046],[122.8124,42.4136],[122.8135,42.4794],[122.8944,42.4974],[122.9653,42.5649],[122.7889,42.648],[122.7417,42.6866],[122.7612,42.7056],[122.793883,42.709496],[122.8434,42.7154]]}},{"type":"Feature","properties":{"boundary_group":"china|liaoning","parent_geo_key":"china|liaoning","country_key":"china","left_geo_key":"china|liaoning|huludao","right_geo_key":"china|liaoning|jinzhou"},"geometry":{"type":"LineString","coordinates":[[121.0216,41.0452],[120.9427,41.0496],[120.9374,41.1175],[120.9024,41.1438],[120.8292,41.1297],[120.7832,41.16],[120.7827,41.1962],[120.760986,41.195623]]}},{"type":"Feature","properties":{"boundary_group":"china|liaoning","parent_geo_key":"china|liaoning","country_key":"china","left_geo_key":"china|liaoning|jinzhou","right_geo_key":"china|liaoning|shenyang"},"geometry":{"type":"LineString","coordinates":[[122.480851,41.56382],[122.480589,41.564252],[122.4722,41.5781],[122.495871,41.614156],[122.5949,41.765],[122.4538,41.8406],[122.4373,41.8996],[122.5131,41.8982],[122.5107,41.9287],[122.421478,42.124237]]}},{"type":"Feature","properties":{"boundary_group":"china|liaoning","parent_geo_key":"china|liaoning","country_key":"china","left_geo_key":"china|liaoning|jinzhou","right_geo_key":"china|liaoning|panjin"},"geometry":{"type":"LineString","coordinates":[[121.556746,40.857208],[121.576004,40.876051],[121.651749,40.950161],[121.6616,40.9598],[121.661951,40.963052],[121.6749,41.083],[121.7531,41.0868],[121.718129,41.090622],[121.5756,41.1062],[121.5692,41.1682],[121.6184,41.2053],[121.5746,41.2338],[121.6738,41.295543],[121.8305,41.3537],[121.8807,41.3201],[121.9489,41.3855],[122.0318,41.3683],[122.1887,41.4573]]}},{"type":"Feature","properties":{"boundary_group":"china|liaoning","parent_geo_key":"china|liaoning","country_key":"china","left_geo_key":"china|liaoning|dandong","right_geo_key":"china|liaoning|liaoyang"},"geometry":{"type":"LineString","coordinates":[[123.5368,40.8235],[123.5454,40.8604],[123.564603,40.854195]]}},{"type":"Feature","properties":{"boundary_group":"china|liaoning","parent_geo_key":"china|liaoning","country_key":"china","left_geo_key":"china|liaoning|liaoyang","right_geo_key":"china|liaoning|shenyang"},"geometry":{"type":"LineString","coordinates":[[123.5857,41.492],[123.4633,41.4606],[123.2139,41.5628],[123.1371,41.5331],[123.1069,41.6124],[123.012,41.5031],[122.9294,41.4758],[122.9199,41.4203],[122.8563,41.4221],[122.8365,41.3763],[122.761,41.3676],[122.6642,41.2223],[122.660266,41.220258],[122.617,41.1978]]}},{"type":"Feature","properties":{"boundary_group":"china|liaoning","parent_geo_key":"china|liaoning","country_key":"china","left_geo_key":"china|liaoning|panjin","right_geo_key":"china|liaoning|yingkou"},"geometry":{"type":"LineString","coordinates":[[122.154439,40.694646],[122.1506,40.7059],[122.162219,40.705641],[122.186325,40.705103],[122.249733,40.703689],[122.247578,40.704961],[122.2046,40.7086],[122.20197,40.731875],[122.0911,40.7973],[122.1811,40.8315],[122.1827,40.8738],[122.2133,40.8505],[122.283786,40.876848],[122.3052,40.9054],[122.327374,40.90854]]}},{"type":"Feature","properties":{"boundary_group":"china|liaoning","parent_geo_key":"china|liaoning","country_key":"china","left_geo_key":"china|liaoning|shenyang","right_geo_key":"china|liaoning|tieling"},"geometry":{"type":"LineString","coordinates":[[123.777972,41.994359],[123.7578,42.0162],[123.797447,42.037356],[123.793065,42.048043],[123.785695,42.05037],[123.7801,42.0367],[123.6298,42.0996],[123.5355,42.1449],[123.528763,42.159281],[123.488874,42.182843],[123.4643,42.1767],[123.4451,42.2087],[123.5227,42.3371],[123.4617,42.3779],[123.4486,42.4394],[123.6031,42.5073],[123.6374,42.5508],[123.6785,42.5082],[123.7522,42.5521],[123.6899,42.576],[123.6194,42.674],[123.577579,42.677406],[123.5752,42.6776],[123.563385,42.704196],[123.55489,42.72332],[123.5533,42.7269],[123.598,42.7764],[123.5765,42.8764],[123.5965,42.929],[123.552079,42.96554],[123.5407,42.9749],[123.556922,42.996383],[123.5563,43.0028]]}},{"type":"Feature","properties":{"boundary_group":"china|sichuan","parent_geo_key":"china|sichuan","country_key":"china","left_geo_key":"china|sichuan|bazhong","right_geo_key":"china|sichuan|dazhou"},"geometry":{"type":"LineString","coordinates":[[106.954637,31.260649],[106.9775,31.2483],[107.0529,31.364],[107.1258,31.3398],[107.171,31.431],[107.2144,31.4309],[107.2339,31.4689],[107.2549,31.4473],[107.33926,31.540309],[107.3495,31.5516],[107.491519,31.605721],[107.494974,31.610349],[107.5278,31.6878],[107.4822,31.7245],[107.5267,31.7293],[107.5719,31.8236],[107.4913,31.8676],[107.5468,31.899],[107.5099,31.9281],[107.5656,31.9502],[107.5882,32.0093],[107.6696,32.0092],[107.7597,32.0759],[107.6215,32.1554],[107.6262,32.202],[107.6752,32.2008],[107.7112,32.3299]]}},{"type":"Feature","properties":{"boundary_group":"china|sichuan","parent_geo_key":"china|sichuan","country_key":"china","left_geo_key":"china|sichuan|bazhong","right_geo_key":"china|sichuan|guangyuan"},"geometry":{"type":"LineString","coordinates":[[106.636159,32.687647],[106.665067,32.480603],[106.6828,32.3536],[106.685483,32.351964],[106.7722,32.2991],[106.5595,32.2297],[106.5638,32.1275],[106.5324,32.1131],[106.5515,32.0816],[106.513,32.0729],[106.4776,31.9809],[106.4459,31.9838],[106.4635,31.9558],[106.399,31.8847],[106.4041,31.813],[106.387573,31.810786]]}},{"type":"Feature","properties":{"boundary_group":"china|sichuan","parent_geo_key":"china|sichuan","country_key":"china","left_geo_key":"china|sichuan|bazhong","right_geo_key":"china|sichuan|nanchong"},"geometry":{"type":"LineString","coordinates":[[106.387573,31.810786],[106.3915,31.8076],[106.3996,31.7921],[106.4163,31.7632],[106.3613,31.6987],[106.4468,31.6491],[106.453,31.5905],[106.5334,31.574],[106.5702,31.5174],[106.6222,31.5176],[106.6417,31.5928],[106.8075,31.546],[106.859053,31.424704],[106.890334,31.384291],[106.94137,31.318356],[106.9603,31.2939],[106.954637,31.260649]]}},{"type":"Feature","properties":{"boundary_group":"china|sichuan","parent_geo_key":"china|sichuan","country_key":"china","left_geo_key":"china|sichuan|chengdu","right_geo_key":"china|sichuan|ziyang"},"geometry":{"type":"LineString","coordinates":[[104.442321,30.105768],[104.4949,30.1934],[104.6503,30.2428],[104.6459,30.2886],[104.8452,30.3077],[104.8299,30.3632],[104.8962,30.3807],[104.8704,30.3956],[104.8901,30.5539],[104.865727,30.606586]]}},{"type":"Feature","properties":{"boundary_group":"china|sichuan","parent_geo_key":"china|sichuan","country_key":"china","left_geo_key":"china|sichuan|chengdu","right_geo_key":"china|sichuan|deyang"},"geometry":{"type":"LineString","coordinates":[[104.865727,30.606586],[104.8142,30.58],[104.8458,30.6436],[104.8194,30.6449],[104.7919,30.7224],[104.7449,30.7299],[104.7025,30.8241],[104.5175,30.8848],[104.513,30.9376],[104.369,30.9413],[104.3181,30.895],[104.1512,30.9189],[104.1668,30.9939],[104.0416,31.0844],[104.0062,31.1809],[103.9446,31.2083],[103.8899,31.3047],[103.9263,31.3618],[103.8962,31.4196],[103.8139,31.4349],[103.810064,31.432921]]}},{"type":"Feature","properties":{"boundary_group":"china|sichuan","parent_geo_key":"china|sichuan","country_key":"china","left_geo_key":"china|sichuan|abazangzuqiangzu","right_geo_key":"china|sichuan|chengdu"},"geometry":{"type":"LineString","coordinates":[[103.810064,31.432921],[103.712671,31.382679],[103.6689,31.3579],[103.662897,31.357002],[103.5706,31.3432],[103.5813,31.1967],[103.5016,31.0432],[103.5165,30.9765],[103.4312,30.8803],[103.3042,30.8134],[103.1746,30.8485],[103.129,30.8002],[103.0771,30.818],[102.9917,30.7803]]}},{"type":"Feature","properties":{"boundary_group":"china|sichuan","parent_geo_key":"china|sichuan","country_key":"china","left_geo_key":"china|sichuan|chengdu","right_geo_key":"china|sichuan|yaan"},"geometry":{"type":"LineString","coordinates":[[102.9917,30.7803],[103.0288,30.7074],[103.0685,30.7193],[103.1209,30.6708],[103.1241,30.5981],[103.1849,30.513],[103.1229,30.4527],[103.1265,30.3746],[103.0631,30.3154],[103.0774,30.2223],[103.1476,30.2103],[103.1762,30.249],[103.2211,30.209],[103.2395,30.2474],[103.3025,30.2667],[103.3209,30.2323],[103.3699,30.2302],[103.3607,30.1633],[103.389243,30.10388],[103.3925,30.0971]]}},{"type":"Feature","properties":{"boundary_group":"china|sichuan","parent_geo_key":"china|sichuan","country_key":"china","left_geo_key":"china|sichuan|chengdu","right_geo_key":"china|sichuan|meishan"},"geometry":{"type":"LineString","coordinates":[[103.3925,30.0971],[103.4365,30.1199],[103.4577,30.094],[103.4544,30.1374],[103.484,30.1098],[103.5417,30.1573],[103.5327,30.1827],[103.6462,30.2022],[103.679,30.2729],[103.7839,30.344],[103.9089,30.3326],[103.9236,30.3644],[103.9967,30.2655],[104.0471,30.2741],[104.1154,30.2282],[104.1895,30.3327],[104.227528,30.314936],[104.2281,30.2585],[104.340583,30.200118],[104.352668,30.193846],[104.3595,30.1903],[104.429872,30.096502],[104.4337,30.0914],[104.438845,30.099976],[104.442321,30.105768]]}},{"type":"Feature","properties":{"boundary_group":"china|sichuan","parent_geo_key":"china|sichuan","country_key":"china","left_geo_key":"china|sichuan|dazhou","right_geo_key":"china|sichuan|nanchong"},"geometry":{"type":"LineString","coordinates":[[106.954637,31.260649],[106.947808,31.220557],[106.9363,31.2102],[106.93,31.116],[106.8421,31.0695],[106.783,30.98],[106.7281,30.974],[106.7056,30.9181],[106.6624,30.9157],[106.676027,30.856718],[106.6714,30.8416]]}},{"type":"Feature","properties":{"boundary_group":"china|sichuan","parent_geo_key":"china|sichuan","country_key":"china","left_geo_key":"china|sichuan|dazhou","right_geo_key":"china|sichuan|guangan"},"geometry":{"type":"LineString","coordinates":[[106.6714,30.8416],[106.6819,30.8313],[106.7271,30.8352],[106.8393,30.7392],[106.9453,30.708],[106.8863,30.6994],[106.9041,30.6618],[106.926144,30.658685],[107.0329,30.6436],[107.0167,30.5577],[106.9696,30.5354],[106.9802,30.5022],[107.0653,30.5186],[107.1383,30.4725],[107.0969,30.5249],[107.184057,30.526329],[107.194169,30.526495],[107.197046,30.520576],[107.1609,30.4593],[107.2236,30.4358],[107.2125,30.3851],[107.2482,30.3873],[107.2151,30.3469],[107.2681,30.3244],[107.2695,30.3601],[107.295877,30.357754]]}},{"type":"Feature","properties":{"boundary_group":"china|sichuan","parent_geo_key":"china|sichuan","country_key":"china","left_geo_key":"china|sichuan|deyang","right_geo_key":"china|sichuan|ziyang"},"geometry":{"type":"LineString","coordinates":[[104.865727,30.606586],[104.9113,30.6301],[104.957,30.6074],[104.9829,30.5299],[105.0679,30.5382]]}},{"type":"Feature","properties":{"boundary_group":"china|sichuan","parent_geo_key":"china|sichuan","country_key":"china","left_geo_key":"china|sichuan|deyang","right_geo_key":"china|sichuan|suining"},"geometry":{"type":"LineString","coordinates":[[105.0679,30.5382],[105.158291,30.680854],[105.1715,30.7017],[105.164257,30.708955],[105.16526,30.713679]]}},{"type":"Feature","properties":{"boundary_group":"china|sichuan","parent_geo_key":"china|sichuan","country_key":"china","left_geo_key":"china|sichuan|deyang","right_geo_key":"china|sichuan|mianyang"},"geometry":{"type":"LineString","coordinates":[[105.16526,30.713679],[105.160514,30.712705],[105.1522,30.711],[105.114,30.7593],[104.9992,30.8039],[104.9261,30.9487],[104.8484,30.9553],[104.8167,31.0663],[104.7701,31.0995],[104.7869,31.1327],[104.7165,31.1663],[104.7441,31.2813],[104.6795,31.2697],[104.6533,31.3358],[104.5838,31.3581],[104.562105,31.420877],[104.523,31.4453],[104.4779,31.3882],[104.463992,31.386924],[104.413915,31.382329],[104.3591,31.3773],[104.35059,31.384836],[104.2001,31.5181],[104.1551,31.5176],[104.105733,31.664399],[104.0945,31.6978]]}},{"type":"Feature","properties":{"boundary_group":"china|sichuan","parent_geo_key":"china|sichuan","country_key":"china","left_geo_key":"china|sichuan|abazangzuqiangzu","right_geo_key":"china|sichuan|deyang"},"geometry":{"type":"LineString","coordinates":[[104.0945,31.6978],[103.9843,31.6836],[103.924028,31.631213],[103.9064,31.5259],[103.8532,31.5415],[103.797025,31.454424],[103.798401,31.445705],[103.810064,31.432921]]}},{"type":"Feature","properties":{"boundary_group":"china|sichuan","parent_geo_key":"china|sichuan","country_key":"china","left_geo_key":"china|sichuan|ganzizangzu","right_geo_key":"china|sichuan|liangshanyizu"},"geometry":{"type":"LineString","coordinates":[[100.078153,28.075619],[100.0973,28.0516],[100.2563,27.9665],[100.2987,28.0126],[100.4193,28.0157],[100.3644,28.2325],[100.4111,28.2921],[100.3861,28.331],[100.4132,28.4396],[100.4942,28.5008],[100.528,28.5783],[100.5202,28.6706],[100.4618,28.7093],[100.5943,28.7496],[100.53797,28.908581],[100.524758,28.945869],[100.6135,28.9602],[100.6567,29.0229],[100.814,28.9921],[100.8431,29.039],[100.7823,29.0584],[100.772,29.0928],[100.8757,29.1494],[100.9232,29.1331],[100.9295,29.0582],[101.0555,29.1643],[101.1183,29.1239],[101.1925,28.8978],[101.1708,28.8156],[101.2069,28.7568],[101.2019,28.6634],[101.3443,28.6728],[101.3658,28.6319],[101.4779,28.6322],[101.6197,28.5383],[101.5993,28.4795],[101.4108,28.5217],[101.369,28.4745],[101.4243,28.4938],[101.4768,28.3234],[101.555411,28.343291],[101.64553,28.366094],[101.7159,28.3839],[101.7536,28.5423],[101.917,28.617],[101.9499,28.6911],[102.0193,28.7259],[101.9561,28.8293],[102,28.9086],[102.12634,29.009563],[102.160165,29.036593],[102.1618,29.0379]]}},{"type":"Feature","properties":{"boundary_group":"china|sichuan","parent_geo_key":"china|sichuan","country_key":"china","left_geo_key":"china|sichuan|ganzizangzu","right_geo_key":"china|sichuan|yaan"},"geometry":{"type":"LineString","coordinates":[[102.1618,29.0379],[102.17,29.0806],[102.1297,29.1773],[102.0514,29.1802],[102.1251,29.2357],[102.0941,29.2754],[101.9571,29.3189],[101.9789,29.4294],[101.944,29.4445],[101.9363,29.5017],[102.0947,29.4976],[102.1641,29.5363],[102.1731,29.467],[102.2042,29.4625],[102.314,29.5382],[102.275,29.6115],[102.3559,29.7748],[102.2731,29.8694],[102.3007,29.9616],[102.2669,30.0805],[102.3324,30.2083],[102.3976,30.235],[102.410737,30.282666],[102.4315,30.358],[102.426951,30.55237],[102.4896,30.7122],[102.468922,30.766564]]}},{"type":"Feature","properties":{"boundary_group":"china|sichuan","parent_geo_key":"china|sichuan","country_key":"china","left_geo_key":"china|sichuan|abazangzuqiangzu","right_geo_key":"china|sichuan|ganzizangzu"},"geometry":{"type":"LineString","coordinates":[[102.468922,30.766564],[102.4683,30.7682],[102.468348,30.765929],[102.4699,30.6918],[102.3471,30.7108],[102.2488,30.6228],[102.2134,30.6441],[102.1789,30.5987],[102.1423,30.6151],[102.0963,30.669],[102.0429,30.6704],[102.0368,30.7083],[102.0713,30.7392],[102.0301,30.7706],[102.0637,30.7946],[102.0638,30.8784],[102.1976,30.9119],[102.1636,30.9901],[102.1591,31.1409],[102.0297,31.0778],[101.9696,31.1817],[101.9075,31.1493],[101.8819,31.1647],[101.8494,31.2777],[101.7693,31.2789],[101.6484,31.383],[101.6094,31.3862],[101.5696,31.3429],[101.5445,31.3813],[101.48,31.3714],[101.4455,31.3502],[101.4678,31.3335],[101.4486,31.2952],[101.4227,31.3664],[101.4624,31.4128],[101.4488,31.4362],[101.2957,31.3621],[101.2425,31.3994],[101.2615,31.4696],[101.2253,31.5341],[101.1034,31.472],[101.0551,31.5488],[101.0618,31.6272],[100.9673,31.684],[100.9347,31.752],[100.8698,31.74],[100.8505,31.7664],[100.9488,31.863],[100.994,31.8687],[101.0021,31.9702],[100.9456,31.9888],[100.8687,31.9588],[100.7897,32.0002],[100.7993,32.052],[100.6946,32.1356],[100.7176,32.1857],[100.5955,32.2328],[100.530967,32.338825],[100.5371,32.3984],[100.6158,32.4464],[100.6214,32.5055],[100.656,32.516],[100.6638,32.526]]}},{"type":"Feature","properties":{"boundary_group":"china|sichuan","parent_geo_key":"china|sichuan","country_key":"china","left_geo_key":"china|sichuan|guangan","right_geo_key":"china|sichuan|nanchong"},"geometry":{"type":"LineString","coordinates":[[106.6714,30.8416],[106.6193,30.8299],[106.5836,30.7424],[106.5262,30.7337],[106.4862,30.7911],[106.3905,30.6839],[106.3514,30.7246],[106.3023,30.6882],[106.2085,30.7232],[106.2209,30.6903],[106.1632,30.6492],[106.1842,30.601],[106.1545,30.6],[106.1091,30.5058],[106.0639,30.4935],[106.040903,30.516934],[106.036513,30.517651],[106.0241,30.4874],[105.994019,30.483733],[105.967956,30.480556]]}},{"type":"Feature","properties":{"boundary_group":"china|sichuan","parent_geo_key":"china|sichuan","country_key":"china","left_geo_key":"china|sichuan|guangan","right_geo_key":"china|sichuan|suining"},"geometry":{"type":"LineString","coordinates":[[105.967956,30.480556],[105.9714,30.4731],[105.9478,30.4398],[105.986865,30.377243]]}},{"type":"Feature","properties":{"boundary_group":"china|sichuan","parent_geo_key":"china|sichuan","country_key":"china","left_geo_key":"china|sichuan|guangyuan","right_geo_key":"china|sichuan|mianyang"},"geometry":{"type":"LineString","coordinates":[[104.633844,32.669874],[104.6137,32.6277],[104.6548,32.5595],[104.7509,32.5312],[104.77,32.3995],[104.9074,32.3276],[104.9715,32.3369],[104.9578,32.3083],[104.9974,32.2505],[105.0887,32.3089],[105.251,32.3159],[105.2346,32.2898],[105.2671,32.2651],[105.2375,32.2056],[105.2696,32.1954],[105.2481,32.1697],[105.2862,32.1136],[105.2499,32.0867],[105.249218,32.000395],[105.2491,31.9854],[105.2319,32.018],[105.1708,32.0016],[105.2032,31.9445],[105.1781,31.9101],[105.217,31.8904],[105.2015,31.8377],[105.3054,31.7723],[105.2531,31.7079],[105.311,31.7193],[105.3426,31.6795],[105.3298,31.6319],[105.3921,31.6191],[105.3902,31.5645],[105.4556,31.5296]]}},{"type":"Feature","properties":{"boundary_group":"china|sichuan","parent_geo_key":"china|sichuan","country_key":"china","left_geo_key":"china|sichuan|guangyuan","right_geo_key":"china|sichuan|nanchong"},"geometry":{"type":"LineString","coordinates":[[105.4556,31.5296],[105.5141,31.5834],[105.5968,31.5837],[105.6056,31.5544],[105.6349,31.6071],[105.6975,31.6056],[105.7318,31.7303],[105.7664,31.7387],[105.8422,31.6353],[105.9168,31.6289],[105.919,31.6658],[106.0762,31.6994],[106.1281,31.8287],[106.1989,31.8177],[106.2064,31.7729],[106.2583,31.776],[106.265,31.8145],[106.3332,31.8549],[106.372,31.8087],[106.387573,31.810786]]}},{"type":"Feature","properties":{"boundary_group":"china|sichuan","parent_geo_key":"china|sichuan","country_key":"china","left_geo_key":"china|sichuan|leshan","right_geo_key":"china|sichuan|zigong"},"geometry":{"type":"LineString","coordinates":[[104.167614,29.177363],[104.1464,29.1992],[104.1443,29.2578],[104.1064,29.2437],[104.1468,29.2874],[104.1338,29.3134],[104.0732,29.3326],[104.1585,29.3453],[104.1612,29.3784],[104.1323,29.4062],[104.0863,29.3908],[104.0968,29.4417],[104.052,29.4311],[104.0505,29.4666],[104.1264,29.501],[104.1591,29.482],[104.1397,29.5946],[104.1809,29.6367],[104.238161,29.62171],[104.2424,29.6206],[104.243104,29.624193]]}},{"type":"Feature","properties":{"boundary_group":"china|sichuan","parent_geo_key":"china|sichuan","country_key":"china","left_geo_key":"china|sichuan|leshan","right_geo_key":"china|sichuan|meishan"},"geometry":{"type":"LineString","coordinates":[[104.243104,29.624193],[104.2462,29.64],[104.217279,29.6744],[104.1855,29.7122],[104.0757,29.7588],[104.0859,29.8094],[104.0274,29.8766],[103.9256,29.8283],[103.8871,29.7439],[103.7719,29.7062],[103.7101,29.7198],[103.692077,29.762625],[103.7463,29.7928],[103.6575,29.9306],[103.5562,29.8697],[103.5191,29.8878],[103.5272,29.8406],[103.4309,29.8234],[103.426082,29.780941],[103.406317,29.787925],[103.3895,29.8028],[103.370863,29.800453],[103.341776,29.796791],[103.3347,29.7959],[103.33231,29.789846],[103.310123,29.733642],[103.2955,29.6966],[103.303452,29.694059],[103.3681,29.6734],[103.265,29.6023],[103.2581,29.5145],[103.291,29.5085],[103.2665,29.483],[103.1939,29.491],[103.1828,29.4297],[103.0148,29.4519],[102.973,29.4082],[102.98728,29.386522]]}},{"type":"Feature","properties":{"boundary_group":"china|sichuan","parent_geo_key":"china|sichuan","country_key":"china","left_geo_key":"china|sichuan|leshan","right_geo_key":"china|sichuan|yaan"},"geometry":{"type":"LineString","coordinates":[[102.98728,29.386522],[102.9936,29.3843],[102.992334,29.37885],[102.9785,29.3193],[103.0014,29.2899]]}},{"type":"Feature","properties":{"boundary_group":"china|sichuan","parent_geo_key":"china|sichuan","country_key":"china","left_geo_key":"china|sichuan|leshan","right_geo_key":"china|sichuan|liangshanyizu"},"geometry":{"type":"LineString","coordinates":[[103.0014,29.2899],[103.016101,29.292014],[103.0167,29.2921],[103.016804,29.291504],[103.020188,29.272044],[103.0231,29.2553],[103.004979,29.256455],[102.9619,29.2592],[102.9674,29.2048],[102.944865,29.197263],[102.9273,29.1334],[102.9731,29.0729],[102.9073,29.0239],[102.9493,28.9349],[102.9229,28.8021],[102.9622,28.6854],[103.0604,28.6756],[103.0677,28.7438],[103.1477,28.8348],[103.2685,28.8131],[103.27284,28.807022],[103.3329,28.7229],[103.2382,28.556],[103.3005,28.5228],[103.320271,28.48227],[103.3858,28.4234],[103.4327,28.4595],[103.4202,28.5182],[103.4991,28.5584],[103.5271,28.6144],[103.625409,28.609532]]}},{"type":"Feature","properties":{"boundary_group":"china|sichuan","parent_geo_key":"china|sichuan","country_key":"china","left_geo_key":"china|sichuan|leshan","right_geo_key":"china|sichuan|yibin"},"geometry":{"type":"LineString","coordinates":[[103.625409,28.609532],[103.7259,28.6843],[103.6988,28.7497],[103.7475,28.767],[103.7719,28.8305],[103.8272,28.8492],[103.938116,28.771065],[103.97645,28.793878],[103.981906,28.79905],[103.9758,28.8354],[104.0798,28.9171],[104.0537,28.9693],[104.1193,28.9643],[104.167614,29.177363]]}},{"type":"Feature","properties":{"boundary_group":"china|sichuan","parent_geo_key":"china|sichuan","country_key":"china","left_geo_key":"china|sichuan|liangshanyizu","right_geo_key":"china|sichuan|yibin"},"geometry":{"type":"LineString","coordinates":[[103.784516,28.533079],[103.757457,28.524613],[103.7545,28.5262],[103.752219,28.522974],[103.7166,28.4726],[103.6825,28.5009],[103.712,28.5516],[103.6402,28.6088],[103.629802,28.609315],[103.625409,28.609532]]}},{"type":"Feature","properties":{"boundary_group":"china|sichuan","parent_geo_key":"china|sichuan","country_key":"china","left_geo_key":"china|sichuan|liangshanyizu","right_geo_key":"china|sichuan|yaan"},"geometry":{"type":"LineString","coordinates":[[103.0014,29.2899],[102.9374,29.3046],[102.8729,29.206],[102.7892,29.2607],[102.7677,29.1604],[102.6473,29.177],[102.6369,29.2116],[102.5896,29.1995],[102.5916,29.1621],[102.55,29.1566],[102.5525,29.1211],[102.5134,29.0997],[102.5231,29.0351],[102.4765,28.9928],[102.477166,28.983882],[102.4692,28.975],[102.462309,28.893685],[102.446076,28.872733],[102.387453,28.86485],[102.276517,28.896749],[102.255528,28.908339],[102.1872,29.0286],[102.163317,29.035661],[102.1618,29.0379]]}},{"type":"Feature","properties":{"boundary_group":"china|sichuan","parent_geo_key":"china|sichuan","country_key":"china","left_geo_key":"china|sichuan|liangshanyizu","right_geo_key":"china|sichuan|panzhihua"},"geometry":{"type":"MultiLineString","coordinates":[[[101.1665,27.1686],[101.3095,27.2007],[101.3956,27.1503],[101.4179,27.2192],[101.5092,27.232],[101.594396,27.339093],[101.60514,27.340856],[101.659,27.3161],[101.6475,27.2111],[101.7078,27.1314],[101.8141,27.1051],[101.8673,27.1323],[101.8859,27.261],[101.9433,27.1061],[101.9759,27.1245],[102.051,27.0848],[102.0907,27.153],[102.1583,27.186],[102.1769,27.1398],[102.238411,27.105627],[102.216,27.051],[102.216,26.927603],[102.2034,26.9177],[102.216,26.8176],[102.174697,26.810425],[102.1711,26.8098],[102.189175,26.755576],[102.182247,26.734245],[102.115,26.6364],[102.0668,26.6589],[102.0549,26.7336],[101.996,26.7025],[101.9823,26.6421],[102.0357,26.5978],[102.0479,26.4898],[102.0256,26.428],[101.9819,26.4607],[101.9339,26.4439],[101.905,26.1946],[101.8367,26.1606],[101.833566,26.089843]],[[101.9497,26.7113],[101.9325,26.6382],[101.9088,26.6756],[101.9497,26.7113]]]}},{"type":"Feature","properties":{"boundary_group":"china|sichuan","parent_geo_key":"china|sichuan","country_key":"china","left_geo_key":"china|sichuan|meishan","right_geo_key":"china|sichuan|yaan"},"geometry":{"type":"LineString","coordinates":[[103.3925,30.0971],[103.359436,30.093776],[103.284887,30.068504],[103.1957,29.9472],[103.0858,29.8992],[103.1676,29.7881],[103.1407,29.7614],[103.1498,29.6716],[103.0551,29.6768],[103.0137,29.7288],[102.9334,29.7155],[102.9223,29.5628],[102.8467,29.5007],[102.8921,29.4753],[102.897562,29.442859],[102.929126,29.406964],[102.935661,29.404667],[102.98728,29.386522]]}},{"type":"Feature","properties":{"boundary_group":"china|sichuan","parent_geo_key":"china|sichuan","country_key":"china","left_geo_key":"china|sichuan|meishan","right_geo_key":"china|sichuan|zigong"},"geometry":{"type":"LineString","coordinates":[[104.243104,29.624193],[104.2668,29.6361]]}},{"type":"Feature","properties":{"boundary_group":"china|sichuan","parent_geo_key":"china|sichuan","country_key":"china","left_geo_key":"china|sichuan|meishan","right_geo_key":"china|sichuan|neijiang"},"geometry":{"type":"LineString","coordinates":[[104.2668,29.6361],[104.3141,29.7136],[104.3468,29.7027],[104.3431,29.7288],[104.3933,29.7532],[104.436,29.7344],[104.490011,29.797857],[104.4989,29.8083],[104.491094,29.810259],[104.4989,29.8997],[104.467254,29.971598],[104.4767,29.9908],[104.465765,30.013355]]}},{"type":"Feature","properties":{"boundary_group":"china|sichuan","parent_geo_key":"china|sichuan","country_key":"china","left_geo_key":"china|sichuan|meishan","right_geo_key":"china|sichuan|ziyang"},"geometry":{"type":"LineString","coordinates":[[104.465765,30.013355],[104.4528,30.0401],[104.4811,30.0783],[104.446431,30.102857],[104.4464,30.1029],[104.446381,30.102893],[104.442321,30.105768]]}},{"type":"Feature","properties":{"boundary_group":"china|sichuan","parent_geo_key":"china|sichuan","country_key":"china","left_geo_key":"china|sichuan|mianyang","right_geo_key":"china|sichuan|suining"},"geometry":{"type":"LineString","coordinates":[[105.16526,30.713679],[105.238,30.7286],[105.2686,30.7545],[105.257,30.8279],[105.1759,30.9526],[105.1945,31.0981],[105.2914,31.105],[105.3771,31.1566],[105.4065,31.0757],[105.6005,30.9745],[105.61148,30.980108],[105.616435,30.982639]]}},{"type":"Feature","properties":{"boundary_group":"china|sichuan","parent_geo_key":"china|sichuan","country_key":"china","left_geo_key":"china|sichuan|mianyang","right_geo_key":"china|sichuan|nanchong"},"geometry":{"type":"LineString","coordinates":[[105.616435,30.982639],[105.7027,31.0267],[105.723,31.1122],[105.6684,31.1928],[105.6707,31.2512],[105.5918,31.294],[105.6396,31.397],[105.4964,31.4044],[105.496,31.4604],[105.4419,31.484],[105.4556,31.5296]]}},{"type":"Feature","properties":{"boundary_group":"china|sichuan","parent_geo_key":"china|sichuan","country_key":"china","left_geo_key":"china|sichuan|abazangzuqiangzu","right_geo_key":"china|sichuan|mianyang"},"geometry":{"type":"LineString","coordinates":[[104.257425,32.894678],[104.2459,32.8796],[104.226635,32.896943],[104.1106,33.0014],[104.0117,33.0445],[103.9781,33.0278],[103.9518,32.9164],[103.9932,32.8606],[103.9683,32.8401],[104.0031,32.8153],[104.1025,32.8467],[104.1816,32.6672],[104.1727,32.5331],[104.1367,32.4733],[104.0952,32.4695],[104.1317,32.5303],[104.047037,32.633489],[103.8857,32.6417],[103.8432,32.5875],[103.9049,32.5124],[103.8893,32.3652],[104.029952,32.270856],[104.1271,32.2269],[104.1768,32.3123],[104.2548,32.2178],[104.1875,32.2039],[104.1402,32.1372],[104.0976,32.1301],[103.9934,32.1201],[103.8489,32.1643],[103.7464,31.9602],[103.8593,31.92],[103.9181,31.9455],[103.9711,31.86],[104.1493,31.8113],[104.1706,31.7354],[104.0945,31.6978]]}},{"type":"Feature","properties":{"boundary_group":"china|sichuan","parent_geo_key":"china|sichuan","country_key":"china","left_geo_key":"china|sichuan|nanchong","right_geo_key":"china|sichuan|suining"},"geometry":{"type":"LineString","coordinates":[[105.616435,30.982639],[105.622934,30.974031],[105.6635,30.9203],[105.7244,30.9109],[105.7931,30.8019],[105.802,30.6412],[105.86824,30.556322],[105.844,30.4924],[105.8796,30.4995],[105.880827,30.468735],[105.8811,30.4619],[105.890158,30.466054],[105.921677,30.48051],[105.9367,30.4874],[105.933567,30.489642],[105.9135,30.504],[105.920628,30.510367],[105.926091,30.515247],[105.935194,30.515662],[105.9675,30.4805],[105.967956,30.480556]]}},{"type":"Feature","properties":{"boundary_group":"china|sichuan","parent_geo_key":"china|sichuan","country_key":"china","left_geo_key":"china|sichuan|neijiang","right_geo_key":"china|sichuan|ziyang"},"geometry":{"type":"LineString","coordinates":[[105.418496,29.700628],[105.3919,29.747],[105.4017,29.7977],[105.3578,29.8354],[105.2504,29.7964],[105.2127,29.8505],[105.104162,29.846147],[105.098,29.8459],[105.098059,29.849585],[105.0989,29.9023],[105.0189,29.9834],[104.9579,29.9985],[104.901,29.91],[104.7904,29.8509],[104.7435,29.9347],[104.7122,29.9334],[104.7243,29.9527],[104.6768,29.9654],[104.6733,29.94],[104.7071,29.9357],[104.6848,29.9055],[104.6505,29.959],[104.5693,29.9411],[104.569394,29.945179],[104.5705,29.993],[104.505369,30.03928],[104.498046,30.039394],[104.465765,30.013355]]}},{"type":"Feature","properties":{"boundary_group":"china|sichuan","parent_geo_key":"china|sichuan","country_key":"china","left_geo_key":"china|sichuan|neijiang","right_geo_key":"china|sichuan|zigong"},"geometry":{"type":"LineString","coordinates":[[104.2668,29.6361],[104.3366,29.5696],[104.3873,29.6221],[104.4802,29.6088],[104.5443,29.4545],[104.5052,29.4595],[104.5272,29.421],[104.645,29.4318],[104.7086,29.3639],[104.757,29.3918],[104.735,29.439],[104.7564,29.4604],[104.8341,29.4437],[104.8581,29.4724],[104.9588,29.4217],[105.0242,29.4421],[105.0379,29.4846],[105.0798,29.4209],[105.0318,29.3875],[105.0676,29.3389],[105.1307,29.2601],[105.263,29.1921]]}},{"type":"Feature","properties":{"boundary_group":"china|sichuan","parent_geo_key":"china|sichuan","country_key":"china","left_geo_key":"china|sichuan|suining","right_geo_key":"china|sichuan|ziyang"},"geometry":{"type":"LineString","coordinates":[[105.0679,30.5382],[105.0586,30.526],[105.0903,30.4509],[105.0708,30.4052],[105.1169,30.3488],[105.2272,30.2812],[105.3317,30.3126],[105.3784,30.2787],[105.4137,30.293],[105.519513,30.214871],[105.5454,30.2123],[105.542304,30.198043],[105.536454,30.171105]]}},{"type":"Feature","properties":{"boundary_group":"china|sichuan","parent_geo_key":"china|sichuan","country_key":"china","left_geo_key":"china|sichuan|abazangzuqiangzu","right_geo_key":"china|sichuan|yaan"},"geometry":{"type":"LineString","coordinates":[[102.9917,30.7803],[102.96155,30.777097],[102.9141,30.7603],[102.902782,30.770853],[102.8623,30.8086],[102.8925,30.9047],[102.824223,30.936435],[102.7152,30.9264],[102.6799,30.8581],[102.5817,30.852],[102.474653,30.772895],[102.468922,30.766564]]}},{"type":"Feature","properties":{"boundary_group":"china|sichuan","parent_geo_key":"china|sichuan","country_key":"china","left_geo_key":"china|sichuan|yibin","right_geo_key":"china|sichuan|zigong"},"geometry":{"type":"LineString","coordinates":[[105.148504,28.939936],[105.145279,28.939918],[105.1429,28.9454],[105.0721,28.9395],[104.9419,29.0243],[104.9389,29.0633],[104.8098,28.9924],[104.7166,28.9996],[104.702,29.0502],[104.7353,29.081],[104.6853,29.1117],[104.6769,29.2053],[104.6233,29.209],[104.543,29.1445],[104.4358,29.2388],[104.2529,29.2682],[104.252,29.2128],[104.1737,29.2042],[104.167614,29.177363]]}},{"type":"Feature","properties":{"boundary_group":"china|jilin","parent_geo_key":"china|jilin","country_key":"china","left_geo_key":"china|jilin|baicheng","right_geo_key":"china|jilin|songyuan"},"geometry":{"type":"LineString","coordinates":[[123.1422,44.5519],[123.2835,44.6339],[123.5175,44.7051],[123.4132,44.8536],[123.4883,44.9586],[123.5661,44.9613],[123.7139,45.0468],[123.912,45.2062],[124.0628,45.2339],[124.083692,45.319861],[124.213965,45.385487],[124.293464,45.421495],[124.389144,45.442406]]}},{"type":"Feature","properties":{"boundary_group":"china|jilin","parent_geo_key":"china|jilin","country_key":"china","left_geo_key":"china|jilin|baishan","right_geo_key":"china|jilin|jilin"},"geometry":{"type":"LineString","coordinates":[[127.8319,42.7863],[127.7129,42.8164],[127.6402,42.7133],[127.4831,42.6301],[127.4519,42.5589],[127.3455,42.5856],[127.3133,42.638],[127.1982,42.607],[127.2477,42.7082],[127.1944,42.7638],[127.1852,42.8404],[127.131717,42.800142],[127.1302,42.799],[127.122944,42.79917],[126.96324,42.802906],[126.925917,42.803779],[126.8155,42.772],[126.8067,42.7069],[126.7098,42.6109]]}},{"type":"Feature","properties":{"boundary_group":"china|jilin","parent_geo_key":"china|jilin","country_key":"china","left_geo_key":"china|jilin|baishan","right_geo_key":"china|jilin|tonghua"},"geometry":{"type":"LineString","coordinates":[[126.7098,42.6109],[126.6179,42.5756],[126.6234,42.4684],[126.5052,42.4087],[126.5344,42.3438],[126.5208,42.2524],[126.5702,42.2037],[126.4642,42.1743],[126.4461,42.1241],[126.3862,42.0935],[126.3913,42.0622],[126.1145,41.9505],[126.2334,41.8857],[126.2254,41.8398],[126.3155,41.7985],[126.2799,41.7368],[126.2957,41.6685],[126.418,41.6567],[126.3756,41.5646],[126.3946,41.5187],[126.4612,41.5004],[126.5694,41.5301]]}},{"type":"Feature","properties":{"boundary_group":"china|jilin","parent_geo_key":"china|jilin","country_key":"china","left_geo_key":"china|jilin|baishan","right_geo_key":"china|jilin|yanbianchaoxianzu"},"geometry":{"type":"LineString","coordinates":[[128.0564,42.0084],[127.932664,42.195819],[127.877821,42.257251],[127.842207,42.280709],[127.808354,42.303008],[127.8029,42.3066],[127.809472,42.31009],[127.833313,42.32275],[127.892478,42.354167],[128.0012,42.4119],[128.0374,42.4777],[127.98808,42.588765],[127.9532,42.6189],[127.9592,42.6538],[127.879,42.6736],[127.8414,42.7307],[127.8631,42.7504],[127.8284,42.7609],[127.8319,42.7863]]}},{"type":"Feature","properties":{"boundary_group":"china|jilin","parent_geo_key":"china|jilin","country_key":"china","left_geo_key":"china|jilin|jilin","right_geo_key":"china|jilin|yanbianchaoxianzu"},"geometry":{"type":"LineString","coordinates":[[127.8319,42.7863],[127.8467,42.8088],[127.8105,42.8365],[127.819,42.8664],[127.6689,42.9004],[127.4628,43.0288],[127.4951,43.0633],[127.475,43.1367],[127.5263,43.1439],[127.6512,43.2577],[127.6129,43.3319],[127.6895,43.3762],[127.692,43.4817],[127.9104,43.6556],[127.9123,43.7257],[127.851,43.7446],[127.8017,43.8272],[127.8567,43.8676],[127.7696,43.9344],[127.7824,44],[127.8589,44.0601]]}},{"type":"Feature","properties":{"boundary_group":"china|jilin","parent_geo_key":"china|jilin","country_key":"china","left_geo_key":"china|jilin|changchun","right_geo_key":"china|jilin|jilin"},"geometry":{"type":"LineString","coordinates":[[127.041859,44.583388],[126.8721,44.5105],[126.8506,44.5346],[126.7292,44.517],[126.6209,44.5734],[126.478331,44.54423],[126.4454,44.5528],[126.423421,44.532996],[126.418708,44.528749],[126.408,44.5191],[126.439,44.5013],[126.427732,44.422424],[126.4269,44.4166],[126.43841,44.415225],[126.470642,44.393494],[126.457614,44.366493],[126.453449,44.357863],[126.4498,44.3503],[126.4839,44.2914],[126.4576,44.2485],[126.4978,44.2239],[126.4642,44.1831],[126.2901,44.1889],[126.1568,44.1557],[125.9995,44.0245],[126.0361,43.8795],[125.9551,43.8468],[125.8171,43.8617],[125.7972,43.7882],[125.8827,43.6467],[125.8525,43.493],[126.0147,43.3591],[125.8881,43.3004],[125.79814,43.307512],[125.7945,43.3078],[125.774834,43.297165],[125.6918,43.2603]]}},{"type":"Feature","properties":{"boundary_group":"china|jilin","parent_geo_key":"china|jilin","country_key":"china","left_geo_key":"china|jilin|jilin","right_geo_key":"china|jilin|siping"},"geometry":{"type":"LineString","coordinates":[[125.6918,43.2603],[125.682817,43.247405],[125.6547,43.2322],[125.6391,43.2151],[125.649865,43.200103],[125.706,43.1219],[125.7834,43.096],[125.66825,43.059892],[125.6552,43.0558]]}},{"type":"Feature","properties":{"boundary_group":"china|jilin","parent_geo_key":"china|jilin","country_key":"china","left_geo_key":"china|jilin|jilin","right_geo_key":"china|jilin|liaoyuan"},"geometry":{"type":"LineString","coordinates":[[125.6552,43.0558],[125.7282,43.003]]}},{"type":"Feature","properties":{"boundary_group":"china|jilin","parent_geo_key":"china|jilin","country_key":"china","left_geo_key":"china|jilin|jilin","right_geo_key":"china|jilin|tonghua"},"geometry":{"type":"LineString","coordinates":[[125.7282,43.003],[125.785206,43.003985],[125.8576,42.9524],[125.8411,42.9212],[125.9035,42.901],[125.9275,42.8363],[126.0225,42.7871],[126.2306,42.7721],[126.3754,42.8141],[126.3773,42.7065],[126.421195,42.680147],[126.4321,42.6736],[126.5582,42.6685],[126.6432,42.7272],[126.7447,42.6699],[126.734,42.6629],[126.7098,42.6109]]}},{"type":"Feature","properties":{"boundary_group":"china|jilin","parent_geo_key":"china|jilin","country_key":"china","left_geo_key":"china|jilin|liaoyuan","right_geo_key":"china|jilin|tonghua"},"geometry":{"type":"LineString","coordinates":[[125.2568,42.3108],[125.25837,42.311439],[125.5563,42.4326],[125.5803,42.5064],[125.7175,42.6062],[125.6806,42.6046],[125.6528,42.6636],[125.6679,42.7131],[125.6383,42.7308],[125.8382,42.7637],[125.750577,42.832817],[125.7364,42.844],[125.747681,42.912652],[125.745977,42.95961],[125.739337,42.975818],[125.7282,43.003]]}},{"type":"Feature","properties":{"boundary_group":"china|jilin","parent_geo_key":"china|jilin","country_key":"china","left_geo_key":"china|jilin|liaoyuan","right_geo_key":"china|jilin|siping"},"geometry":{"type":"LineString","coordinates":[[125.6552,43.0558],[125.520168,43.091424],[125.4921,43.0974],[125.491992,43.098857],[125.4857,43.1837],[125.4166,43.2311],[125.3604,43.214],[125.3504,43.1587],[125.3966,43.1323],[125.3801,43.104],[125.2629,43.1557],[125.1925,43.2271],[125.0349,43.2185],[124.8854,43.1306]]}},{"type":"Feature","properties":{"boundary_group":"china|jilin","parent_geo_key":"china|jilin","country_key":"china","left_geo_key":"china|jilin|changchun","right_geo_key":"china|jilin|siping"},"geometry":{"type":"LineString","coordinates":[[125.6918,43.2603],[125.5904,43.3119],[125.565326,43.339132],[125.547383,43.358619],[125.5416,43.3649],[125.5717,43.4069],[125.4889,43.4194],[125.5075,43.4327],[125.4418,43.5276],[125.4421,43.6013],[125.3849,43.5799],[125.3552,43.5112],[125.3737,43.4711],[125.2525,43.4439],[125.24852,43.45179],[125.245085,43.458599],[125.2354,43.4778],[125.3025,43.6086],[125.2837,43.6474],[125.0437,43.5875],[124.9781,43.5146],[124.8913,43.4779],[124.9046,43.4286],[124.8644,43.3982],[124.9205,43.3138],[124.8353,43.2308],[124.8349,43.1591],[124.7738,43.209],[124.7956,43.2374],[124.7551,43.2771],[124.7508,43.3823],[124.6771,43.4939],[124.6877,43.5745],[124.657,43.6613],[124.5174,43.7528],[124.3556,43.7688],[124.2187,43.7564],[124.1838,43.7089],[124.0994,43.7009],[124.0324,43.7965],[124.0787,43.8607],[124.0094,44.0022]]}},{"type":"Feature","properties":{"boundary_group":"china|jilin","parent_geo_key":"china|jilin","country_key":"china","left_geo_key":"china|jilin|siping","right_geo_key":"china|jilin|songyuan"},"geometry":{"type":"LineString","coordinates":[[124.0094,44.0022],[123.8124,43.9841],[123.7562,44.0049],[123.6765,44.1081],[123.6296,44.0761],[123.333178,44.068964]]}},{"type":"Feature","properties":{"boundary_group":"china|jilin","parent_geo_key":"china|jilin","country_key":"china","left_geo_key":"china|jilin|changchun","right_geo_key":"china|jilin|songyuan"},"geometry":{"type":"LineString","coordinates":[[124.0094,44.0022],[124.3082,43.9913],[124.4193,44.0347],[124.4979,44.1096],[124.7256,44.1466],[124.7564,44.2199],[124.7109,44.1902],[124.6113,44.2097],[124.6188,44.3573],[124.544,44.417],[124.6373,44.4467],[124.5408,44.5181],[124.5682,44.5276],[124.5464,44.5675],[124.6283,44.6389],[124.7967,44.6616],[124.8235,44.6814],[124.801,44.7022],[125.0199,44.786],[125.1006,44.7631],[125.306,44.8134],[125.2253,44.843],[125.2398,44.8578],[125.5789,44.8889],[125.6678,44.9428],[125.7465,44.9088],[125.770296,44.875485],[125.835945,44.83237],[125.867,44.8342],[125.898001,44.791614],[125.930744,44.770111],[125.983244,44.772037],[126.0417,44.7922],[126.0545,44.9006],[126.1785,44.9068],[126.1388,44.9799],[126.17987,45.006861],[126.1845,45.0099],[126.171807,45.090957],[126.166976,45.121811],[126.145784,45.140225]]}},{"type":"Feature","properties":{"boundary_group":"china|hainan","parent_geo_key":"china|hainan","country_key":"china","left_geo_key":"china|hainan|baishalizu","right_geo_key":"china|hainan|danzhou"},"geometry":{"type":"LineString","coordinates":[[109.6821,19.1818],[109.5378,19.3128],[109.4641,19.3026],[109.5026,19.3628],[109.4776,19.4027],[109.386143,19.359452],[109.3799,19.3565],[109.3138,19.4003],[109.1839,19.3931],[109.1946,19.434],[109.1648,19.43],[109.131,19.4791],[109.048642,19.468592],[109.0428,19.4254],[109.037649,19.425515]]}},{"type":"Feature","properties":{"boundary_group":"china|hainan","parent_geo_key":"china|hainan","country_key":"china","left_geo_key":"china|hainan|baishalizu","right_geo_key":"china|hainan|changjianglizu"},"geometry":{"type":"LineString","coordinates":[[109.037649,19.425515],[109.0345,19.3456],[109.137,19.2801],[109.1123,19.2002],[109.1628,19.1528],[109.173,19.0849],[109.2751,19.0585],[109.2776,18.967],[109.293548,18.962988]]}},{"type":"Feature","properties":{"boundary_group":"china|hainan","parent_geo_key":"china|hainan","country_key":"china","left_geo_key":"china|hainan|baishalizu","right_geo_key":"china|hainan|ledonglizu"},"geometry":{"type":"LineString","coordinates":[[109.293548,18.962988],[109.363203,18.945465]]}},{"type":"Feature","properties":{"boundary_group":"china|hainan","parent_geo_key":"china|hainan","country_key":"china","left_geo_key":"china|hainan|baishalizu","right_geo_key":"china|hainan|wuzhishan"},"geometry":{"type":"LineString","coordinates":[[109.363203,18.945465],[109.373,18.943],[109.418928,18.976405],[109.5187,19.0318],[109.5271,19.0171],[109.527579,19.015353]]}},{"type":"Feature","properties":{"boundary_group":"china|hainan","parent_geo_key":"china|hainan","country_key":"china","left_geo_key":"china|hainan|baishalizu","right_geo_key":"china|hainan|qiongzhonglizuandmiaozu"},"geometry":{"type":"LineString","coordinates":[[109.527579,19.015353],[109.540541,19.064857],[109.5416,19.0689],[109.544991,19.068093],[109.6,19.055],[109.6067,19.0896],[109.6982,19.1359],[109.6843,19.165],[109.6821,19.1818]]}},{"type":"Feature","properties":{"boundary_group":"china|hainan","parent_geo_key":"china|hainan","country_key":"china","left_geo_key":"china|hainan|baotinglizumiaozu","right_geo_key":"china|hainan|qiongzhonglizuandmiaozu"},"geometry":{"type":"LineString","coordinates":[[109.7693,18.8104],[109.697388,18.829599]]}},{"type":"Feature","properties":{"boundary_group":"china|hainan","parent_geo_key":"china|hainan","country_key":"china","left_geo_key":"china|hainan|baotinglizumiaozu","right_geo_key":"china|hainan|wuzhishan"},"geometry":{"type":"LineString","coordinates":[[109.697388,18.829599],[109.6839,18.8332],[109.684927,18.825538],[109.691401,18.777222],[109.697309,18.733133],[109.6504,18.7266],[109.6153,18.6805],[109.5669,18.7174],[109.5269,18.6976],[109.5356,18.6616],[109.4032,18.6288]]}},{"type":"Feature","properties":{"boundary_group":"china|hainan","parent_geo_key":"china|hainan","country_key":"china","left_geo_key":"china|hainan|baotinglizumiaozu","right_geo_key":"china|hainan|ledonglizu"},"geometry":{"type":"LineString","coordinates":[[109.4032,18.6288],[109.3107,18.553]]}},{"type":"Feature","properties":{"boundary_group":"china|hainan","parent_geo_key":"china|hainan","country_key":"china","left_geo_key":"china|hainan|baotinglizumiaozu","right_geo_key":"china|hainan|sanya"},"geometry":{"type":"LineString","coordinates":[[109.3107,18.553],[109.4005,18.6248],[109.4225,18.5646],[109.5311,18.5334],[109.5123,18.4301],[109.541375,18.398229],[109.6591,18.3924],[109.7723,18.5259],[109.784258,18.505258]]}},{"type":"Feature","properties":{"boundary_group":"china|hainan","parent_geo_key":"china|hainan","country_key":"china","left_geo_key":"china|hainan|baotinglizumiaozu","right_geo_key":"china|hainan|lingshuilizu"},"geometry":{"type":"LineString","coordinates":[[109.784258,18.505258],[109.8236,18.512],[109.83107,18.527183],[109.8332,18.5272],[109.8481,18.5618],[109.809841,18.610848],[109.8361,18.6792],[109.767,18.7243],[109.7519,18.7917],[109.7693,18.8104]]}},{"type":"Feature","properties":{"boundary_group":"china|hainan","parent_geo_key":"china|hainan","country_key":"china","left_geo_key":"china|hainan|changjianglizu","right_geo_key":"china|hainan|danzhou"},"geometry":{"type":"LineString","coordinates":[[109.037649,19.425515],[108.9979,19.4264],[108.9396,19.4968],[108.94199,19.499842]]}},{"type":"Feature","properties":{"boundary_group":"china|hainan","parent_geo_key":"china|hainan","country_key":"china","left_geo_key":"china|hainan|changjianglizu","right_geo_key":"china|hainan|dongfang"},"geometry":{"type":"LineString","coordinates":[[108.6651,19.3085],[108.7149,19.2602],[108.8338,19.2604],[108.9552,19.2184],[109.0187,19.1082],[109.0132,19.0414],[109.0952,19.0298],[109.1061,18.9968],[109.099939,18.971364],[109.1067,18.888],[109.127677,18.890705]]}},{"type":"Feature","properties":{"boundary_group":"china|hainan","parent_geo_key":"china|hainan","country_key":"china","left_geo_key":"china|hainan|changjianglizu","right_geo_key":"china|hainan|ledonglizu"},"geometry":{"type":"LineString","coordinates":[[109.127677,18.890705],[109.1388,18.9059],[109.191474,18.898933],[109.229197,18.903798],[109.2937,18.9622],[109.293548,18.962988]]}},{"type":"Feature","properties":{"boundary_group":"china|hainan","parent_geo_key":"china|hainan","country_key":"china","left_geo_key":"china|hainan|chengmai","right_geo_key":"china|hainan|haikou"},"geometry":{"type":"LineString","coordinates":[[110.253118,19.689516],[110.2128,19.688],[110.19789,19.828475],[110.1826,19.8664],[110.1361,19.8647],[110.15467,19.977089],[110.149945,19.981008]]}},{"type":"Feature","properties":{"boundary_group":"china|hainan","parent_geo_key":"china|hainan","country_key":"china","left_geo_key":"china|hainan|chengmai","right_geo_key":"china|hainan|lingao"},"geometry":{"type":"LineString","coordinates":[[109.8647,19.9419],[109.883607,19.90853],[109.880033,19.899709],[109.8401,19.8953],[109.884857,19.799466],[109.888059,19.772673],[109.88113,19.750581],[109.8104,19.6228],[109.8265,19.605],[109.7834,19.6126],[109.769667,19.593513],[109.761146,19.58167]]}},{"type":"Feature","properties":{"boundary_group":"china|hainan","parent_geo_key":"china|hainan","country_key":"china","left_geo_key":"china|hainan|chengmai","right_geo_key":"china|hainan|danzhou"},"geometry":{"type":"LineString","coordinates":[[109.761146,19.58167],[109.7651,19.5804],[109.7214,19.4867],[109.7522,19.428],[109.733,19.4097]]}},{"type":"Feature","properties":{"boundary_group":"china|hainan","parent_geo_key":"china|hainan","country_key":"china","left_geo_key":"china|hainan|chengmai","right_geo_key":"china|hainan|qiongzhonglizuandmiaozu"},"geometry":{"type":"LineString","coordinates":[[109.733,19.4097],[109.7886,19.3755],[109.851,19.4148],[109.876707,19.384273]]}},{"type":"Feature","properties":{"boundary_group":"china|hainan","parent_geo_key":"china|hainan","country_key":"china","left_geo_key":"china|hainan|chengmai","right_geo_key":"china|hainan|tunchang"},"geometry":{"type":"LineString","coordinates":[[109.876707,19.384273],[109.8798,19.3806],[109.9381,19.4309],[109.9338,19.4895],[110.0165,19.487],[110.0459,19.4574],[110.0727,19.5009],[110.117,19.5054],[110.0972,19.551],[110.1306,19.5606],[110.130915,19.563097]]}},{"type":"Feature","properties":{"boundary_group":"china|hainan","parent_geo_key":"china|hainan","country_key":"china","left_geo_key":"china|hainan|chengmai","right_geo_key":"china|hainan|dingan"},"geometry":{"type":"LineString","coordinates":[[110.130915,19.563097],[110.1448,19.6733],[110.2087,19.6287],[110.2535,19.6711],[110.258,19.6897],[110.253118,19.689516]]}},{"type":"Feature","properties":{"boundary_group":"china|hainan","parent_geo_key":"china|hainan","country_key":"china","left_geo_key":"china|hainan|danzhou","right_geo_key":"china|hainan|qiongzhonglizuandmiaozu"},"geometry":{"type":"LineString","coordinates":[[109.6821,19.1818],[109.7099,19.3316],[109.6499,19.3521],[109.644046,19.399379],[109.671996,19.406776],[109.733,19.4097]]}},{"type":"Feature","properties":{"boundary_group":"china|hainan","parent_geo_key":"china|hainan","country_key":"china","left_geo_key":"china|hainan|danzhou","right_geo_key":"china|hainan|lingao"},"geometry":{"type":"LineString","coordinates":[[109.761146,19.58167],[109.74181,19.587882],[109.679717,19.607831],[109.5855,19.6381],[109.554,19.6992],[109.5954,19.7337],[109.591513,19.753253],[109.58749,19.773495],[109.5759,19.8318],[109.565739,19.847283]]}},{"type":"Feature","properties":{"boundary_group":"china|hainan","parent_geo_key":"china|hainan","country_key":"china","left_geo_key":"china|hainan|dingan","right_geo_key":"china|hainan|tunchang"},"geometry":{"type":"LineString","coordinates":[[110.130915,19.563097],[110.1875,19.5834],[110.1918,19.5377],[110.236673,19.499274],[110.2447,19.4924],[110.2256,19.4485],[110.174824,19.435612],[110.1534,19.3929],[110.1845,19.3084],[110.2292,19.296],[110.226626,19.229894],[110.2264,19.2241],[110.227623,19.219992]]}},{"type":"Feature","properties":{"boundary_group":"china|hainan","parent_geo_key":"china|hainan","country_key":"china","left_geo_key":"china|hainan|dingan","right_geo_key":"china|hainan|qionghai"},"geometry":{"type":"LineString","coordinates":[[110.227623,19.219992],[110.3418,19.2352],[110.3619,19.3009],[110.3262,19.3258],[110.3625,19.3861],[110.4378,19.4493],[110.5482,19.4743]]}},{"type":"Feature","properties":{"boundary_group":"china|hainan","parent_geo_key":"china|hainan","country_key":"china","left_geo_key":"china|hainan|dingan","right_geo_key":"china|hainan|wenchang"},"geometry":{"type":"LineString","coordinates":[[110.5482,19.4743],[110.531457,19.495672],[110.4761,19.5037],[110.473523,19.509137],[110.470805,19.51487],[110.4624,19.5326],[110.4996,19.5654],[110.513839,19.564661]]}},{"type":"Feature","properties":{"boundary_group":"china|hainan","parent_geo_key":"china|hainan","country_key":"china","left_geo_key":"china|hainan|dingan","right_geo_key":"china|hainan|haikou"},"geometry":{"type":"LineString","coordinates":[[110.513839,19.564661],[110.5152,19.5653],[110.457811,19.587968],[110.4177,19.5884],[110.3995,19.611],[110.386283,19.627412],[110.3693,19.6485],[110.3748,19.7295],[110.258,19.6962],[110.253118,19.689516]]}},{"type":"Feature","properties":{"boundary_group":"china|hainan","parent_geo_key":"china|hainan","country_key":"china","left_geo_key":"china|hainan|dongfang","right_geo_key":"china|hainan|ledonglizu"},"geometry":{"type":"LineString","coordinates":[[108.707796,18.723934],[108.7089,18.7359],[108.8104,18.7208],[108.9144,18.7977],[109.0716,18.8141],[109.114147,18.872223],[109.127677,18.890705]]}},{"type":"Feature","properties":{"boundary_group":"china|hainan","parent_geo_key":"china|hainan","country_key":"china","left_geo_key":"china|hainan|haikou","right_geo_key":"china|hainan|wenchang"},"geometry":{"type":"LineString","coordinates":[[110.513839,19.564661],[110.522783,19.564197],[110.542,19.5632],[110.563574,19.528773],[110.581623,19.53097],[110.630674,19.547003],[110.651,19.6531],[110.6094,19.7038],[110.6415,19.7079],[110.6196,19.7351],[110.6445,19.8],[110.7012,19.8088],[110.709,19.8474],[110.6711,19.8636],[110.632857,19.960398],[110.624756,19.971023]]}},{"type":"Feature","properties":{"boundary_group":"china|hainan","parent_geo_key":"china|hainan","country_key":"china","left_geo_key":"china|hainan|ledonglizu","right_geo_key":"china|hainan|sanya"},"geometry":{"type":"LineString","coordinates":[[108.975,18.3804],[109.0679,18.4539],[109.1832,18.4566],[109.201,18.556],[109.309,18.519],[109.3107,18.553]]}},{"type":"Feature","properties":{"boundary_group":"china|hainan","parent_geo_key":"china|hainan","country_key":"china","left_geo_key":"china|hainan|ledonglizu","right_geo_key":"china|hainan|wuzhishan"},"geometry":{"type":"LineString","coordinates":[[109.4032,18.6288],[109.352,18.7133],[109.37,18.8553],[109.3195,18.9212],[109.363203,18.945465]]}},{"type":"Feature","properties":{"boundary_group":"china|hainan","parent_geo_key":"china|hainan","country_key":"china","left_geo_key":"china|hainan|lingshuilizu","right_geo_key":"china|hainan|sanya"},"geometry":{"type":"LineString","coordinates":[[109.784258,18.505258],[109.8081,18.4641],[109.7865,18.4065],[109.78355,18.400314]]}},{"type":"Feature","properties":{"boundary_group":"china|hainan","parent_geo_key":"china|hainan","country_key":"china","left_geo_key":"china|hainan|lingshuilizu","right_geo_key":"china|hainan|wanning"},"geometry":{"type":"LineString","coordinates":[[110.176,18.5881],[110.034192,18.644986],[110.0192,18.651],[110.013451,18.705611],[110.0104,18.7346]]}},{"type":"Feature","properties":{"boundary_group":"china|hainan","parent_geo_key":"china|hainan","country_key":"china","left_geo_key":"china|hainan|lingshuilizu","right_geo_key":"china|hainan|qiongzhonglizuandmiaozu"},"geometry":{"type":"LineString","coordinates":[[110.0104,18.7346],[109.9472,18.7743],[109.8268,18.7297],[109.7693,18.8104]]}},{"type":"Feature","properties":{"boundary_group":"china|hainan","parent_geo_key":"china|hainan","country_key":"china","left_geo_key":"china|hainan|qionghai","right_geo_key":"china|hainan|tunchang"},"geometry":{"type":"LineString","coordinates":[[110.227623,19.219992],[110.1421,19.2086],[110.1154,19.1326]]}},{"type":"Feature","properties":{"boundary_group":"china|hainan","parent_geo_key":"china|hainan","country_key":"china","left_geo_key":"china|hainan|qionghai","right_geo_key":"china|hainan|qiongzhonglizuandmiaozu"},"geometry":{"type":"LineString","coordinates":[[110.1154,19.1326],[110.1169,19.0597],[110.1513,19.0252],[110.151223,19.007066],[110.1542,19.0025],[110.155172,19.002372]]}},{"type":"Feature","properties":{"boundary_group":"china|hainan","parent_geo_key":"china|hainan","country_key":"china","left_geo_key":"china|hainan|qionghai","right_geo_key":"china|hainan|wanning"},"geometry":{"type":"LineString","coordinates":[[110.155172,19.002372],[110.1617,19.0098],[110.286,18.9852],[110.451,19.0642],[110.4594,19.0961],[110.5716,19.0908]]}},{"type":"Feature","properties":{"boundary_group":"china|hainan","parent_geo_key":"china|hainan","country_key":"china","left_geo_key":"china|hainan|qionghai","right_geo_key":"china|hainan|wenchang"},"geometry":{"type":"LineString","coordinates":[[110.6717,19.3969],[110.5857,19.359],[110.5523,19.4552],[110.5482,19.4743]]}},{"type":"Feature","properties":{"boundary_group":"china|hainan","parent_geo_key":"china|hainan","country_key":"china","left_geo_key":"china|hainan|qiongzhonglizuandmiaozu","right_geo_key":"china|hainan|wuzhishan"},"geometry":{"type":"LineString","coordinates":[[109.527579,19.015353],[109.5239,19.0013],[109.535093,18.98797],[109.5993,18.9115],[109.726,18.9154],[109.6941,18.8884],[109.7112,18.8341],[109.697388,18.829599]]}},{"type":"Feature","properties":{"boundary_group":"china|hainan","parent_geo_key":"china|hainan","country_key":"china","left_geo_key":"china|hainan|qiongzhonglizuandmiaozu","right_geo_key":"china|hainan|wanning"},"geometry":{"type":"LineString","coordinates":[[110.0104,18.7346],[110.0954,18.8099],[110.0463,18.8785],[110.1511,18.9782],[110.151184,18.997835],[110.155172,19.002372]]}},{"type":"Feature","properties":{"boundary_group":"china|hainan","parent_geo_key":"china|hainan","country_key":"china","left_geo_key":"china|hainan|qiongzhonglizuandmiaozu","right_geo_key":"china|hainan|tunchang"},"geometry":{"type":"LineString","coordinates":[[110.1154,19.1326],[110.0537,19.1338],[109.8166,19.2917],[109.846749,19.36152],[109.876707,19.384273]]}},{"type":"Feature","properties":{"boundary_group":"china|gansu","parent_geo_key":"china|gansu","country_key":"china","left_geo_key":"china|gansu|baiyin","right_geo_key":"china|gansu|wuwei"},"geometry":{"type":"LineString","coordinates":[[103.839654,37.631737],[103.7573,37.54],[103.7674,37.4332],[103.7285,37.3928],[103.7743,37.328],[103.7197,37.2591],[103.7443,37.2429],[103.687459,37.227398],[103.65,37.1346],[103.618,37.1247],[103.6331,37.0804],[103.5558,37.0259],[103.572415,36.992834],[103.576,36.9857],[103.565575,36.982033],[103.560374,36.97382]]}},{"type":"Feature","properties":{"boundary_group":"china|gansu","parent_geo_key":"china|gansu","country_key":"china","left_geo_key":"china|gansu|baiyin","right_geo_key":"china|gansu|lanzhou"},"geometry":{"type":"LineString","coordinates":[[103.560374,36.97382],[103.5451,36.9497],[103.6207,36.869],[103.602,36.8475],[103.696994,36.791771],[103.7099,36.7842],[103.7931,36.7925],[103.7633,36.8516],[103.8234,36.7984],[103.9009,36.8038],[103.8943,36.7705],[103.9396,36.7475],[103.8964,36.7166],[103.9029,36.6624],[103.9717,36.5845],[104.0397,36.573],[104.0139,36.4955],[104.1257,36.3358],[104.1275,36.2509],[104.1837,36.3433],[104.4264,36.3864],[104.5022,36.4319],[104.4996,36.3138],[104.5396,36.2515],[104.5096,36.202],[104.5288,36.168],[104.5749,36.1683],[104.562435,36.109971],[104.559,36.0939],[104.498773,36.023587]]}},{"type":"Feature","properties":{"boundary_group":"china|gansu","parent_geo_key":"china|gansu","country_key":"china","left_geo_key":"china|gansu|baiyin","right_geo_key":"china|gansu|dingxi"},"geometry":{"type":"LineString","coordinates":[[104.498773,36.023587],[104.4963,36.0207],[104.665814,36.033115],[104.669911,36.028119],[104.6366,36.0036],[104.7667,35.918],[104.7621,35.8917],[104.8575,35.8528],[104.8895,35.759],[104.978331,35.702939],[104.982197,35.674492],[104.960022,35.587355],[104.9338,35.5457],[104.9369,35.4965],[105.0191,35.4454],[105.0698,35.4518],[105.0959,35.4125],[105.251254,35.482678],[105.3443,35.4879]]}},{"type":"Feature","properties":{"boundary_group":"china|gansu","parent_geo_key":"china|gansu","country_key":"china","left_geo_key":"china|gansu|baiyin","right_geo_key":"china|gansu|pingliang"},"geometry":{"type":"LineString","coordinates":[[105.3443,35.4879],[105.4142,35.4925],[105.4099,35.5347],[105.4714,35.5488],[105.4738,35.6015],[105.505,35.6199],[105.461189,35.680016],[105.458821,35.709488],[105.473844,35.723671]]}},{"type":"Feature","properties":{"boundary_group":"china|gansu","parent_geo_key":"china|gansu","country_key":"china","left_geo_key":"china|gansu|dingxi","right_geo_key":"china|gansu|lanzhou"},"geometry":{"type":"LineString","coordinates":[[104.498773,36.023587],[104.4826,36.0218],[104.4374,35.9763],[104.4447,35.8743],[104.3148,35.7056],[104.3293,35.6601],[104.281,35.5723],[104.1968,35.5955],[104.1754,35.6492],[104.1295,35.6205],[104.0175,35.7154],[103.8464,35.7859],[103.8335,35.8417],[103.7811,35.849],[103.7802,35.8889],[103.7137,35.9231],[103.6212,35.9387]]}},{"type":"Feature","properties":{"boundary_group":"china|gansu","parent_geo_key":"china|gansu","country_key":"china","left_geo_key":"china|gansu|dingxi","right_geo_key":"china|gansu|linxiahuizu"},"geometry":{"type":"LineString","coordinates":[[103.6212,35.9387],[103.6065,35.9299],[103.568105,35.911655],[103.5163,35.9463],[103.4749,35.9196],[103.474661,35.916672],[103.4713,35.8755],[103.7742,35.6135],[103.8572,35.4992],[103.6878,35.2199],[103.691358,35.208591],[103.701653,35.175872],[103.7181,35.1236],[103.7435,35.1201],[103.7406,35.0451],[103.849781,34.984775]]}},{"type":"Feature","properties":{"boundary_group":"china|gansu","parent_geo_key":"china|gansu","country_key":"china","left_geo_key":"china|gansu|dingxi","right_geo_key":"china|gansu|gannanzangzu"},"geometry":{"type":"LineString","coordinates":[[103.849781,34.984775],[103.8608,34.9885],[103.9386,34.9357],[104.0224,34.9322],[104.0216,34.8775],[103.9628,34.8426],[104.022,34.7775],[104.0121,34.7396],[103.8806,34.7493],[103.8322,34.7208],[103.8597,34.6883],[103.8249,34.6034],[103.8459,34.5831],[103.813,34.5402],[103.767,34.5401],[103.8082,34.4867],[103.8094,34.4254],[103.6993,34.3259],[103.699798,34.288202],[103.8755,34.272],[104.031,34.126]]}},{"type":"Feature","properties":{"boundary_group":"china|gansu","parent_geo_key":"china|gansu","country_key":"china","left_geo_key":"china|gansu|dingxi","right_geo_key":"china|gansu|longnan"},"geometry":{"type":"LineString","coordinates":[[104.031,34.126],[104.073,34.1952],[104.156897,34.208913],[104.159707,34.212627],[104.123768,34.2907],[104.1074,34.3165],[104.110573,34.319366],[104.12406,34.331548],[104.1477,34.3529],[104.2029,34.376],[104.2711,34.3475],[104.320902,34.376697],[104.3279,34.3808],[104.332326,34.374492],[104.3594,34.3359],[104.4152,34.3339],[104.4538,34.2268],[104.546925,34.207071],[104.6917,34.2538],[104.756989,34.239383],[104.785097,34.247641],[104.8649,34.3091],[104.8403,34.3775],[104.9745,34.3829],[104.9859,34.4266]]}},{"type":"Feature","properties":{"boundary_group":"china|gansu","parent_geo_key":"china|gansu","country_key":"china","left_geo_key":"china|gansu|dingxi","right_geo_key":"china|gansu|tianshui"},"geometry":{"type":"LineString","coordinates":[[104.9859,34.4266],[104.7876,34.4295],[104.792,34.4871],[104.7422,34.4793],[104.7413,34.5544],[104.6994,34.5414],[104.6679,34.5778],[104.6969,34.6696],[104.5914,34.655],[104.595323,34.819413],[104.610045,34.853097],[104.630083,34.872364],[104.8884,34.8602],[104.9069,34.9437],[104.9683,34.9539],[105.0263,34.9223],[105.0739,34.9558],[105.0595,34.9831],[105.176,34.9701],[105.2132,34.9328],[105.2611,34.9825],[105.241,35.0146],[105.3893,35.0642],[105.4466,35.134],[105.5263,35.0578],[105.5546,35.1676],[105.6399,35.1408]]}},{"type":"Feature","properties":{"boundary_group":"china|gansu","parent_geo_key":"china|gansu","country_key":"china","left_geo_key":"china|gansu|dingxi","right_geo_key":"china|gansu|pingliang"},"geometry":{"type":"LineString","coordinates":[[105.6399,35.1408],[105.631345,35.164515],[105.6105,35.2223],[105.5761,35.2057],[105.5485,35.2339],[105.5337,35.3394],[105.4858,35.3898],[105.4748,35.3468],[105.4384,35.3554],[105.3443,35.4879]]}},{"type":"Feature","properties":{"boundary_group":"china|gansu","parent_geo_key":"china|gansu","country_key":"china","left_geo_key":"china|gansu|gannanzangzu","right_geo_key":"china|gansu|linxiahuizu"},"geometry":{"type":"LineString","coordinates":[[103.849781,34.984775],[103.8327,34.979],[103.832566,34.966522],[103.832,34.9136],[103.6771,34.9104],[103.6652,34.9346],[103.7305,34.9792],[103.7272,35.0049],[103.7262,35.0094],[103.6187,35.0972],[103.549307,35.128093],[103.524471,35.139149],[103.4983,35.1508],[103.492946,35.140049],[103.3581,35.1439],[103.2599,35.2376],[103.146,35.2278],[102.9957,35.2882],[102.9702,35.2516],[102.9498,35.4042],[102.9112,35.4299],[102.8614,35.4137],[102.8198,35.4643],[102.7489,35.4838],[102.7423,35.4941]]}},{"type":"Feature","properties":{"boundary_group":"china|gansu","parent_geo_key":"china|gansu","country_key":"china","left_geo_key":"china|gansu|gannanzangzu","right_geo_key":"china|gansu|longnan"},"geometry":{"type":"LineString","coordinates":[[104.423454,33.32868],[104.498,33.3431],[104.5397,33.2289],[104.5773,33.2199],[104.6409,33.2376],[104.6623,33.3032],[104.7564,33.309],[104.747602,33.31717],[104.7088,33.3532],[104.7281,33.4101],[104.6965,33.4592],[104.581,33.5182],[104.5798,33.5771],[104.5181,33.6137],[104.5477,33.6417],[104.501,33.6463],[104.4829,33.6935],[104.5378,33.7614],[104.4541,33.7775],[104.4068,33.8474],[104.3368,33.8547],[104.0257,34.0655],[104.031,34.126]]}},{"type":"Feature","properties":{"boundary_group":"china|gansu","parent_geo_key":"china|gansu","country_key":"china","left_geo_key":"china|gansu|jiayuguan","right_geo_key":"china|gansu|zhangye"},"geometry":{"type":"LineString","coordinates":[[97.861097,39.707246],[97.861927,39.706894],[97.8798,39.7086],[97.9682,39.6619],[98.2202,39.7265],[98.3689,39.6531]]}},{"type":"Feature","properties":{"boundary_group":"china|gansu","parent_geo_key":"china|gansu","country_key":"china","left_geo_key":"china|gansu|jiayuguan","right_geo_key":"china|gansu|jiuquan"},"geometry":{"type":"LineString","coordinates":[[98.3689,39.6531],[98.4133,39.7089],[98.3551,39.7793],[98.49,39.8389],[98.5186,39.8926],[98.4742,39.9687],[98.3272,39.9551],[98.0608,39.9993],[98.0673,39.9541],[98.0236,39.9456],[97.983,39.8821],[98.0316,39.8277],[97.861097,39.707246]]}},{"type":"Feature","properties":{"boundary_group":"china|gansu","parent_geo_key":"china|gansu","country_key":"china","left_geo_key":"china|gansu|jinchang","right_geo_key":"china|gansu|zhangye"},"geometry":{"type":"LineString","coordinates":[[101.6037,38.6481],[101.598,38.6484],[101.567,38.5784],[101.5184,38.5554],[101.5494,38.4947],[101.4993,38.4849],[101.5145,38.4376],[101.467,38.3931],[101.454581,38.390768],[101.437985,38.387651],[101.36015,38.373034],[101.3414,38.337455],[101.341854,38.330924],[101.357764,38.31991],[101.3897,38.3193],[101.39506,38.294092],[101.4836,38.2328],[101.4137,38.1589],[101.384,38.0707],[101.439,38.0396],[101.6269,38.0618],[101.6476,38.0881],[101.814,38.0632],[101.8524,38.0981],[101.87529,38.097079],[101.943143,38.094051],[101.9779,38.0925],[101.978615,38.091755],[102.0432,38.0244],[102.0828,38.0286],[102.0924,38.0339]]}},{"type":"Feature","properties":{"boundary_group":"china|gansu","parent_geo_key":"china|gansu","country_key":"china","left_geo_key":"china|gansu|jinchang","right_geo_key":"china|gansu|wuwei"},"geometry":{"type":"LineString","coordinates":[[102.0924,38.0339],[102.2106,38.0604],[102.2304,38.1106],[102.2754,38.1285],[102.3645,38.1455],[102.4448,38.1152],[102.5327,38.185],[102.6775,38.158],[102.673,38.1884],[102.7104,38.1847],[102.7274,38.2322],[102.6874,38.2822],[102.7002,38.4122],[102.5713,38.417],[102.6139,38.4708],[102.5339,38.5003],[102.3927,38.6687],[102.4405,38.8019],[102.4159,38.8924],[101.9671,38.9941],[102.0715,38.8905]]}},{"type":"Feature","properties":{"boundary_group":"china|gansu","parent_geo_key":"china|gansu","country_key":"china","left_geo_key":"china|gansu|jiuquan","right_geo_key":"china|gansu|zhangye"},"geometry":{"type":"MultiLineString","coordinates":[[[97.4316,39.1255],[97.394,39.3113],[97.4763,39.3723],[97.5086,39.5271],[97.6182,39.6304],[97.6574,39.6317],[97.6933,39.6908],[97.8289,39.6845],[97.860392,39.706748],[97.861097,39.707246]],[[98.3689,39.6531],[98.3284,39.5684],[98.3982,39.5364],[98.4299,39.5778],[98.5492,39.5089],[98.5108,39.4729],[98.5708,39.4784],[98.8657,39.3233],[98.9749,39.3301],[99.0623,39.2572],[99.1408,39.25],[99.1386,39.207],[99.1799,39.1805],[99.2106,39.2157],[99.196,39.2845],[99.2875,39.291],[99.3032,39.3489],[99.2369,39.4594],[99.0945,39.5206],[99.0547,39.5897],[99.0717,39.6157],[98.9767,39.6187],[98.9379,39.5767],[98.8152,39.591],[98.8099,39.6617],[98.9546,39.6624],[98.961,39.7917],[99.0266,39.855],[99.1035,39.841],[99.1409,39.7956],[99.1947,39.8048],[99.2282,39.8511],[99.2468,39.8331],[99.297101,39.847179],[99.360715,39.864986],[99.4165,39.8806],[99.418117,39.880811],[99.441,39.8838]]]}},{"type":"Feature","properties":{"boundary_group":"china|gansu","parent_geo_key":"china|gansu","country_key":"china","left_geo_key":"china|gansu|lanzhou","right_geo_key":"china|gansu|wuwei"},"geometry":{"type":"MultiLineString","coordinates":[[[103.560374,36.97382],[103.544552,36.974637],[103.5092,36.9622],[103.469742,36.978498],[103.3147,36.9865],[103.3078,36.9488],[103.3463,36.9577],[103.3661,36.9073],[103.460795,36.935061],[103.4773,36.9399],[103.539,36.8782],[103.5163,36.8498],[103.492299,36.86112],[103.396,36.8259],[103.3341,36.9168],[103.2473,36.9147],[103.2562,36.9586],[103.188121,36.932041],[103.1793,36.9286],[103.177877,36.934133],[103.103504,36.949317],[103.029276,36.949019],[102.9033,36.9261],[102.9,36.8671],[102.8616,36.8381],[102.8133,36.8446],[102.8442,36.809],[102.8297,36.7619],[102.718241,36.767898]],[[102.718213,36.76789],[102.7372,36.7535],[102.737445,36.739778],[102.7387,36.6694],[102.7711,36.6639],[102.7989,36.5851],[102.7876,36.5037],[102.777894,36.511362]]]}},{"type":"Feature","properties":{"boundary_group":"china|gansu","parent_geo_key":"china|gansu","country_key":"china","left_geo_key":"china|gansu|lanzhou","right_geo_key":"china|gansu|linxiahuizu"},"geometry":{"type":"LineString","coordinates":[[103.0689,36.2071],[103.1055,36.2219],[103.1634,36.1762],[103.4056,36.1265],[103.4167,36.0722],[103.4628,36.1104],[103.54653,36.096116],[103.631,36.0156],[103.6212,35.9387]]}},{"type":"Feature","properties":{"boundary_group":"china|gansu","parent_geo_key":"china|gansu","country_key":"china","left_geo_key":"china|gansu|longnan","right_geo_key":"china|gansu|tianshui"},"geometry":{"type":"LineString","coordinates":[[106.4839,34.252],[106.4658,34.1459],[106.3616,34.1004],[106.3305,34.1082],[106.3364,34.1965],[106.2971,34.2323],[106.2218,34.1182],[106.111,34.1134],[106.035,34.1612],[105.9003,34.1218],[105.8306,34.155],[105.7814,34.123],[105.7326,34.1772],[105.6606,34.1442],[105.637,34.0825],[105.6003,34.1071],[105.5778,34.0845],[105.5528,34.0998],[105.5572,34.2249],[105.524,34.2822],[105.5456,34.3212],[105.5152,34.3099],[105.4176,34.42],[105.2635,34.4489],[105.2399,34.5299],[105.1421,34.5264],[105.1064,34.463],[104.997345,34.430057],[104.9859,34.4266]]}},{"type":"Feature","properties":{"boundary_group":"china|gansu","parent_geo_key":"china|gansu","country_key":"china","left_geo_key":"china|gansu|pingliang","right_geo_key":"china|gansu|tianshui"},"geometry":{"type":"LineString","coordinates":[[105.6399,35.1408],[105.6329,35.1314],[105.636402,35.127927],[105.7438,35.0214],[105.7817,35.0294],[105.7809,35.0751],[105.9302,35.0593],[105.9276,35.0985],[105.9709,35.117],[106.0219,35.0922],[106.1803,35.166],[106.2706,35.1729],[106.3138,35.1171],[106.3719,35.1368],[106.3993,35.0366],[106.4914,35.0176],[106.489985,35.000412]]}},{"type":"Feature","properties":{"boundary_group":"china|gansu","parent_geo_key":"china|gansu","country_key":"china","left_geo_key":"china|gansu|pingliang","right_geo_key":"china|gansu|qingyang"},"geometry":{"type":"LineString","coordinates":[[107.7416,35.3113],[107.6938,35.3787],[107.6976,35.4249],[107.6304,35.4326],[107.5903,35.4878],[107.5636,35.4625],[107.5263,35.5032],[107.492,35.4558],[107.4136,35.5021],[107.3251,35.4866],[107.296,35.5172],[107.2499,35.498],[107.1857,35.5197],[107.1761,35.4763],[107.118,35.4937],[107.0942,35.4642],[106.784271,35.673372],[106.7482,35.6886]]}},{"type":"Feature","properties":{"boundary_group":"china|gansu","parent_geo_key":"china|gansu","country_key":"china","left_geo_key":"china|gansu|wuwei","right_geo_key":"china|gansu|zhangye"},"geometry":{"type":"LineString","coordinates":[[102.0924,38.0339],[102.102386,38.024779],[102.1057,38.0248],[102.1698,37.9632],[102.1533,37.8742],[102.204,37.8576],[102.0903,37.7381],[102.0348,37.6247]]}},{"type":"Feature","properties":{"boundary_group":"china|guangxi","parent_geo_key":"china|guangxi","country_key":"china","left_geo_key":"china|guangxi|baise","right_geo_key":"china|guangxi|nanning"},"geometry":{"type":"LineString","coordinates":[[107.3796,23.2478],[107.4677,23.2551],[107.471,23.2265],[107.5595,23.207],[107.5874,23.2939],[107.6958,23.2829],[107.77,23.3525],[107.826,23.3376],[107.8816,23.4286],[107.7421,23.4454],[107.715,23.5476],[107.7116,23.5578]]}},{"type":"Feature","properties":{"boundary_group":"china|guangxi","parent_geo_key":"china|guangxi","country_key":"china","left_geo_key":"china|guangxi|baise","right_geo_key":"china|guangxi|hechi"},"geometry":{"type":"LineString","coordinates":[[107.7116,23.5578],[107.7177,23.6406],[107.8182,23.6773],[107.8091,23.7555],[107.7505,23.7601],[107.7392,23.8027],[107.584,23.7937],[107.5284,23.854],[107.5334,23.8918],[107.4281,23.8369],[107.3698,23.9238],[107.3044,23.9208],[107.281,23.9932],[107.1921,23.9735],[107.1312,24.0088],[107.1197,24.0526],[107.0592,24.0601],[107.0134,24.0269],[106.9404,24.0883],[106.9552,24.1122],[106.8902,24.1149],[106.8561,24.1832],[106.9227,24.2573],[106.8798,24.3195],[106.8932,24.3907],[106.7975,24.4594],[106.8178,24.4862],[106.7672,24.514],[106.7629,24.6121],[106.6826,24.6038],[106.7152,24.6495],[106.7988,24.6599],[106.8123,24.6885],[106.6583,24.7978],[106.7234,24.8158],[106.7785,24.7888],[106.833347,24.849301],[106.8473,24.8503],[106.841063,24.857813],[106.7182,25.0058],[106.7609,25.035],[106.7406,25.1016],[106.6009,25.0497],[106.557163,25.086228]]}},{"type":"Feature","properties":{"boundary_group":"china|guangxi","parent_geo_key":"china|guangxi","country_key":"china","left_geo_key":"china|guangxi|baise","right_geo_key":"china|guangxi|chongzuo"},"geometry":{"type":"LineString","coordinates":[[106.669243,22.890323],[106.7994,23.0317],[106.8119,23.0765],[106.7627,23.0831],[106.7727,23.1829],[106.8992,23.2231],[106.9442,23.3051],[107.002,23.315],[107.0734,23.2759],[107.2938,23.3551],[107.3529,23.3204],[107.3796,23.2478]]}},{"type":"Feature","properties":{"boundary_group":"china|guangxi","parent_geo_key":"china|guangxi","country_key":"china","left_geo_key":"china|guangxi|beihai","right_geo_key":"china|guangxi|qinzhou"},"geometry":{"type":"LineString","coordinates":[[109.6038,21.9121],[109.5196,21.8753],[109.4231,21.9211],[109.3066,21.8863],[109.2638,21.9143],[109.2585,21.8691],[109.1855,21.8438],[109.1022,21.882],[108.9556,21.8262],[108.944925,21.783837],[108.9398,21.7635],[108.886241,21.754405]]}},{"type":"Feature","properties":{"boundary_group":"china|guangxi","parent_geo_key":"china|guangxi","country_key":"china","left_geo_key":"china|guangxi|beihai","right_geo_key":"china|guangxi|yulin"},"geometry":{"type":"LineString","coordinates":[[109.7704,21.6756],[109.7007,21.665],[109.7012,21.8791],[109.699187,21.879897],[109.65346,21.897998],[109.6166,21.8987],[109.6038,21.9121]]}},{"type":"Feature","properties":{"boundary_group":"china|guangxi","parent_geo_key":"china|guangxi","country_key":"china","left_geo_key":"china|guangxi|chongzuo","right_geo_key":"china|guangxi|fangchenggang"},"geometry":{"type":"LineString","coordinates":[[107.5557,21.7277],[107.5677,21.8459],[107.554504,21.865062],[107.554106,21.910709],[107.6649,22.0698],[107.6243,22.1907],[107.9083,22.2148],[107.9778,22.3216],[108.106137,22.387786]]}},{"type":"Feature","properties":{"boundary_group":"china|guangxi","parent_geo_key":"china|guangxi","country_key":"china","left_geo_key":"china|guangxi|chongzuo","right_geo_key":"china|guangxi|nanning"},"geometry":{"type":"LineString","coordinates":[[108.106137,22.387786],[108.0834,22.4611],[107.9819,22.5033],[108.0121,22.5451],[108.0009,22.61],[108.0807,22.6247],[108.1017,22.6598],[108.0826,22.7045],[108.0445,22.6588],[107.9957,22.69],[108.018135,22.777699],[107.973,22.7919],[107.9609,22.8465],[107.7861,22.8855],[107.7083,22.954],[107.6299,22.9386],[107.6988,22.8782],[107.6752,22.8592],[107.6089,22.9068],[107.5032,22.8466],[107.4727,23.0352],[107.3323,23.0514],[107.3877,23.0982],[107.3246,23.1346],[107.3796,23.2478]]}},{"type":"Feature","properties":{"boundary_group":"china|guangxi","parent_geo_key":"china|guangxi","country_key":"china","left_geo_key":"china|guangxi|fangchenggang","right_geo_key":"china|guangxi|qinzhou"},"geometry":{"type":"MultiLineString","coordinates":[[[108.507042,21.725506],[108.5064,21.7252],[108.505399,21.731977]],[[108.47604,21.84767],[108.440657,21.902703],[108.407682,21.920165],[108.2905,21.9054],[108.1971,21.9881],[108.2197,22.0559],[108.1926,22.0725],[108.2122,22.1134],[108.1888,22.1659],[108.268694,22.220839]]]}},{"type":"Feature","properties":{"boundary_group":"china|guangxi","parent_geo_key":"china|guangxi","country_key":"china","left_geo_key":"china|guangxi|fangchenggang","right_geo_key":"china|guangxi|nanning"},"geometry":{"type":"LineString","coordinates":[[108.268694,22.220839],[108.2175,22.2947],[108.1856,22.2767],[108.160099,22.293187],[108.131842,22.311456],[108.1293,22.3131],[108.128297,22.316336],[108.106137,22.387786]]}},{"type":"Feature","properties":{"boundary_group":"china|guangxi","parent_geo_key":"china|guangxi","country_key":"china","left_geo_key":"china|guangxi|guigang","right_geo_key":"china|guangxi|yulin"},"geometry":{"type":"LineString","coordinates":[[109.660476,22.644137],[109.757787,22.731144],[109.775959,22.747392],[109.7522,22.8465],[109.800466,22.859163],[109.8574,22.8741],[109.8005,22.9786],[109.917538,23.020709],[109.9353,23.0271],[109.953502,23.015357],[110.0576,22.9482],[110.0789,22.9712],[110.1175,22.8902],[110.1752,22.9073],[110.180134,22.905093],[110.198766,22.896757],[110.2579,22.8703],[110.2509,22.9341],[110.3175,23.032674],[110.3313,23.0531],[110.4829,23.0668],[110.5457,23.129]]}},{"type":"Feature","properties":{"boundary_group":"china|guangxi","parent_geo_key":"china|guangxi","country_key":"china","left_geo_key":"china|guangxi|guigang","right_geo_key":"china|guangxi|wuzhou"},"geometry":{"type":"LineString","coordinates":[[110.5457,23.129],[110.5409,23.2056],[110.6575,23.2725],[110.6585,23.3073],[110.5863,23.3257],[110.5693,23.3934],[110.5796,23.4476],[110.6243,23.4622],[110.5802,23.6296],[110.5382,23.6581],[110.5652,23.6747],[110.5431,23.7215],[110.5791,23.7906],[110.5493,23.8245],[110.4967,23.8037],[110.4726,23.8548],[110.3522,23.8872],[110.3512,23.9284],[110.3944,23.9619],[110.3967,24.0573]]}},{"type":"Feature","properties":{"boundary_group":"china|guangxi","parent_geo_key":"china|guangxi","country_key":"china","left_geo_key":"china|guangxi|guigang","right_geo_key":"china|guangxi|laibin"},"geometry":{"type":"LineString","coordinates":[[110.3967,24.0573],[110.3109,24.0266],[110.2816,23.8572],[110.2572,23.8984],[110.199,23.9061],[110.1869,23.8589],[110.1392,23.8841],[110.0556,23.7971],[109.9898,23.7818],[109.9197,23.6763],[109.8868,23.4761],[109.8588,23.4499],[109.7937,23.4888],[109.7267,23.4589],[109.7214,23.4157],[109.6433,23.4249],[109.5413,23.3046],[109.4789,23.3855],[109.4293,23.3644],[109.3672,23.3833],[109.3534,23.4176],[109.2066,23.3349],[109.224279,23.292668]]}},{"type":"Feature","properties":{"boundary_group":"china|guangxi","parent_geo_key":"china|guangxi","country_key":"china","left_geo_key":"china|guangxi|guigang","right_geo_key":"china|guangxi|nanning"},"geometry":{"type":"LineString","coordinates":[[109.224279,23.292668],[109.237,23.2872],[109.238963,23.25759],[109.2495,23.0986],[109.3214,23.0982],[109.3454,23.067],[109.3104,23.0094],[109.382,22.9309],[109.4782,22.8936],[109.4511,22.8517],[109.5268,22.824],[109.5053,22.7735],[109.572,22.763],[109.6182,22.6826],[109.61237,22.680136]]}},{"type":"Feature","properties":{"boundary_group":"china|guangxi","parent_geo_key":"china|guangxi","country_key":"china","left_geo_key":"china|guangxi|guigang","right_geo_key":"china|guangxi|qinzhou"},"geometry":{"type":"LineString","coordinates":[[109.61237,22.680136],[109.619262,22.665989],[109.637958,22.665705],[109.658,22.6654],[109.660476,22.644137]]}},{"type":"Feature","properties":{"boundary_group":"china|guangxi","parent_geo_key":"china|guangxi","country_key":"china","left_geo_key":"china|guangxi|guilin","right_geo_key":"china|guangxi|liuzhou"},"geometry":{"type":"LineString","coordinates":[[109.742324,25.883016],[109.7605,25.8801],[109.7307,25.8563],[109.72,25.8053],[109.7995,25.7363],[109.7768,25.6948],[109.8094,25.6606],[109.7392,25.5885],[109.7799,25.5095],[109.7436,25.297],[109.7105,25.2226],[109.641,25.1681],[109.6585,25.0989],[109.6435,24.9865],[109.6136,24.9662],[109.6166,24.8382],[109.6601,24.8604],[109.884,24.8139],[109.8852,24.7716],[109.9331,24.7822],[109.934,24.725],[109.9799,24.7128],[109.9844,24.6814],[110.1692,24.6471],[110.1481,24.6195],[110.1677,24.55],[110.1142,24.4529]]}},{"type":"Feature","properties":{"boundary_group":"china|guangxi","parent_geo_key":"china|guangxi","country_key":"china","left_geo_key":"china|guangxi|guilin","right_geo_key":"china|guangxi|laibin"},"geometry":{"type":"LineString","coordinates":[[110.1142,24.4529],[110.1937,24.4502],[110.193,24.3555],[110.2547,24.3627],[110.2659,24.3123],[110.3218,24.2795],[110.334347,24.287753],[110.335355,24.288416]]}},{"type":"Feature","properties":{"boundary_group":"china|guangxi","parent_geo_key":"china|guangxi","country_key":"china","left_geo_key":"china|guangxi|guilin","right_geo_key":"china|guangxi|wuzhou"},"geometry":{"type":"LineString","coordinates":[[110.335355,24.288416],[110.4159,24.3414],[110.4568,24.3165],[110.4642,24.3616],[110.4996,24.346],[110.538324,24.394991],[110.549038,24.383097],[110.55,24.3684],[110.558299,24.372816],[110.5666,24.3636]]}},{"type":"Feature","properties":{"boundary_group":"china|guangxi","parent_geo_key":"china|guangxi","country_key":"china","left_geo_key":"china|guangxi|guilin","right_geo_key":"china|guangxi|hezhou"},"geometry":{"type":"LineString","coordinates":[[110.5666,24.3636],[110.6107,24.4007],[110.7787,24.3173],[110.8349,24.3979],[110.8781,24.2625],[110.9388,24.3399],[110.9558,24.3012],[110.9983,24.312],[111.008755,24.329176],[111.014147,24.338035],[111.0207,24.3488],[110.9572,24.3731],[110.9874,24.3788],[111.0444,24.4955],[110.979,24.5819],[110.9863,24.6312],[111.1712,24.773],[111.1635,24.9011],[111.1146,24.9003],[111.0917,24.942],[111.09239,24.948226]]}},{"type":"Feature","properties":{"boundary_group":"china|guangxi","parent_geo_key":"china|guangxi","country_key":"china","left_geo_key":"china|guangxi|hechi","right_geo_key":"china|guangxi|nanning"},"geometry":{"type":"LineString","coordinates":[[107.7116,23.5578],[107.7888,23.5687],[107.8172,23.6104],[107.8672,23.6014],[107.9354,23.6626],[107.9919,23.6396],[108.0343,23.7101],[108.0178,23.7789],[108.0922,23.7994],[108.125,23.8532],[108.1742,23.8251],[108.199,23.8743],[108.2784,23.8027],[108.3089,23.9001],[108.3627,23.9264],[108.3722,24.0166],[108.4759,24.022],[108.4946,23.9929]]}},{"type":"Feature","properties":{"boundary_group":"china|guangxi","parent_geo_key":"china|guangxi","country_key":"china","left_geo_key":"china|guangxi|hechi","right_geo_key":"china|guangxi|laibin"},"geometry":{"type":"LineString","coordinates":[[108.4946,23.9929],[108.488,24.0337],[108.5133,24.0052],[108.564,24.0135],[108.5546,24.0398],[108.5938,24.0483],[108.5917,24.1504],[108.6833,24.1608],[108.6964,24.2346],[108.6679,24.292],[108.7393,24.3185],[108.75,24.3834],[108.836,24.3568],[108.8586,24.2743],[108.924996,24.249255]]}},{"type":"Feature","properties":{"boundary_group":"china|guangxi","parent_geo_key":"china|guangxi","country_key":"china","left_geo_key":"china|guangxi|hechi","right_geo_key":"china|guangxi|liuzhou"},"geometry":{"type":"LineString","coordinates":[[108.924996,24.249255],[108.92166,24.324007],[108.926496,24.366705],[108.9931,24.3767],[109.043,24.4595],[108.9867,24.4921],[108.9351,24.475],[108.8333,24.5355],[108.8474,24.573],[108.9023,24.611722],[108.9604,24.6527],[108.9739,24.6755],[108.9291,24.7332],[108.9895,24.7598],[109.0327,24.8274],[109.0868,24.8332],[109.1284,24.7947],[109.1542,24.8192],[109.1317,24.8465],[109.1517,24.9155],[109.1136,24.9525],[109.0637,24.9164],[108.9832,24.9378],[109.0875,25.036],[109.0905,25.1694],[109.0509,25.1974],[108.9849,25.1768],[108.9522,25.1245],[108.8477,25.16],[108.8106,25.1141],[108.678,25.1076],[108.7144,25.1773],[108.6513,25.2175],[108.6419,25.2974],[108.633621,25.305893],[108.61303,25.327018]]}},{"type":"Feature","properties":{"boundary_group":"china|guangxi","parent_geo_key":"china|guangxi","country_key":"china","left_geo_key":"china|guangxi|hezhou","right_geo_key":"china|guangxi|wuzhou"},"geometry":{"type":"LineString","coordinates":[[110.5666,24.3636],[110.5752,24.3492],[110.5727,24.3244],[110.6196,24.314],[110.6012,24.2553],[110.7194,24.1721],[110.6692,24.0636],[110.7449,24.0113],[110.718,23.9495],[110.7763,23.9513],[110.8626,23.8809],[110.8331,23.8399],[110.8508,23.8094],[110.8877,23.8144],[110.871,23.766],[110.925668,23.66415],[110.930325,23.662867],[110.955993,23.664656],[110.9515,23.7222],[111.0213,23.7812],[111.0092,23.8172],[111.078,23.8306],[111.1528,23.9457],[111.2021,23.9469],[111.2371,23.8902],[111.3633,23.8773],[111.4116,23.9454],[111.3973,24.0775],[111.48,24.099],[111.5079,24.1707],[111.5677,24.1478],[111.571077,24.137311],[111.5837,24.0981],[111.5311,24.0497],[111.5409,24.0048],[111.643277,23.933285],[111.6507,23.9281],[111.645431,23.90178],[111.6499,23.8364]]}},{"type":"Feature","properties":{"boundary_group":"china|guangxi","parent_geo_key":"china|guangxi","country_key":"china","left_geo_key":"china|guangxi|laibin","right_geo_key":"china|guangxi|wuzhou"},"geometry":{"type":"LineString","coordinates":[[110.3967,24.0573],[110.3366,24.0624],[110.3708,24.0842],[110.3664,24.1196],[110.4558,24.1262],[110.4139,24.1511],[110.439885,24.190033],[110.443,24.1947],[110.3536,24.23],[110.3671,24.2775],[110.335355,24.288416]]}},{"type":"Feature","properties":{"boundary_group":"china|guangxi","parent_geo_key":"china|guangxi","country_key":"china","left_geo_key":"china|guangxi|laibin","right_geo_key":"china|guangxi|liuzhou"},"geometry":{"type":"LineString","coordinates":[[110.1142,24.4529],[110.1121,24.4644],[110.0646,24.4633],[110.0155,24.2638],[109.9239,24.2364],[109.9066,24.3029],[109.7958,24.2597],[109.709,24.1899],[109.7081,24.1578],[109.621,24.1479],[109.5687,24.0626],[109.5001,24.0533],[109.4863,23.9651],[109.399046,23.91373],[109.3939,23.9107],[109.383022,23.920504],[109.325584,23.972271],[109.2906,24.0038],[109.2874,24.0454],[109.2178,24.0578],[109.2162,24.0226],[109.1825,24.0154],[109.0294,24.1269],[108.9712,24.1228],[108.9278,24.1864],[108.924996,24.249255]]}},{"type":"Feature","properties":{"boundary_group":"china|guangxi","parent_geo_key":"china|guangxi","country_key":"china","left_geo_key":"china|guangxi|laibin","right_geo_key":"china|guangxi|nanning"},"geometry":{"type":"LineString","coordinates":[[108.4946,23.9929],[108.4295,23.9663],[108.4187,23.9268],[108.4598,23.8815],[108.421369,23.813277],[108.4704,23.7802],[108.5025,23.665],[108.6691,23.7879],[108.7685,23.7809],[108.8194,23.4958],[108.9032,23.4345],[108.9346,23.363],[109.0462,23.3559],[109.0527,23.3253],[109.1937,23.2692],[109.2028,23.3019],[109.224279,23.292668]]}},{"type":"Feature","properties":{"boundary_group":"china|guangxi","parent_geo_key":"china|guangxi","country_key":"china","left_geo_key":"china|guangxi|nanning","right_geo_key":"china|guangxi|qinzhou"},"geometry":{"type":"LineString","coordinates":[[108.268694,22.220839],[108.2769,22.209],[108.4107,22.272],[108.4913,22.2407],[108.5646,22.3768],[108.5548,22.4232],[108.6726,22.4352],[108.703186,22.46197],[108.712669,22.470269],[108.757835,22.5098],[108.8385,22.5448],[108.9145,22.515],[108.9761,22.5468],[109.0291,22.5086],[109.1423,22.5127],[109.1701,22.5219],[109.1567,22.5557],[109.2612,22.4873],[109.3125,22.5134],[109.2853,22.5644],[109.3479,22.6319],[109.5136,22.6384],[109.61237,22.680136]]}},{"type":"Feature","properties":{"boundary_group":"china|guangxi","parent_geo_key":"china|guangxi","country_key":"china","left_geo_key":"china|guangxi|qinzhou","right_geo_key":"china|guangxi|yulin"},"geometry":{"type":"LineString","coordinates":[[109.6038,21.9121],[109.600047,21.919142],[109.5903,21.923],[109.582358,21.952328],[109.576428,21.974227],[109.5405,22.1069],[109.5984,22.3054],[109.600147,22.306128],[109.66689,22.333962],[109.7406,22.3647],[109.760532,22.351312],[109.809341,22.318527],[109.825205,22.319839],[109.849458,22.360404],[109.8527,22.368975],[109.8046,22.4399],[109.865,22.5173],[109.823175,22.57236],[109.802541,22.579571],[109.7146,22.562],[109.662504,22.626715],[109.6535,22.6379],[109.660476,22.644137]]}},{"type":"Feature","properties":{"boundary_group":"china|guangxi","parent_geo_key":"china|guangxi","country_key":"china","left_geo_key":"china|guangxi|wuzhou","right_geo_key":"china|guangxi|yulin"},"geometry":{"type":"LineString","coordinates":[[110.5457,23.129],[110.56424,23.113128],[110.601235,23.114591],[110.6596,23.1169],[110.695308,23.062621],[110.72465,23.054372],[110.737929,23.050638],[110.7434,23.0491],[110.742333,23.033486],[110.73497,22.925685],[110.7312,22.8705],[110.7926,22.8415],[110.7801,22.731],[110.87374,22.636025],[110.886036,22.623555],[110.8924,22.6171]]}},{"type":"Feature","properties":{"boundary_group":"china|hebei","parent_geo_key":"china|hebei","country_key":"china","left_geo_key":"china|hebei|baoding","right_geo_key":"china|hebei|langfang"},"geometry":{"type":"LineString","coordinates":[[116.2196,38.934715],[116.2472,38.9309],[116.3302,38.9828],[116.2872,39.0066],[116.3128,39.0817],[116.201545,39.189489],[116.178,39.2123],[116.1906,39.3541],[116.1121,39.3664],[116.135253,39.438876],[116.163093,39.477679],[116.2247,39.505],[116.2401,39.5164]]}},{"type":"Feature","properties":{"boundary_group":"china|hebei","parent_geo_key":"china|hebei","country_key":"china","left_geo_key":"china|hebei|baoding","right_geo_key":"china|hebei|zhangjiakou"},"geometry":{"type":"LineString","coordinates":[[115.4197,39.949],[115.3947,39.8876],[115.3569,39.8847],[115.3361,39.7891],[115.1637,39.672],[115.0337,39.7038],[114.8786,39.6344],[114.8495,39.5837],[114.7096,39.6192],[114.7065,39.5924],[114.639,39.5911],[114.6287,39.5553],[114.574768,39.579088],[114.5574,39.5572],[114.553787,39.559142]]}},{"type":"Feature","properties":{"boundary_group":"china|hebei","parent_geo_key":"china|hebei","country_key":"china","left_geo_key":"china|hebei|baoding","right_geo_key":"china|hebei|shijiazhuang"},"geometry":{"type":"LineString","coordinates":[[113.8242,38.7581],[113.8312,38.7482],[113.9852,38.6746],[114.056538,38.66579],[114.096184,38.660894],[114.118,38.6582],[114.3072,38.7113],[114.3623,38.6825],[114.464999,38.6908],[114.532664,38.618296],[114.5347,38.5922],[114.555245,38.594099],[114.6705,38.4706],[114.7008,38.5023],[114.7184,38.4788],[114.799,38.4947],[114.8121,38.4493],[114.885775,38.416196],[114.898793,38.404769],[114.9369,38.3433],[114.8804,38.2648],[114.9621,38.2809],[115.0403,38.2551],[115.0629,38.2997],[115.0934,38.2618],[115.201,38.2346],[115.24156,38.282317],[115.248666,38.284122],[115.2654,38.2417],[115.319098,38.245496],[115.319654,38.245535]]}},{"type":"Feature","properties":{"boundary_group":"china|hebei","parent_geo_key":"china|hebei","country_key":"china","left_geo_key":"china|hebei|baoding","right_geo_key":"china|hebei|hengshui"},"geometry":{"type":"LineString","coordinates":[[115.319654,38.245535],[115.3432,38.2472],[115.356854,38.267705],[115.381067,38.304066],[115.4016,38.3349],[115.4556,38.3266],[115.4939,38.3597],[115.5119,38.3156],[115.611521,38.332845],[115.681036,38.344879],[115.6852,38.3456],[115.688117,38.348171],[115.70784,38.36556]]}},{"type":"Feature","properties":{"boundary_group":"china|hebei","parent_geo_key":"china|hebei","country_key":"china","left_geo_key":"china|hebei|baoding","right_geo_key":"china|hebei|cangzhou"},"geometry":{"type":"LineString","coordinates":[[115.70784,38.36556],[115.7249,38.3806],[115.7065,38.4447],[115.7459,38.4849],[115.8104,38.5276],[115.9349,38.5299],[115.9685,38.6475],[115.9379,38.7329],[116.0397,38.8188],[116.0326,38.8905],[116.1488,38.9445],[116.2196,38.934715]]}},{"type":"Feature","properties":{"boundary_group":"china|hebei","parent_geo_key":"china|hebei","country_key":"china","left_geo_key":"china|hebei|cangzhou","right_geo_key":"china|hebei|hengshui"},"geometry":{"type":"LineString","coordinates":[[115.70784,38.36556],[115.721057,38.363487],[115.8357,38.3455],[115.8244,38.2947],[115.8938,38.2025],[115.8816,38.1711],[115.9747,38.1274],[116.0432,38.1462],[116.0262,38.0829],[116.0645,38.0403],[116.0365,38.0258],[116.1097,37.9453],[116.0834,37.9112],[116.1451,37.9125],[116.1852,37.968],[116.2856,37.9681],[116.3319,38.018],[116.5576,38.0193],[116.5281,37.9081],[116.4664,37.8548],[116.4676,37.7783],[116.3809,37.696],[116.3701,37.6182],[116.3223,37.6063],[116.3296,37.5805]]}},{"type":"Feature","properties":{"boundary_group":"china|hebei","parent_geo_key":"china|hebei","country_key":"china","left_geo_key":"china|hebei|cangzhou","right_geo_key":"china|hebei|langfang"},"geometry":{"type":"LineString","coordinates":[[116.747504,38.750787],[116.7731,38.6492],[116.6748,38.6051],[116.6353,38.5569],[116.6691,38.5397],[116.6085,38.4766],[116.4788,38.4886],[116.4251,38.5387],[116.4489,38.5794],[116.386,38.6019],[116.3566,38.6552],[116.4288,38.7531],[116.4052,38.7852],[116.2661,38.8158],[116.207817,38.893566],[116.2196,38.934715]]}},{"type":"Feature","properties":{"boundary_group":"china|hebei","parent_geo_key":"china|hebei","country_key":"china","left_geo_key":"china|hebei|chengde","right_geo_key":"china|hebei|tangshan"},"geometry":{"type":"LineString","coordinates":[[117.5694,40.1915],[118.0302,40.3035],[118.2332,40.4638],[118.301,40.4165],[118.5625,40.4134],[118.5265,40.3099],[118.5616,40.2831]]}},{"type":"Feature","properties":{"boundary_group":"china|hebei","parent_geo_key":"china|hebei","country_key":"china","left_geo_key":"china|hebei|chengde","right_geo_key":"china|hebei|qinhuangdao"},"geometry":{"type":"LineString","coordinates":[[118.5616,40.2831],[118.6463,40.37],[118.6036,40.4272],[118.6935,40.49],[118.7672,40.4785],[118.8144,40.5301],[118.953,40.53],[118.9492,40.5575],[119.0569,40.6045],[119.150063,40.612622]]}},{"type":"Feature","properties":{"boundary_group":"china|hebei","parent_geo_key":"china|hebei","country_key":"china","left_geo_key":"china|hebei|chengde","right_geo_key":"china|hebei|zhangjiakou"},"geometry":{"type":"LineString","coordinates":[[116.074192,41.774352],[116.061322,41.753696],[115.9035,41.6421],[115.9208,41.5634],[115.9659,41.5442],[115.9768,41.4688],[116.0411,41.3873],[116.205,41.3203],[116.1873,41.259],[116.2313,41.2097],[116.2328,41.1228],[116.2899,41.0608],[116.2587,41.0362],[116.310375,40.985219],[116.356485,40.939729],[116.357038,40.939184]]}},{"type":"Feature","properties":{"boundary_group":"china|hebei","parent_geo_key":"china|hebei","country_key":"china","left_geo_key":"china|hebei|handan","right_geo_key":"china|hebei|xingtai"},"geometry":{"type":"LineString","coordinates":[[115.4724,36.751],[115.469625,36.751211],[115.3961,36.7568],[115.339694,36.773838],[115.32168,36.779279],[115.3183,36.7803],[115.3131,36.8719],[115.1534,36.851],[115.1602,36.901],[115.111,36.9034],[115.123,36.9419],[115.0916,36.964],[114.8575,36.9697],[114.7873,36.9129],[114.715151,36.936757],[114.5461,36.8839],[114.5466,36.8333],[114.2371,36.8622],[114.0939,36.8385],[114.075279,36.878815],[114.0733,36.8831],[114.016467,36.891009],[114,36.8933],[113.933,36.976383],[113.902909,36.992966],[113.834591,37.00388]]}},{"type":"Feature","properties":{"boundary_group":"china|hebei","parent_geo_key":"china|hebei","country_key":"china","left_geo_key":"china|hebei|hengshui","right_geo_key":"china|hebei|shijiazhuang"},"geometry":{"type":"LineString","coordinates":[[115.319654,38.245535],[115.3463,38.2059],[115.343063,38.180134],[115.3771,38.0873],[115.4774,38.0824],[115.4312,38.0105],[115.441789,37.94511],[115.4432,37.9364],[115.3599,37.9043],[115.3837,37.8525],[115.3554,37.8465],[115.3651,37.7748],[115.3386,37.7465],[115.3874,37.7107],[115.3277,37.7113],[115.2866,37.6302]]}},{"type":"Feature","properties":{"boundary_group":"china|hebei","parent_geo_key":"china|hebei","country_key":"china","left_geo_key":"china|hebei|hengshui","right_geo_key":"china|hebei|xingtai"},"geometry":{"type":"LineString","coordinates":[[115.2866,37.6302],[115.1928,37.6414],[115.1667,37.5999],[115.1941,37.5575],[115.2794,37.5746],[115.3472,37.5247],[115.3973,37.5375],[115.4421,37.4994],[115.3949,37.5083],[115.42,37.4667],[115.351293,37.450204],[115.351137,37.43576],[115.360157,37.428926],[115.4845,37.3826],[115.5458,37.3187],[115.6042,37.3325],[115.5821,37.3071],[115.620316,37.292095],[115.7125,37.2559],[115.7582,37.1993],[115.7585,37.145],[115.8232,37.1137],[115.845656,37.066158]]}},{"type":"Feature","properties":{"boundary_group":"china|hebei","parent_geo_key":"china|hebei","country_key":"china","left_geo_key":"china|hebei|qinhuangdao","right_geo_key":"china|hebei|tangshan"},"geometry":{"type":"LineString","coordinates":[[118.5616,40.2831],[118.641947,40.240623],[118.760631,40.200859],[118.9187,40.1479],[118.915,40.0904],[118.8569,40.0603],[118.8804,39.9472],[118.8177,39.7992],[118.7713,39.7654],[118.8555,39.5737],[118.9773,39.5378],[118.9556,39.5148],[119.0029,39.5078],[119.0161,39.461],[119.1658,39.4692],[119.305,39.4313]]}},{"type":"Feature","properties":{"boundary_group":"china|hebei","parent_geo_key":"china|hebei","country_key":"china","left_geo_key":"china|hebei|shijiazhuang","right_geo_key":"china|hebei|xingtai"},"geometry":{"type":"LineString","coordinates":[[114.027417,37.445685],[114.0563,37.443],[114.08533,37.482566],[114.099995,37.491905],[114.1185,37.4806],[114.1595,37.5298],[114.2811,37.4931],[114.4696,37.5802],[114.5796,37.5478],[114.6852,37.564],[114.6995,37.6143],[114.7913,37.6273],[114.8757,37.7156],[115.0637,37.7444],[115.0664,37.7882],[115.1044,37.8115],[115.1547,37.7891],[115.1464,37.7588],[115.2375,37.7219],[115.2522,37.6392],[115.2866,37.6302]]}},{"type":"Feature","properties":{"boundary_group":"china|yunnan","parent_geo_key":"china|yunnan","country_key":"china","left_geo_key":"china|yunnan|baoshan","right_geo_key":"china|yunnan|nujianglisuzu"},"geometry":{"type":"LineString","coordinates":[[98.8993,25.6309],[98.8873,25.6377],[98.868,25.5537],[98.76637,25.574715],[98.7675,25.687],[98.7109,25.8068]]}},{"type":"Feature","properties":{"boundary_group":"china|yunnan","parent_geo_key":"china|yunnan","country_key":"china","left_geo_key":"china|yunnan|baoshan","right_geo_key":"china|yunnan|dehongdaizujingpozu"},"geometry":{"type":"LineString","coordinates":[[98.0869,25.3405],[98.1921,25.2476],[98.1793,25.1431],[98.2691,25.09],[98.2246,25.007],[98.236,24.9315],[98.3156,24.9609],[98.3638,24.9004],[98.4358,24.9036],[98.451,24.8792],[98.5296,24.9021],[98.5514,24.8039],[98.4942,24.8106],[98.4211,24.7712],[98.4531,24.6763],[98.4158,24.6415],[98.4787,24.5885],[98.4842,24.5441],[98.6172,24.5838],[98.6909,24.5665],[98.6843,24.5315],[98.7266,24.4928],[98.6836,24.4502],[98.7244,24.3666],[98.699,24.2898],[98.7261,24.2103],[98.6854,24.1709],[98.7058,24.126]]}},{"type":"Feature","properties":{"boundary_group":"china|yunnan","parent_geo_key":"china|yunnan","country_key":"china","left_geo_key":"china|yunnan|baoshan","right_geo_key":"china|yunnan|lincang"},"geometry":{"type":"LineString","coordinates":[[98.9104,24.1849],[99.136098,24.27712],[99.161111,24.298926],[99.2632,24.4471],[99.3121,24.4392],[99.347,24.3714],[99.3545,24.2444],[99.4595,24.2434],[99.4986,24.3217],[99.5862,24.3589],[99.6292,24.4491],[99.6811,24.4542],[99.6734,24.5669],[99.6438,24.5788],[99.7268,24.6379],[99.7208,24.669],[99.8073,24.7062],[99.8103,24.7468],[99.7673,24.7864],[99.862,24.9062],[99.8444,24.9503],[99.993,25.0348]]}},{"type":"Feature","properties":{"boundary_group":"china|yunnan","parent_geo_key":"china|yunnan","country_key":"china","left_geo_key":"china|yunnan|baoshan","right_geo_key":"china|yunnan|dalibaizu"},"geometry":{"type":"LineString","coordinates":[[99.993,25.0348],[100.0456,25.0545],[100.0377,25.1017],[99.9805,25.1081],[99.9198,25.2032],[99.8506,25.1743],[99.8236,25.0904],[99.7398,25.0839],[99.7195,25.0552],[99.5012,25.1271],[99.2869,25.3638],[99.2847,25.4269],[99.3443,25.4157],[99.3275,25.5191],[99.2194,25.5451],[99.0839,25.4731],[99.0758,25.538],[99.0028,25.5694],[99.0114,25.6292],[98.8993,25.6309]]}},{"type":"Feature","properties":{"boundary_group":"china|yunnan","parent_geo_key":"china|yunnan","country_key":"china","left_geo_key":"china|yunnan|chuxiongyizu","right_geo_key":"china|yunnan|lijiang"},"geometry":{"type":"LineString","coordinates":[[101.48673,26.502038],[101.4572,26.4993],[101.4757,26.4332],[101.424697,26.391055],[101.380702,26.38386],[101.140819,26.344629],[101.1223,26.3416],[101.112044,26.333358],[100.9085,26.1698]]}},{"type":"Feature","properties":{"boundary_group":"china|yunnan","parent_geo_key":"china|yunnan","country_key":"china","left_geo_key":"china|yunnan|chuxiongyizu","right_geo_key":"china|yunnan|dalibaizu"},"geometry":{"type":"LineString","coordinates":[[100.9085,26.1698],[100.9128,26.0584],[100.9396,26.0357],[100.9029,25.9966],[100.9599,25.9503],[100.8896,25.8199],[100.9399,25.7482],[100.9729,25.7475],[100.9341,25.7045],[100.9492,25.6591],[100.9861,25.6581],[101.0005,25.5893],[100.9548,25.5593],[100.9429,25.4768],[101.0417,25.3845],[101.0331,25.3511],[100.9677,25.3273],[100.981,25.2555],[100.853851,25.269068],[100.8266,25.2792],[100.82591,25.272049],[100.8186,25.1963],[100.772961,25.194004],[100.7709,25.1939],[100.769975,25.188599],[100.757451,25.116865],[100.7459,25.0507],[100.749649,25.04582],[100.7787,25.008],[100.7186,24.9774],[100.7585,24.9305],[100.737224,24.787677]]}},{"type":"Feature","properties":{"boundary_group":"china|yunnan","parent_geo_key":"china|yunnan","country_key":"china","left_geo_key":"china|yunnan|chuxiongyizu","right_geo_key":"china|yunnan|puer"},"geometry":{"type":"LineString","coordinates":[[100.737224,24.787677],[100.7369,24.7855],[100.7613,24.7753],[100.7955,24.7269],[100.9406,24.7315],[101.0541,24.4889],[101.222653,24.320794],[101.251538,24.304726]]}},{"type":"Feature","properties":{"boundary_group":"china|yunnan","parent_geo_key":"china|yunnan","country_key":"china","left_geo_key":"china|yunnan|chuxiongyizu","right_geo_key":"china|yunnan|yuxi"},"geometry":{"type":"LineString","coordinates":[[101.251538,24.304726],[101.3771,24.3605],[101.3902,24.4282],[101.433749,24.398355],[101.5041,24.2242],[101.5757,24.2465],[101.6667,24.3793],[101.771,24.2884],[101.827,24.3097],[101.8173,24.2456],[101.9282,24.257],[101.951098,24.270357],[101.970391,24.281611],[102.0002,24.299],[102.0299,24.3677],[102.0075,24.4769],[101.9434,24.4684],[101.8899,24.5718],[101.9485,24.5909],[101.9375,24.6348],[101.9044,24.628],[101.9509,24.6825],[101.9426,24.7687],[102.0052,24.8213],[101.9963,24.8692],[102.0728,24.871],[102.1252,24.9556],[102.2246,24.9127]]}},{"type":"Feature","properties":{"boundary_group":"china|yunnan","parent_geo_key":"china|yunnan","country_key":"china","left_geo_key":"china|yunnan|chuxiongyizu","right_geo_key":"china|yunnan|kunming"},"geometry":{"type":"LineString","coordinates":[[102.2246,24.9127],[102.2451,24.9865],[102.1911,24.9983],[102.1685,25.0579],[102.2001,25.0908],[102.2322,25.0372],[102.3452,25.0686],[102.4114,25.2546],[102.374,25.2743],[102.3598,25.3778],[102.4227,25.3746],[102.428939,25.383675],[102.450025,25.414345],[102.4788,25.4562],[102.475534,25.470189],[102.4488,25.5847],[102.3645,25.6383],[102.3835,25.6978],[102.348,25.7477],[102.3768,25.8185],[102.3205,25.8914],[102.3523,26.0649],[102.26,26.1296],[102.244558,26.212892]]}},{"type":"Feature","properties":{"boundary_group":"china|yunnan","parent_geo_key":"china|yunnan","country_key":"china","left_geo_key":"china|yunnan|dalibaizu","right_geo_key":"china|yunnan|lincang"},"geometry":{"type":"LineString","coordinates":[[99.993,25.0348],[99.995496,25.028552],[100.0256,24.9532],[100.038639,24.959056],[100.1131,24.9925],[100.200095,24.969995],[100.0978,24.6685],[100.189,24.7417],[100.315003,24.750618],[100.4081,24.7112]]}},{"type":"Feature","properties":{"boundary_group":"china|yunnan","parent_geo_key":"china|yunnan","country_key":"china","left_geo_key":"china|yunnan|dalibaizu","right_geo_key":"china|yunnan|puer"},"geometry":{"type":"LineString","coordinates":[[100.4081,24.7112],[100.4789,24.7406],[100.5624,24.7078],[100.6286,24.7579],[100.640633,24.820072],[100.6418,24.8261],[100.711927,24.796161],[100.737224,24.787677]]}},{"type":"Feature","properties":{"boundary_group":"china|yunnan","parent_geo_key":"china|yunnan","country_key":"china","left_geo_key":"china|yunnan|dalibaizu","right_geo_key":"china|yunnan|lijiang"},"geometry":{"type":"LineString","coordinates":[[100.9085,26.1698],[100.90786,26.169594],[100.882988,26.1616],[100.8225,26.2008],[100.729551,26.162164],[100.7063,26.1525],[100.673451,26.120514],[100.651218,26.098865],[100.6454,26.0932],[100.6687,26.002],[100.5693,25.9884],[100.528,26.0296],[100.4918,26.0168],[100.4816,26.1352],[100.4235,26.1432],[100.4134,26.1878],[100.4441,26.2049],[100.3933,26.3028],[100.4298,26.3189],[100.4508,26.401],[100.4938,26.4164],[100.436045,26.452781],[100.434078,26.459791],[100.4694,26.4915],[100.44,26.5114],[100.4509,26.5396],[100.3601,26.5681],[100.3655,26.608],[100.343369,26.621035],[100.331891,26.627796],[100.2891,26.653],[100.2469,26.6432],[100.2404,26.6919],[100.2083,26.6955],[100.1551,26.6183],[100.1116,26.6098],[100.0593,26.6484],[100.0533,26.5988],[100.0199,26.5853],[99.8978,26.6487],[99.889,26.6225],[99.7908,26.6479],[99.7018,26.6277],[99.6439,26.6819]]}},{"type":"Feature","properties":{"boundary_group":"china|yunnan","parent_geo_key":"china|yunnan","country_key":"china","left_geo_key":"china|yunnan|dalibaizu","right_geo_key":"china|yunnan|nujianglisuzu"},"geometry":{"type":"LineString","coordinates":[[99.6439,26.6819],[99.6133,26.6232],[99.4921,26.5779],[99.5208,26.452],[99.4687,26.3813],[99.3201,26.321],[99.3096,26.2428],[99.1574,26.1631],[99.1969,26.1099],[99.1026,26.1534],[99.074163,26.151245],[99.033466,26.14816],[99.0274,26.1477],[99.023743,26.137867],[99.008017,26.095579],[98.9975,26.0673],[99.0081,25.9664],[99.0585,25.9714],[99.1369,25.7879],[99.0681,25.7817],[99.0583,25.8191],[99.0256,25.8224],[99.0507,25.746],[98.9994,25.7292],[98.874,25.7808],[98.8737,25.6862],[98.889844,25.651327],[98.8993,25.6309]]}},{"type":"Feature","properties":{"boundary_group":"china|yunnan","parent_geo_key":"china|yunnan","country_key":"china","left_geo_key":"china|yunnan|diqingzangzu","right_geo_key":"china|yunnan|nujianglisuzu"},"geometry":{"type":"LineString","coordinates":[[98.692221,28.217167],[98.6868,28.1941],[98.699709,28.174995],[98.7893,28.0424],[98.7981,27.8534],[98.8496,27.8399],[98.870131,27.768169],[98.833,27.7175],[98.9151,27.6369],[98.8797,27.5798],[98.9178,27.3386],[99.0028,27.3228],[98.971852,27.111914],[98.9678,27.0843],[98.976896,27.076909],[99.0158,27.0453],[99.0002,27.0006],[99.0411,26.9904],[99.058789,26.996545],[99.2155,26.9857],[99.2729,27.0323],[99.2577,27.0788],[99.2949,27.0726],[99.3736,26.9125],[99.4152,26.9325],[99.3897,26.9541],[99.4134,26.9773],[99.485661,26.968141]]}},{"type":"Feature","properties":{"boundary_group":"china|yunnan","parent_geo_key":"china|yunnan","country_key":"china","left_geo_key":"china|yunnan|diqingzangzu","right_geo_key":"china|yunnan|lijiang"},"geometry":{"type":"LineString","coordinates":[[99.485661,26.968141],[99.4923,26.9673],[99.440181,27.048726],[99.4332,27.154],[99.3835,27.2182],[99.4182,27.2333],[99.3956,27.289],[99.4408,27.3501],[99.4112,27.4814],[99.4841,27.495],[99.4997,27.5429],[99.5506,27.5674],[99.566,27.4773],[99.6577,27.3559],[99.6398,27.323],[99.8973,27.075],[99.965,26.9657],[99.9708,26.8697],[100.0591,26.9429],[100.0643,27.1652],[100.2342,27.3101],[100.1754,27.4756],[100.2948,27.6689],[100.29941,27.736752]]}},{"type":"Feature","properties":{"boundary_group":"china|yunnan","parent_geo_key":"china|yunnan","country_key":"china","left_geo_key":"china|yunnan|honghehanizuyizu","right_geo_key":"china|yunnan|qujing"},"geometry":{"type":"LineString","coordinates":[[104.0087,24.452],[104.0384,24.5275],[103.9737,24.5884],[103.979,24.653],[103.972043,24.650661],[103.9439,24.6412],[103.8029,24.7329],[103.7596,24.6944],[103.7308,24.7071],[103.745,24.7666],[103.6729,24.7441],[103.668169,24.729775],[103.6653,24.7284]]}},{"type":"Feature","properties":{"boundary_group":"china|yunnan","parent_geo_key":"china|yunnan","country_key":"china","left_geo_key":"china|yunnan|honghehanizuyizu","right_geo_key":"china|yunnan|kunming"},"geometry":{"type":"LineString","coordinates":[[103.6653,24.7284],[103.63,24.6142],[103.482413,24.510982],[103.458429,24.513684],[103.453483,24.518551],[103.488,24.5614],[103.2765,24.659],[103.2362,24.51],[103.120229,24.5169],[103.1135,24.5173],[103.110505,24.512048],[103.107891,24.510745]]}},{"type":"Feature","properties":{"boundary_group":"china|yunnan","parent_geo_key":"china|yunnan","country_key":"china","left_geo_key":"china|yunnan|honghehanizuyizu","right_geo_key":"china|yunnan|yuxi"},"geometry":{"type":"LineString","coordinates":[[103.107891,24.510745],[103.107602,24.506958],[103.0604,24.4242],[103.0985,24.4056],[103.0881,24.3431],[103.1369,24.3067],[103.1224,24.2533],[103.1508,24.2197],[103.0302,24.0341],[102.97,24.0724],[102.8558,23.9904],[102.8215,24.043],[102.767716,24.025628],[102.7441,24.018],[102.735384,23.988404],[102.707096,23.955836],[102.662694,23.92449],[102.656199,23.927365],[102.6482,24.0068],[102.6116,24.051],[102.5138,24.0317],[102.4912,24.0664],[102.4222,24.0512],[102.3682,24.102],[102.3004,24.0931],[102.3199,24.041],[102.2234,24.0125],[102.2754,23.9117],[102.1698,23.8834],[102.1421,23.8479],[102.1813,23.7641],[102.1467,23.7214],[102.2897,23.6327],[102.3593,23.4839],[102.3181,23.417],[102.187,23.4319],[102.1056,23.3176],[101.9086,23.3656],[101.8589,23.3329],[101.858184,23.33328]]}},{"type":"Feature","properties":{"boundary_group":"china|yunnan","parent_geo_key":"china|yunnan","country_key":"china","left_geo_key":"china|yunnan|honghehanizuyizu","right_geo_key":"china|yunnan|puer"},"geometry":{"type":"LineString","coordinates":[[101.858184,23.33328],[101.873765,23.316311],[101.8892,23.2995],[101.874842,23.287309],[101.8236,23.2438],[101.8324,23.1678],[101.9382,23.1484],[101.9804,23.1884],[102.0625,23.1093],[102.061474,23.102129],[102.058488,23.08125],[102.0496,23.0191],[102.023448,23.00923],[101.998521,22.999822],[101.977,22.9917],[101.970583,23.004295],[101.8781,23.0191],[101.8481,22.9101],[101.7985,22.8788],[101.859085,22.818052],[101.876815,22.805775],[101.9221,22.824],[101.9866,22.7988],[102.0832,22.6539],[102.2759,22.6141],[102.314393,22.558686]]}},{"type":"Feature","properties":{"boundary_group":"china|yunnan","parent_geo_key":"china|yunnan","country_key":"china","left_geo_key":"china|yunnan|honghehanizuyizu","right_geo_key":"china|yunnan|wenshanzhuangzumiaozu"},"geometry":{"type":"LineString","coordinates":[[104.271997,22.845236],[104.2795,22.847],[104.272099,22.850819],[104.24968,22.862386],[104.2231,22.8761],[104.1767,22.8466],[104.1163,22.8989],[104.0702,22.8301],[104.0309,22.8404],[104.0242,22.7597],[103.9628,22.6838],[103.9508,22.7117],[103.9111,22.691],[103.893542,22.776822],[103.898229,22.830455],[103.906,22.9194],[103.9559,23.0089],[103.9072,23.2026],[103.9347,23.2612],[103.8784,23.3324],[103.8099,23.3469],[103.7983,23.4953],[103.7323,23.4999],[103.7249,23.5527],[103.6332,23.5081],[103.5929,23.5441],[103.5862,23.5823],[103.6617,23.6565],[103.6291,23.7508],[103.6597,23.8666],[103.7038,23.9057],[103.5733,24.0899],[103.6414,24.1777],[103.7714,24.2069],[103.774942,24.212868],[103.8647,24.3641],[103.982307,24.440168],[103.9989,24.4509],[104.0087,24.452]]}},{"type":"Feature","properties":{"boundary_group":"china|yunnan","parent_geo_key":"china|yunnan","country_key":"china","left_geo_key":"china|yunnan|kunming","right_geo_key":"china|yunnan|yuxi"},"geometry":{"type":"LineString","coordinates":[[102.2246,24.9127],[102.238745,24.914299],[102.278539,24.886732],[102.288435,24.865408],[102.2685,24.6513],[102.289466,24.588403],[102.2007,24.5017],[102.3148,24.3889],[102.3629,24.4085],[102.3905,24.5006],[102.4288,24.4848],[102.4381,24.5156],[102.4868,24.503],[102.5952,24.5414],[102.586,24.51],[102.6708,24.5054],[102.686,24.4708],[102.8078,24.5113],[102.7877,24.5557],[102.8533,24.7024],[102.8363,24.745],[102.9103,24.7712],[102.917297,24.859456],[102.950696,24.878018],[103.006218,24.898641],[103.0105,24.763],[103.0729,24.7615],[103.0304,24.6465],[103.0403,24.5719],[103.1076,24.5688],[103.1068,24.5102],[103.107891,24.510745]]}},{"type":"Feature","properties":{"boundary_group":"china|yunnan","parent_geo_key":"china|yunnan","country_key":"china","left_geo_key":"china|yunnan|kunming","right_geo_key":"china|yunnan|qujing"},"geometry":{"type":"LineString","coordinates":[[103.6653,24.7284],[103.6563,24.8802],[103.596,24.8975],[103.5668,24.85],[103.5398,24.8669],[103.4954,24.8353],[103.4441,24.8959],[103.4653,24.9888],[103.4035,25.0561],[103.4957,25.1024],[103.4605,25.1836],[103.4028,25.1815],[103.4043,25.1561],[103.3368,25.1707],[103.3241,25.1423],[103.2961,25.2093],[103.2557,25.2215],[103.3177,25.3288],[103.2699,25.3435],[103.2924,25.3961],[103.362,25.4492],[103.3641,25.4916],[103.4238,25.4898],[103.4195,25.5809],[103.4703,25.5555],[103.5401,25.5888],[103.4901,25.655],[103.5291,25.7239],[103.5108,25.7477],[103.554,25.7898],[103.5417,25.8208],[103.4739,25.8192],[103.4594,25.8665],[103.407,25.8302],[103.336863,25.850646],[103.306394,25.859528],[103.2986,25.8618],[103.2788,26.007],[103.3035,26.0548],[103.2392,26.1936],[103.196,26.222],[103.176,26.1963],[103.1478,26.25],[103.1053,26.2616],[103.0577,26.5152],[103.0609,26.5361]]}},{"type":"Feature","properties":{"boundary_group":"china|yunnan","parent_geo_key":"china|yunnan","country_key":"china","left_geo_key":"china|yunnan|lijiang","right_geo_key":"china|yunnan|nujianglisuzu"},"geometry":{"type":"LineString","coordinates":[[99.485661,26.968141],[99.5206,26.9116],[99.558,26.9067],[99.600868,26.710369],[99.6018,26.7061],[99.61877,26.698525],[99.6439,26.6819]]}},{"type":"Feature","properties":{"boundary_group":"china|yunnan","parent_geo_key":"china|yunnan","country_key":"china","left_geo_key":"china|yunnan|lincang","right_geo_key":"china|yunnan|puer"},"geometry":{"type":"LineString","coordinates":[[99.5098,23.1209],[99.57743,23.164793],[99.591,23.1736],[99.6366,23.1549],[99.6131,23.1907],[99.6714,23.248],[99.7978,23.1995],[99.8943,23.2581],[100.058191,23.231809],[100.068751,23.242607],[100.0786,23.3479],[100.1524,23.4756],[100.1843,23.6143],[100.2781,23.6451],[100.3603,23.6136],[100.4331,23.656],[100.3467,23.749],[100.3544,23.8556],[100.4031,23.8766],[100.4136,23.9182],[100.3615,24.0553],[100.4947,24.0926],[100.5212,24.1966],[100.5032,24.4327],[100.5456,24.4775],[100.4081,24.7112]]}},{"type":"Feature","properties":{"boundary_group":"china|yunnan","parent_geo_key":"china|yunnan","country_key":"china","left_geo_key":"china|yunnan|puer","right_geo_key":"china|yunnan|xishuangbannadaizu"},"geometry":{"type":"LineString","coordinates":[[99.96765,22.056504],[99.9712,22.056],[99.9945,22.1091],[100.0539,22.1418],[100.0941,22.2433],[100.1714,22.2396],[100.2263,22.2969],[100.3477,22.2447],[100.3779,22.2899],[100.3734,22.3938],[100.4142,22.4398],[100.5301,22.4637],[100.6088,22.4446],[100.6154,22.4881],[100.8093,22.5969],[100.8575,22.5886],[100.9014,22.5285],[101.0268,22.5931],[101.111,22.5449],[101.225,22.5335],[101.4442,22.587],[101.53679,22.388159],[101.554713,22.349667],[101.561893,22.334249],[101.5628,22.3323],[101.647,22.3346]]}},{"type":"Feature","properties":{"boundary_group":"china|yunnan","parent_geo_key":"china|yunnan","country_key":"china","left_geo_key":"china|yunnan|puer","right_geo_key":"china|yunnan|yuxi"},"geometry":{"type":"LineString","coordinates":[[101.858184,23.33328],[101.823,23.3716],[101.7534,23.3889],[101.7808,23.4692],[101.6609,23.6212],[101.7085,23.6565],[101.6835,23.6732],[101.6227,23.6348],[101.5715,23.6917],[101.5348,23.6887],[101.5695,23.7404],[101.5386,23.7831],[101.429,23.7211],[101.413781,23.77224],[101.3968,23.8293],[101.4729,23.8544],[101.5318,23.9201],[101.4094,24.0398],[101.2852,24.286],[101.251538,24.304726]]}},{"type":"Feature","properties":{"boundary_group":"china|yunnan","parent_geo_key":"china|yunnan","country_key":"china","left_geo_key":"china|yunnan|qujing","right_geo_key":"china|yunnan|zhaotong"},"geometry":{"type":"LineString","coordinates":[[103.621713,27.012748],[103.6093,26.9942],[103.4201,26.9978],[103.4377,26.9484],[103.3642,26.7825],[103.4003,26.7113],[103.3648,26.7407],[103.2446,26.7295],[103.213,26.6349],[103.1697,26.6117],[103.1085,26.6351],[103.067861,26.577712],[103.0607,26.5676],[103.063247,26.550128],[103.0609,26.5361]]}},{"type":"Feature","properties":{"boundary_group":"china|yunnan","parent_geo_key":"china|yunnan","country_key":"china","left_geo_key":"china|yunnan|qujing","right_geo_key":"china|yunnan|wenshanzhuangzumiaozu"},"geometry":{"type":"LineString","coordinates":[[104.0087,24.452],[104.054,24.424],[104.1754,24.4588],[104.2278,24.4008],[104.2055,24.3657],[104.2894,24.3506],[104.555501,24.471757]]}},{"type":"Feature","properties":{"boundary_group":"china|shandong","parent_geo_key":"china|shandong","country_key":"china","left_geo_key":"china|shandong|binzhou","right_geo_key":"china|shandong|dongying"},"geometry":{"type":"LineString","coordinates":[[118.286526,37.012909],[118.3135,37.0288],[118.322248,37.071943],[118.3716,37.1535],[118.3409,37.2311],[118.3697,37.2664],[118.3205,37.2941],[118.3094,37.3519],[118.2109,37.3852],[118.175719,37.370505],[118.139415,37.375558],[118.135861,37.378868],[118.156,37.4295],[118.118569,37.45453],[118.1701,37.5563],[118.1232,37.5715],[118.171,37.6564],[118.2786,37.6611],[118.342423,37.772105],[118.3553,37.7945],[118.3217,37.8646],[118.2527,37.8435],[118.2324,37.8727],[118.2312,38.1278]]}},{"type":"Feature","properties":{"boundary_group":"china|shandong","parent_geo_key":"china|shandong","country_key":"china","left_geo_key":"china|shandong|binzhou","right_geo_key":"china|shandong|dezhou"},"geometry":{"type":"LineString","coordinates":[[117.5352,38.0112],[117.5552,38.0032],[117.5668,37.9534],[117.535,37.9389],[117.5333,37.8859],[117.6006,37.8449],[117.5156,37.7587],[117.532277,37.712575],[117.5361,37.702],[117.527319,37.694961],[117.4726,37.6511],[117.3992,37.6808],[117.3589,37.6505],[117.3538,37.7025],[117.3084,37.6645],[117.3021,37.5865],[117.263285,37.535418],[117.2578,37.5282]]}},{"type":"Feature","properties":{"boundary_group":"china|shandong","parent_geo_key":"china|shandong","country_key":"china","left_geo_key":"china|shandong|binzhou","right_geo_key":"china|shandong|jinan"},"geometry":{"type":"LineString","coordinates":[[117.2578,37.5282],[117.2776,37.5221],[117.3157,37.5029],[117.2761,37.4679],[117.3546,37.4485],[117.3525,37.3965],[117.4014,37.3744],[117.4308,37.2586],[117.3988,37.2176],[117.4534,37.1096],[117.33,37.0731],[117.325236,37.024289],[117.3674,36.9995],[117.373282,36.97143],[117.392497,36.957894],[117.5429,36.9796],[117.559,36.9449],[117.5283,36.931],[117.5835,36.8976],[117.5908,36.8303],[117.6968,36.751],[117.7416,36.7512],[117.72811,36.697421]]}},{"type":"Feature","properties":{"boundary_group":"china|shandong","parent_geo_key":"china|shandong","country_key":"china","left_geo_key":"china|shandong|binzhou","right_geo_key":"china|shandong|zibo"},"geometry":{"type":"LineString","coordinates":[[117.72811,36.697421],[117.7267,36.6918],[117.7751,36.6969],[117.8152,36.7617],[117.8442,36.748],[117.8092,36.789],[117.8222,36.8557],[117.9113,36.8695],[117.956,36.9225],[117.8647,36.9851],[117.8399,37.0661],[117.5689,37.0889],[117.5452,37.1463],[117.6541,37.2748],[117.7544,37.2451],[117.8375,37.2819],[117.9847,37.2617],[117.9677,37.2159],[117.976846,37.2159],[118.04,37.2159],[118.053325,37.204346],[118.068679,37.191034],[118.070003,37.157162],[118.060987,37.116592],[118.057169,37.099409],[118.0537,37.0838],[118.089449,37.087365],[118.1518,37.0641],[118.134698,37.011631],[118.1327,37.0055],[118.139487,37.001057],[118.1996,36.9617],[118.286526,37.012909]]}},{"type":"Feature","properties":{"boundary_group":"china|shandong","parent_geo_key":"china|shandong","country_key":"china","left_geo_key":"china|shandong|dezhou","right_geo_key":"china|shandong|liaocheng"},"geometry":{"type":"LineString","coordinates":[[115.7629,36.9206],[115.9446,36.8839],[116.1182,36.89],[116.2062,36.9626],[116.2231,37.0289],[116.3165,36.9729],[116.4294,36.9768],[116.464,36.9462],[116.3723,36.7978],[116.4018,36.7433],[116.3808,36.726],[116.4106,36.6083],[116.3917,36.5252],[116.4583,36.4764],[116.4558,36.4479],[116.5408,36.4089]]}},{"type":"Feature","properties":{"boundary_group":"china|shandong","parent_geo_key":"china|shandong","country_key":"china","left_geo_key":"china|shandong|dezhou","right_geo_key":"china|shandong|jinan"},"geometry":{"type":"LineString","coordinates":[[116.5408,36.4089],[116.5963,36.4189],[116.6165,36.433],[116.5876,36.4859],[116.607832,36.518105],[116.613512,36.527146],[116.7519,36.6296],[116.7777,36.6948],[116.8813,36.7453],[116.8769,36.8239],[116.9591,36.8435],[116.9533,36.9152],[116.8773,36.9988],[116.941,37.0305],[116.9168,37.1044],[117.0486,37.141],[117.0573,37.182],[117.0161,37.2142],[117.0387,37.2427],[116.9774,37.3281],[117.0118,37.4339],[117.0917,37.4343],[117.0917,37.4689],[117.2578,37.5282]]}},{"type":"Feature","properties":{"boundary_group":"china|shandong","parent_geo_key":"china|shandong","country_key":"china","left_geo_key":"china|shandong|dongying","right_geo_key":"china|shandong|zibo"},"geometry":{"type":"LineString","coordinates":[[118.286526,37.012909],[118.2841,37.0089],[118.291258,36.973933],[118.2928,36.9664],[118.444206,36.949571],[118.47333,36.944931]]}},{"type":"Feature","properties":{"boundary_group":"china|shandong","parent_geo_key":"china|shandong","country_key":"china","left_geo_key":"china|shandong|dongying","right_geo_key":"china|shandong|weifang"},"geometry":{"type":"LineString","coordinates":[[118.47333,36.944931],[118.5492,36.9379],[118.5487,37],[118.5829,37.017],[118.5402,37.0231],[118.545052,37.035529],[118.547082,37.040726],[118.5557,37.0628],[118.6596,37.0813],[118.6664,37.1395],[118.6307,37.1608],[118.6696,37.2242],[118.801912,37.281872],[118.8162,37.2881],[118.854854,37.28644],[118.9652,37.2817]]}},{"type":"Feature","properties":{"boundary_group":"china|shandong","parent_geo_key":"china|shandong","country_key":"china","left_geo_key":"china|shandong|heze","right_geo_key":"china|shandong|jining"},"geometry":{"type":"LineString","coordinates":[[116.390014,34.851277],[116.1475,34.9455],[116.1654,34.9682],[116.109,35.0196],[116.1348,35.1005],[116.1877,35.1159],[116.2066,35.1939],[116.2585,35.1887],[116.2779,35.2457],[116.1843,35.3059],[116.2265,35.3684],[116.1981,35.4598],[116.1512,35.447],[116.1129,35.4902],[116.1085,35.6874],[116.0394,35.7518],[115.8679,35.8142],[115.8742,35.8578],[115.8701,35.8639],[115.8664,35.86307]]}},{"type":"Feature","properties":{"boundary_group":"china|shandong","parent_geo_key":"china|shandong","country_key":"china","left_geo_key":"china|shandong|jinan","right_geo_key":"china|shandong|liaocheng"},"geometry":{"type":"LineString","coordinates":[[116.5408,36.4089],[116.4793,36.339],[116.307762,36.273648],[116.3058,36.2729],[116.2217,36.1732]]}},{"type":"Feature","properties":{"boundary_group":"china|shandong","parent_geo_key":"china|shandong","country_key":"china","left_geo_key":"china|shandong|jinan","right_geo_key":"china|shandong|taian"},"geometry":{"type":"LineString","coordinates":[[116.2217,36.1732],[116.229711,36.162998],[116.2663,36.1164],[116.2571,36.0459],[116.2939,36.0285],[116.374784,36.078591],[116.434,36.0425],[116.5219,36.0708],[116.535537,36.0955],[116.549985,36.121669],[116.5574,36.1351],[116.533002,36.140517],[116.51327,36.162415],[116.5218,36.1763],[116.4667,36.2141],[116.5095,36.2563],[116.6454,36.2998],[116.7233,36.2836],[116.7708,36.3162],[116.97,36.2431],[117.0687,36.2971],[117.0826,36.3456],[117.1736,36.3529],[117.2837,36.4728],[117.3349,36.4697],[117.3417,36.3713],[117.4068,36.2678],[117.3927,36.2157],[117.4411,36.2181],[117.4343,36.1908],[117.4819,36.1592],[117.4409,36.0917],[117.5384,36.108],[117.5693,36.0754],[117.7359,36.0358],[117.7563,35.9903],[117.854874,36.009435],[117.92591,36.00339],[117.935419,36.002581]]}},{"type":"Feature","properties":{"boundary_group":"china|shandong","parent_geo_key":"china|shandong","country_key":"china","left_geo_key":"china|shandong|jinan","right_geo_key":"china|shandong|zibo"},"geometry":{"type":"LineString","coordinates":[[117.935419,36.002581],[117.9446,36.0018],[117.9267,36.0539],[117.9483,36.0903],[117.9201,36.0995],[117.9009,36.1772],[117.9557,36.2061],[117.966264,36.263328],[117.9672,36.2684],[117.927,36.2719],[117.9288,36.3472],[117.8755,36.3612],[117.8268,36.4431],[117.7496,36.4454],[117.7298,36.5048],[117.7549,36.5183],[117.6883,36.5688],[117.7084,36.628],[117.686,36.6615],[117.712,36.6976],[117.72811,36.697421]]}},{"type":"Feature","properties":{"boundary_group":"china|shandong","parent_geo_key":"china|shandong","country_key":"china","left_geo_key":"china|shandong|liaocheng","right_geo_key":"china|shandong|taian"},"geometry":{"type":"LineString","coordinates":[[116.096855,36.112874],[116.101336,36.126772],[116.1687,36.1727],[116.2217,36.1732]]}},{"type":"Feature","properties":{"boundary_group":"china|shandong","parent_geo_key":"china|shandong","country_key":"china","left_geo_key":"china|shandong|linyi","right_geo_key":"china|shandong|rizhao"},"geometry":{"type":"LineString","coordinates":[[119.192144,35.114722],[119.178053,35.134296],[119.1314,35.1991],[119.171103,35.248847],[119.1816,35.262],[119.175613,35.273779],[119.1449,35.3342],[119.088,35.3299],[119.013022,35.380235],[118.9949,35.3924],[118.9351,35.3315],[118.863,35.395],[118.7343,35.3587],[118.5998,35.3913],[118.623,35.4496],[118.7149,35.4669],[118.7272,35.4974],[118.6905,35.5339],[118.8002,35.7123],[118.7021,35.7363],[118.7113,35.8342],[118.8033,35.9467],[118.8926,35.9616],[118.8728,35.9988],[118.944679,36.018074],[119.0184,36.0262],[119.033772,36.025231]]}},{"type":"Feature","properties":{"boundary_group":"china|shandong","parent_geo_key":"china|shandong","country_key":"china","left_geo_key":"china|shandong|linyi","right_geo_key":"china|shandong|weifang"},"geometry":{"type":"LineString","coordinates":[[119.033772,36.025231],[119.0422,36.0247],[119.0562,36.0861],[118.9378,36.1196],[118.8703,36.0919],[118.8415,36.1992],[118.831369,36.200128],[118.7607,36.2066],[118.7205,36.141],[118.6475,36.1768],[118.629789,36.17248],[118.601826,36.16566],[118.5655,36.1568],[118.520121,36.098087],[118.5022,36.0749],[118.502323,36.07425]]}},{"type":"Feature","properties":{"boundary_group":"china|shandong","parent_geo_key":"china|shandong","country_key":"china","left_geo_key":"china|shandong|linyi","right_geo_key":"china|shandong|zibo"},"geometry":{"type":"LineString","coordinates":[[118.502323,36.07425],[118.5115,36.0259],[118.4641,36.0228],[118.4982,35.9622],[118.4534,35.9516],[118.4092,35.9917],[118.2558,35.9257],[118.1902,35.9721],[118.1918,36.0048],[118.1036,36.0299],[118.000694,35.958557]]}},{"type":"Feature","properties":{"boundary_group":"china|shandong","parent_geo_key":"china|shandong","country_key":"china","left_geo_key":"china|shandong|linyi","right_geo_key":"china|shandong|taian"},"geometry":{"type":"LineString","coordinates":[[118.000694,35.958557],[117.986691,35.94885],[117.9846,35.9474],[117.9524,35.8671],[117.8756,35.881],[117.8272,35.8372],[117.8376,35.742],[117.6166,35.7025],[117.5876,35.6326]]}},{"type":"Feature","properties":{"boundary_group":"china|shandong","parent_geo_key":"china|shandong","country_key":"china","left_geo_key":"china|shandong|jining","right_geo_key":"china|shandong|linyi"},"geometry":{"type":"LineString","coordinates":[[117.5876,35.6326],[117.5783,35.6122],[117.5853,35.5604],[117.4929,35.5522],[117.5099,35.511],[117.4592,35.51],[117.4205,35.4592],[117.4681,35.4115],[117.4403,35.3219],[117.4753,35.3146],[117.429853,35.278594],[117.4114,35.2718]]}},{"type":"Feature","properties":{"boundary_group":"china|shandong","parent_geo_key":"china|shandong","country_key":"china","left_geo_key":"china|shandong|linyi","right_geo_key":"china|shandong|zaozhuang"},"geometry":{"type":"LineString","coordinates":[[117.4114,35.2718],[117.4132,35.2654],[117.7391,35.022],[117.6927,34.9282],[117.7979,34.8338],[117.7689,34.7933],[117.824422,34.746578],[117.823449,34.727461],[117.790641,34.656735],[117.7881,34.655]]}},{"type":"Feature","properties":{"boundary_group":"china|shandong","parent_geo_key":"china|shandong","country_key":"china","left_geo_key":"china|shandong|qingdao","right_geo_key":"china|shandong|yantai"},"geometry":{"type":"LineString","coordinates":[[120.7206,36.6241],[120.6376,36.5748],[120.6558,36.6482],[120.549718,36.754728],[120.5368,36.7677],[120.6072,36.8302],[120.572,36.8796],[120.6181,36.907],[120.5556,36.9603],[120.60171,37.014582],[120.601637,37.025754],[120.5324,37.0473],[120.5428,37.1191],[120.5116,37.1483],[120.3474,37.0787],[120.2966,37.1318],[120.2315,37.125],[120.2,37.0375],[120.089351,37.012147],[120.0311,36.9988],[119.7994,37.0133],[119.7254,36.988],[119.6044,37.0146]]}},{"type":"Feature","properties":{"boundary_group":"china|shandong","parent_geo_key":"china|shandong","country_key":"china","left_geo_key":"china|shandong|qingdao","right_geo_key":"china|shandong|weifang"},"geometry":{"type":"LineString","coordinates":[[119.6044,37.0146],[119.5781,36.9515],[119.5928,36.8588],[119.5301,36.7432],[119.728,36.5636],[119.9223,36.5227],[119.9256,36.4954],[119.9668,36.5223],[119.9939,36.5036],[120.0065,36.4533],[119.9378,36.4347],[119.9182,36.4136],[119.9403,36.3846],[119.8996,36.3827],[119.8864,36.3182],[119.8139,36.2573],[119.8265,36.1807],[119.7304,36.1593],[119.684124,36.178219],[119.673685,36.178037],[119.658365,36.15607],[119.6283,36.0678],[119.7111,36.0445],[119.6751,36.0139],[119.7318,35.8629],[119.607,35.8131],[119.5856,35.7535],[119.6193,35.7131],[119.5218,35.7227],[119.519706,35.725861]]}},{"type":"Feature","properties":{"boundary_group":"china|shandong","parent_geo_key":"china|shandong","country_key":"china","left_geo_key":"china|shandong|qingdao","right_geo_key":"china|shandong|rizhao"},"geometry":{"type":"LineString","coordinates":[[119.519706,35.725861],[119.516423,35.671809],[119.5129,35.6138],[119.5328,35.5891],[119.638377,35.589746]]}},{"type":"Feature","properties":{"boundary_group":"china|shandong","parent_geo_key":"china|shandong","country_key":"china","left_geo_key":"china|shandong|rizhao","right_geo_key":"china|shandong|weifang"},"geometry":{"type":"LineString","coordinates":[[119.519706,35.725861],[119.499757,35.755982],[119.469818,35.801185],[119.460898,35.805623],[119.3616,35.7763],[119.349069,35.88814],[119.343225,35.895288],[119.3379,35.9018],[119.292722,35.900284],[119.226762,35.89807],[119.1323,35.8949],[119.1713,35.918],[119.174,35.972],[119.016,35.977],[119.033772,36.025231]]}},{"type":"Feature","properties":{"boundary_group":"china|shandong","parent_geo_key":"china|shandong","country_key":"china","left_geo_key":"china|shandong|jining","right_geo_key":"china|shandong|taian"},"geometry":{"type":"LineString","coordinates":[[116.046174,35.979874],[116.0543,35.981],[116.0417,35.9418],[116.089858,35.907393],[116.2285,35.8845],[116.2959,35.7776],[116.3547,35.8112],[116.4039,35.7879],[116.539,35.8507],[116.6139,35.9375],[116.6627,35.9383],[116.6604,35.8938],[116.6043,35.8539],[116.6787,35.8207],[116.687,35.7853],[116.622,35.7558],[116.6079,35.7041],[116.6868,35.7234],[116.7736,35.6785],[116.8162,35.7053],[116.8686,35.6817],[116.9521,35.7214],[116.9414,35.7508],[117.0063,35.8091],[117.0903,35.8032],[117.1311,35.7846],[117.1207,35.7651],[117.2596,35.7664],[117.3002,35.8],[117.4093,35.777],[117.5876,35.6326]]}},{"type":"Feature","properties":{"boundary_group":"china|shandong","parent_geo_key":"china|shandong","country_key":"china","left_geo_key":"china|shandong|taian","right_geo_key":"china|shandong|zibo"},"geometry":{"type":"LineString","coordinates":[[118.000694,35.958557],[117.9839,35.973],[117.9433,35.9562],[117.935419,36.002581]]}},{"type":"Feature","properties":{"boundary_group":"china|shandong","parent_geo_key":"china|shandong","country_key":"china","left_geo_key":"china|shandong|weihai","right_geo_key":"china|shandong|yantai"},"geometry":{"type":"LineString","coordinates":[[121.9225,37.4692],[121.9293,37.4545],[121.8635,37.3335],[121.741,37.2382],[121.7645,37.1979],[121.733,37.1282],[121.5855,37.1426],[121.5771,37.1074],[121.4426,37.1278],[121.3936,37.0958],[121.295,37.144],[121.1913,37.0704],[121.1744,36.9978],[121.2794,36.9147],[121.3571,36.9208],[121.3611,36.84],[121.4024,36.788]]}},{"type":"Feature","properties":{"boundary_group":"china|shandong","parent_geo_key":"china|shandong","country_key":"china","left_geo_key":"china|shandong|weifang","right_geo_key":"china|shandong|zibo"},"geometry":{"type":"LineString","coordinates":[[118.47333,36.944931],[118.4618,36.946],[118.483318,36.933308],[118.4761,36.8524],[118.4141,36.7958],[118.2922,36.7771],[118.2786,36.723],[118.2289,36.7255],[118.188899,36.603122],[118.1746,36.5934],[118.18212,36.582383],[118.2161,36.5326],[118.227735,36.413118],[118.2306,36.3837],[118.252025,36.368201],[118.2935,36.3382],[118.3011,36.2525],[118.3817,36.2383],[118.3943,36.1385],[118.40598,36.136967],[118.4865,36.1264],[118.483818,36.074015],[118.4835,36.0678],[118.491127,36.074108],[118.502323,36.07425]]}},{"type":"Feature","properties":{"boundary_group":"china|shandong","parent_geo_key":"china|shandong","country_key":"china","left_geo_key":"china|shandong|weifang","right_geo_key":"china|shandong|yantai"},"geometry":{"type":"LineString","coordinates":[[119.6044,37.0146],[119.602818,37.016302],[119.6077,37.0291],[119.581442,37.039299]]}},{"type":"Feature","properties":{"boundary_group":"china|shandong","parent_geo_key":"china|shandong","country_key":"china","left_geo_key":"china|shandong|jining","right_geo_key":"china|shandong|zaozhuang"},"geometry":{"type":"LineString","coordinates":[[117.4114,35.2718],[117.3936,35.3042],[117.3138,35.3207],[117.2527,35.2788],[117.2645,35.257],[117.0272,35.2234],[116.9321,35.1697],[116.872317,35.178616],[116.855,35.1646],[116.820352,35.174795],[116.812645,35.163469],[116.814709,35.153001],[116.9563,35.001],[116.9368,34.9802],[116.9664,34.9362],[117.0978,34.938],[117.1202,34.8591],[117.1876,34.8142],[117.1573,34.7839],[117.3077,34.7179],[117.4057,34.6233],[117.3879,34.5751]]}},{"type":"Feature","properties":{"boundary_group":"china|hunan","parent_geo_key":"china|hunan","country_key":"china","left_geo_key":"china|hunan|changde","right_geo_key":"china|hunan|zhangjiajie"},"geometry":{"type":"LineString","coordinates":[[110.6273,29.7599],[110.6321,29.749],[110.660887,29.72735],[110.6702,29.7064],[110.700085,29.697869],[110.706155,29.696137],[110.7252,29.6907],[110.7527,29.7196],[110.7615,29.685],[110.8567,29.7006],[111.0275,29.6715],[111.0479,29.6198],[111.2405,29.6071],[111.3252,29.513],[111.3198,29.4297],[111.2296,29.3369],[111.2293,29.2337],[111.1532,29.2421],[111.126644,29.219169],[111.0177,29.1251],[110.943,29.1394],[110.859371,29.101998],[110.8473,29.0966],[110.858437,29.087891],[110.904214,29.052093],[110.905163,29.051352],[110.907437,29.03514]]}},{"type":"Feature","properties":{"boundary_group":"china|hunan","parent_geo_key":"china|hunan","country_key":"china","left_geo_key":"china|hunan|changde","right_geo_key":"china|hunan|huaihua"},"geometry":{"type":"LineString","coordinates":[[110.907437,29.03514],[110.908,29.0386],[110.9135,29.0264],[110.9817,28.9915],[110.951,28.9128],[111.109,28.7471],[111.0905,28.7042],[111.0444,28.6953],[111.0496,28.647],[110.9395,28.6249],[110.9498,28.5704],[111.0385,28.6069],[111.0738,28.541],[111.0028,28.5477],[110.832596,28.404707]]}},{"type":"Feature","properties":{"boundary_group":"china|hunan","parent_geo_key":"china|hunan","country_key":"china","left_geo_key":"china|hunan|changde","right_geo_key":"china|hunan|yiyang"},"geometry":{"type":"LineString","coordinates":[[110.832596,28.404707],[111.1405,28.4764],[111.1475,28.5184],[111.2138,28.5395],[111.3185,28.5223],[111.463,28.5596],[111.5644,28.6437],[111.6594,28.6276],[111.676,28.5947],[111.7452,28.6631],[111.824,28.6191],[111.894,28.6375],[111.9259,28.6815],[112.0137,28.6415],[112.01455,28.644758],[112.0226,28.6756],[112.088,28.6447],[112.14,28.6566],[112.2797,28.7324],[112.298,28.7915],[112.294353,28.796771],[112.2513,28.859],[112.2419,29.1063],[112.1828,29.1468],[112.2223,29.2166],[112.2089,29.2948],[112.2529,29.2949],[112.252234,29.301993],[112.2473,29.3545],[112.2899,29.4105],[112.289853,29.439696],[112.289812,29.46513],[112.289742,29.509231],[112.289736,29.513052]]}},{"type":"Feature","properties":{"boundary_group":"china|hunan","parent_geo_key":"china|hunan","country_key":"china","left_geo_key":"china|hunan|chenzhou","right_geo_key":"china|hunan|hengyang"},"geometry":{"type":"LineString","coordinates":[[113.250402,26.823724],[113.250013,26.823393],[113.245021,26.819145],[113.1392,26.8388],[113.1433,26.7941],[113.0897,26.7778],[113.1769,26.6931],[113.1524,26.54],[113.225,26.4749],[113.1862,26.4523],[113.2012,26.423],[113.1619,26.4166],[113.1633,26.3299],[113.0776,26.252],[113.0177,26.2424],[113.021568,26.169787],[113.017594,26.166438],[112.995247,26.161746],[112.9206,26.1836],[112.8982,26.1516],[112.778,26.1994],[112.7568,26.1376],[112.6367,26.1085],[112.6649,26.1304],[112.6282,26.1454],[112.5945,26.2246],[112.5724,26.1705],[112.5179,26.1402],[112.3767,26.2123],[112.3009,26.1384]]}},{"type":"Feature","properties":{"boundary_group":"china|hunan","parent_geo_key":"china|hunan","country_key":"china","left_geo_key":"china|hunan|chenzhou","right_geo_key":"china|hunan|yongzhou"},"geometry":{"type":"LineString","coordinates":[[112.3009,26.1384],[112.2242,26.1148],[112.3325,26.0764],[112.2937,26.0141],[112.315,25.9508],[112.2658,25.9034],[112.32,25.8824],[112.3537,25.9109],[112.3831,25.8609],[112.3459,25.8383],[112.3877,25.7444],[112.34,25.6959],[112.2958,25.734],[112.2437,25.7067],[112.2339,25.6115],[112.317,25.5301],[112.3698,25.5413],[112.36,25.512],[112.4307,25.4229],[112.414,25.3993],[112.4537,25.3827],[112.3431,25.2919],[112.3568,25.1957]]}},{"type":"Feature","properties":{"boundary_group":"china|hunan","parent_geo_key":"china|hunan","country_key":"china","left_geo_key":"china|hunan|chenzhou","right_geo_key":"china|hunan|zhuzhou"},"geometry":{"type":"LineString","coordinates":[[113.946009,26.177965],[113.941,26.1871],[113.8428,26.1051],[113.7836,26.1159],[113.745082,26.053344],[113.735006,26.057418],[113.6857,26.105],[113.7391,26.1899],[113.7135,26.2355],[113.6105,26.2826],[113.580501,26.379411],[113.6089,26.43],[113.59001,26.487416],[113.6018,26.5071],[113.56904,26.551152],[113.543591,26.585373],[113.5342,26.598],[113.524523,26.595261],[113.492696,26.586253],[113.4222,26.5663],[113.3755,26.6962],[113.4216,26.7744],[113.3362,26.8135],[113.2887,26.767],[113.269,26.821],[113.2566,26.829],[113.250402,26.823724]]}},{"type":"Feature","properties":{"boundary_group":"china|hunan","parent_geo_key":"china|hunan","country_key":"china","left_geo_key":"china|hunan|hengyang","right_geo_key":"china|hunan|zhuzhou"},"geometry":{"type":"LineString","coordinates":[[113.250402,26.823724],[113.248396,26.826695],[113.228882,26.866554],[113.2802,26.9392],[113.2195,26.9601],[113.2297,27.0255],[113.1594,27.1034],[113.1625,27.1307],[113.2745,27.1706],[113.2518,27.2386],[113.1399,27.2554],[113.1096,27.2086],[113.0416,27.289],[112.9922,27.441],[112.9822,27.4435],[112.980323,27.44271]]}},{"type":"Feature","properties":{"boundary_group":"china|hunan","parent_geo_key":"china|hunan","country_key":"china","left_geo_key":"china|hunan|hengyang","right_geo_key":"china|hunan|xiangtan"},"geometry":{"type":"LineString","coordinates":[[112.980323,27.44271],[112.9173,27.4162],[112.9159,27.3626],[112.821194,27.345456],[112.7545,27.4066],[112.680949,27.418813],[112.679873,27.439088],[112.6855,27.4551],[112.678938,27.456695],[112.6139,27.4725],[112.523504,27.427745]]}},{"type":"Feature","properties":{"boundary_group":"china|hunan","parent_geo_key":"china|hunan","country_key":"china","left_geo_key":"china|hunan|hengyang","right_geo_key":"china|hunan|loudi"},"geometry":{"type":"LineString","coordinates":[[112.523504,27.427745],[112.514893,27.423482],[112.5018,27.417],[112.4793,27.3627],[112.3076,27.3705],[112.2264,27.2668],[112.1585,27.3282],[112.1487,27.2427],[112.083994,27.215922]]}},{"type":"Feature","properties":{"boundary_group":"china|hunan","parent_geo_key":"china|hunan","country_key":"china","left_geo_key":"china|hunan|hengyang","right_geo_key":"china|hunan|shaoyang"},"geometry":{"type":"LineString","coordinates":[[112.083994,27.215922],[112.0865,27.2088],[112.086742,27.19787],[112.0869,27.1907],[112.046156,27.14146],[112.044576,27.122093],[112.0839,27.0228],[112.013429,26.964021],[111.9965,26.9499],[111.8921,26.9343],[111.8645,27.0173],[111.7251,27.0699],[111.6618,27.0359],[111.6433,26.9698],[111.5769,26.967],[111.5833,26.9038],[111.545,26.8478],[111.523685,26.849638]]}},{"type":"Feature","properties":{"boundary_group":"china|hunan","parent_geo_key":"china|hunan","country_key":"china","left_geo_key":"china|hunan|hengyang","right_geo_key":"china|hunan|yongzhou"},"geometry":{"type":"LineString","coordinates":[[111.523685,26.849638],[111.5388,26.8448],[111.5395,26.8238],[111.5984,26.7884],[111.6541,26.8469],[111.7092,26.8528],[111.7801,26.7894],[111.8658,26.8027],[111.9956,26.6062],[112.0013,26.6531],[112.0995,26.658],[112.1643,26.5901],[112.141,26.513],[112.2349,26.5407],[112.2273,26.5051],[112.1494,26.4931],[112.1344,26.3927],[112.1711,26.3124],[112.2076,26.3105],[112.1763,26.1843],[112.2276,26.1232],[112.3009,26.1384]]}},{"type":"Feature","properties":{"boundary_group":"china|hunan","parent_geo_key":"china|hunan","country_key":"china","left_geo_key":"china|hunan|huaihua","right_geo_key":"china|hunan|zhangjiajie"},"geometry":{"type":"LineString","coordinates":[[110.907437,29.03514],[110.903643,29.011833],[110.8544,29.0013],[110.8423,28.9482],[110.7892,28.9592],[110.7695,28.9065],[110.7227,28.9365],[110.676,28.9056],[110.5594,29.0075],[110.5135,28.9363],[110.5277,28.8846],[110.482,28.916],[110.4588,28.8861],[110.3869,28.8937],[110.385011,28.889498]]}},{"type":"Feature","properties":{"boundary_group":"china|hunan","parent_geo_key":"china|hunan","country_key":"china","left_geo_key":"china|hunan|huaihua","right_geo_key":"china|hunan|xiangxitujiazumiaozu"},"geometry":{"type":"LineString","coordinates":[[110.385011,28.889498],[110.381411,28.88149],[110.364281,28.843387],[110.3294,28.7658],[110.278,28.766],[110.2669,28.675],[110.2137,28.6493],[110.2292,28.5649],[110.1652,28.5855],[110.158,28.4695],[110.1012,28.4638],[110.1073,28.4118],[110.2014,28.3654],[110.1771,28.268],[110.2412,28.218],[110.1644,28.1631],[110.1577,28.1009],[110.1071,28.0941],[110.1337,28.049],[110.0938,27.9778],[110.0467,27.9595],[110.0515,27.9267],[110.0111,27.9095],[109.9348,27.9664],[109.8912,27.9436],[109.8307,27.9892],[109.7815,27.9801],[109.7833,28.0275],[109.7261,28.0237],[109.6995,27.9452],[109.6252,27.9137],[109.6424,27.8373],[109.5473,27.7842],[109.53,27.8123],[109.4545,27.8068],[109.414198,27.74045],[109.401488,27.73024]]}},{"type":"Feature","properties":{"boundary_group":"china|hunan","parent_geo_key":"china|hunan","country_key":"china","left_geo_key":"china|hunan|huaihua","right_geo_key":"china|hunan|shaoyang"},"geometry":{"type":"LineString","coordinates":[[109.9637,26.2033],[110.0101,26.3296],[109.937198,26.472959],[109.9326,26.482],[109.92863,26.481383],[109.8561,26.4701],[109.888,26.5298],[109.816,26.6128],[109.9091,26.6877],[109.9633,26.6967],[110.0013,26.6674],[110.0607,26.7],[110.0341,26.8384],[110.0961,26.9023],[110.0783,26.9524],[110.1943,27.0661],[110.1967,27.1271],[110.2875,27.1664],[110.3373,27.1538],[110.3721,27.2268],[110.4478,27.2083],[110.4571,27.2563],[110.5465,27.3173],[110.5774,27.2822],[110.605,27.2931],[110.6916,27.4576],[110.6807,27.5063],[110.6232,27.5409],[110.6775,27.6133],[110.7333,27.6311],[110.7884,27.5643],[110.795819,27.568119],[110.8461,27.594],[110.865925,27.661156]]}},{"type":"Feature","properties":{"boundary_group":"china|hunan","parent_geo_key":"china|hunan","country_key":"china","left_geo_key":"china|hunan|huaihua","right_geo_key":"china|hunan|loudi"},"geometry":{"type":"LineString","coordinates":[[110.865925,27.661156],[110.867185,27.665423],[110.8683,27.6692],[110.862567,27.671837],[110.794818,27.765944],[110.775443,27.806546],[110.7966,27.8638],[110.8897,27.8531],[110.9712,27.916],[110.9621,27.9564],[110.9954,27.9958],[110.9605,28.0051],[110.9701,28.0328],[111.015475,28.044022]]}},{"type":"Feature","properties":{"boundary_group":"china|hunan","parent_geo_key":"china|hunan","country_key":"china","left_geo_key":"china|hunan|huaihua","right_geo_key":"china|hunan|yiyang"},"geometry":{"type":"LineString","coordinates":[[111.015475,28.044022],[111.0166,28.0443],[110.9638,28.0701],[110.894825,28.01191],[110.8588,28.0177],[110.8901,28.0617],[110.873258,28.069795],[110.8281,28.0915],[110.8563,28.2056],[110.7979,28.2151],[110.795,28.2809],[110.7207,28.3107],[110.832596,28.404707]]}},{"type":"Feature","properties":{"boundary_group":"china|hunan","parent_geo_key":"china|hunan","country_key":"china","left_geo_key":"china|hunan|loudi","right_geo_key":"china|hunan|xiangtan"},"geometry":{"type":"LineString","coordinates":[[112.523504,27.427745],[112.473757,27.475442],[112.4292,27.5216],[112.42694,27.520331],[112.3633,27.4846],[112.2996,27.4973],[112.323826,27.583036],[112.3291,27.6017],[112.2763,27.645],[112.3061,27.6456],[112.314285,27.66871],[112.318391,27.680304],[112.3214,27.6888],[112.308126,27.692401],[112.2381,27.7114],[112.1969,27.6569],[112.1336,27.6699],[112.119853,27.651887],[112.106517,27.65102],[112.060139,27.669793],[112.044234,27.697025],[112.04635,27.710214],[112.125,27.7484],[112.0963,27.8116],[112.0486,27.8084],[112.0059,27.8467],[111.9954,27.9109]]}},{"type":"Feature","properties":{"boundary_group":"china|hunan","parent_geo_key":"china|hunan","country_key":"china","left_geo_key":"china|hunan|changsha","right_geo_key":"china|hunan|loudi"},"geometry":{"type":"LineString","coordinates":[[111.9954,27.9109],[111.989718,27.920105],[111.9454,27.9919],[111.901206,27.987165],[111.8922,27.9862],[111.896302,27.999891],[111.905388,28.030212]]}},{"type":"Feature","properties":{"boundary_group":"china|hunan","parent_geo_key":"china|hunan","country_key":"china","left_geo_key":"china|hunan|loudi","right_geo_key":"china|hunan|yiyang"},"geometry":{"type":"LineString","coordinates":[[111.905388,28.030212],[111.797375,28.002658],[111.7258,27.9844],[111.721284,27.985179],[111.6823,27.9919],[111.6741,28.0458],[111.5985,28.0366],[111.5347,27.9819],[111.5702,28.0288],[111.5054,28.069],[111.5226,28.029],[111.48,28.046],[111.4908,28.1957],[111.341,28.1978],[111.3084,28.2386],[111.2457,28.166],[111.1486,28.1272],[111.0926,28.0051],[111.025348,28.039039],[111.015475,28.044022]]}},{"type":"Feature","properties":{"boundary_group":"china|hunan","parent_geo_key":"china|hunan","country_key":"china","left_geo_key":"china|hunan|loudi","right_geo_key":"china|hunan|shaoyang"},"geometry":{"type":"LineString","coordinates":[[110.865925,27.661156],[110.870128,27.661335],[110.9847,27.6662],[110.9964,27.6301],[111.0556,27.6398],[111.0782,27.5885],[111.1443,27.5859],[111.2377,27.5283],[111.294,27.5706],[111.3538,27.526],[111.429,27.5926],[111.4728,27.5776],[111.5558,27.6353],[111.6064,27.5681],[111.6328,27.5847],[111.6477,27.5174],[111.6643,27.5417],[111.7862,27.4996],[111.8173,27.4537],[111.8574,27.4633],[111.9246,27.3724],[112.0593,27.2861],[112.083994,27.215922]]}},{"type":"Feature","properties":{"boundary_group":"china|hunan","parent_geo_key":"china|hunan","country_key":"china","left_geo_key":"china|hunan|shaoyang","right_geo_key":"china|hunan|yongzhou"},"geometry":{"type":"LineString","coordinates":[[111.007318,26.371944],[111.019752,26.400126],[111.0617,26.5834],[111.121288,26.617488],[111.129,26.6219],[111.1246,26.5533],[111.185566,26.468276],[111.2856,26.4943],[111.3019,26.6288],[111.2804,26.6671],[111.32,26.7143],[111.325348,26.831401],[111.3258,26.8413],[111.33172,26.842672],[111.405698,26.859814],[111.4557,26.8714],[111.523685,26.849638]]}},{"type":"Feature","properties":{"boundary_group":"china|hunan","parent_geo_key":"china|hunan","country_key":"china","left_geo_key":"china|hunan|xiangtan","right_geo_key":"china|hunan|zhuzhou"},"geometry":{"type":"LineString","coordinates":[[112.980323,27.44271],[112.9647,27.4819],[112.9662,27.5742],[113.0065,27.6016],[112.9903,27.621],[113.0338,27.625],[112.9877,27.6769],[113.0521,27.7236],[112.9907,27.8128],[113.0405,27.8497],[113.0689,27.9499]]}},{"type":"Feature","properties":{"boundary_group":"china|hunan","parent_geo_key":"china|hunan","country_key":"china","left_geo_key":"china|hunan|changsha","right_geo_key":"china|hunan|xiangtan"},"geometry":{"type":"LineString","coordinates":[[113.0689,27.9499],[113.0806,27.9526],[113.063064,28.011117],[112.9974,27.9692],[112.937067,28.009934],[112.931241,28.000055],[112.9352,27.9856],[112.920912,27.982538],[112.907316,27.979625],[112.8988,27.9778],[112.8531,27.9899],[112.7932,28.076],[112.802,28.0333],[112.7661,28.0376],[112.7267,27.9207],[112.6501,27.9458],[112.6407,27.8842],[112.6047,27.9031],[112.5934,27.9579],[112.508,27.9965],[112.4742,28.0633],[112.414437,28.04073],[112.403709,28.014403],[112.4041,27.9728],[112.386644,27.972525],[112.1879,27.9694],[112.0968,27.8966],[111.9954,27.9109]]}},{"type":"Feature","properties":{"boundary_group":"china|hunan","parent_geo_key":"china|hunan","country_key":"china","left_geo_key":"china|hunan|xiangxitujiazumiaozu","right_geo_key":"china|hunan|zhangjiajie"},"geometry":{"type":"LineString","coordinates":[[110.385011,28.889498],[110.377061,28.889864],[110.3559,28.9306],[110.3029,28.9467],[110.3441,29.0217],[110.3015,29.0411],[110.2974,29.0903],[110.245,29.0803],[110.2577,29.1211],[110.2204,29.1177],[110.1992,29.164],[110.0901,29.1441],[110.066,29.2266],[110.1108,29.2868],[110.076,29.3217],[110.0104,29.2922],[109.9314,29.3196],[109.9551,29.3946],[109.9165,29.4474],[109.8237,29.3785],[109.7292,29.5382],[109.7769,29.5785],[109.7455,29.6188],[109.733169,29.612384],[109.7184,29.6047],[109.7086,29.6132]]}},{"type":"Feature","properties":{"boundary_group":"china|hunan","parent_geo_key":"china|hunan","country_key":"china","left_geo_key":"china|hunan|changsha","right_geo_key":"china|hunan|yiyang"},"geometry":{"type":"LineString","coordinates":[[111.905388,28.030212],[111.9073,28.0307],[111.906553,28.034102],[111.8927,28.0972],[111.9352,28.1915],[112.014074,28.246439],[112.1096,28.2754],[112.2324,28.2186],[112.3101,28.2874],[112.5482,28.3207],[112.6673,28.5212],[112.6799,28.528],[112.691217,28.537647]]}},{"type":"Feature","properties":{"boundary_group":"china|hunan","parent_geo_key":"china|hunan","country_key":"china","left_geo_key":"china|hunan|yiyang","right_geo_key":"china|hunan|yueyang"},"geometry":{"type":"LineString","coordinates":[[112.691217,28.537647],[112.6841,28.5487],[112.7307,28.5713],[112.70549,28.596749],[112.63924,28.568596],[112.6088,28.551],[112.602863,28.553138],[112.5591,28.5689],[112.5826,28.6322],[112.5063,28.6582],[112.523,28.7057],[112.6668,28.7946],[112.6803,28.8826],[112.8218,28.9286],[112.9185,29.0224],[112.9397,29.0566],[112.9195,29.1526],[112.6727,29.1945],[112.6842,29.296],[112.6269,29.3393],[112.5735,29.3057],[112.4982,29.3139],[112.389,29.3964],[112.3602,29.4585],[112.3251,29.4486],[112.3135,29.542]]}},{"type":"Feature","properties":{"boundary_group":"china|hunan","parent_geo_key":"china|hunan","country_key":"china","left_geo_key":"china|hunan|changsha","right_geo_key":"china|hunan|yueyang"},"geometry":{"type":"LineString","coordinates":[[112.691217,28.537647],[112.703337,28.518825],[112.7058,28.515],[112.711916,28.51826],[112.7923,28.5611],[112.7829,28.5276],[112.8187,28.514],[112.9703,28.5245],[112.9615,28.4725],[112.9852,28.4639],[113.0726,28.5254],[113.1429,28.4746],[113.1963,28.5598],[113.1744,28.6037],[113.2288,28.6628],[113.3165,28.6177],[113.3794,28.6482],[113.4201,28.6389],[113.4092,28.5901],[113.4496,28.5999],[113.53,28.5304],[113.5719,28.5423],[113.6981,28.4259],[113.8123,28.4688],[113.8506,28.5351],[113.902509,28.528587],[113.9319,28.5249],[113.9702,28.5681],[114.051,28.548],[114.070608,28.560804],[114.091351,28.574349]]}},{"type":"Feature","properties":{"boundary_group":"china|hunan","parent_geo_key":"china|hunan","country_key":"china","left_geo_key":"china|hunan|changsha","right_geo_key":"china|hunan|zhuzhou"},"geometry":{"type":"LineString","coordinates":[[113.0689,27.9499],[113.118142,27.925515],[113.1247,27.9146],[113.126148,27.92155],[113.1422,27.9986],[113.2499,28.0217],[113.2827,27.9128],[113.2658,27.867],[113.401,27.8571],[113.4077,27.8923],[113.5639,27.9687],[113.5711,27.9008],[113.646846,27.89484],[113.6952,27.8733],[113.71443,27.889522]]}},{"type":"Feature","properties":{"boundary_group":"china|jiangsu","parent_geo_key":"china|jiangsu","country_key":"china","left_geo_key":"china|jiangsu|changzhou","right_geo_key":"china|jiangsu|zhenjiang"},"geometry":{"type":"LineString","coordinates":[[119.9694,32.0176],[119.9114,32.0066],[119.8641,32.0609],[119.7959,32.0576],[119.7662,31.9608],[119.7841,31.931],[119.7493,31.8844],[119.7655,31.85],[119.8067,31.8543],[119.737,31.774],[119.7393,31.7325],[119.6099,31.7982],[119.555039,31.859026],[119.5492,31.8655],[119.540101,31.863269],[119.4474,31.8896],[119.424636,31.848077],[119.418324,31.836563],[119.3315,31.8588],[119.2975,31.7623],[119.3197,31.6908],[119.239223,31.633096],[119.231,31.6272]]}},{"type":"Feature","properties":{"boundary_group":"china|jiangsu","parent_geo_key":"china|jiangsu","country_key":"china","left_geo_key":"china|jiangsu|changzhou","right_geo_key":"china|jiangsu|nanjing"},"geometry":{"type":"LineString","coordinates":[[119.231,31.6272],[119.165205,31.497677],[119.147807,31.463427],[119.158003,31.420864],[119.2129,31.3508],[119.195781,31.290091]]}},{"type":"Feature","properties":{"boundary_group":"china|jiangsu","parent_geo_key":"china|jiangsu","country_key":"china","left_geo_key":"china|jiangsu|changzhou","right_geo_key":"china|jiangsu|wuxi"},"geometry":{"type":"LineString","coordinates":[[119.5281,31.161],[119.543113,31.205609],[119.534007,31.240275],[119.522,31.2537],[119.521943,31.286204],[119.52182,31.355773],[119.5218,31.3671],[119.525743,31.376888],[119.541925,31.417054],[119.5498,31.4366],[119.5854,31.4434],[119.5625,31.5066],[119.6602,31.6139],[119.7109,31.5581],[119.8396,31.5272],[119.9329,31.5555],[120.03455,31.496938],[120.0426,31.4923],[120.0162,31.3732],[120.039285,31.362137],[120.0378,31.4066],[120.1247,31.5082],[120.0513,31.5651],[120.1229,31.687],[120.1463,31.6832],[120.1503,31.7578],[120.1981,31.7557],[120.1687,31.8719],[120,31.828],[120.0027,31.9495],[120.0135,31.9699]]}},{"type":"Feature","properties":{"boundary_group":"china|jiangsu","parent_geo_key":"china|jiangsu","country_key":"china","left_geo_key":"china|jiangsu|changzhou","right_geo_key":"china|jiangsu|taizhou"},"geometry":{"type":"LineString","coordinates":[[120.0135,31.9699],[119.984854,32.002898],[119.9694,32.0176]]}},{"type":"Feature","properties":{"boundary_group":"china|jiangsu","parent_geo_key":"china|jiangsu","country_key":"china","left_geo_key":"china|jiangsu|huaian","right_geo_key":"china|jiangsu|yangzhou"},"geometry":{"type":"LineString","coordinates":[[119.181469,32.817813],[119.2634,32.803],[119.3297,32.8244],[119.3202,32.9953],[119.354466,33.05216],[119.3569,33.0562],[119.34343,33.071223],[119.2598,33.1645],[119.2201,33.1538],[119.2115,33.2062],[119.1422,33.2148],[119.1413,33.2584],[119.2582,33.3032],[119.2283,33.3491],[119.432,33.3804],[119.4612,33.4099],[119.5607,33.3975]]}},{"type":"Feature","properties":{"boundary_group":"china|jiangsu","parent_geo_key":"china|jiangsu","country_key":"china","left_geo_key":"china|jiangsu|huaian","right_geo_key":"china|jiangsu|yancheng"},"geometry":{"type":"LineString","coordinates":[[119.5607,33.3975],[119.594453,33.441815],[119.4924,33.522],[119.4504,33.6422],[119.4789,33.6515],[119.4711,33.6949],[119.5403,33.8196],[119.636025,33.921986],[119.636474,33.929742],[119.585,33.9593],[119.569572,34.00364],[119.562009,34.025376]]}},{"type":"Feature","properties":{"boundary_group":"china|jiangsu","parent_geo_key":"china|jiangsu","country_key":"china","left_geo_key":"china|jiangsu|huaian","right_geo_key":"china|jiangsu|lianyungang"},"geometry":{"type":"LineString","coordinates":[[119.562009,34.025376],[119.5155,34.0303],[119.4359,33.9817],[119.3854,34.0426],[119.233,34.0383],[119.1688,34.0944]]}},{"type":"Feature","properties":{"boundary_group":"china|jiangsu","parent_geo_key":"china|jiangsu","country_key":"china","left_geo_key":"china|jiangsu|huaian","right_geo_key":"china|jiangsu|suqian"},"geometry":{"type":"LineString","coordinates":[[119.1688,34.0944],[119.0033,33.8999],[118.951738,33.915645],[118.9473,33.917],[118.936201,33.911948],[118.840068,33.868187],[118.8245,33.8611],[118.7949,33.8202],[118.7933,33.6458],[118.7516,33.6402],[118.7994,33.5763],[118.7757,33.4419],[118.7372,33.3919],[118.771,33.3465],[118.5071,33.2575],[118.4017,33.1871],[118.27,33.2095],[118.2176,33.1772]]}},{"type":"Feature","properties":{"boundary_group":"china|jiangsu","parent_geo_key":"china|jiangsu","country_key":"china","left_geo_key":"china|jiangsu|lianyungang","right_geo_key":"china|jiangsu|yancheng"},"geometry":{"type":"LineString","coordinates":[[119.562009,34.025376],[119.5485,34.0642],[119.5734,34.1032],[119.533,34.111],[119.4974,34.1728],[119.7351,34.3107],[119.7994,34.3829],[119.792907,34.430539],[119.7899,34.4526],[119.804174,34.450826]]}},{"type":"Feature","properties":{"boundary_group":"china|jiangsu","parent_geo_key":"china|jiangsu","country_key":"china","left_geo_key":"china|jiangsu|lianyungang","right_geo_key":"china|jiangsu|xuzhou"},"geometry":{"type":"LineString","coordinates":[[118.4023,34.4333],[118.5797,34.4208],[118.6169,34.4638],[118.6726,34.4127],[118.639,34.3579]]}},{"type":"Feature","properties":{"boundary_group":"china|jiangsu","parent_geo_key":"china|jiangsu","country_key":"china","left_geo_key":"china|jiangsu|lianyungang","right_geo_key":"china|jiangsu|suqian"},"geometry":{"type":"LineString","coordinates":[[118.639,34.3579],[118.7793,34.3123],[118.8316,34.3697],[118.937,34.3802],[118.9542,34.3516],[118.9895,34.4045],[119.0836,34.4219],[119.052874,34.355421],[119.056817,34.332047],[119.0928,34.2055],[119.1349,34.1986],[119.122,34.1424],[119.1638,34.1301],[119.168137,34.099131],[119.1688,34.0944]]}},{"type":"Feature","properties":{"boundary_group":"china|jiangsu","parent_geo_key":"china|jiangsu","country_key":"china","left_geo_key":"china|jiangsu|nanjing","right_geo_key":"china|jiangsu|zhenjiang"},"geometry":{"type":"LineString","coordinates":[[119.231,31.6272],[119.225462,31.632773],[119.192813,31.665632],[119.0751,31.7841],[118.9739,31.7674],[119.0008,31.7963],[118.9748,31.8423],[119.1101,31.8909],[119.0986,31.9337],[119.0239,31.9555],[119.1148,31.984],[119.087,32.0076],[119.0937,32.0877],[119.008321,32.124726],[119.015487,32.134936],[119.056776,32.164898],[119.078,32.1803],[119.233805,32.216255],[119.2366,32.2169],[119.234785,32.217282]]}},{"type":"Feature","properties":{"boundary_group":"china|jiangsu","parent_geo_key":"china|jiangsu","country_key":"china","left_geo_key":"china|jiangsu|nanjing","right_geo_key":"china|jiangsu|yangzhou"},"geometry":{"type":"LineString","coordinates":[[119.234785,32.217282],[119.031,32.2602],[119.0367,32.3677],[119.021859,32.387457],[119.018892,32.428768],[119.039107,32.456225],[119.07009,32.457801]]}},{"type":"Feature","properties":{"boundary_group":"china|jiangsu","parent_geo_key":"china|jiangsu","country_key":"china","left_geo_key":"china|jiangsu|nantong","right_geo_key":"china|jiangsu|yancheng"},"geometry":{"type":"LineString","coordinates":[[120.9663,32.6508],[120.859,32.6323],[120.7953,32.5827],[120.6948,32.6056],[120.65428,32.580479],[120.6477,32.5764],[120.64901,32.586876],[120.630556,32.609273],[120.61,32.6117],[120.5956,32.6517],[120.438,32.6321],[120.3757,32.7147],[120.2197,32.678],[120.2073,32.6054],[120.199836,32.612227]]}},{"type":"Feature","properties":{"boundary_group":"china|jiangsu","parent_geo_key":"china|jiangsu","country_key":"china","left_geo_key":"china|jiangsu|nantong","right_geo_key":"china|jiangsu|taizhou"},"geometry":{"type":"LineString","coordinates":[[120.199836,32.612227],[120.1972,32.6035],[120.229803,32.597656],[120.249964,32.594041],[120.2843,32.3727],[120.344,32.3562],[120.3515,32.1328],[120.5077,32.0951],[120.5526,32.0113]]}},{"type":"Feature","properties":{"boundary_group":"china|jiangsu","parent_geo_key":"china|jiangsu","country_key":"china","left_geo_key":"china|jiangsu|nantong","right_geo_key":"china|jiangsu|suzhou"},"geometry":{"type":"LineString","coordinates":[[120.5526,32.0113],[120.7826,32.0019],[120.8809,31.8333],[120.890917,31.829372],[120.953813,31.804704],[121.0038,31.7851],[121.090087,31.766583],[121.097,31.7651]]}},{"type":"Feature","properties":{"boundary_group":"china|jiangsu","parent_geo_key":"china|jiangsu","country_key":"china","left_geo_key":"china|jiangsu|suzhou","right_geo_key":"china|jiangsu|taizhou"},"geometry":{"type":"LineString","coordinates":[[120.5526,32.0113],[120.4912,32.0479],[120.467871,32.043488],[120.442175,32.038629],[120.4251,32.0354],[120.384046,32.007344],[120.3673,31.9959]]}},{"type":"Feature","properties":{"boundary_group":"china|jiangsu","parent_geo_key":"china|jiangsu","country_key":"china","left_geo_key":"china|jiangsu|suzhou","right_geo_key":"china|jiangsu|wuxi"},"geometry":{"type":"LineString","coordinates":[[120.3673,31.9959],[120.3679,31.9412],[120.3765,31.9129],[120.478082,31.876588],[120.490511,31.865363],[120.5188,31.8006],[120.583207,31.767253],[120.586495,31.752363],[120.5951,31.7134],[120.5606,31.6838],[120.5949,31.6186],[120.5385,31.6065],[120.591,31.5771],[120.6009,31.5254],[120.5127,31.4591],[120.4136,31.4499],[120.0048,31.2532],[119.9154,31.1736]]}},{"type":"Feature","properties":{"boundary_group":"china|jiangsu","parent_geo_key":"china|jiangsu","country_key":"china","left_geo_key":"china|jiangsu|suqian","right_geo_key":"china|jiangsu|xuzhou"},"geometry":{"type":"LineString","coordinates":[[118.639,34.3579],[118.6292,34.3139],[118.5671,34.3029],[118.5544,34.1733],[118.4992,34.16],[118.4754,34.1005],[118.2271,34.1016],[118.1795,34.1652],[118.1402,34.1368],[118.0646,34.1685],[117.9946,34.1384],[117.9889,34.1068],[118.042,34.0958],[118.0589,34.0601],[118.0269,33.9856],[118.082,33.9431],[118.1193,33.9568],[118.1606,33.8851],[118.1825,33.8276],[118.1512,33.7957],[118.1633,33.7507],[118.142951,33.751663]]}},{"type":"Feature","properties":{"boundary_group":"china|jiangsu","parent_geo_key":"china|jiangsu","country_key":"china","left_geo_key":"china|jiangsu|taizhou","right_geo_key":"china|jiangsu|wuxi"},"geometry":{"type":"LineString","coordinates":[[120.3673,31.9959],[120.2513,31.9359],[120.1535,31.9341],[120.0135,31.9699]]}},{"type":"Feature","properties":{"boundary_group":"china|jiangsu","parent_geo_key":"china|jiangsu","country_key":"china","left_geo_key":"china|jiangsu|yancheng","right_geo_key":"china|jiangsu|yangzhou"},"geometry":{"type":"LineString","coordinates":[[119.5607,33.3975],[119.6007,33.3815],[119.6424,33.2826],[119.690423,33.277599],[119.6791,33.2399],[119.704767,33.214347],[119.717794,33.201378]]}},{"type":"Feature","properties":{"boundary_group":"china|jiangsu","parent_geo_key":"china|jiangsu","country_key":"china","left_geo_key":"china|jiangsu|taizhou","right_geo_key":"china|jiangsu|yancheng"},"geometry":{"type":"LineString","coordinates":[[119.717794,33.201378],[119.738805,33.180459],[119.746005,33.165615],[119.7427,33.1324],[119.760791,33.13513],[120.0727,33.1822],[120.084247,33.179519],[120.2919,33.1313],[120.296475,32.973558],[120.284326,32.951362],[120.244154,32.927281],[120.190632,32.927441],[120.1741,32.934],[120.174052,32.927491],[120.17399,32.919],[120.1737,32.8797],[120.192132,32.865632],[120.1968,32.8519],[120.1529,32.7853],[120.214755,32.780404],[120.215444,32.767823],[120.1162,32.6819],[120.1062,32.6164],[120.178,32.6322],[120.199836,32.612227]]}},{"type":"Feature","properties":{"boundary_group":"china|jiangsu","parent_geo_key":"china|jiangsu","country_key":"china","left_geo_key":"china|jiangsu|yangzhou","right_geo_key":"china|jiangsu|zhenjiang"},"geometry":{"type":"LineString","coordinates":[[119.234785,32.217282],[119.2513,32.2346],[119.278059,32.236704],[119.378,32.2272],[119.453836,32.250528],[119.527465,32.273177],[119.5724,32.287],[119.5662,32.2485],[119.6135,32.2495],[119.6148,32.2246],[119.7375,32.3159],[119.8182,32.304]]}},{"type":"Feature","properties":{"boundary_group":"china|jiangsu","parent_geo_key":"china|jiangsu","country_key":"china","left_geo_key":"china|jiangsu|taizhou","right_geo_key":"china|jiangsu|yangzhou"},"geometry":{"type":"LineString","coordinates":[[119.8182,32.304],[119.8444,32.3329],[119.8673,32.4188],[119.8491,32.4683],[119.8099,32.4745],[119.8342,32.5419],[119.8096,32.6257],[119.9073,32.6271],[119.894372,32.64778],[119.8956,32.6481],[119.849967,32.756725],[119.8587,32.7781],[119.836877,32.787884],[119.7865,32.9078],[119.708659,32.941503],[119.6887,33.0844],[119.6412,33.1222],[119.649601,33.140269],[119.686425,33.189717],[119.717794,33.201378]]}},{"type":"Feature","properties":{"boundary_group":"china|jiangsu","parent_geo_key":"china|jiangsu","country_key":"china","left_geo_key":"china|jiangsu|taizhou","right_geo_key":"china|jiangsu|zhenjiang"},"geometry":{"type":"LineString","coordinates":[[119.9694,32.0176],[119.967032,32.023427],[119.9457,32.048],[119.8806,32.2353],[119.8182,32.304]]}},{"type":"Feature","properties":{"boundary_group":"china|guangdong","parent_geo_key":"china|guangdong","country_key":"china","left_geo_key":"china|guangdong|chaozhou","right_geo_key":"china|guangdong|meizhou"},"geometry":{"type":"LineString","coordinates":[[116.9287,24.2254],[116.924449,24.224811],[116.900303,24.221462],[116.876,24.1727],[116.774,24.1518],[116.7613,24.0826],[116.6949,24.0538],[116.682,23.993],[116.6051,23.9694],[116.588771,23.908167],[116.5875,23.9034],[116.4923,23.8719],[116.5224,23.8342],[116.4918,23.7547],[116.423012,23.7765],[116.3638,23.7354]]}},{"type":"Feature","properties":{"boundary_group":"china|guangdong","parent_geo_key":"china|guangdong","country_key":"china","left_geo_key":"china|guangdong|chaozhou","right_geo_key":"china|guangdong|jieyang"},"geometry":{"type":"MultiLineString","coordinates":[[[116.3638,23.7354],[116.401011,23.703005],[116.5096,23.6573],[116.5216,23.5942],[116.5632,23.5706],[116.5476,23.4887],[116.613077,23.451636]],[[116.625879,23.44439],[116.6301,23.442],[116.6267,23.443046]]]}},{"type":"Feature","properties":{"boundary_group":"china|guangdong","parent_geo_key":"china|guangdong","country_key":"china","left_geo_key":"china|guangdong|chaozhou","right_geo_key":"china|guangdong|shantou"},"geometry":{"type":"MultiLineString","coordinates":[[[116.613077,23.451636],[116.622303,23.45024],[116.625879,23.44439]],[[116.6267,23.443046],[116.6351,23.4293],[116.6946,23.4393],[116.7151,23.4735],[116.7088,23.6004],[116.7806,23.5818],[116.8307,23.6482],[116.895,23.6195]]]}},{"type":"Feature","properties":{"boundary_group":"china|guangdong","parent_geo_key":"china|guangdong","country_key":"china","left_geo_key":"china|guangdong|dongguan","right_geo_key":"china|guangdong|huizhou"},"geometry":{"type":"LineString","coordinates":[[114.2243,22.8153],[114.2264,22.8832],[114.2552,22.9017],[114.2085,22.9307],[114.2177,22.9818],[114.1241,22.9925],[114.1431,23.0289],[114.075406,23.093963],[113.8424,23.1193],[113.840683,23.125483]]}},{"type":"Feature","properties":{"boundary_group":"china|guangdong","parent_geo_key":"china|guangdong","country_key":"china","left_geo_key":"china|guangdong|dongguan","right_geo_key":"china|guangdong|guangzhou"},"geometry":{"type":"LineString","coordinates":[[113.840683,23.125483],[113.834,23.1199],[113.7194,23.1449],[113.551728,23.081228],[113.5123,23.029],[113.568357,22.854557],[113.592755,22.824387]]}},{"type":"Feature","properties":{"boundary_group":"china|guangdong","parent_geo_key":"china|guangdong","country_key":"china","left_geo_key":"china|guangdong|dongguan","right_geo_key":"china|guangdong|shenzhen"},"geometry":{"type":"LineString","coordinates":[[113.775394,22.760244],[113.8733,22.8554],[113.945571,22.821827],[113.9913,22.7714],[114.080423,22.751781],[114.102235,22.738569],[114.1743,22.6598],[114.2103,22.7423],[114.1744,22.7819],[114.2243,22.8153]]}},{"type":"Feature","properties":{"boundary_group":"china|guangdong","parent_geo_key":"china|guangdong","country_key":"china","left_geo_key":"china|guangdong|foshan","right_geo_key":"china|guangdong|guangzhou"},"geometry":{"type":"LineString","coordinates":[[113.3591,22.7762],[113.388,22.8125],[113.3089,22.8307],[113.2705,22.8963],[113.2931,22.937],[113.2441,22.9783],[113.2491,23.0409],[113.186781,23.071737],[113.1717,23.0792],[113.2103,23.1033],[113.174,23.2736],[113.1081,23.3091],[113.0656,23.2845],[113.0739,23.2507],[113.0438,23.2559],[113.0367,23.3509],[112.9833,23.3563],[112.9945,23.4106],[112.9532,23.4371],[112.963758,23.452963]]}},{"type":"Feature","properties":{"boundary_group":"china|guangdong","parent_geo_key":"china|guangdong","country_key":"china","left_geo_key":"china|guangdong|foshan","right_geo_key":"china|guangdong|qingyuan"},"geometry":{"type":"LineString","coordinates":[[112.963758,23.452963],[112.9528,23.4497],[112.9117,23.485159],[112.899219,23.495927],[112.8916,23.5025],[112.8948,23.5705],[112.825674,23.554754]]}},{"type":"Feature","properties":{"boundary_group":"china|guangdong","parent_geo_key":"china|guangdong","country_key":"china","left_geo_key":"china|guangdong|foshan","right_geo_key":"china|guangdong|zhaoqing"},"geometry":{"type":"LineString","coordinates":[[112.825674,23.554754],[112.827435,23.547288],[112.8462,23.531],[112.836248,23.50994],[112.81605,23.4672],[112.792394,23.417142],[112.785468,23.383352],[112.793209,23.376831],[112.8265,23.3934],[112.8813,23.347],[112.8177,23.2492],[112.8397,23.228],[112.7609,23.2123],[112.8322,23.016],[112.7403,22.9933],[112.7257,22.9397],[112.6692,22.944],[112.6801,22.9004],[112.5569,22.8761],[112.5669,22.8363],[112.3869,22.7734]]}},{"type":"Feature","properties":{"boundary_group":"china|guangdong","parent_geo_key":"china|guangdong","country_key":"china","left_geo_key":"china|guangdong|foshan","right_geo_key":"china|guangdong|yunfu"},"geometry":{"type":"LineString","coordinates":[[112.3869,22.7734],[112.4067,22.6738],[112.4586,22.7144],[112.464405,22.70411]]}},{"type":"Feature","properties":{"boundary_group":"china|guangdong","parent_geo_key":"china|guangdong","country_key":"china","left_geo_key":"china|guangdong|foshan","right_geo_key":"china|guangdong|jiangmen"},"geometry":{"type":"LineString","coordinates":[[112.464405,22.70411],[112.482037,22.713371],[112.4789,22.7226],[112.50306,22.724413],[112.521182,22.725773],[112.5282,22.7263],[112.529563,22.717927],[112.5414,22.6452],[112.583,22.7016],[112.6748,22.7169],[112.6913,22.762],[112.6903,22.6985],[112.7483,22.6959],[112.8768,22.8533],[112.9193,22.8593],[112.978,22.8046],[113.0507,22.8066],[113.0938,22.7029],[113.1558,22.6767]]}},{"type":"Feature","properties":{"boundary_group":"china|guangdong","parent_geo_key":"china|guangdong","country_key":"china","left_geo_key":"china|guangdong|foshan","right_geo_key":"china|guangdong|zhongshan"},"geometry":{"type":"LineString","coordinates":[[113.1558,22.6767],[113.2344,22.7471],[113.298725,22.745463],[113.3248,22.7448],[113.349596,22.771362],[113.3591,22.7762]]}},{"type":"Feature","properties":{"boundary_group":"china|guangdong","parent_geo_key":"china|guangdong","country_key":"china","left_geo_key":"china|guangdong|guangzhou","right_geo_key":"china|guangdong|huizhou"},"geometry":{"type":"LineString","coordinates":[[113.840683,23.125483],[113.842677,23.127149],[113.8435,23.1505],[113.8905,23.1671],[113.8885,23.3449],[113.9354,23.3457],[113.961052,23.321398],[113.984686,23.313743],[113.989141,23.346285],[113.985627,23.402751],[113.9464,23.4459],[113.9769,23.4755],[113.8662,23.5427],[113.829567,23.627359],[113.821114,23.646895],[113.8154,23.6601],[113.860518,23.683471],[114.0432,23.7781],[114.0385,23.8874],[114.0314,23.9039]]}},{"type":"Feature","properties":{"boundary_group":"china|guangdong","parent_geo_key":"china|guangdong","country_key":"china","left_geo_key":"china|guangdong|guangzhou","right_geo_key":"china|guangdong|shaoguan"},"geometry":{"type":"LineString","coordinates":[[114.0314,23.9039],[114.0038,23.936],[113.7954,23.9062]]}},{"type":"Feature","properties":{"boundary_group":"china|guangdong","parent_geo_key":"china|guangdong","country_key":"china","left_geo_key":"china|guangdong|guangzhou","right_geo_key":"china|guangdong|qingyuan"},"geometry":{"type":"LineString","coordinates":[[113.7954,23.9062],[113.753,23.8602],[113.7083,23.8652],[113.7131,23.8237],[113.641945,23.817899],[113.631898,23.807341],[113.620878,23.766726],[113.5942,23.6684],[113.5531,23.7037],[113.4898,23.6848],[113.4332,23.7298],[113.3735,23.732],[113.3255,23.648],[113.1973,23.5795],[113.1832,23.5183],[112.968045,23.454239],[112.963758,23.452963]]}},{"type":"Feature","properties":{"boundary_group":"china|guangdong","parent_geo_key":"china|guangdong","country_key":"china","left_geo_key":"china|guangdong|guangzhou","right_geo_key":"china|guangdong|zhongshan"},"geometry":{"type":"LineString","coordinates":[[113.3591,22.7762],[113.4447,22.7395]]}},{"type":"Feature","properties":{"boundary_group":"china|guangdong","parent_geo_key":"china|guangdong","country_key":"china","left_geo_key":"china|guangdong|heyuan","right_geo_key":"china|guangdong|shaoguan"},"geometry":{"type":"LineString","coordinates":[[114.3035,24.5764],[114.2662,24.5331],[114.294401,24.481064],[114.2985,24.4735],[114.2363,24.4257],[114.2454,24.3622],[114.2886,24.3498],[114.2514,24.2526],[114.3227,24.1308],[114.4791,24.1208],[114.4538,24.1708],[114.5537,24.2501],[114.5953,24.2143],[114.5543,24.1274],[114.5282,24.1341],[114.3841,24.0149],[114.3435,23.89],[114.340658,23.890543]]}},{"type":"Feature","properties":{"boundary_group":"china|guangdong","parent_geo_key":"china|guangdong","country_key":"china","left_geo_key":"china|guangdong|heyuan","right_geo_key":"china|guangdong|huizhou"},"geometry":{"type":"LineString","coordinates":[[114.340658,23.890543],[114.3215,23.8357],[114.3366,23.7542],[114.348138,23.74663],[114.4343,23.6901],[114.5053,23.6929],[114.596201,23.549107],[114.6024,23.5393],[114.606508,23.541527],[114.6509,23.5656],[114.688285,23.531699],[114.6921,23.4635],[114.6292,23.4075],[114.7029,23.4074],[114.6957,23.3704],[114.7714,23.3144],[114.7842,23.2099],[114.8296,23.1747],[114.8644,23.1913],[114.87473,23.226585],[114.9084,23.3416],[114.940101,23.34501],[114.9732,23.2972],[115.030605,23.326928],[115.1159,23.3711],[115.14986,23.374114],[115.2624,23.3841],[115.3106,23.3119],[115.3894,23.291],[115.409493,23.254121],[115.4137,23.2464]]}},{"type":"Feature","properties":{"boundary_group":"china|guangdong","parent_geo_key":"china|guangdong","country_key":"china","left_geo_key":"china|guangdong|heyuan","right_geo_key":"china|guangdong|shanwei"},"geometry":{"type":"LineString","coordinates":[[115.4137,23.2464],[115.4804,23.3175],[115.453752,23.38509]]}},{"type":"Feature","properties":{"boundary_group":"china|guangdong","parent_geo_key":"china|guangdong","country_key":"china","left_geo_key":"china|guangdong|heyuan","right_geo_key":"china|guangdong|meizhou"},"geometry":{"type":"LineString","coordinates":[[115.453752,23.38509],[115.4526,23.3852],[115.4103,23.4953],[115.4454,23.5585],[115.4219,23.6098],[115.4518,23.7072],[115.405,23.7029],[115.3824,23.7806],[115.3124,23.7645],[115.3526,23.7948],[115.4035,23.9531],[115.4481,23.9695],[115.4131,24.0741],[115.4346,24.1261],[115.4791,24.1438],[115.5223,24.0991],[115.5016,24.1712],[115.5371,24.1724],[115.5851,24.2434],[115.5439,24.3613],[115.5885,24.4617],[115.4917,24.4959],[115.481579,24.548727],[115.4785,24.5648],[115.506955,24.594735],[115.5554,24.6457]]}},{"type":"Feature","properties":{"boundary_group":"china|guangdong","parent_geo_key":"china|guangdong","country_key":"china","left_geo_key":"china|guangdong|huizhou","right_geo_key":"china|guangdong|shenzhen"},"geometry":{"type":"LineString","coordinates":[[114.2243,22.8153],[114.229,22.7968],[114.33092,22.807479],[114.3509,22.7677],[114.405946,22.764729],[114.409654,22.747085],[114.416859,22.712803],[114.4272,22.6636]]}},{"type":"Feature","properties":{"boundary_group":"china|guangdong","parent_geo_key":"china|guangdong","country_key":"china","left_geo_key":"china|guangdong|huizhou","right_geo_key":"china|guangdong|shanwei"},"geometry":{"type":"LineString","coordinates":[[115.0198,22.7061],[114.9955,22.7725],[114.9399,22.8124],[114.9184,22.9148],[115.108862,23.003478],[115.14,22.9963],[115.221974,23.056142],[115.2863,23.1031],[115.2789,23.1599],[115.404381,23.24042],[115.4137,23.2464]]}},{"type":"Feature","properties":{"boundary_group":"china|guangdong","parent_geo_key":"china|guangdong","country_key":"china","left_geo_key":"china|guangdong|huizhou","right_geo_key":"china|guangdong|shaoguan"},"geometry":{"type":"LineString","coordinates":[[114.340658,23.890543],[114.2389,23.91],[114.267,23.9621],[114.0523,23.9392],[114.0314,23.9039]]}},{"type":"Feature","properties":{"boundary_group":"china|guangdong","parent_geo_key":"china|guangdong","country_key":"china","left_geo_key":"china|guangdong|jiangmen","right_geo_key":"china|guangdong|yunfu"},"geometry":{"type":"LineString","coordinates":[[112.464405,22.70411],[112.5167,22.6114],[112.4604,22.588],[112.4078,22.6614],[112.3651,22.5627],[112.31664,22.56693],[112.3092,22.5765],[112.307577,22.567721],[112.2992,22.5224],[112.2519,22.5031],[112.2394,22.4113],[112.1928,22.4054],[112.181,22.3679],[112.1604,22.3875],[112.158706,22.383319]]}},{"type":"Feature","properties":{"boundary_group":"china|guangdong","parent_geo_key":"china|guangdong","country_key":"china","left_geo_key":"china|guangdong|jiangmen","right_geo_key":"china|guangdong|yangjiang"},"geometry":{"type":"LineString","coordinates":[[112.158706,22.383319],[112.1418,22.3416],[112.0761,22.3532],[112.0547,22.2847],[111.9977,22.2569],[112.0466,22.2105],[112.0221,22.1302],[112.0959,22.1381],[112.1208,22.0993],[112.22,22.0698],[112.218,22.0149],[112.3345,21.9493],[112.3379,21.8793],[112.365,21.8641],[112.2959,21.7443],[112.3031,21.708]]}},{"type":"Feature","properties":{"boundary_group":"china|guangdong","parent_geo_key":"china|guangdong","country_key":"china","left_geo_key":"china|guangdong|jiangmen","right_geo_key":"china|guangdong|zhuhai"},"geometry":{"type":"LineString","coordinates":[[113.164689,22.251383],[113.1657,22.2521],[113.166929,22.258164],[113.188,22.3621],[113.1578,22.4013],[113.2575,22.3966]]}},{"type":"Feature","properties":{"boundary_group":"china|guangdong","parent_geo_key":"china|guangdong","country_key":"china","left_geo_key":"china|guangdong|jiangmen","right_geo_key":"china|guangdong|zhongshan"},"geometry":{"type":"LineString","coordinates":[[113.2575,22.3966],[113.155785,22.667142],[113.1558,22.6767]]}},{"type":"Feature","properties":{"boundary_group":"china|guangdong","parent_geo_key":"china|guangdong","country_key":"china","left_geo_key":"china|guangdong|jieyang","right_geo_key":"china|guangdong|shantou"},"geometry":{"type":"MultiLineString","coordinates":[[[116.625879,23.44439],[116.613077,23.451636]],[[116.5365,23.1039],[116.47,23.1067],[116.3757,23.0424],[116.24,23.1428],[116.3171,23.337],[116.3502,23.3501],[116.3129,23.4486],[116.3738,23.5032],[116.4081,23.5153],[116.4223,23.4704],[116.4848,23.5],[116.4633,23.4408],[116.5251,23.4372],[116.5572,23.3901],[116.5849,23.4559],[116.6267,23.443046]]]}},{"type":"Feature","properties":{"boundary_group":"china|guangdong","parent_geo_key":"china|guangdong","country_key":"china","left_geo_key":"china|guangdong|jieyang","right_geo_key":"china|guangdong|meizhou"},"geometry":{"type":"LineString","coordinates":[[116.3638,23.7354],[116.3311,23.7762],[116.2665,23.7596],[116.1761,23.688],[116.1853,23.651],[116.1452,23.6174],[116.0161,23.6469],[116.0017,23.6779],[115.8977,23.6218],[115.8379,23.6649],[115.7964,23.6226],[115.7805,23.5191],[115.7199,23.5162],[115.6819,23.5597],[115.612667,23.503002]]}},{"type":"Feature","properties":{"boundary_group":"china|guangdong","parent_geo_key":"china|guangdong","country_key":"china","left_geo_key":"china|guangdong|jieyang","right_geo_key":"china|guangdong|shanwei"},"geometry":{"type":"LineString","coordinates":[[115.612667,23.503002],[115.6019,23.4746],[115.6777,23.4105],[115.6705,23.3576],[115.7691,23.3861],[115.8143,23.3371],[115.7899,23.3061],[115.8271,23.2612],[115.7436,23.2393],[115.7267,23.1809],[115.8462,23.1004],[115.9038,23.1291],[115.9604,23.0555],[115.924099,23.02475],[115.9192,23.0206],[115.943757,22.98183],[115.964722,22.948731],[115.9776,22.9284],[115.990319,22.938408],[116.1044,22.8924],[116.12508,22.897218],[116.1454,22.8889],[116.158369,22.904972]]}},{"type":"Feature","properties":{"boundary_group":"china|guangdong","parent_geo_key":"china|guangdong","country_key":"china","left_geo_key":"china|guangdong|maoming","right_geo_key":"china|guangdong|yangjiang"},"geometry":{"type":"LineString","coordinates":[[111.443802,21.541247],[111.414473,21.590745],[111.4309,21.7128],[111.3765,21.737],[111.396808,21.797925],[111.4176,21.8144],[111.4138,21.8489],[111.284695,21.925225],[111.281,22.0576],[111.3326,22.1211],[111.3218,22.1736],[111.3553,22.2368],[111.4537,22.2748],[111.4649,22.335],[111.5124,22.3687],[111.5902,22.3736],[111.678,22.4726],[111.6752,22.4851],[111.671263,22.488337],[111.674741,22.49326]]}},{"type":"Feature","properties":{"boundary_group":"china|guangdong","parent_geo_key":"china|guangdong","country_key":"china","left_geo_key":"china|guangdong|maoming","right_geo_key":"china|guangdong|yunfu"},"geometry":{"type":"LineString","coordinates":[[111.674741,22.49326],[111.5908,22.5545],[111.5277,22.4879],[111.4835,22.5084],[111.4661,22.4451],[111.4171,22.4292],[111.4083,22.5151],[111.3332,22.5258],[111.2713,22.4946],[111.2886,22.5502],[111.3221,22.56],[111.163783,22.619509],[111.1314,22.6866],[111.115521,22.695157],[111.1115,22.7066],[111.105125,22.700758]]}},{"type":"Feature","properties":{"boundary_group":"china|guangdong","parent_geo_key":"china|guangdong","country_key":"china","left_geo_key":"china|guangdong|maoming","right_geo_key":"china|guangdong|zhanjiang"},"geometry":{"type":"LineString","coordinates":[[110.373746,21.968803],[110.4359,21.9437],[110.3836,21.8929],[110.3847,21.8776],[110.366404,21.862759],[110.342413,21.843299],[110.335,21.8085],[110.3824,21.7978],[110.3463,21.7145],[110.3761,21.6779],[110.4029,21.6899],[110.389736,21.638399],[110.409,21.5883],[110.4387,21.5895],[110.4207,21.5588],[110.4712,21.5566],[110.4939,21.4745],[110.5709,21.5187],[110.6164,21.4838],[110.6842,21.4962],[110.6696,21.5236],[110.7211,21.5261],[110.7307,21.6169],[110.768,21.6489],[110.8725,21.501],[110.8767,21.4448],[110.9659,21.4225]]}},{"type":"Feature","properties":{"boundary_group":"china|guangdong","parent_geo_key":"china|guangdong","country_key":"china","left_geo_key":"china|guangdong|meizhou","right_geo_key":"china|guangdong|shanwei"},"geometry":{"type":"LineString","coordinates":[[115.453752,23.38509],[115.480123,23.38257],[115.4997,23.3807],[115.501984,23.400478],[115.5035,23.4136],[115.612667,23.503002]]}},{"type":"Feature","properties":{"boundary_group":"china|guangdong","parent_geo_key":"china|guangdong","country_key":"china","left_geo_key":"china|guangdong|qingyuan","right_geo_key":"china|guangdong|zhaoqing"},"geometry":{"type":"LineString","coordinates":[[111.937796,24.238478],[111.9374,24.2382],[112.0389,24.1919],[112.07403,24.253467],[112.1585,24.1877],[112.2523,24.2606],[112.2893,24.3914],[112.4448,24.2829],[112.4225,24.1423],[112.4805,24.1182],[112.5109,23.9793],[112.6775,23.9418],[112.6508,23.8182],[112.7011,23.8099],[112.7005,23.7555],[112.7359,23.7545],[112.7135,23.6902],[112.7759,23.6745],[112.745,23.6116],[112.795892,23.571948],[112.7969,23.5482],[112.819705,23.553395],[112.825674,23.554754]]}},{"type":"Feature","properties":{"boundary_group":"china|guangdong","parent_geo_key":"china|guangdong","country_key":"china","left_geo_key":"china|guangdong|qingyuan","right_geo_key":"china|guangdong|shaoguan"},"geometry":{"type":"LineString","coordinates":[[113.7954,23.9062],[113.793163,23.908639],[113.7133,23.9957],[113.8266,24.0647],[113.8538,24.165],[113.9242,24.189],[113.8381,24.2636],[113.8433,24.3285],[113.798,24.4061],[113.7474,24.4408],[113.704,24.416],[113.593,24.5162],[113.4359,24.4569],[113.3759,24.4964],[113.2661,24.4683],[113.2418,24.5083],[113.1545,24.4761],[113.0916,24.5034],[113.0627,24.4704],[112.9567,24.5931],[112.8822,24.5982],[112.9109,24.6648],[112.8928,24.7199],[112.935,24.7417],[112.9444,24.8192],[113.0122,24.8543],[113.010716,24.861686],[113.0162,24.8652],[112.995301,24.949486]]}},{"type":"Feature","properties":{"boundary_group":"china|guangdong","parent_geo_key":"china|guangdong","country_key":"china","left_geo_key":"china|guangdong|yangjiang","right_geo_key":"china|guangdong|yunfu"},"geometry":{"type":"LineString","coordinates":[[112.158706,22.383319],[112.156657,22.384735],[112.1604,22.3875],[111.9777,22.5085],[111.9644,22.5497],[111.9943,22.5911],[111.9518,22.6368],[111.8928,22.5737],[111.8316,22.5884],[111.8661,22.6619],[111.829975,22.678362],[111.8187,22.6835],[111.812421,22.654742],[111.778307,22.608839],[111.7279,22.5685],[111.674741,22.49326]]}},{"type":"Feature","properties":{"boundary_group":"china|guangdong","parent_geo_key":"china|guangdong","country_key":"china","left_geo_key":"china|guangdong|yunfu","right_geo_key":"china|guangdong|zhaoqing"},"geometry":{"type":"LineString","coordinates":[[112.3869,22.7734],[112.371,22.7995],[112.3104,22.7921],[112.3298,22.8129],[112.2905,22.8761],[112.3021,22.9138],[112.2552,22.92],[112.2848,22.9551],[112.281,23.0496],[112.321,23.0957],[112.3066,23.1234],[112.2278,23.1162],[112.1815,23.0776],[112.038,23.0737],[111.9651,23.1317],[111.763,23.1354],[111.683856,23.159789],[111.606413,23.183653],[111.5803,23.1917],[111.5297,23.2199],[111.5743,23.2552],[111.5271,23.3271],[111.5112,23.2878],[111.4601,23.2749],[111.370103,23.322684]]}},{"type":"Feature","properties":{"boundary_group":"china|guangdong","parent_geo_key":"china|guangdong","country_key":"china","left_geo_key":"china|guangdong|zhongshan","right_geo_key":"china|guangdong|zhuhai"},"geometry":{"type":"LineString","coordinates":[[113.2575,22.3966],[113.3485,22.2497],[113.4081,22.2075],[113.415663,22.210938],[113.5073,22.2526],[113.4645,22.3124],[113.4978,22.3276],[113.490877,22.39716],[113.541782,22.414299]]}},{"type":"Feature","properties":{"boundary_group":"china|heilongjiang","parent_geo_key":"china|heilongjiang","country_key":"china","left_geo_key":"china|heilongjiang|daqing","right_geo_key":"china|heilongjiang|haerbin"},"geometry":{"type":"LineString","coordinates":[[125.6845,45.5137],[125.685359,45.513693],[125.773522,45.512962]]}},{"type":"Feature","properties":{"boundary_group":"china|heilongjiang","parent_geo_key":"china|heilongjiang","country_key":"china","left_geo_key":"china|heilongjiang|daqing","right_geo_key":"china|heilongjiang|suihua"},"geometry":{"type":"MultiLineString","coordinates":[[[125.773522,45.512962],[125.74,45.5542],[125.7579,45.6109],[125.7255,45.6187],[125.725345,45.635943],[125.7249,45.6853],[125.7984,45.7024],[125.715,45.7436],[125.7134,45.7673],[125.7788,45.7738],[125.735252,45.7971],[125.713786,45.808585],[125.7046,45.8135],[125.6892,45.9055],[125.4132,45.8833],[125.3502,46.1458],[125.2125,46.1416],[125.1571,46.1949],[125.11,46.1845],[125.0742,46.2146],[125.0721,46.1693],[125.1285,46.1625],[125.1465,46.1267],[125.2168,46.1356],[125.1403,46.0418],[125.0896,46.0232],[125.0563,46.0811],[124.8982,46.0482],[124.8696,46.0668],[124.9239,46.1072],[124.9112,46.2071],[125.0537,46.2671],[125.0521,46.3356],[125.0103,46.3335],[125.0293,46.4044],[124.9844,46.4296],[125.0689,46.4876],[125.1731,46.4755],[125.1189,46.4463],[125.1547,46.4263],[125.2329,46.409],[125.264,46.4342],[125.2337,46.4546],[125.2633,46.4768],[125.245,46.4924],[125.230842,46.4964],[125.2594,46.507],[125.2331,46.5256],[125.239,46.5966],[125.1732,46.6513],[125.2697,46.6729],[125.1353,46.7579],[125.1835,46.8132],[125.1517,46.8434],[125.2289,46.9615],[125.2959,47.0098],[125.3364,46.996],[125.2782,47.0807],[125.3242,47.1446],[125.3261,47.2829]],[[125.1544,46.518],[125.224194,46.498279],[125.1958,46.5351],[125.1544,46.518]]]}},{"type":"Feature","properties":{"boundary_group":"china|heilongjiang","parent_geo_key":"china|heilongjiang","country_key":"china","left_geo_key":"china|heilongjiang|daqing","right_geo_key":"china|heilongjiang|qiqihaer"},"geometry":{"type":"LineString","coordinates":[[125.3261,47.2829],[125.3079,47.3789],[125.0752,47.3908],[125.0402,47.4764],[124.8179,47.409],[124.6267,47.3058],[124.485416,47.342736],[124.44512,47.344849],[124.3906,47.2566],[124.4119,47.1815],[124.3402,47.1364],[124.1891,47.1291],[124.0636,47.0458],[124.0661,47.0027],[123.995,46.9988],[124.0009,46.9475],[123.9184,46.8534],[123.9888,46.8035],[123.9911,46.735],[123.8809,46.6831],[123.849,46.7423],[123.7593,46.7399],[123.7487,46.6417],[123.8205,46.5681],[123.7927,46.5214],[123.8197,46.5062],[123.8175,46.4456],[123.8603,46.4183],[123.8433,46.3006]]}},{"type":"Feature","properties":{"boundary_group":"china|heilongjiang","parent_geo_key":"china|heilongjiang","country_key":"china","left_geo_key":"china|heilongjiang|daxinganling","right_geo_key":"china|heilongjiang|heihe"},"geometry":{"type":"LineString","coordinates":[[126.0119,50.9214],[126.0943,50.9197],[126.1251,50.973],[126.2358,51.0017],[126.3255,50.9883],[126.4691,50.9005],[126.9855,50.925],[127.0242,50.9778]]}},{"type":"Feature","properties":{"boundary_group":"china|heilongjiang","parent_geo_key":"china|heilongjiang","country_key":"china","left_geo_key":"china|heilongjiang|haerbin","right_geo_key":"china|heilongjiang|mudanjiang"},"geometry":{"type":"LineString","coordinates":[[128.242434,44.448945],[128.2263,44.465],[128.289339,44.541909],[128.3517,44.5876],[128.3981,44.6746],[128.6812,44.6617],[128.7412,44.6976],[128.7766,44.7795],[128.8409,44.7861],[128.8978,44.8812],[129.0529,44.9068],[129.0149,44.9644],[129.0343,45.0254],[128.9903,45.0634],[129.1429,45.1102],[129.099,45.161],[129.2027,45.2212],[129.1673,45.2897],[129.1085,45.2777],[129.0552,45.3364],[129.1905,45.3993],[129.1116,45.4741],[129.1329,45.5337],[129.0892,45.5813],[129.1013,45.6227],[129.2131,45.5917],[129.3032,45.6225],[129.3005,45.6706],[129.3469,45.6862],[129.3378,45.7339],[129.5473,45.8148],[129.5788,45.8851],[129.7693,45.8807],[129.8007,45.985],[129.8389,45.9854],[129.9035,45.918],[130.1085,45.9241]]}},{"type":"Feature","properties":{"boundary_group":"china|heilongjiang","parent_geo_key":"china|heilongjiang","country_key":"china","left_geo_key":"china|heilongjiang|haerbin","right_geo_key":"china|heilongjiang|qitaihe"},"geometry":{"type":"LineString","coordinates":[[130.1085,45.9241],[130.1098,46.0692],[130.227349,46.124635]]}},{"type":"Feature","properties":{"boundary_group":"china|heilongjiang","parent_geo_key":"china|heilongjiang","country_key":"china","left_geo_key":"china|heilongjiang|haerbin","right_geo_key":"china|heilongjiang|jiamusi"},"geometry":{"type":"LineString","coordinates":[[130.227349,46.124635],[130.233,46.1273],[130.187778,46.162272],[129.9162,46.3723],[130.1159,46.3898],[130.1603,46.4439],[130.1468,46.5445],[130.19,46.615],[130.109,46.585],[130.1321,46.5025],[130.0348,46.5237],[130.0785,46.601],[129.9773,46.5648],[129.9142,46.6265],[129.7515,46.5274],[129.6478,46.5465],[129.5863,46.6069],[129.4947,46.6173]]}},{"type":"Feature","properties":{"boundary_group":"china|heilongjiang","parent_geo_key":"china|heilongjiang","country_key":"china","left_geo_key":"china|heilongjiang|haerbin","right_geo_key":"china|heilongjiang|yichun"},"geometry":{"type":"LineString","coordinates":[[129.4947,46.6173],[129.4317,46.6019],[129.365145,46.640611],[129.3478,46.6507],[129.311199,46.640308],[129.254076,46.624089],[129.2358,46.6189],[129.192,46.5747],[129.1979,46.5377],[129.1212,46.5283],[129.077,46.5548],[129.0134,46.4858],[128.9031,46.5254],[128.8328,46.4859],[128.728,46.4809],[128.672,46.5739],[128.5593,46.5786],[128.4607,46.6232],[128.3846,46.5954],[128.3754,46.5629],[128.2431,46.5804],[128.2323,46.5752]]}},{"type":"Feature","properties":{"boundary_group":"china|heilongjiang","parent_geo_key":"china|heilongjiang","country_key":"china","left_geo_key":"china|heilongjiang|haerbin","right_geo_key":"china|heilongjiang|suihua"},"geometry":{"type":"LineString","coordinates":[[128.2323,46.5752],[128.217849,46.571236],[128.1871,46.5628],[128.1749,46.52],[128.146,46.5371],[128.0967,46.5021],[127.8084,46.6039],[127.5638,46.5108],[127.510174,46.534918],[127.5031,46.5381],[127.474261,46.613579],[127.4694,46.6263],[127.440295,46.637017],[127.368211,46.663559],[127.3442,46.6724],[127.1811,46.6403],[126.935881,46.511636],[126.8708,46.4943],[126.853178,46.468242],[126.765721,46.422354],[126.7366,46.4153],[126.70056,46.388165],[126.6338,46.3379],[126.6099,46.2336],[126.4537,46.1398],[126.4161,46.0823],[126.1642,46.0594],[126.2248,45.9616],[126.3035,45.968],[126.3606,45.8749],[126.3372,45.8275],[126.3626,45.7338],[126.2927,45.7396],[126.3002,45.6991],[126.149,45.6966],[126.1226,45.6708],[126.009152,45.700366],[126.0048,45.7015],[125.9749,45.6692],[125.9881,45.6302],[125.9235,45.6302],[125.9279,45.581],[125.8856,45.5708],[125.8534,45.5123],[125.773522,45.512962]]}},{"type":"Feature","properties":{"boundary_group":"china|heilongjiang","parent_geo_key":"china|heilongjiang","country_key":"china","left_geo_key":"china|heilongjiang|hegang","right_geo_key":"china|heilongjiang|jiamusi"},"geometry":{"type":"LineString","coordinates":[[129.8924,47.3027],[129.892741,47.30228],[129.9294,47.2572],[130.1255,47.2004],[130.1371,47.1339],[130.1918,47.0935],[130.3495,47.0584],[130.403,47.1263],[130.5311,47.1203],[130.6824,47.2016],[130.5531,47.3125],[130.6174,47.3363],[130.7846,47.2883],[130.9759,47.3159],[130.9602,47.2186],[131.0941,47.1913],[131.1964,47.2175],[131.3248,47.1762],[131.4814,47.2525],[131.7181,47.2393],[131.8665,47.2778],[131.9264,47.2458],[132.0016,47.2529],[132.0453,47.3646],[132.2888,47.4552],[132.3478,47.5253],[132.4069,47.5431],[132.4664,47.6376],[132.4532,47.6813],[132.515546,47.704208]]}},{"type":"Feature","properties":{"boundary_group":"china|heilongjiang","parent_geo_key":"china|heilongjiang","country_key":"china","left_geo_key":"china|heilongjiang|hegang","right_geo_key":"china|heilongjiang|yichun"},"geometry":{"type":"LineString","coordinates":[[130.772951,48.353246],[130.7733,48.3526],[130.7543,48.3435],[130.6656,48.3041],[130.5157,48.289],[130.4472,48.328],[130.2577,48.2831],[130.2377,48.2488],[130.2594,48.1777],[130.1185,48.1394],[129.8741,48.314],[129.8338,48.258],[129.7762,48.2442],[129.8014,48.1715],[129.7263,48.1061],[129.7296,48.0242],[129.7729,47.9968],[129.6644,47.9715],[129.7652,47.7801],[129.9053,47.7149],[129.8909,47.6765],[129.922,47.652],[129.8866,47.591],[129.9287,47.5632],[129.8617,47.536],[129.8919,47.4434],[129.8288,47.4107],[129.8963,47.3387],[129.8437,47.3181],[129.8924,47.3027]]}},{"type":"Feature","properties":{"boundary_group":"china|heilongjiang","parent_geo_key":"china|heilongjiang","country_key":"china","left_geo_key":"china|heilongjiang|heihe","right_geo_key":"china|heilongjiang|qiqihaer"},"geometry":{"type":"LineString","coordinates":[[124.7434,48.922],[125.0051,48.8895],[125.0084,48.823],[124.9823,48.8159],[125.035,48.7871],[125.0399,48.7436],[125.1213,48.7236],[125.3018,48.7247],[125.4047,48.7895],[125.4448,48.7818],[125.5067,48.8571],[125.6171,48.8843],[125.6908,48.8011],[125.8315,48.8656],[125.9529,48.7787],[126,48.7369],[125.8666,48.6673],[125.8857,48.635],[125.76,48.5868],[125.7083,48.6075],[125.6999,48.5603],[125.7927,48.5541],[125.7832,48.4902],[125.8365,48.356],[125.942,48.3396],[125.9404,48.3166],[126.0451,48.2807],[126.2784,48.2711],[126.3358,48.1719],[126.5671,48.2123],[126.6613,48.1304],[126.5838,48.0621],[126.6211,48.0382],[126.6259,47.9485],[126.5608,47.8772],[126.5899,47.8267],[126.5583,47.7938],[126.5595,47.7246],[126.5121,47.723],[126.5199,47.6008],[126.5517,47.5842]]}},{"type":"Feature","properties":{"boundary_group":"china|heilongjiang","parent_geo_key":"china|heilongjiang","country_key":"china","left_geo_key":"china|heilongjiang|heihe","right_geo_key":"china|heilongjiang|suihua"},"geometry":{"type":"LineString","coordinates":[[126.5517,47.5842],[126.576393,47.624793],[126.58493,47.638826],[126.600085,47.648075],[126.773057,47.728478],[126.815741,47.73634],[126.9401,47.7138],[127.1447,47.7853],[127.3988,47.7827],[127.53037,47.828687],[127.6488,47.8372],[127.6919,47.7795],[127.8749,47.9469],[127.8726,48.0582],[127.9728,48.0953],[128.0814,48.059],[128.1249,48.0759]]}},{"type":"Feature","properties":{"boundary_group":"china|heilongjiang","parent_geo_key":"china|heilongjiang","country_key":"china","left_geo_key":"china|heilongjiang|heihe","right_geo_key":"china|heilongjiang|yichun"},"geometry":{"type":"LineString","coordinates":[[128.1249,48.0759],[128.2516,48.1497],[128.3286,48.1462],[128.383,48.2862],[128.493,48.3756],[128.7331,48.4076],[128.7805,48.2912],[128.796642,48.28001],[128.825689,48.259876],[128.8421,48.2485],[128.9056,48.278],[128.912365,48.323663],[128.9208,48.3806],[128.9671,48.4145],[129.021062,48.552157],[129.047778,48.575805],[129.1916,48.6207],[129.1844,48.6481],[129.2241,48.6757],[129.157,48.7361],[129.1753,48.764],[129.2487,48.7464],[129.2736,48.7916],[129.4287,48.8017],[129.5184,48.8676],[129.5039,48.9339],[129.4498,48.9482],[129.4268,49.0424],[129.2958,49.0478],[129.2147,49.0844],[129.2333,49.1699],[129.23061,49.174752],[129.215133,49.202675],[129.167985,49.287732],[129.228431,49.365921],[129.2818,49.3598],[129.275776,49.369099]]}},{"type":"Feature","properties":{"boundary_group":"china|heilongjiang","parent_geo_key":"china|heilongjiang","country_key":"china","left_geo_key":"china|heilongjiang|jixi","right_geo_key":"china|heilongjiang|mudanjiang"},"geometry":{"type":"LineString","coordinates":[[130.7695,45.6167],[130.7495,45.5198],[130.6551,45.4782],[130.6574,45.4499],[130.4856,45.3349],[130.4837,45.2605],[130.4263,45.2024],[130.4524,45.1657],[130.3913,45.1216],[130.4685,45.0515],[130.5607,45.0962],[130.7137,44.9633],[130.7773,44.9974],[130.8601,44.9893],[130.9162,44.9323],[130.928418,44.896741]]}},{"type":"Feature","properties":{"boundary_group":"china|heilongjiang","parent_geo_key":"china|heilongjiang","country_key":"china","left_geo_key":"china|heilongjiang|jixi","right_geo_key":"china|heilongjiang|shuangyashan"},"geometry":{"type":"LineString","coordinates":[[133.809804,46.520347],[133.6595,46.5448],[133.4911,46.5153],[133.4759,46.5605],[133.4179,46.5381],[133.344,46.5591],[133.3133,46.608],[133.2181,46.5687],[133.1999,46.469],[133.106342,46.468015],[133.0954,46.4679],[133.081979,46.420519],[133.06797,46.39321],[132.988,46.343],[133.0198,46.3407],[133.0209,46.3058],[132.977,46.266],[132.972961,46.242172],[132.8944,46.1379],[132.7859,46.1318],[132.7212,46.1826],[132.4778,45.9898],[132.315,46.0253],[132.2673,45.9866],[132.27,45.8888],[132.193238,45.842953],[131.9645,45.8197],[131.9072,45.8785],[131.861,45.799],[131.7832,45.7859],[131.7812,45.9018]]}},{"type":"Feature","properties":{"boundary_group":"china|heilongjiang","parent_geo_key":"china|heilongjiang","country_key":"china","left_geo_key":"china|heilongjiang|jixi","right_geo_key":"china|heilongjiang|qitaihe"},"geometry":{"type":"LineString","coordinates":[[131.7812,45.9018],[131.6011,45.9237],[131.588156,45.91432],[131.4435,45.8095],[131.4713,45.7238],[131.3504,45.7039],[131.3304,45.6814],[131.3633,45.6706],[131.3011,45.5985],[131.2748,45.6259],[131.0324,45.6493],[131.0124,45.684],[130.9377,45.6644],[130.9307,45.6221],[130.8949,45.6088],[130.7695,45.6167]]}},{"type":"Feature","properties":{"boundary_group":"china|heilongjiang","parent_geo_key":"china|heilongjiang","country_key":"china","left_geo_key":"china|heilongjiang|jiamusi","right_geo_key":"china|heilongjiang|qitaihe"},"geometry":{"type":"LineString","coordinates":[[130.227349,46.124635],[130.232425,46.119807],[130.242,46.1107],[130.3894,46.0855],[130.6478,45.9457],[130.6816,45.9481],[130.6944,45.9993],[131.0246,46.0196],[131.055,46.0655],[131.1354,46.0053],[131.2664,46.0468],[131.2753,45.9661],[131.3471,46.0175],[131.3305,46.0669],[131.3635,46.0892],[131.3324,46.1164],[131.3834,46.1312],[131.4046,46.2477]]}},{"type":"Feature","properties":{"boundary_group":"china|heilongjiang","parent_geo_key":"china|heilongjiang","country_key":"china","left_geo_key":"china|heilongjiang|jiamusi","right_geo_key":"china|heilongjiang|shuangyashan"},"geometry":{"type":"LineString","coordinates":[[131.4046,46.2477],[131.2759,46.3092],[131.2597,46.3556],[131.0547,46.3986],[130.938,46.5768],[130.727795,46.605847],[130.721034,46.61324],[130.72166,46.643259],[130.7372,46.6767],[130.722897,46.702559],[130.712354,46.721619],[130.7018,46.7407],[130.690219,46.740815],[130.660633,46.766472],[130.6585,46.8289],[130.8215,46.8524],[130.8573,46.8882],[130.8283,46.9375],[131.0054,46.9867],[131.0521,46.988],[131.0775,46.9532],[131.2046,46.9631],[131.3968,47.0238],[131.3997,47.0664],[131.5307,47.0737],[131.5204,46.8887],[131.721,46.8845],[131.7245,46.8633],[131.756,46.9014],[131.8572,46.8847],[131.8318,46.956],[132.0512,46.987],[132.2597,46.9415],[132.1947,46.8828],[132.2097,46.8065],[132.3931,46.7609],[132.3808,46.8113],[132.4255,46.8258],[132.5421,46.7872],[132.7128,46.8146],[132.8039,46.7774],[132.805,46.7519],[133.1312,46.8925],[133.1459,46.9588],[133.2035,46.9695],[133.1771,47.0125],[133.2291,47.0378],[133.2079,47.0893],[133.2962,47.2039],[133.2839,47.2997],[133.3454,47.3292],[133.4461,47.4622],[133.5859,47.4393],[133.6271,47.5204],[133.6861,47.5412],[134.0284,47.5344],[134.0978,47.5042],[134.1775,47.5651],[134.2557,47.428],[134.3391,47.4402]]}},{"type":"Feature","properties":{"boundary_group":"china|heilongjiang","parent_geo_key":"china|heilongjiang","country_key":"china","left_geo_key":"china|heilongjiang|jiamusi","right_geo_key":"china|heilongjiang|yichun"},"geometry":{"type":"LineString","coordinates":[[129.8924,47.3027],[129.892188,47.302459],[129.8541,47.2591],[129.788,47.2617],[129.7732,47.1776],[129.689,47.1146],[129.7005,47.0605],[129.568,47.0239],[129.5759,46.9683],[129.5278,46.9792],[129.6232,46.8128],[129.6873,46.8041],[129.7002,46.7367],[129.5822,46.712],[129.4947,46.6173]]}},{"type":"Feature","properties":{"boundary_group":"china|heilongjiang","parent_geo_key":"china|heilongjiang","country_key":"china","left_geo_key":"china|heilongjiang|mudanjiang","right_geo_key":"china|heilongjiang|qitaihe"},"geometry":{"type":"LineString","coordinates":[[130.7695,45.6167],[130.705,45.6503],[130.6241,45.5866],[130.5465,45.6256],[130.475,45.6045],[130.4024,45.6705],[130.3322,45.6171],[130.2576,45.666],[130.2012,45.652],[130.2041,45.6886],[130.1613,45.6942],[130.1848,45.8779],[130.1331,45.9147],[130.1085,45.9241]]}},{"type":"Feature","properties":{"boundary_group":"china|heilongjiang","parent_geo_key":"china|heilongjiang","country_key":"china","left_geo_key":"china|heilongjiang|qitaihe","right_geo_key":"china|heilongjiang|shuangyashan"},"geometry":{"type":"LineString","coordinates":[[131.7812,45.9018],[131.9286,46.0064],[131.8958,46.0254],[131.9211,46.0779],[131.7732,46.0585],[131.6954,46.0913],[131.7169,46.1975],[131.4247,46.2398],[131.407776,46.247693],[131.4046,46.2477]]}},{"type":"Feature","properties":{"boundary_group":"china|heilongjiang","parent_geo_key":"china|heilongjiang","country_key":"china","left_geo_key":"china|heilongjiang|qiqihaer","right_geo_key":"china|heilongjiang|suihua"},"geometry":{"type":"LineString","coordinates":[[125.3261,47.2829],[126.4411,47.3773],[126.5262,47.4808],[126.5369,47.5697],[126.5517,47.5842]]}},{"type":"Feature","properties":{"boundary_group":"china|heilongjiang","parent_geo_key":"china|heilongjiang","country_key":"china","left_geo_key":"china|heilongjiang|suihua","right_geo_key":"china|heilongjiang|yichun"},"geometry":{"type":"LineString","coordinates":[[128.2323,46.5752],[128.0925,46.6033],[127.8245,46.8662],[127.6221,46.9916],[127.8668,47.0796],[128.0984,47.0703],[128.2239,47.1],[128.48005,47.261259],[128.4933,47.2696],[128.519749,47.364329],[128.532672,47.410612],[128.5356,47.4211],[128.525408,47.412228],[128.4476,47.3445],[128.4425,47.3976],[128.3678,47.4022],[128.3332,47.4268],[128.344,47.457],[128.33893,47.460403],[128.328363,47.467497],[128.232975,47.53153],[128.236532,47.553301],[128.2856,47.5987],[128.2667,47.6561],[128.3148,47.7139],[128.2571,47.7539],[128.2693,47.8147],[128.3335,47.8221],[128.3438,47.8526],[128.339864,47.857104],[128.2794,47.9263],[128.1538,47.9493],[128.1711,48.0521],[128.1444,48.0686],[128.1249,48.0759]]}},{"type":"Feature","properties":{"boundary_group":"china|shanxi","parent_geo_key":"china|shanxi","country_key":"china","left_geo_key":"china|shanxi|datong","right_geo_key":"china|shanxi|shuozhou"},"geometry":{"type":"LineString","coordinates":[[112.608942,40.224801],[112.5947,40.2031],[112.6202,40.1642],[112.5738,40.1552],[112.579341,40.144699],[112.6395,40.0307],[112.5941,39.9273],[112.6193,39.7532],[112.742,39.7555],[112.8706,39.807],[112.9516,39.8534],[112.9348,39.9032],[112.97,39.9193],[113.1405,39.9037],[113.2248,39.9566],[113.30544,39.93519],[113.4383,39.8505],[113.340943,39.807546],[113.3218,39.7991],[113.32896,39.792699],[113.4001,39.7291],[113.372,39.6498],[113.4147,39.5781],[113.5092,39.5211],[113.5058,39.4827],[113.5645,39.4388]]}},{"type":"Feature","properties":{"boundary_group":"china|shanxi","parent_geo_key":"china|shanxi","country_key":"china","left_geo_key":"china|shanxi|datong","right_geo_key":"china|shanxi|xinzhou"},"geometry":{"type":"LineString","coordinates":[[113.5645,39.4388],[113.566034,39.438596],[113.699566,39.42087],[113.718973,39.418294],[113.7355,39.4161],[113.7856,39.3703],[113.8939,39.3726],[113.8845,39.3487],[113.9618,39.2669],[113.9311,39.1874],[113.971803,39.103585]]}},{"type":"Feature","properties":{"boundary_group":"china|shanxi","parent_geo_key":"china|shanxi","country_key":"china","left_geo_key":"china|shanxi|changzhi","right_geo_key":"china|shanxi|jincheng"},"geometry":{"type":"LineString","coordinates":[[113.5804,35.8266],[113.4477,35.8646],[113.3917,35.8242],[113.3334,35.8895],[113.2701,35.8645],[113.187,35.8955],[113.1412,35.867],[112.9933,35.9331],[112.8834,35.9278],[112.8727,35.9687],[112.6781,36.006],[112.6107,36.0672],[112.498208,36.035309]]}},{"type":"Feature","properties":{"boundary_group":"china|shanxi","parent_geo_key":"china|shanxi","country_key":"china","left_geo_key":"china|shanxi|jincheng","right_geo_key":"china|shanxi|linfen"},"geometry":{"type":"LineString","coordinates":[[112.498208,36.035309],[112.5266,35.9674],[112.3692,35.8888],[112.1368,35.9102],[112.2177,35.8387],[112.1832,35.8144],[112.0323,35.8617],[112.0193,35.8167],[112.0506,35.7687],[111.9342,35.6078],[111.947973,35.535339],[111.9675,35.4326],[111.95872,35.420342]]}},{"type":"Feature","properties":{"boundary_group":"china|shanxi","parent_geo_key":"china|shanxi","country_key":"china","left_geo_key":"china|shanxi|jincheng","right_geo_key":"china|shanxi|yuncheng"},"geometry":{"type":"LineString","coordinates":[[111.95872,35.420342],[111.9717,35.426],[111.988646,35.405588],[112.016982,35.371456],[112.0641,35.3147],[112.0525,35.28]]}},{"type":"Feature","properties":{"boundary_group":"china|shanxi","parent_geo_key":"china|shanxi","country_key":"china","left_geo_key":"china|shanxi|jinzhong","right_geo_key":"china|shanxi|yangquan"},"geometry":{"type":"LineString","coordinates":[[113.989456,37.718308],[113.987639,37.704116],[113.970801,37.684171],[113.8919,37.7105],[113.7749,37.6679],[113.5191,37.679],[113.3613,37.838],[113.3187,37.9291],[113.3332,37.9616],[113.2559,38.0283],[113.2516,38.0892],[113.1776,38.0551],[113.1124,38.0815],[113.062095,38.055003]]}},{"type":"Feature","properties":{"boundary_group":"china|shanxi","parent_geo_key":"china|shanxi","country_key":"china","left_geo_key":"china|shanxi|jinzhong","right_geo_key":"china|shanxi|taiyuan"},"geometry":{"type":"LineString","coordinates":[[113.062095,38.055003],[113.062086,38.054998],[113.003895,38.024347],[112.959871,38.001158],[112.85705,37.99934],[112.8185,38.0044],[112.813533,37.998571],[112.762,37.9381],[112.7663,37.8825],[112.6877,37.8412],[112.646,37.7747],[112.6546,37.7322],[112.5979,37.6674],[112.614,37.6415],[112.5722,37.6316],[112.6182,37.5233],[112.5007,37.5107],[112.5005,37.4772],[112.4214,37.4572],[112.3513,37.484],[112.318114,37.462931]]}},{"type":"Feature","properties":{"boundary_group":"china|shanxi","parent_geo_key":"china|shanxi","country_key":"china","left_geo_key":"china|shanxi|jinzhong","right_geo_key":"china|shanxi|luliang"},"geometry":{"type":"LineString","coordinates":[[112.318114,37.462931],[112.3232,37.4585],[112.2601,37.4261],[112.1894,37.3168],[112.1298,37.2653],[112.0783,37.3179],[111.9512,37.2529],[111.9177,37.1106],[111.8552,37.043],[111.6319,36.9469],[111.5007,36.9932],[111.537,36.9279],[111.5799,36.9224],[111.4146,36.8445],[111.4015,36.8007]]}},{"type":"Feature","properties":{"boundary_group":"china|shanxi","parent_geo_key":"china|shanxi","country_key":"china","left_geo_key":"china|shanxi|jinzhong","right_geo_key":"china|shanxi|linfen"},"geometry":{"type":"LineString","coordinates":[[111.4015,36.8007],[111.4239,36.7956],[111.4404,36.7699],[111.4907,36.8011],[111.537,36.7901],[111.5613,36.7196],[111.67,36.6516],[111.6701,36.6941],[111.7421,36.7186],[111.952947,36.69356],[111.981102,36.690216]]}},{"type":"Feature","properties":{"boundary_group":"china|shanxi","parent_geo_key":"china|shanxi","country_key":"china","left_geo_key":"china|shanxi|changzhi","right_geo_key":"china|shanxi|jinzhong"},"geometry":{"type":"LineString","coordinates":[[111.981102,36.690216],[111.99615,36.725699],[112.0023,36.7402],[111.9753,36.7986],[112.0152,36.8789],[112.0771,36.8806],[112.0618,36.9722],[112.1786,37.0108],[112.3169,36.9486],[112.5006,36.9455],[112.5452,36.9738],[112.4321,37.1107],[112.502413,37.117608],[112.5873,37.078],[112.637924,37.116562],[112.671882,37.105258],[112.711119,37.085168],[112.7785,37.0044],[112.872,36.9809],[112.868,36.9038],[112.8983,36.8648],[113.0085,36.9338],[113.1436,36.9203],[113.168,36.9544],[113.1991,36.9283],[113.2899,36.9823],[113.3618,36.9267],[113.3549,36.878],[113.454546,36.824406],[113.48772,36.79396],[113.5044,36.7606],[113.526407,36.758455],[113.5366,36.7491],[113.537579,36.744606]]}},{"type":"Feature","properties":{"boundary_group":"china|shanxi","parent_geo_key":"china|shanxi","country_key":"china","left_geo_key":"china|shanxi|changzhi","right_geo_key":"china|shanxi|linfen"},"geometry":{"type":"LineString","coordinates":[[112.498208,36.035309],[112.492525,36.048901],[112.499847,36.077323],[112.5622,36.1211],[112.5671,36.271],[112.4631,36.2677],[112.4394,36.3395],[112.3415,36.3413],[112.2583,36.4069],[112.205604,36.407747],[112.1618,36.5116],[112.036194,36.602056],[112.010178,36.676652],[112.0065,36.6872],[111.981102,36.690216]]}},{"type":"Feature","properties":{"boundary_group":"china|shanxi","parent_geo_key":"china|shanxi","country_key":"china","left_geo_key":"china|shanxi|linfen","right_geo_key":"china|shanxi|luliang"},"geometry":{"type":"LineString","coordinates":[[111.4015,36.8007],[111.3155,36.736],[111.2076,36.7453],[111.169,36.8455],[111.0619,36.8519],[111.0744,36.9305],[110.9938,36.898],[110.9871,36.9268],[110.8311,36.8543],[110.7737,36.8661],[110.7085,36.9431],[110.6414,36.9257],[110.6271,36.8723],[110.5681,36.8615],[110.500801,36.876218],[110.3692,36.8803]]}},{"type":"Feature","properties":{"boundary_group":"china|shanxi","parent_geo_key":"china|shanxi","country_key":"china","left_geo_key":"china|shanxi|linfen","right_geo_key":"china|shanxi|yuncheng"},"geometry":{"type":"LineString","coordinates":[[110.5726,35.7378],[110.631498,35.780217],[110.679321,35.766564],[110.68701,35.76192],[110.6787,35.7298],[110.7382,35.745],[110.8928,35.6918],[110.9444,35.7156],[110.9668,35.8077],[111.0015,35.7369],[111.0521,35.7377],[111.1136,35.8212],[111.2436,35.6832],[111.3295,35.7126],[111.3411,35.6682],[111.2884,35.6733],[111.2855,35.6305],[111.2618,35.6321],[111.293,35.5378],[111.4046,35.5703],[111.5795,35.5592],[111.6019,35.6286],[111.6751,35.6564],[111.7735,35.6017],[111.8307,35.6049],[111.8373,35.5538],[111.9027,35.5414],[111.8476,35.5118],[111.8059,35.4364],[111.863662,35.398286],[111.8791,35.3881],[111.9362,35.3889],[111.957487,35.41862],[111.95872,35.420342]]}},{"type":"Feature","properties":{"boundary_group":"china|shanxi","parent_geo_key":"china|shanxi","country_key":"china","left_geo_key":"china|shanxi|luliang","right_geo_key":"china|shanxi|taiyuan"},"geometry":{"type":"LineString","coordinates":[[112.318114,37.462931],[112.2867,37.4903],[112.3083,37.5066],[112.2674,37.5232],[112.2837,37.5679],[112.2293,37.5651],[112.1682,37.6319],[112.1719,37.6686],[112.0962,37.7157],[111.9559,37.7164],[111.907,37.7913],[111.8186,37.7926],[111.7291,37.8734],[111.5642,37.8491],[111.5467,37.8817],[111.5732,37.9055],[111.5095,38.0208],[111.5166,38.0655],[111.7975,38.2009],[111.8109,38.2135],[111.808869,38.216433]]}},{"type":"Feature","properties":{"boundary_group":"china|shanxi","parent_geo_key":"china|shanxi","country_key":"china","left_geo_key":"china|shanxi|luliang","right_geo_key":"china|shanxi|xinzhou"},"geometry":{"type":"LineString","coordinates":[[111.808869,38.216433],[111.792252,38.240428],[111.7612,38.257],[111.76706,38.276804],[111.769864,38.28628],[111.772,38.2935],[111.8375,38.3163],[111.7863,38.384],[111.7908,38.4482],[111.7174,38.4985],[111.76,38.5316],[111.7268,38.601],[111.5572,38.5057],[111.4993,38.5204],[111.4896,38.4887],[111.4253,38.5726],[111.3392,38.604],[111.2643,38.5931],[111.2003,38.7263],[111.0121,38.6498],[110.9868,38.6845],[110.9466,38.6793],[110.9395,38.7287]]}},{"type":"Feature","properties":{"boundary_group":"china|shanxi","parent_geo_key":"china|shanxi","country_key":"china","left_geo_key":"china|shanxi|shuozhou","right_geo_key":"china|shanxi|xinzhou"},"geometry":{"type":"LineString","coordinates":[[111.927,39.6105],[111.9346,39.5865],[112.0014,39.5258],[111.8909,39.5063],[111.9125,39.4615],[111.9822,39.4411],[112.0723,39.2573],[112.1626,39.2679],[112.2904,39.0977],[112.3095,39.1211],[112.4408,39.1019],[112.5149,39.1448],[112.615929,39.088074],[112.623368,39.088599],[112.6333,39.0893],[112.780536,39.180443],[112.87567,39.239333],[113.058,39.3522],[113.1079,39.3603],[113.1751,39.2988],[113.379,39.3021],[113.517274,39.37493],[113.5645,39.4388]]}},{"type":"Feature","properties":{"boundary_group":"china|shanxi","parent_geo_key":"china|shanxi","country_key":"china","left_geo_key":"china|shanxi|taiyuan","right_geo_key":"china|shanxi|yangquan"},"geometry":{"type":"LineString","coordinates":[[113.062095,38.055003],[112.923353,38.15576],[112.938947,38.182622],[113.017833,38.25661],[113.1445,38.3264],[113.1462,38.415],[113.152622,38.416282]]}},{"type":"Feature","properties":{"boundary_group":"china|shanxi","parent_geo_key":"china|shanxi","country_key":"china","left_geo_key":"china|shanxi|taiyuan","right_geo_key":"china|shanxi|xinzhou"},"geometry":{"type":"LineString","coordinates":[[113.152622,38.416282],[113.0831,38.4161],[113.077654,38.411316],[113.0041,38.3467],[112.845,38.3067],[112.7934,38.2535],[112.643962,38.244953],[112.6083,38.2061],[112.5666,38.2074],[112.5238,38.2682],[112.4952,38.2366],[112.4369,38.2789],[112.2738,38.3122],[112.216,38.2555],[112.2605,38.1743],[112.2306,38.1403],[112.216362,38.141963],[112.135268,38.151437],[111.9096,38.1778],[111.823273,38.223872],[111.808869,38.216433]]}},{"type":"Feature","properties":{"boundary_group":"china|shanxi","parent_geo_key":"china|shanxi","country_key":"china","left_geo_key":"china|shanxi|xinzhou","right_geo_key":"china|shanxi|yangquan"},"geometry":{"type":"LineString","coordinates":[[113.152622,38.416282],[113.1977,38.4164],[113.227894,38.431309],[113.415,38.5237],[113.5406,38.5161]]}},{"type":"Feature","properties":{"boundary_group":"china|hubei","parent_geo_key":"china|hubei","country_key":"china","left_geo_key":"china|hubei|ezhou","right_geo_key":"china|hubei|huanggang"},"geometry":{"type":"LineString","coordinates":[[115.08483,30.288692],[115.085984,30.29855],[115.0434,30.3995],[114.8395,30.4326],[114.815669,30.601332],[114.8026,30.6162]]}},{"type":"Feature","properties":{"boundary_group":"china|hubei","parent_geo_key":"china|hubei","country_key":"china","left_geo_key":"china|hubei|ezhou","right_geo_key":"china|hubei|wuhan"},"geometry":{"type":"LineString","coordinates":[[114.8026,30.6162],[114.6175,30.5603],[114.6359,30.4799],[114.5783,30.4396],[114.5881,30.2891],[114.5009,30.1529],[114.539812,30.064357]]}},{"type":"Feature","properties":{"boundary_group":"china|hubei","parent_geo_key":"china|hubei","country_key":"china","left_geo_key":"china|hubei|ezhou","right_geo_key":"china|hubei|huangshi"},"geometry":{"type":"LineString","coordinates":[[114.539812,30.064357],[114.5402,30.0672],[114.5634,30.0389],[114.6196,30.056],[114.6351,30.0187],[114.7248,30.0561],[114.7352,30.0957],[114.6944,30.1484],[114.7186,30.1785],[114.6525,30.2501],[114.7031,30.3219],[114.7663,30.2937],[114.8248,30.3146],[114.8701,30.2377],[114.950388,30.208862],[114.985575,30.224237],[115.08483,30.288692]]}},{"type":"Feature","properties":{"boundary_group":"china|hubei","parent_geo_key":"china|hubei","country_key":"china","left_geo_key":"china|hubei|enshitujiazumiaozu","right_geo_key":"china|hubei|yichang"},"geometry":{"type":"LineString","coordinates":[[110.495873,30.035024],[110.4211,29.9599],[110.3344,29.935],[110.3023,29.9534],[110.3365,30.0947],[110.3136,30.1025],[110.351,30.1269],[110.2968,30.1499],[110.2653,30.1848],[110.2998,30.2043],[110.2508,30.2368],[110.341,30.2482],[110.368,30.3048],[110.3621,30.4703],[110.4353,30.4917],[110.4688,30.5448],[110.427,30.6198],[110.4626,30.6567],[110.425,30.7809],[110.3119,30.7665],[110.3257,30.8296],[110.438,30.8838],[110.4429,31.0272],[110.5357,31.1337],[110.4707,31.1888],[110.4987,31.2535],[110.4454,31.2633],[110.4384,31.3198],[110.4429,31.33],[110.441408,31.330973]]}},{"type":"Feature","properties":{"boundary_group":"china|hubei","parent_geo_key":"china|hubei","country_key":"china","left_geo_key":"china|hubei|enshitujiazumiaozu","right_geo_key":"china|hubei|shennongjialin"},"geometry":{"type":"LineString","coordinates":[[110.441408,31.330973],[110.3374,31.3988],[110.180048,31.302267],[110.167456,31.304115]]}},{"type":"Feature","properties":{"boundary_group":"china|hubei","parent_geo_key":"china|hubei","country_key":"china","left_geo_key":"china|hubei|huanggang","right_geo_key":"china|hubei|xiaogan"},"geometry":{"type":"LineString","coordinates":[[114.559752,31.567931],[114.554141,31.566026],[114.5146,31.5526],[114.5075,31.4639],[114.4267,31.3874],[114.4341,31.3086]]}},{"type":"Feature","properties":{"boundary_group":"china|hubei","parent_geo_key":"china|hubei","country_key":"china","left_geo_key":"china|hubei|huanggang","right_geo_key":"china|hubei|wuhan"},"geometry":{"type":"LineString","coordinates":[[114.4341,31.3086],[114.432715,31.305829],[114.3962,31.2497],[114.407727,31.240465],[114.4036,31.2284],[114.461498,31.184616],[114.4529,31.1719],[114.516,31.1434],[114.5043,31.0167],[114.6184,30.9221],[114.7524,30.9984],[114.767,30.9668],[114.7934,31.0022],[114.821,30.9496],[114.8565,30.9469],[114.877,31.0098],[114.9613,30.9879],[114.9754,31.0289],[114.9869,30.9473],[115.068845,30.885772],[115.0364,30.8496],[114.998,30.8632],[114.9467,30.7766],[114.871,30.7961],[114.8712,30.7635],[114.795397,30.726133],[114.7862,30.7216],[114.8069,30.6637],[114.8545,30.6388],[114.8026,30.6162]]}},{"type":"Feature","properties":{"boundary_group":"china|hubei","parent_geo_key":"china|hubei","country_key":"china","left_geo_key":"china|hubei|huanggang","right_geo_key":"china|hubei|huangshi"},"geometry":{"type":"LineString","coordinates":[[115.08483,30.288692],[115.079024,30.239104],[115.0779,30.2295],[115.2232,30.2016],[115.453136,29.880621],[115.475,29.8501],[115.495143,29.850171],[115.506,29.8423]]}},{"type":"Feature","properties":{"boundary_group":"china|hubei","parent_geo_key":"china|hubei","country_key":"china","left_geo_key":"china|hubei|huangshi","right_geo_key":"china|hubei|wuhan"},"geometry":{"type":"LineString","coordinates":[[114.539812,30.064357],[114.5539,30.0323],[114.5272,29.9719]]}},{"type":"Feature","properties":{"boundary_group":"china|hubei","parent_geo_key":"china|hubei","country_key":"china","left_geo_key":"china|hubei|huangshi","right_geo_key":"china|hubei|xianning"},"geometry":{"type":"LineString","coordinates":[[114.5272,29.9719],[114.7206,29.895],[114.7143,29.7585],[114.8287,29.7376],[114.8636,29.6991],[114.877536,29.657961],[114.9012,29.5881],[114.943753,29.546326]]}},{"type":"Feature","properties":{"boundary_group":"china|hubei","parent_geo_key":"china|hubei","country_key":"china","left_geo_key":"china|hubei|jingmen","right_geo_key":"china|hubei|xiaogan"},"geometry":{"type":"LineString","coordinates":[[113.319814,30.897238],[113.3231,30.9349],[113.343669,30.935016],[113.3587,30.9351],[113.4476,31.0355],[113.449423,31.040996],[113.46762,31.095857],[113.488,31.1573],[113.481403,31.202809],[113.479745,31.214245],[113.4772,31.2318],[113.364106,31.301108],[113.3102,31.3416]]}},{"type":"Feature","properties":{"boundary_group":"china|hubei","parent_geo_key":"china|hubei","country_key":"china","left_geo_key":"china|hubei|jingmen","right_geo_key":"china|hubei|suizhou"},"geometry":{"type":"LineString","coordinates":[[113.3102,31.3416],[113.308593,31.341912],[113.271829,31.349061],[113.138,31.4396],[112.9816,31.4342],[112.9017,31.4678],[112.877,31.5574],[112.7543,31.6131],[112.75354,31.610442]]}},{"type":"Feature","properties":{"boundary_group":"china|hubei","parent_geo_key":"china|hubei","country_key":"china","left_geo_key":"china|hubei|jingmen","right_geo_key":"china|hubei|xiangyang"},"geometry":{"type":"LineString","coordinates":[[112.75354,31.610442],[112.746287,31.585079],[112.7482,31.5789],[112.743937,31.576862],[112.698,31.5549],[112.7081,31.4727],[112.557767,31.558134],[112.537693,31.56086],[112.493176,31.550399],[112.4385,31.5069],[112.429732,31.508899],[112.4268,31.5044],[112.2705,31.5452],[112.1961,31.5275],[112.176,31.4693],[112.066,31.4583],[112.0564,31.433],[111.9467,31.4409],[111.9115,31.3287],[111.9408,31.2742],[111.8558,31.2313]]}},{"type":"Feature","properties":{"boundary_group":"china|hubei","parent_geo_key":"china|hubei","country_key":"china","left_geo_key":"china|hubei|jingmen","right_geo_key":"china|hubei|yichang"},"geometry":{"type":"LineString","coordinates":[[111.8558,31.2313],[111.8785,31.2092],[111.878552,31.205759],[111.904727,31.176375],[111.927,31.1767],[111.9594,31.115],[111.904,31.0769],[111.9147,31.0499],[111.9605,31.0593],[112.007,30.987],[112.038558,30.791847],[112.0739,30.692],[112.074239,30.685254],[112.0755,30.6602]]}},{"type":"Feature","properties":{"boundary_group":"china|hubei","parent_geo_key":"china|hubei","country_key":"china","left_geo_key":"china|hubei|jingmen","right_geo_key":"china|hubei|jingzhou"},"geometry":{"type":"LineString","coordinates":[[112.0755,30.6602],[112.094,30.6491],[112.1321,30.5226],[112.172859,30.522176],[112.1802,30.5221],[112.1795,30.4729],[112.24924,30.495506],[112.2557,30.4976],[112.2963,30.4851],[112.328,30.4052],[112.4565,30.4335],[112.5215,30.3953]]}},{"type":"Feature","properties":{"boundary_group":"china|hubei","parent_geo_key":"china|hubei","country_key":"china","left_geo_key":"china|hubei|jingmen","right_geo_key":"china|hubei|qianjiang"},"geometry":{"type":"LineString","coordinates":[[112.5215,30.3953],[112.5195,30.4322],[112.5725,30.4537],[112.563,30.5138],[112.6193,30.5157],[112.5941,30.5556],[112.6303,30.6275],[112.697909,30.632793]]}},{"type":"Feature","properties":{"boundary_group":"china|hubei","parent_geo_key":"china|hubei","country_key":"china","left_geo_key":"china|hubei|jingmen","right_geo_key":"china|hubei|tianmen"},"geometry":{"type":"LineString","coordinates":[[112.697909,30.632793],[112.702414,30.647013],[112.7153,30.6505],[112.703547,30.65059],[112.7058,30.6577],[112.607665,30.665711],[112.6003,30.706],[112.7932,30.8329],[112.8699,30.6994],[112.9906,30.7897],[113.0644,30.7816],[113.0769,30.8245],[113.1284,30.7967],[113.1759,30.8138],[113.2754,30.9059],[113.3192,30.8902],[113.319814,30.897238]]}},{"type":"Feature","properties":{"boundary_group":"china|hubei","parent_geo_key":"china|hubei","country_key":"china","left_geo_key":"china|hubei|jingzhou","right_geo_key":"china|hubei|xianning"},"geometry":{"type":"LineString","coordinates":[[113.5656,29.8504],[113.6336,29.9075],[113.807144,29.934636],[113.8229,29.9371],[113.891,30.0204],[114.080786,30.11403],[114.0864,30.1168],[114.080852,30.120242],[113.947269,30.203114],[113.9402,30.2075],[113.871791,30.193522],[113.8606,30.1921]]}},{"type":"Feature","properties":{"boundary_group":"china|hubei","parent_geo_key":"china|hubei","country_key":"china","left_geo_key":"china|hubei|jingzhou","right_geo_key":"china|hubei|wuhan"},"geometry":{"type":"LineString","coordinates":[[113.8606,30.1921],[113.8154,30.182]]}},{"type":"Feature","properties":{"boundary_group":"china|hubei","parent_geo_key":"china|hubei","country_key":"china","left_geo_key":"china|hubei|jingzhou","right_geo_key":"china|hubei|xiantao"},"geometry":{"type":"LineString","coordinates":[[113.8154,30.182],[113.814352,30.180387],[113.794908,30.150455],[113.76397,30.134671],[113.7314,30.1371],[113.6619,30.0826],[113.551325,30.073827],[113.482699,30.119003],[113.3668,30.1953],[113.280214,30.156943],[113.251147,30.15412],[113.127577,30.152127],[113.0361,30.1932],[113.033402,30.190115]]}},{"type":"Feature","properties":{"boundary_group":"china|hubei","parent_geo_key":"china|hubei","country_key":"china","left_geo_key":"china|hubei|jingzhou","right_geo_key":"china|hubei|qianjiang"},"geometry":{"type":"LineString","coordinates":[[113.033402,30.190115],[113.011138,30.164657],[112.992737,30.143617],[112.971794,30.139593],[112.8448,30.1831],[112.783,30.1061],[112.8109,30.0813],[112.5725,30.1197],[112.5848,30.1726],[112.4961,30.3699],[112.5215,30.3953]]}},{"type":"Feature","properties":{"boundary_group":"china|hubei","parent_geo_key":"china|hubei","country_key":"china","left_geo_key":"china|hubei|jingzhou","right_geo_key":"china|hubei|yichang"},"geometry":{"type":"LineString","coordinates":[[112.0755,30.6602],[111.9816,30.6037],[111.9957,30.5509],[111.9703,30.5059],[111.9168,30.5074],[111.9036,30.4616],[111.9695,30.4369],[111.9693,30.3651],[112.0451,30.3006],[112.029,30.2767],[111.921,30.3551],[111.889,30.2809],[111.8245,30.2873],[111.7309,30.3762],[111.5676,30.2582],[111.6004,30.2396],[111.5716,30.1286],[111.564863,30.124974],[111.540389,30.111803],[111.5192,30.1004],[111.513855,30.101404],[111.3829,30.126],[111.3069,30.0494],[111.2403,30.0426]]}},{"type":"Feature","properties":{"boundary_group":"china|hubei","parent_geo_key":"china|hubei","country_key":"china","left_geo_key":"china|hubei|qianjiang","right_geo_key":"china|hubei|xiantao"},"geometry":{"type":"LineString","coordinates":[[113.033402,30.190115],[113.00918,30.209215],[112.9988,30.2174],[113.0055,30.293],[112.9517,30.3816],[112.9904,30.4793],[112.9431,30.481],[112.9387,30.5213],[112.947744,30.520554]]}},{"type":"Feature","properties":{"boundary_group":"china|hubei","parent_geo_key":"china|hubei","country_key":"china","left_geo_key":"china|hubei|qianjiang","right_geo_key":"china|hubei|tianmen"},"geometry":{"type":"LineString","coordinates":[[112.947744,30.520554],[112.9487,30.5287],[112.9032,30.5773],[112.878099,30.526362],[112.8798,30.5054],[112.867157,30.504157],[112.843207,30.501803],[112.833,30.5008],[112.827179,30.508102],[112.7662,30.5846],[112.686502,30.568696],[112.677,30.5668],[112.686265,30.596042],[112.696999,30.629923],[112.697909,30.632793]]}},{"type":"Feature","properties":{"boundary_group":"china|hubei","parent_geo_key":"china|hubei","country_key":"china","left_geo_key":"china|hubei|shennongjialin","right_geo_key":"china|hubei|yichang"},"geometry":{"type":"LineString","coordinates":[[110.441408,31.330973],[110.4925,31.3749],[110.5227,31.3255],[110.5651,31.3274],[110.6074,31.4849],[110.7038,31.4792],[110.7377,31.5402],[110.7902,31.5557],[110.8521,31.5018],[110.9429,31.5687]]}},{"type":"Feature","properties":{"boundary_group":"china|hubei","parent_geo_key":"china|hubei","country_key":"china","left_geo_key":"china|hubei|shennongjialin","right_geo_key":"china|hubei|xiangyang"},"geometry":{"type":"LineString","coordinates":[[110.9429,31.5687],[110.969994,31.644345],[110.9043,31.6585],[110.8706,31.7382],[110.7699,31.8317],[110.7624,31.8344]]}},{"type":"Feature","properties":{"boundary_group":"china|hubei","parent_geo_key":"china|hubei","country_key":"china","left_geo_key":"china|hubei|shennongjialin","right_geo_key":"china|hubei|shiyan"},"geometry":{"type":"LineString","coordinates":[[110.7624,31.8344],[110.6735,31.863],[110.5028,31.8593],[110.465,31.8146],[110.4046,31.8217],[110.3647,31.7723],[110.2304,31.7305],[110.2142,31.5702],[110.1221,31.6064],[110.038,31.5294],[109.992425,31.519486],[109.971186,31.514866]]}},{"type":"Feature","properties":{"boundary_group":"china|hubei","parent_geo_key":"china|hubei","country_key":"china","left_geo_key":"china|hubei|shiyan","right_geo_key":"china|hubei|xiangyang"},"geometry":{"type":"MultiLineString","coordinates":[[[110.7624,31.8344],[110.764028,31.837776],[110.766891,31.843714],[110.825522,31.856345],[110.8543,31.851],[110.9344,31.8798],[110.9659,31.8479],[110.992,31.8672],[110.9964,31.8243],[111.0187,31.8358],[110.99,31.9932],[111.0424,32.0111],[111.054218,31.998555],[111.0759,32.0268],[111.0757,32.0688],[111.0512,32.0694],[111.2336,32.1705],[111.2525,32.2145],[111.2358,32.2712],[111.2047,32.2757],[111.2274,32.3158],[111.3814,32.4257],[111.4672,32.431],[111.4687,32.4672],[111.5345,32.5011],[111.5799,32.5752],[111.560735,32.599359]],[[110.9908,31.9431],[110.9735,31.9425],[110.9874,31.9232],[110.9908,31.9431]],[[111.1382,32.0489],[111.125992,32.040085],[111.0774,32.005],[111.1225,32.0405],[111.1382,32.0489]]]}},{"type":"Feature","properties":{"boundary_group":"china|hubei","parent_geo_key":"china|hubei","country_key":"china","left_geo_key":"china|hubei|suizhou","right_geo_key":"china|hubei|xiaogan"},"geometry":{"type":"LineString","coordinates":[[113.3102,31.3416],[113.31073,31.343706],[113.3342,31.3634],[113.34126,31.421273],[113.349795,31.422086],[113.3856,31.4059],[113.4696,31.4335],[113.5158,31.3935],[113.5891,31.423],[113.6283,31.3889],[113.7178,31.4719],[113.7932,31.4294],[113.8485,31.4474],[113.8867,31.4113],[113.9067,31.4409],[113.9471,31.4111],[113.9275,31.3843],[113.9723,31.4299],[114.0595,31.4417],[114.0496,31.4905],[114.1082,31.5437],[114.0828,31.5662],[114.1233,31.6709],[114.083,31.7101],[114.1123,31.8071],[114.109706,31.80597]]}},{"type":"Feature","properties":{"boundary_group":"china|hubei","parent_geo_key":"china|hubei","country_key":"china","left_geo_key":"china|hubei|suizhou","right_geo_key":"china|hubei|xiangyang"},"geometry":{"type":"LineString","coordinates":[[113.108553,32.371224],[113.1049,32.3669],[113.0515,32.3566],[113.094,32.3172],[113.0176,32.2651],[113.0142,32.1428],[113.049,32.1148],[112.9905,32.0686],[112.9785,31.9769],[113.0266,31.9587],[112.9574,31.9025],[112.9645,31.8291],[112.9273,31.8439],[112.8872,31.7972],[112.8457,31.8019],[112.8272,31.7575],[112.7424,31.7397],[112.729855,31.63814],[112.736114,31.617928],[112.75354,31.610442]]}},{"type":"Feature","properties":{"boundary_group":"china|hubei","parent_geo_key":"china|hubei","country_key":"china","left_geo_key":"china|hubei|tianmen","right_geo_key":"china|hubei|xiantao"},"geometry":{"type":"LineString","coordinates":[[112.947744,30.520554],[113.0709,30.5104],[113.0687,30.4744],[113.1142,30.4882],[113.1486,30.4338],[113.411609,30.399962],[113.4558,30.3806],[113.454889,30.394393]]}},{"type":"Feature","properties":{"boundary_group":"china|hubei","parent_geo_key":"china|hubei","country_key":"china","left_geo_key":"china|hubei|tianmen","right_geo_key":"china|hubei|xiaogan"},"geometry":{"type":"LineString","coordinates":[[113.454889,30.394393],[113.453547,30.41473],[113.4306,30.4954],[113.443372,30.568836],[113.437974,30.650577],[113.4306,30.6559],[113.429,30.7865],[113.3322,30.8925],[113.3236,30.8965],[113.319814,30.897238]]}},{"type":"Feature","properties":{"boundary_group":"china|hubei","parent_geo_key":"china|hubei","country_key":"china","left_geo_key":"china|hubei|wuhan","right_geo_key":"china|hubei|xiaogan"},"geometry":{"type":"LineString","coordinates":[[114.4341,31.3086],[114.3272,31.3178],[114.2763,31.3629],[114.194099,31.281976],[114.188773,31.243807],[114.2423,31.1826],[114.1758,31.1117],[114.1848,31.0652],[114.152,31.0309],[114.1724,30.7578],[113.9918,30.7893],[113.9,30.7703],[113.8898,30.7117],[113.9528,30.6869],[113.919,30.647],[113.9372,30.5953],[113.880712,30.546048],[113.8735,30.5245],[113.860486,30.528413],[113.703,30.3911]]}},{"type":"Feature","properties":{"boundary_group":"china|hubei","parent_geo_key":"china|hubei","country_key":"china","left_geo_key":"china|hubei|wuhan","right_geo_key":"china|hubei|xiantao"},"geometry":{"type":"LineString","coordinates":[[113.703,30.3911],[113.710234,30.381957],[113.753058,30.327838],[113.7883,30.2833],[113.7506,30.236],[113.813376,30.183687],[113.8154,30.182]]}},{"type":"Feature","properties":{"boundary_group":"china|hubei","parent_geo_key":"china|hubei","country_key":"china","left_geo_key":"china|hubei|wuhan","right_geo_key":"china|hubei|xianning"},"geometry":{"type":"LineString","coordinates":[[113.8606,30.1921],[113.9017,30.2687],[113.9624,30.3004],[114.0154,30.2608],[114.0334,30.1984],[114.1004,30.209],[114.106283,30.200836],[114.112794,30.1918],[114.1868,30.0891],[114.2067,30.0058],[114.3548,30.0346],[114.5272,29.9719]]}},{"type":"Feature","properties":{"boundary_group":"china|hubei","parent_geo_key":"china|hubei","country_key":"china","left_geo_key":"china|hubei|xiantao","right_geo_key":"china|hubei|xiaogan"},"geometry":{"type":"LineString","coordinates":[[113.703,30.3911],[113.6146,30.4197],[113.622077,30.477198],[113.607309,30.485448],[113.582783,30.483682],[113.4941,30.3844],[113.4595,30.3938],[113.454889,30.394393]]}},{"type":"Feature","properties":{"boundary_group":"china|hubei","parent_geo_key":"china|hubei","country_key":"china","left_geo_key":"china|hubei|xiangyang","right_geo_key":"china|hubei|yichang"},"geometry":{"type":"MultiLineString","coordinates":[[[110.9429,31.5687],[111.0335,31.5692],[111.0572,31.5055],[111.0369,31.4525],[111.0829,31.42],[111.2167,31.4641],[111.2693,31.4402],[111.2682,31.3854],[111.3434,31.3488],[111.4267,31.3654],[111.4264,31.3192],[111.5128,31.2983],[111.6255,31.3693],[111.7396,31.3676],[111.7311,31.2982],[111.8558,31.2313]],[[111.054,31.4341],[111.0398,31.4229],[111.0349,31.4279],[111.0442,31.4407],[111.054,31.4341]]]}},{"type":"Feature","properties":{"boundary_group":"china|fujian","parent_geo_key":"china|fujian","country_key":"china","left_geo_key":"china|fujian|fuzhou","right_geo_key":"china|fujian|ningde"},"geometry":{"type":"LineString","coordinates":[[119.776,26.5702],[119.6943,26.5723],[119.6146,26.5243],[119.5321,26.5636],[119.4962,26.6246],[119.4034,26.6384],[119.2264,26.5266],[119.1883,26.5746],[119.1107,26.5423],[119.0569,26.5734],[119.0584,26.6049],[119.023,26.6016],[118.9973,26.536],[118.9429,26.5229],[118.9473,26.4751],[118.897,26.4822],[118.819,26.4282],[118.7961,26.4912],[118.7442,26.5148],[118.7266,26.4389],[118.7961,26.3632],[118.7732,26.3322],[118.7154,26.3436],[118.662109,26.279173]]}},{"type":"Feature","properties":{"boundary_group":"china|fujian","parent_geo_key":"china|fujian","country_key":"china","left_geo_key":"china|fujian|fuzhou","right_geo_key":"china|fujian|nanping"},"geometry":{"type":"LineString","coordinates":[[118.662109,26.279173],[118.6639,26.2469]]}},{"type":"Feature","properties":{"boundary_group":"china|fujian","parent_geo_key":"china|fujian","country_key":"china","left_geo_key":"china|fujian|fuzhou","right_geo_key":"china|fujian|sanming"},"geometry":{"type":"LineString","coordinates":[[118.6639,26.2469],[118.6606,26.2333],[118.6056,26.2402],[118.5737,26.2072],[118.5588,26.14],[118.5981,26.0756],[118.5113,26.0624],[118.5042,25.8998],[118.4763,25.9071],[118.4544,25.8668],[118.4293,25.9223],[118.406232,25.874861]]}},{"type":"Feature","properties":{"boundary_group":"china|fujian","parent_geo_key":"china|fujian","country_key":"china","left_geo_key":"china|fujian|fuzhou","right_geo_key":"china|fujian|quanzhou"},"geometry":{"type":"LineString","coordinates":[[118.406232,25.874861],[118.3797,25.8203],[118.4265,25.7328],[118.5176,25.662],[118.527645,25.667709],[118.53377,25.663767]]}},{"type":"Feature","properties":{"boundary_group":"china|fujian","parent_geo_key":"china|fujian","country_key":"china","left_geo_key":"china|fujian|fuzhou","right_geo_key":"china|fujian|putian"},"geometry":{"type":"LineString","coordinates":[[118.53377,25.663767],[118.5363,25.6707],[118.627455,25.708347],[118.7238,25.695],[118.724,25.6702],[118.9457,25.7583],[118.9467,25.7218],[119.129984,25.744336],[119.1277,25.6455],[119.1763,25.558],[119.2234,25.5672],[119.2388,25.5143],[119.214,25.4753]]}},{"type":"Feature","properties":{"boundary_group":"china|fujian","parent_geo_key":"china|fujian","country_key":"china","left_geo_key":"china|fujian|longyan","right_geo_key":"china|fujian|zhangzhou"},"geometry":{"type":"LineString","coordinates":[[116.8996,24.3737],[116.9447,24.4333],[116.9083,24.5271],[117.0136,24.5563],[117.012,24.6272],[117.0418,24.6559],[117.0092,24.769],[117.0479,24.827],[117.0754,24.7816],[117.129,24.7773],[117.1589,24.8709],[117.195,24.894],[117.1788,24.9275],[117.2238,24.9116],[117.2773,24.9924],[117.4869,24.9612],[117.5071,25.077],[117.504013,25.081079],[117.4716,25.1239],[117.472905,25.129601],[117.474261,25.135522],[117.5549,25.2153],[117.559633,25.210416]]}},{"type":"Feature","properties":{"boundary_group":"china|fujian","parent_geo_key":"china|fujian","country_key":"china","left_geo_key":"china|fujian|longyan","right_geo_key":"china|fujian|quanzhou"},"geometry":{"type":"LineString","coordinates":[[117.559633,25.210416],[117.5743,25.2354],[117.6101,25.2251],[117.5974,25.2989],[117.6788,25.3509],[117.711928,25.508873]]}},{"type":"Feature","properties":{"boundary_group":"china|fujian","parent_geo_key":"china|fujian","country_key":"china","left_geo_key":"china|fujian|longyan","right_geo_key":"china|fujian|sanming"},"geometry":{"type":"LineString","coordinates":[[117.711928,25.508873],[117.710537,25.50939],[117.678,25.5215],[117.740436,25.596959],[117.737173,25.599739],[117.6445,25.6787],[117.5903,25.6531],[117.5314,25.729],[117.4971,25.7028],[117.477869,25.733192],[117.4318,25.6671],[117.385,25.6614],[117.370292,25.78084],[117.359042,25.783619],[117.339767,25.773695],[117.2648,25.7351],[117.2392,25.6952],[117.2835,25.6679],[117.2418,25.6532],[117.1922,25.5614],[117.1611,25.5728],[117.1057,25.6663],[117.0757,25.6544],[117.0421,25.7254],[117.0594,25.7882],[117.0136,25.8593],[116.9134,25.8567],[116.8096,25.7849],[116.7767,25.8602],[116.7416,25.8561],[116.7471,25.9],[116.6496,25.9404],[116.6383,26.0138],[116.58,25.9755],[116.5252,26.0025],[116.4799,25.9712],[116.4598,26.0248],[116.4079,26.0246],[116.399762,26.044419]]}},{"type":"Feature","properties":{"boundary_group":"china|fujian","parent_geo_key":"china|fujian","country_key":"china","left_geo_key":"china|fujian|nanping","right_geo_key":"china|fujian|ningde"},"geometry":{"type":"LineString","coordinates":[[118.662109,26.279173],[118.6584,26.346],[118.5435,26.4001],[118.6164,26.5544],[118.5762,26.5661],[118.5962,26.6675],[118.5673,26.6853],[118.6383,26.8158],[118.625,26.8556],[118.688956,26.88939],[118.6956,26.8929],[118.684772,26.913675],[118.678654,26.94919],[118.7715,26.9469],[118.788691,26.960298],[118.797716,26.967331],[118.8286,26.9914],[118.9191,27.1157],[118.9516,27.1199],[118.9308,27.1779],[118.9837,27.1621],[118.9946,27.1002],[119.0902,27.101],[119.1329,27.0607],[119.1224,27.0888],[119.1986,27.117],[119.1745,27.2074],[119.2003,27.2322],[119.2675,27.2159],[119.210895,27.273648],[119.2707,27.3832],[119.273334,27.437768]]}},{"type":"Feature","properties":{"boundary_group":"china|fujian","parent_geo_key":"china|fujian","country_key":"china","left_geo_key":"china|fujian|nanping","right_geo_key":"china|fujian|sanming"},"geometry":{"type":"LineString","coordinates":[[117.0474,27.1039],[117.048697,27.104007],[117.1526,27.1126],[117.2486,27.0351],[117.2779,27.0632],[117.2741,27.1321],[117.3731,27.1005],[117.3988,27.0549],[117.4316,27.0683],[117.4497,27.0052],[117.5286,26.9985],[117.4986,26.932],[117.5712,26.929],[117.6662,26.8068],[117.5878,26.7066],[117.6628,26.6371],[117.8478,26.6843],[117.8712,26.5675],[117.9996,26.5752],[117.9863,26.546],[118.0039,26.5118],[118.0352,26.5168],[118.0273,26.4735],[118.132,26.3685],[118.3285,26.4291],[118.4506,26.3944],[118.4225,26.3865],[118.4481,26.3419],[118.4953,26.3686],[118.5904,26.3279],[118.6639,26.2469]]}},{"type":"Feature","properties":{"boundary_group":"china|fujian","parent_geo_key":"china|fujian","country_key":"china","left_geo_key":"china|fujian|putian","right_geo_key":"china|fujian|quanzhou"},"geometry":{"type":"LineString","coordinates":[[118.53377,25.663767],[118.5404,25.6595],[118.516228,25.6157],[118.460869,25.464004],[118.462932,25.437185],[118.5266,25.3605],[118.5085,25.3216],[118.534653,25.297013],[118.6585,25.3028],[118.6421,25.2713],[118.6893,25.2635],[118.668,25.2024],[118.6908,25.1596],[118.7957,25.2235]]}},{"type":"Feature","properties":{"boundary_group":"china|fujian","parent_geo_key":"china|fujian","country_key":"china","left_geo_key":"china|fujian|quanzhou","right_geo_key":"china|fujian|sanming"},"geometry":{"type":"LineString","coordinates":[[118.406232,25.874861],[118.4008,25.882],[118.4062,25.8934],[118.3661,25.8963],[118.3552,25.9343],[118.2689,25.9352],[118.2325,25.8882],[118.1509,25.9104],[118.0603,25.8509],[118.0068,25.8589],[118.0282,25.8385],[117.9776,25.7499],[118.0095,25.7272],[117.9991,25.689],[117.9314,25.6554],[118.0382,25.6237],[118.0233,25.5677],[117.8879,25.5007],[117.7824,25.5107],[117.7844,25.4819],[117.711928,25.508873]]}},{"type":"Feature","properties":{"boundary_group":"china|fujian","parent_geo_key":"china|fujian","country_key":"china","left_geo_key":"china|fujian|quanzhou","right_geo_key":"china|fujian|zhangzhou"},"geometry":{"type":"LineString","coordinates":[[117.559633,25.210416],[117.605992,25.162583],[117.6675,25.1263],[117.699209,25.083725],[117.7172,25.082],[117.7352,25.0354],[117.598,24.9515],[117.628,24.927],[117.6193,24.8699],[117.6693,24.8524],[117.7437,24.8828],[117.7777,24.85],[117.8787,24.8962],[117.929802,24.871353]]}},{"type":"Feature","properties":{"boundary_group":"china|fujian","parent_geo_key":"china|fujian","country_key":"china","left_geo_key":"china|fujian|quanzhou","right_geo_key":"china|fujian|xiamen"},"geometry":{"type":"LineString","coordinates":[[117.929802,24.871353],[117.9694,24.8521],[117.9891,24.9039],[118.0316,24.903],[118.0655,24.8582],[118.174131,24.891434],[118.2348,24.8256],[118.287549,24.827578],[118.315072,24.801339],[118.322975,24.788391],[118.3153,24.698],[118.3482,24.6664],[118.3233,24.6049]]}},{"type":"Feature","properties":{"boundary_group":"china|fujian","parent_geo_key":"china|fujian","country_key":"china","left_geo_key":"china|fujian|xiamen","right_geo_key":"china|fujian|zhangzhou"},"geometry":{"type":"LineString","coordinates":[[117.929802,24.871353],[117.9583,24.8441],[117.9352,24.7408],[117.9611,24.6647],[117.8822,24.5936],[117.9585,24.4946],[117.951796,24.470931]]}},{"type":"Feature","properties":{"boundary_group":"china|jiangxi","parent_geo_key":"china|jiangxi","country_key":"china","left_geo_key":"china|jiangxi|fuzhou","right_geo_key":"china|jiangxi|ganzhou"},"geometry":{"type":"LineString","coordinates":[[116.5297,26.5628],[116.5009,26.5524],[116.4486,26.6027],[116.363045,26.510701],[116.3013,26.5021],[116.2355,26.551],[116.2661,26.5842],[116.250656,26.600547],[116.2693,26.6615],[116.149535,26.705511],[116.130652,26.718671],[116.1831,27.0421],[116.126675,27.111428],[116.1199,27.1336],[116.0634,27.1468],[116.037022,27.131625],[116.018215,27.120805],[116.0043,27.1128],[116.001438,27.091593],[115.9308,26.9686]]}},{"type":"Feature","properties":{"boundary_group":"china|jiangxi","parent_geo_key":"china|jiangxi","country_key":"china","left_geo_key":"china|jiangxi|ganzhou","right_geo_key":"china|jiangxi|jian"},"geometry":{"type":"LineString","coordinates":[[115.9308,26.9686],[115.832,26.8984],[115.780208,26.813751],[115.7064,26.8571],[115.6717,26.778],[115.7205,26.761],[115.726,26.7109],[115.672927,26.654912],[115.589574,26.650965],[115.548941,26.65389],[115.5167,26.6989],[115.3841,26.658],[115.3314,26.6775],[115.2259,26.5235],[115.0998,26.5],[115.0226,26.3626],[115.0673,26.3189],[115.0822,26.2646],[115.041,26.2135],[115.0848,26.1521],[114.9065,26.216],[114.7134,26.1696],[114.6002,26.2054],[114.577,26.2407],[114.5134,26.2167],[114.4256,26.0855],[114.3699,26.1204],[114.2879,26.038],[114.1556,26.0288],[114.016,25.9755]]}},{"type":"Feature","properties":{"boundary_group":"china|jiangxi","parent_geo_key":"china|jiangxi","country_key":"china","left_geo_key":"china|jiangxi|fuzhou","right_geo_key":"china|jiangxi|jian"},"geometry":{"type":"LineString","coordinates":[[115.9308,26.9686],[115.8588,27.0061],[115.8115,27.1138],[115.793719,27.112138],[115.7892,27.1195],[115.687862,27.136661],[115.6258,27.2155],[115.638113,27.258726],[115.6934,27.277],[115.671,27.3421],[115.7211,27.4442],[115.702525,27.446194],[115.6503,27.4518],[115.624864,27.481694],[115.6244,27.482239],[115.605401,27.565647],[115.620639,27.601534],[115.685736,27.678617],[115.7243,27.7187],[115.732,27.7334]]}},{"type":"Feature","properties":{"boundary_group":"china|jiangxi","parent_geo_key":"china|jiangxi","country_key":"china","left_geo_key":"china|jiangxi|jian","right_geo_key":"china|jiangxi|yichun"},"geometry":{"type":"MultiLineString","coordinates":[[[115.732,27.7334],[115.6708,27.8247],[115.5025,27.8976],[115.5225,27.9529],[115.4791,27.9627],[115.466536,27.946766],[115.437918,27.94363],[115.4252,27.9659],[115.3889,27.9493],[115.390879,27.938474],[115.4023,27.876]],[[114.478052,27.590719],[114.418101,27.555573],[114.4016,27.552976],[114.283425,27.579818],[114.2769,27.5813]]]}},{"type":"Feature","properties":{"boundary_group":"china|jiangxi","parent_geo_key":"china|jiangxi","country_key":"china","left_geo_key":"china|jiangxi|jian","right_geo_key":"china|jiangxi|xinyu"},"geometry":{"type":"LineString","coordinates":[[115.4023,27.876],[115.3557,27.8653],[115.28,27.7726],[115.152,27.7164],[115.12,27.7469],[115.0872,27.7081],[115.0503,27.7354],[115.0152,27.6585],[114.9693,27.6769],[114.8772,27.5966],[114.8171,27.5923],[114.7764,27.6317],[114.6647,27.5872],[114.627863,27.536872],[114.5298,27.5689],[114.5135,27.6115],[114.478052,27.590719]]}},{"type":"Feature","properties":{"boundary_group":"china|jiangxi","parent_geo_key":"china|jiangxi","country_key":"china","left_geo_key":"china|jiangxi|jian","right_geo_key":"china|jiangxi|pingxiang"},"geometry":{"type":"LineString","coordinates":[[114.2769,27.5813],[114.1957,27.5218],[114.1658,27.4462],[114.0246,27.429],[114.0168,27.3961],[114.0683,27.3376],[114.139,27.316],[114.1527,27.2484],[114.080412,27.187463],[114.03836,27.152014],[114.018148,27.134976],[114.0075,27.126],[113.942278,27.006285],[113.91593,26.957923]]}},{"type":"Feature","properties":{"boundary_group":"china|jiangxi","parent_geo_key":"china|jiangxi","country_key":"china","left_geo_key":"china|jiangxi|jingdezhen","right_geo_key":"china|jiangxi|shangrao"},"geometry":{"type":"LineString","coordinates":[[117.1091,29.71],[117.0224,29.6049],[117.0423,29.4412],[117.067,29.4332],[117.0344,29.3549],[117.0691,29.3182],[117.0011,29.2834],[117.0234,29.1665],[117.0736,29.1261],[117.032,29.006],[117.018652,29.006464],[116.966197,28.892255],[117.0433,28.8062],[117.1371,28.8037],[117.2429,28.7224],[117.3969,28.7866],[117.3896,28.8327],[117.5455,28.8188],[117.5524,28.902],[117.4536,28.9762],[117.5109,29.0611],[117.4772,29.1249],[117.4924,29.1589],[117.4155,29.1385],[117.3727,29.1934],[117.373863,29.200325],[117.374504,29.204142],[117.3793,29.2327],[117.448,29.2791],[117.435876,29.317535],[117.4339,29.3238],[117.4875,29.3494],[117.5066,29.4404],[117.570016,29.473811],[117.5726,29.4905],[117.582785,29.480539],[117.612212,29.496043],[117.6507,29.538],[117.701835,29.553966]]}},{"type":"Feature","properties":{"boundary_group":"china|jiangxi","parent_geo_key":"china|jiangxi","country_key":"china","left_geo_key":"china|jiangxi|jiujiang","right_geo_key":"china|jiangxi|yichun"},"geometry":{"type":"LineString","coordinates":[[114.142643,28.790056],[114.2096,28.8331],[114.3449,28.7058],[114.358617,28.705016],[114.36215,28.704815],[114.4587,28.6993],[114.471683,28.742786],[114.5623,28.7742],[114.6134,28.7026],[114.7314,28.6897],[114.794,28.7279],[114.8068,28.7728],[114.8357,28.7448],[114.871772,28.772719],[114.894246,28.790113],[114.9118,28.8037],[114.909057,28.824293],[114.928938,28.870173],[114.9507,28.882],[114.966125,28.955988],[114.98627,29.002478],[115.172127,29.08151],[115.252076,29.092101],[115.402345,29.072009],[115.428733,29.062916],[115.4698,29.0081]]}},{"type":"Feature","properties":{"boundary_group":"china|jiangxi","parent_geo_key":"china|jiangxi","country_key":"china","left_geo_key":"china|jiangxi|jiujiang","right_geo_key":"china|jiangxi|nanchang"},"geometry":{"type":"LineString","coordinates":[[115.4698,29.0081],[115.472985,29.00863],[115.5209,29.0166],[115.5694,28.9669],[115.62691,28.955391],[115.7278,28.9352],[115.756,28.8968],[115.8093,28.9109],[115.8178,28.9748],[115.8689,28.9879],[115.9252,29.0968],[116.1684,29.1208],[116.1389,29.0932],[116.141233,29.089329],[116.146234,29.081033],[116.1606,29.0572],[116.2242,29.0363],[116.232,28.9949],[116.2656,29.0041],[116.265746,29.008291],[116.2692,29.1073],[116.3954,29.0557]]}},{"type":"Feature","properties":{"boundary_group":"china|jiangxi","parent_geo_key":"china|jiangxi","country_key":"china","left_geo_key":"china|jiangxi|jiujiang","right_geo_key":"china|jiangxi|shangrao"},"geometry":{"type":"LineString","coordinates":[[116.3954,29.0557],[116.468,29.1584],[116.5428,29.1587],[116.6417,29.2323],[116.5894,29.2538],[116.5336,29.3444],[116.5551,29.3793],[116.5148,29.4281],[116.5303,29.5588],[116.4871,29.5747],[116.5127,29.6141],[116.6086,29.5741],[116.6518,29.6119],[116.666427,29.602041],[116.674,29.6057]]}},{"type":"Feature","properties":{"boundary_group":"china|jiangxi","parent_geo_key":"china|jiangxi","country_key":"china","left_geo_key":"china|jiangxi|nanchang","right_geo_key":"china|jiangxi|yichun"},"geometry":{"type":"LineString","coordinates":[[115.4698,29.0081],[115.470006,29.004396],[115.4704,28.9973],[115.497655,28.916299],[115.5167,28.8597],[115.4358,28.7751],[115.438228,28.765146],[115.441179,28.753046],[115.44969,28.741677],[115.5545,28.7306],[115.521824,28.610484],[115.577,28.5872],[115.541791,28.399816],[115.553606,28.402783],[115.5931,28.4207],[115.604082,28.415461],[115.626504,28.404763],[115.6455,28.3957],[115.64322,28.389329],[115.63496,28.366251],[115.627877,28.346462],[115.647261,28.340567],[115.652578,28.340682],[115.6673,28.341],[115.726789,28.367931],[115.8153,28.408],[115.8741,28.2908],[115.9263,28.3171],[115.9464,28.2815],[116.085704,28.275477],[116.0898,28.2753],[116.089473,28.27222]]}},{"type":"Feature","properties":{"boundary_group":"china|jiangxi","parent_geo_key":"china|jiangxi","country_key":"china","left_geo_key":"china|jiangxi|fuzhou","right_geo_key":"china|jiangxi|nanchang"},"geometry":{"type":"LineString","coordinates":[[116.089473,28.27222],[116.181455,28.19272],[116.217655,28.167919],[116.2225,28.1646],[116.273895,28.215236],[116.3037,28.2446],[116.308625,28.241242],[116.3499,28.2131],[116.456,28.2484],[116.506156,28.336548],[116.547072,28.408458],[116.55347,28.419702],[116.5552,28.4961]]}},{"type":"Feature","properties":{"boundary_group":"china|jiangxi","parent_geo_key":"china|jiangxi","country_key":"china","left_geo_key":"china|jiangxi|nanchang","right_geo_key":"china|jiangxi|shangrao"},"geometry":{"type":"LineString","coordinates":[[116.5552,28.4961],[116.544159,28.508365],[116.4758,28.5736],[116.471576,28.588997],[116.4392,28.707],[116.352309,28.75051],[116.307266,28.773065],[116.2373,28.8081],[116.227919,28.857039],[116.2267,28.8634],[116.3369,28.8806],[116.3991,28.9567],[116.3954,29.0557]]}},{"type":"Feature","properties":{"boundary_group":"china|jiangxi","parent_geo_key":"china|jiangxi","country_key":"china","left_geo_key":"china|jiangxi|pingxiang","right_geo_key":"china|jiangxi|yichun"},"geometry":{"type":"LineString","coordinates":[[114.2769,27.5813],[114.27201,27.584388],[114.2485,27.5938],[114.242484,27.603034],[114.213932,27.646855],[114.1378,27.7637],[114.0379,27.7444],[114.011483,27.757251],[113.953,27.7857],[113.9653,27.8171],[113.9002,27.8901],[113.9916,27.9627],[113.98851,27.964345],[113.913325,28.004361]]}},{"type":"Feature","properties":{"boundary_group":"china|jiangxi","parent_geo_key":"china|jiangxi","country_key":"china","left_geo_key":"china|jiangxi|fuzhou","right_geo_key":"china|jiangxi|shangrao"},"geometry":{"type":"LineString","coordinates":[[116.5552,28.4961],[116.57719,28.4151],[116.5726,28.3841],[116.7071,28.3859],[116.719094,28.400853],[116.738197,28.402867],[116.7817,28.3493]]}},{"type":"Feature","properties":{"boundary_group":"china|jiangxi","parent_geo_key":"china|jiangxi","country_key":"china","left_geo_key":"china|jiangxi|shangrao","right_geo_key":"china|jiangxi|yingtan"},"geometry":{"type":"LineString","coordinates":[[116.7817,28.3493],[116.869,28.3846],[116.8581,28.4264],[116.8959,28.4661],[116.8742,28.5084],[116.9709,28.5385],[116.9988,28.4996],[117.0523,28.6106],[117.1482,28.5656],[117.2175,28.6278],[117.258419,28.609436],[117.327,28.4541],[117.3214,28.3497],[117.252,28.3087],[117.2969,28.2423],[117.2681,28.1542],[117.4417,28.1039],[117.4671,28.0233],[117.4277,27.9387],[117.440825,27.937123]]}},{"type":"Feature","properties":{"boundary_group":"china|jiangxi","parent_geo_key":"china|jiangxi","country_key":"china","left_geo_key":"china|jiangxi|xinyu","right_geo_key":"china|jiangxi|yichun"},"geometry":{"type":"LineString","coordinates":[[115.4023,27.876],[115.361651,27.879099],[115.3578,27.8711],[115.1864,27.8822],[115.176143,27.893244],[115.1108,27.9636],[115.144642,28.072927],[115.132431,28.081099],[115.0495,28.088017],[114.962719,28.091625],[114.950128,28.081991],[114.9084,28.0331],[114.88635,28.033194],[114.7908,28.0336],[114.7684,28.1063],[114.564,28.0614],[114.6045,27.9927],[114.513409,27.952143],[114.500817,27.932312],[114.485309,27.888535],[114.5111,27.8295],[114.567221,27.843915],[114.5695,27.8445],[114.570144,27.837449],[114.57485,27.785921],[114.5792,27.7383],[114.55878,27.708506],[114.478052,27.590719]]}},{"type":"Feature","properties":{"boundary_group":"china|jiangxi","parent_geo_key":"china|jiangxi","country_key":"china","left_geo_key":"china|jiangxi|fuzhou","right_geo_key":"china|jiangxi|yingtan"},"geometry":{"type":"LineString","coordinates":[[116.7817,28.3493],[116.789,28.3409],[116.789558,28.33643],[116.7997,28.2551],[116.6848,28.2305],[116.7423,28.1686],[116.8002,28.1726],[116.808143,28.101207],[116.8847,28.0731],[116.9217,28.1011],[116.923468,28.092668],[116.9334,28.0453],[117.036956,27.961501],[117.0398,27.9592],[117.0189,27.86],[117.1242,27.9135],[117.2136,27.8987],[117.2719,27.8512],[117.279528,27.858718]]}},{"type":"Feature","properties":{"boundary_group":"china|jiangxi","parent_geo_key":"china|jiangxi","country_key":"china","left_geo_key":"china|jiangxi|fuzhou","right_geo_key":"china|jiangxi|yichun"},"geometry":{"type":"LineString","coordinates":[[116.089473,28.27222],[116.0766,28.151],[116.133359,28.134862],[116.139062,28.107522],[116.074,27.9524],[115.882,27.8588],[115.8425,27.744],[115.833237,27.743111],[115.732,27.7334]]}},{"type":"Feature","properties":{"boundary_group":"china|ningxia","parent_geo_key":"china|ningxia","country_key":"china","left_geo_key":"china|ningxia|guyuan","right_geo_key":"china|ningxia|zhongwei"},"geometry":{"type":"LineString","coordinates":[[106.402121,36.51049],[106.4041,36.5078],[106.3022,36.4828],[106.3111,36.4097],[106.197,36.355],[106.2056,36.3272],[105.9756,36.3118],[105.9985,36.2024],[105.88,36.2165],[105.8815,36.183],[105.8149,36.122],[105.7528,36.136],[105.7748,36.1547],[105.7548,36.1808],[105.6574,36.1615],[105.584,36.2364],[105.50448,36.200742]]}},{"type":"Feature","properties":{"boundary_group":"china|ningxia","parent_geo_key":"china|ningxia","country_key":"china","left_geo_key":"china|ningxia|shizuishan","right_geo_key":"china|ningxia|yinchuan"},"geometry":{"type":"LineString","coordinates":[[105.98525,38.862642],[105.9996,38.8746],[106.1304,38.8176],[106.3776,38.7704],[106.4366,38.6907],[106.4574,38.7096],[106.5979,38.6822],[106.5851,38.6548],[106.6592,38.6008]]}},{"type":"Feature","properties":{"boundary_group":"china|ningxia","parent_geo_key":"china|ningxia","country_key":"china","left_geo_key":"china|ningxia|wuzhong","right_geo_key":"china|ningxia|zhongwei"},"geometry":{"type":"LineString","coordinates":[[105.5969,37.7066],[105.8977,37.7366],[105.8782,37.6149],[105.9365,37.6626],[106.0014,37.6539],[106.0049,37.5832],[106.071,37.5272],[105.9626,37.4676],[105.9794,37.451],[105.8753,37.4254],[105.8802,37.3928],[105.8441,37.3962],[105.9425,37.3292],[105.9234,37.3076],[105.7951,37.3179],[105.73,37.289],[105.7743,37.1981],[105.7087,37.1871],[105.6669,37.2729],[105.5647,37.212],[105.661,37.1921],[105.6798,37.125],[105.7775,37.0839],[105.8427,36.9804],[105.7357,36.9071],[105.7569,36.8964],[105.7374,36.8289],[105.7852,36.8388],[105.8233,36.7967],[105.9019,36.8786],[105.88047,36.910049],[105.8886,36.913684],[105.932233,36.918954],[106.058,36.7747],[106.1135,36.6393],[106.1507,36.6226],[106.1483,36.5779],[106.2627,36.6255],[106.3058,36.5928],[106.442119,36.616336]]}},{"type":"Feature","properties":{"boundary_group":"china|ningxia","parent_geo_key":"china|ningxia","country_key":"china","left_geo_key":"china|ningxia|wuzhong","right_geo_key":"china|ningxia|yinchuan"},"geometry":{"type":"LineString","coordinates":[[106.8198,38.1621],[106.8081,38.1194],[106.8528,38.0494],[106.7815,38.0401],[106.7596,37.9788],[106.7781,37.9382],[106.8167,37.9447],[106.8187,37.8727],[106.828295,37.871211],[106.8812,37.863],[106.8265,37.7602],[106.765,37.7385],[106.7695,37.6361],[106.6444,37.6551],[106.5677,37.5932],[106.2794,37.835],[106.2833,37.8707],[106.3543,37.886],[106.3533,37.9236],[106.3,37.942],[106.3087,37.9662],[106.2053,38.0662],[106.2161,38.1297],[106.1226,38.1445],[106.074,38.2113],[106.0365,38.1753],[105.9765,38.1797],[105.9618,38.1456],[105.9353,38.1602],[105.9664,38.2221],[105.8892,38.2596],[105.8488,38.2643]]}},{"type":"Feature","properties":{"boundary_group":"china|qinghai","parent_geo_key":"china|qinghai","country_key":"china","left_geo_key":"china|qinghai|guoluozangzu","right_geo_key":"china|qinghai|huangnanzangzu"},"geometry":{"type":"LineString","coordinates":[[100.9496,34.3848],[100.9771,34.4523],[100.9686,34.5442],[100.9172,34.5679],[100.8996,34.6335],[100.8924,34.6576]]}},{"type":"Feature","properties":{"boundary_group":"china|qinghai","parent_geo_key":"china|qinghai","country_key":"china","left_geo_key":"china|qinghai|guoluozangzu","right_geo_key":"china|qinghai|hainanzangzu"},"geometry":{"type":"LineString","coordinates":[[100.8924,34.6576],[100.8631,34.721],[100.7314,34.6675],[100.6417,34.7322],[100.5975,34.7047],[100.4812,34.8038],[100.3199,34.8417],[100.2962,34.911],[100.1215,34.8872],[100.037914,34.820382],[99.998659,34.810903],[99.942084,34.817003],[99.8716,34.8439],[99.8234,34.8298],[99.6449,34.942],[99.4744,34.9691],[99.1806,35.2711],[99.2069,35.3335],[99.3107,35.4126],[99.2007,35.4625],[99.212,35.4806],[99.3357,35.5153],[99.2936,35.5661],[99.1538,35.6202]]}},{"type":"Feature","properties":{"boundary_group":"china|qinghai","parent_geo_key":"china|qinghai","country_key":"china","left_geo_key":"china|qinghai|guoluozangzu","right_geo_key":"china|qinghai|haiximengguzuzangzu"},"geometry":{"type":"LineString","coordinates":[[99.1538,35.6202],[99.118212,35.604388],[99.106,35.5933],[99.094255,35.593744],[98.9104,35.6007],[98.8661,35.5703],[98.789456,35.58866],[98.7316,35.5183],[98.5088,35.4467],[98.4192,35.4742],[98.3122,35.4628],[98.309,35.5042],[98.2577,35.5164],[98.1785,35.3207],[98.104665,35.323875],[98.084383,35.316058],[98.020046,35.291261],[98.0051,35.2855],[97.988718,35.28857],[97.885407,35.307934],[97.6727,35.3478],[97.65235,35.385093],[97.647506,35.385785],[97.629987,35.371545],[97.6165,35.2613],[97.5935,35.2558],[97.357126,35.292011]]}},{"type":"Feature","properties":{"boundary_group":"china|qinghai","parent_geo_key":"china|qinghai","country_key":"china","left_geo_key":"china|qinghai|guoluozangzu","right_geo_key":"china|qinghai|yushuzangzu"},"geometry":{"type":"LineString","coordinates":[[97.357126,35.292011],[97.348897,35.27383],[97.3723,35.2366],[97.2641,35.1426],[97.204,35.0451],[97.2218,35.0097],[97.218336,35.007348],[97.0794,34.913],[97.0057,34.9001],[97.0174,34.8579],[96.942475,34.779036],[96.9779,34.7304],[97.0055,34.7243],[97.0108,34.7575],[97.1373,34.7253],[97.063,34.6536],[97.1973,34.6057],[97.1904,34.536],[97.1462,34.5044],[97.3243,34.4659],[97.3462,34.43],[97.3023,34.3987],[97.32,34.3695],[97.4706,34.2852],[97.4857,34.2017],[97.5764,34.169],[97.6195,34.2059],[97.668405,34.120493]]}},{"type":"Feature","properties":{"boundary_group":"china|qinghai","parent_geo_key":"china|qinghai","country_key":"china","left_geo_key":"china|qinghai|haibeizangzu","right_geo_key":"china|qinghai|haiximengguzuzangzu"},"geometry":{"type":"LineString","coordinates":[[98.0932,38.7849],[98.1971,38.6598],[98.2912,38.6594],[98.3977,38.6013],[98.5523,38.5723],[98.5954,38.5295],[98.7166,38.5131],[98.736,38.4831],[98.94,38.4479],[98.978074,38.392963],[98.9829,38.386],[98.9116,38.358],[98.9478,38.3273],[98.9084,38.2863],[99.1022,38.2576],[99.2464,38.3284],[99.2827,38.2693],[99.4993,38.2504],[99.5217,38.2087],[99.5809,38.1995],[99.5796,38.1074],[99.677,38.0672],[99.4131,38.0238],[99.359642,37.97504],[99.395,37.9412],[99.387196,37.934325],[99.41139,37.910075],[99.4513,37.8966],[99.4835,37.8378],[99.5701,37.8485],[99.648492,37.810833],[99.6675,37.8017],[99.6457,37.7598],[99.6947,37.7137],[99.6969,37.6669],[99.5644,37.61],[99.4592,37.4791],[99.4779,37.4066],[99.417373,37.355738],[99.4267,37.1765],[99.4528,37.1583]]}},{"type":"Feature","properties":{"boundary_group":"china|qinghai","parent_geo_key":"china|qinghai","country_key":"china","left_geo_key":"china|qinghai|haibeizangzu","right_geo_key":"china|qinghai|hainanzangzu"},"geometry":{"type":"LineString","coordinates":[[99.4528,37.1583],[99.4778,37.1494],[99.8361,36.9676],[100.7253,36.7545],[100.866018,36.779862],[100.869,36.7804],[100.873586,36.775479],[100.939082,36.705199]]}},{"type":"Feature","properties":{"boundary_group":"china|qinghai","parent_geo_key":"china|qinghai","country_key":"china","left_geo_key":"china|qinghai|haibeizangzu","right_geo_key":"china|qinghai|xining"},"geometry":{"type":"LineString","coordinates":[[100.939082,36.705199],[100.9032,36.7988],[100.966,36.8207],[101.0217,36.7845],[101.032391,36.787312],[101.039276,36.789122],[101.0814,36.8002],[101.222,36.9125],[101.2809,36.9],[101.2894,36.9956],[101.2726,37.0553],[101.1717,37.1232],[101.1321,37.2055],[100.9286,37.2608],[100.8677,37.3533],[100.88833,37.432316],[100.9465,37.4698],[101.0867,37.3822],[101.2764,37.3803],[101.5248,37.3272],[101.5556,37.2745],[101.7384,37.2478],[101.9131,37.1474],[101.910562,37.138491]]}},{"type":"Feature","properties":{"boundary_group":"china|qinghai","parent_geo_key":"china|qinghai","country_key":"china","left_geo_key":"china|qinghai|haibeizangzu","right_geo_key":"china|qinghai|haidong"},"geometry":{"type":"LineString","coordinates":[[101.910562,37.138491],[101.9361,37.148],[102.1154,37.0578],[102.341821,37.098554],[102.4852,37.0785]]}},{"type":"Feature","properties":{"boundary_group":"china|qinghai","parent_geo_key":"china|qinghai","country_key":"china","left_geo_key":"china|qinghai|haidong","right_geo_key":"china|qinghai|xining"},"geometry":{"type":"LineString","coordinates":[[101.910562,37.138491],[101.884,37.1286],[101.8843,37.0457],[101.8433,37.0165],[101.844401,37.004435],[101.8484,36.9606],[101.806,36.9112],[101.7731,36.6754],[101.874879,36.612957],[101.9148,36.5663],[101.884185,36.484008],[101.8523,36.4437],[101.85576,36.407604],[101.8129,36.2924],[101.718243,36.278644],[101.7145,36.2781],[101.6689,36.2288]]}},{"type":"Feature","properties":{"boundary_group":"china|qinghai","parent_geo_key":"china|qinghai","country_key":"china","left_geo_key":"china|qinghai|haidong","right_geo_key":"china|qinghai|hainanzangzu"},"geometry":{"type":"LineString","coordinates":[[101.6689,36.2288],[101.644767,36.155759]]}},{"type":"Feature","properties":{"boundary_group":"china|qinghai","parent_geo_key":"china|qinghai","country_key":"china","left_geo_key":"china|qinghai|haidong","right_geo_key":"china|qinghai|huangnanzangzu"},"geometry":{"type":"LineString","coordinates":[[101.644767,36.155759],[101.69139,36.159374],[101.7446,36.1635],[101.752078,36.156678],[101.7993,36.1136],[101.8556,36.123],[102.0315,35.9551],[102.0822,35.9441],[102.0394,35.9275],[102.1156,35.888],[102.0748,35.8476],[102.1208,35.7353],[102.1624,35.7298],[102.1587,35.6915],[102.2083,35.7106],[102.2432,35.6381],[102.3134,35.6298],[102.4276,35.5443],[102.4009,35.4795],[102.436,35.4557]]}},{"type":"Feature","properties":{"boundary_group":"china|qinghai","parent_geo_key":"china|qinghai","country_key":"china","left_geo_key":"china|qinghai|hainanzangzu","right_geo_key":"china|qinghai|huangnanzangzu"},"geometry":{"type":"MultiLineString","coordinates":[[[100.8924,34.6576],[101.0303,34.6492],[101.0952,34.7232],[101.087846,34.786101],[101.1464,34.8361],[101.1348,34.876],[101.120441,34.88073],[100.9651,34.9319],[100.918,34.9857],[100.8035,35.0031],[100.6961,35.0806],[100.7061,35.1422],[100.9143,35.2955],[100.8714,35.3325],[100.7306,35.3429],[100.6942,35.4166],[101.1165,35.4098],[101.3707,35.3355],[101.4748,35.3512],[101.3877,35.4986],[101.5218,35.4705],[101.633,35.511],[101.7687,35.6872],[101.758,35.7495],[101.6607,35.7791],[101.7378,35.8942],[101.6801,35.927],[101.653407,36.007519],[101.64412,36.153803],[101.644767,36.155759]],[[101.5407,35.3189],[101.5503,35.2631],[101.5054,35.2177],[101.4234,35.2554],[101.395,35.239],[101.4167,35.1872],[101.3439,35.1799],[101.3273,35.2714],[101.4529,35.2814],[101.5215,35.3257],[101.5407,35.3189]]]}},{"type":"Feature","properties":{"boundary_group":"china|qinghai","parent_geo_key":"china|qinghai","country_key":"china","left_geo_key":"china|qinghai|hainanzangzu","right_geo_key":"china|qinghai|xining"},"geometry":{"type":"LineString","coordinates":[[101.6689,36.2288],[101.5933,36.289],[101.6016,36.3226],[101.3684,36.4008],[101.221174,36.328648],[101.210699,36.332891],[101.0077,36.5262],[100.9525,36.6908],[100.939082,36.705199]]}},{"type":"Feature","properties":{"boundary_group":"china|qinghai","parent_geo_key":"china|qinghai","country_key":"china","left_geo_key":"china|qinghai|hainanzangzu","right_geo_key":"china|qinghai|haiximengguzuzangzu"},"geometry":{"type":"LineString","coordinates":[[99.4528,37.1583],[99.3658,37.1738],[99.3501,37.1244],[99.2684,37.083],[99.2214,36.9719],[99.1523,36.9716],[99.4302,36.7647],[99.4506,36.6893],[98.9208,36.4879],[98.9308,36.445],[99.0351,36.3765],[99.0777,36.3056],[99.0419,36.2889],[99.0554,36.2398],[98.9979,36.1663],[98.9371,36.1436],[99.0815,36.0164],[99.0659,35.9692],[99.1177,35.9086],[99.1107,35.8135],[99.163,35.7961],[99.2073,35.7282],[99.2049,35.6831],[99.168657,35.650192],[99.1538,35.6202]]}},{"type":"Feature","properties":{"boundary_group":"china|qinghai","parent_geo_key":"china|qinghai","country_key":"china","left_geo_key":"china|qinghai|haiximengguzuzangzu","right_geo_key":"china|qinghai|yushuzangzu"},"geometry":{"type":"MultiLineString","coordinates":[[[91.100223,36.162026],[91.142431,36.146053],[91.3249,36.077],[91.4005,36.0626],[91.552607,36.144399],[91.5476,36.0974],[91.5789,36.0561],[91.7503,36.0045],[91.9004,36.0221],[91.9564,35.9759],[92.2036,35.905],[92.4062,35.917],[92.971,35.8341],[93.0616,35.8465],[93.0772,35.8057],[93.2303,35.7829],[93.7561,35.7629],[93.7708,35.7353],[93.9394,35.7065],[94.0609,35.6383],[94.2355,35.6654],[94.2789,35.6314],[94.4639,35.6052],[94.6842,35.5878],[94.8043,35.6136],[94.8357,35.5738],[94.9761,35.5737],[95.0872,35.5479],[95.113,35.5126],[95.1642,35.669],[95.3945,35.5985],[95.4885,35.6596],[95.8923,35.6363],[95.984,35.5318],[96.052,35.5574],[96.0718,35.6139],[96.134,35.6474],[96.3584,35.6507],[96.5418,35.6151],[96.5813,35.5816],[96.6822,35.5919],[96.7865,35.5067],[96.9924,35.4809],[97.1274,35.3443],[97.2635,35.315],[97.292473,35.331875],[97.304312,35.330984],[97.3226,35.2973],[97.335374,35.295343],[97.357126,35.292011]],[[92.5769,32.7441],[92.5922,32.8779],[92.6431,32.899],[92.7308,33.059],[92.669,33.1387],[92.7187,33.2416],[92.5959,33.3059],[92.601,33.3581],[92.6545,33.3844],[92.6957,33.4774],[92.7386,33.4579],[92.8615,33.5134],[92.8101,33.5576],[92.7974,33.6825],[92.7554,33.7051],[92.7482,33.9087],[92.7069,33.9486],[92.7829,34.0379],[92.8645,34.0474],[92.905,34.0901],[92.7039,34.0738],[92.6526,34.1191],[92.6559,34.1594],[92.5387,34.3631],[92.5507,34.4137],[92.515,34.42],[92.4836,34.3765],[92.2117,34.3832],[91.9202,34.4886],[91.9562,34.5751],[91.773,34.6182],[91.7088,34.674],[91.6631,34.6573],[91.3372,34.7896],[91.2248,34.8065],[91.0638,34.7943],[91.0605,34.7605],[90.9834,34.7471],[90.9187,34.8359],[90.632,34.9212],[90.61605,34.922113],[90.2231,34.9446],[90.1173,34.8675],[90.0478,34.9132],[89.9559,34.9021],[89.9331,34.8699],[89.8196,34.9048],[89.812936,34.885761]]]}},{"type":"Feature","properties":{"boundary_group":"china|zhejiang","parent_geo_key":"china|zhejiang","country_key":"china","left_geo_key":"china|zhejiang|hangzhou","right_geo_key":"china|zhejiang|jiaxing"},"geometry":{"type":"LineString","coordinates":[[120.714,30.2916],[120.6993,30.3694],[120.691633,30.371922],[120.664178,30.380953],[120.6309,30.3919],[120.501429,30.385185],[120.459859,30.383029],[120.4458,30.3823],[120.4083,30.3187],[120.3736,30.3473],[120.3953,30.3864],[120.3141,30.383],[120.3351,30.4389],[120.3145,30.5233],[120.2952,30.522]]}},{"type":"Feature","properties":{"boundary_group":"china|zhejiang","parent_geo_key":"china|zhejiang","country_key":"china","left_geo_key":"china|zhejiang|hangzhou","right_geo_key":"china|zhejiang|huzhou"},"geometry":{"type":"LineString","coordinates":[[120.2952,30.522],[120.282092,30.520979],[120.1938,30.5141],[120.1522,30.4715],[120.0636,30.4999],[120.0601,30.4331],[119.900021,30.457512],[119.839493,30.483328],[119.759573,30.53642],[119.7621,30.5585],[119.7164,30.5651],[119.690138,30.555885],[119.6879,30.5551],[119.7016,30.432],[119.651543,30.4021],[119.641101,30.400106],[119.636247,30.420119],[119.632066,30.437356],[119.6306,30.4434],[119.622926,30.438737],[119.5603,30.4482],[119.453751,30.397105],[119.393249,30.368092]]}},{"type":"Feature","properties":{"boundary_group":"china|zhejiang","parent_geo_key":"china|zhejiang","country_key":"china","left_geo_key":"china|zhejiang|hangzhou","right_geo_key":"china|zhejiang|quzhou"},"geometry":{"type":"LineString","coordinates":[[118.3398,29.4786],[118.3398,29.4645],[118.4581,29.3614],[118.5938,29.3319],[118.632,29.2662],[118.601,29.2712],[118.6291,29.195],[118.7066,29.1886],[118.8962,29.3354],[118.9599,29.2968],[118.9978,29.2104],[119.1166,29.2389],[119.1853,29.2099],[119.2108,29.2409],[119.198249,29.27954],[119.206293,29.283283],[119.254,29.2498]]}},{"type":"Feature","properties":{"boundary_group":"china|zhejiang","parent_geo_key":"china|zhejiang","country_key":"china","left_geo_key":"china|zhejiang|hangzhou","right_geo_key":"china|zhejiang|jinhua"},"geometry":{"type":"LineString","coordinates":[[119.254,29.2498],[119.26492,29.255877],[119.3257,29.2897],[119.3257,29.305434],[119.3257,29.4013],[119.330259,29.404279],[119.340495,29.410967],[119.396122,29.418823],[119.4123,29.4066],[119.4342,29.4242],[119.4859,29.3315],[119.5323,29.3754],[119.6101,29.3697],[119.6318,29.4379],[119.7004,29.4353],[119.7125,29.5436],[119.7652,29.5835],[119.7739,29.6527],[119.8283,29.6818],[119.9677,29.6778]]}},{"type":"Feature","properties":{"boundary_group":"china|zhejiang","parent_geo_key":"china|zhejiang","country_key":"china","left_geo_key":"china|zhejiang|hangzhou","right_geo_key":"china|zhejiang|shaoxing"},"geometry":{"type":"LineString","coordinates":[[119.9677,29.6778],[119.953448,29.691506],[119.8842,29.7581],[120.0138,29.7683],[120.0345,29.8235],[120.0951,29.8211],[120.1617,29.9197],[120.3092,29.9311],[120.3603,29.9792],[120.3201,30.0526],[120.3322,30.0954],[120.283,30.1102],[120.2978,30.1346],[120.384,30.1574],[120.4424,30.1357],[120.4578,30.1713],[120.5946,30.1481],[120.714,30.2916]]}},{"type":"Feature","properties":{"boundary_group":"china|zhejiang","parent_geo_key":"china|zhejiang","country_key":"china","left_geo_key":"china|zhejiang|huzhou","right_geo_key":"china|zhejiang|jiaxing"},"geometry":{"type":"LineString","coordinates":[[120.2952,30.522],[120.296241,30.546726],[120.3148,30.5805],[120.299,30.6123],[120.3353,30.6227],[120.3468,30.6672],[120.4417,30.6811],[120.446937,30.686882],[120.464582,30.706364],[120.4734,30.7161],[120.474218,30.719703],[120.478344,30.737891],[120.484093,30.763226]]}},{"type":"Feature","properties":{"boundary_group":"china|zhejiang","parent_geo_key":"china|zhejiang","country_key":"china","left_geo_key":"china|zhejiang|jiaxing","right_geo_key":"china|zhejiang|shaoxing"},"geometry":{"type":"LineString","coordinates":[[120.714,30.2916],[120.860794,30.275806],[120.8655,30.2753]]}},{"type":"Feature","properties":{"boundary_group":"china|zhejiang","parent_geo_key":"china|zhejiang","country_key":"china","left_geo_key":"china|zhejiang|jiaxing","right_geo_key":"china|zhejiang|ningbo"},"geometry":{"type":"LineString","coordinates":[[120.8655,30.2753],[121.2355,30.4529]]}},{"type":"Feature","properties":{"boundary_group":"china|zhejiang","parent_geo_key":"china|zhejiang","country_key":"china","left_geo_key":"china|zhejiang|jinhua","right_geo_key":"china|zhejiang|quzhou"},"geometry":{"type":"LineString","coordinates":[[119.254,29.2498],[119.248543,29.242523],[119.2284,29.2261],[119.230428,29.218371],[119.2511,29.1396],[119.3315,29.0744],[119.326593,28.923946],[119.325283,28.883781],[119.323248,28.821381],[119.322903,28.810778]]}},{"type":"Feature","properties":{"boundary_group":"china|zhejiang","parent_geo_key":"china|zhejiang","country_key":"china","left_geo_key":"china|zhejiang|jinhua","right_geo_key":"china|zhejiang|lishui"},"geometry":{"type":"LineString","coordinates":[[119.322903,28.810778],[119.322183,28.788712],[119.3369,28.7612],[119.381,28.7895],[119.418,28.752],[119.4686,28.7674],[119.4501,28.6532],[119.5122,28.6374],[119.4927,28.5532],[119.640477,28.536893],[119.6608,28.5515],[119.6975,28.5306],[119.7439,28.5963],[119.7695,28.5892],[119.7482,28.6369],[119.8036,28.6501],[119.8043,28.6895],[119.9133,28.7997],[120.0245,28.7608],[120.0801,28.7908],[120.1262,28.7633],[120.1951,28.7861],[120.2569,28.8697],[120.262,28.9481],[120.3045,28.9354],[120.3121,28.8793],[120.3556,28.8422],[120.3966,28.8588],[120.4223,28.8348],[120.4104,28.8244]]}},{"type":"Feature","properties":{"boundary_group":"china|zhejiang","parent_geo_key":"china|zhejiang","country_key":"china","left_geo_key":"china|zhejiang|jinhua","right_geo_key":"china|zhejiang|taizhou"},"geometry":{"type":"LineString","coordinates":[[120.4104,28.8244],[120.477,28.8314],[120.4929,28.8742],[120.563,28.8662],[120.6444,28.9044],[120.673,28.9799],[120.7249,28.9858],[120.693391,29.090226],[120.7389,29.1171],[120.7078,29.1468],[120.7776,29.227],[120.777337,29.228532]]}},{"type":"Feature","properties":{"boundary_group":"china|zhejiang","parent_geo_key":"china|zhejiang","country_key":"china","left_geo_key":"china|zhejiang|jinhua","right_geo_key":"china|zhejiang|shaoxing"},"geometry":{"type":"LineString","coordinates":[[120.777337,29.228532],[120.7626,29.3143],[120.5728,29.3409],[120.513,29.4072],[120.5176,29.4597],[120.4664,29.4973],[120.3803,29.4587],[120.2835,29.3623],[120.2568,29.3914],[120.2683,29.5022],[120.183,29.5534],[120.1239,29.4968],[120.0733,29.5066],[120.0876,29.5371],[120.0015,29.5765],[120.0407,29.6295],[119.9846,29.6641],[119.9677,29.6778]]}},{"type":"Feature","properties":{"boundary_group":"china|zhejiang","parent_geo_key":"china|zhejiang","country_key":"china","left_geo_key":"china|zhejiang|lishui","right_geo_key":"china|zhejiang|quzhou"},"geometry":{"type":"LineString","coordinates":[[119.322903,28.810778],[119.310604,28.810359],[119.3078,28.8156],[119.300193,28.810004],[119.2401,28.7658],[119.1904,28.7817],[119.0589,28.7365],[118.9207,28.6373],[118.8731,28.5238],[118.8218,28.551],[118.7454,28.5271],[118.7169,28.4174],[118.7525,28.4029],[118.6953,28.3133],[118.699639,28.312767]]}},{"type":"Feature","properties":{"boundary_group":"china|zhejiang","parent_geo_key":"china|zhejiang","country_key":"china","left_geo_key":"china|zhejiang|lishui","right_geo_key":"china|zhejiang|wenzhou"},"geometry":{"type":"LineString","coordinates":[[119.6316,27.6711],[119.639258,27.684218],[119.66572,27.729549],[119.7802,27.8006],[119.7827,27.9113],[119.8487,27.9374],[119.8255,27.9561],[119.903734,27.969324],[119.957965,27.956798],[119.9621,27.9422],[120.0216,27.9421],[120.1599,27.9854],[120.235,27.9359],[120.2444,27.9668],[120.3357,27.9751],[120.3398,28.0436],[120.4064,28.1171],[120.3797,28.1482],[120.417,28.1651],[120.4348,28.2388],[120.4087,28.3062],[120.335632,28.369737],[120.33148,28.390564],[120.3339,28.431],[120.375741,28.428601],[120.3775,28.4285],[120.377431,28.432647],[120.392762,28.469349]]}},{"type":"Feature","properties":{"boundary_group":"china|zhejiang","parent_geo_key":"china|zhejiang","country_key":"china","left_geo_key":"china|zhejiang|lishui","right_geo_key":"china|zhejiang|taizhou"},"geometry":{"type":"LineString","coordinates":[[120.392762,28.469349],[120.376636,28.480314],[120.3763,28.5005],[120.338349,28.506347],[120.2865,28.5416],[120.3779,28.5862],[120.3203,28.6974],[120.4104,28.8244]]}},{"type":"Feature","properties":{"boundary_group":"china|zhejiang","parent_geo_key":"china|zhejiang","country_key":"china","left_geo_key":"china|zhejiang|ningbo","right_geo_key":"china|zhejiang|shaoxing"},"geometry":{"type":"LineString","coordinates":[[120.8655,30.2753],[120.9885,30.0289],[121.0877,29.9878],[121.0107,29.8921],[121.1007,29.8429],[121.1031,29.8048],[121.0235,29.7702],[121.0183,29.693],[120.9853,29.6839],[121.0634,29.6876],[121.0706,29.6381],[121.1149,29.6066],[121.1074,29.5569],[121.2267,29.5213],[121.2053,29.4385],[121.2252,29.3779],[121.189,29.3254]]}},{"type":"Feature","properties":{"boundary_group":"china|zhejiang","parent_geo_key":"china|zhejiang","country_key":"china","left_geo_key":"china|zhejiang|ningbo","right_geo_key":"china|zhejiang|taizhou"},"geometry":{"type":"MultiLineString","coordinates":[[[121.189,29.3254],[121.1972,29.3138],[121.1617,29.2142],[121.2144,29.2134],[121.253008,29.13032],[121.261203,29.112687],[121.273569,29.105072],[121.300909,29.107562],[121.3134,29.1087],[121.377435,29.191392],[121.3817,29.1969],[121.4001,29.1601]],[[121.5334,29.1449],[121.5495,29.1697]]]}},{"type":"Feature","properties":{"boundary_group":"china|zhejiang","parent_geo_key":"china|zhejiang","country_key":"china","left_geo_key":"china|zhejiang|shaoxing","right_geo_key":"china|zhejiang|taizhou"},"geometry":{"type":"LineString","coordinates":[[120.777337,29.228532],[120.8874,29.2429],[120.9075,29.3038],[120.9456,29.2874],[120.9725,29.3214],[121.189,29.3254]]}},{"type":"Feature","properties":{"boundary_group":"china|zhejiang","parent_geo_key":"china|zhejiang","country_key":"china","left_geo_key":"china|zhejiang|taizhou","right_geo_key":"china|zhejiang|wenzhou"},"geometry":{"type":"LineString","coordinates":[[120.392762,28.469349],[120.4422,28.5877],[120.551214,28.537328],[120.6243,28.5401],[120.6356,28.582],[120.723498,28.607553],[120.7443,28.6136],[120.8222,28.5695],[120.859113,28.505919],[120.874507,28.495855],[120.9406,28.5069],[121.037115,28.481984],[121.051891,28.483781],[121.102,28.5413],[121.2537,28.4112],[121.2042,28.3735]]}}]}
