{"type":"FeatureCollection","features":[{"type":"Feature","properties":{"boundary_group":"china","parent_geo_key":"china","country_key":"china","left_geo_key":"china|beijing","right_geo_key":"china|tianjin"},"geometry":{"type":"MultiLineString","coordinates":[[[116.808247,39.609609],[116.814202,39.612404],[116.8323,39.6209],[116.844,39.6665],[116.9007,39.6766],[116.892438,39.690679],[116.890743,39.693569]],[[117.20459,40.079583],[117.208974,40.084474],[117.2332,40.1115],[117.348,40.1377],[117.347,40.1723],[117.3981,40.1825],[117.3709,40.2171],[117.3834,40.2265],[117.382841,40.226529]]]}},{"type":"Feature","properties":{"boundary_group":"china","parent_geo_key":"china","country_key":"china","left_geo_key":"china|beijing","right_geo_key":"china|hebei"},"geometry":{"type":"MultiLineString","coordinates":[[[116.890743,39.693569],[116.887622,39.698887],[116.891256,39.734049],[116.9322,39.7806],[116.9203,39.8334],[116.7811,39.8843],[116.7514,39.9643],[116.7734,40.0333],[116.9083,40.0515],[117.0155,40.0284],[117.0791,40.0737],[117.1934,40.0671],[117.20459,40.079583]],[[117.382841,40.226529],[117.3443,40.2285],[117.3253,40.2883],[117.2894,40.2768],[117.2198,40.3678],[117.2556,40.439],[117.2016,40.4985],[117.257,40.5118],[117.2431,40.5468],[117.3048,40.5758],[117.4125,40.5672],[117.4422,40.6497],[117.4802,40.632],[117.5082,40.6593],[116.9628,40.7062],[116.8758,40.8134],[116.7072,40.9116],[116.6718,40.9694],[116.6838,41.0426],[116.635288,41.056247],[116.623218,41.053178],[116.5919,40.9733],[116.4492,40.9781],[116.468,40.8944],[116.3926,40.9041],[116.357038,40.939184],[116.335252,40.911772],[116.4531,40.7943],[116.450819,40.781587],[116.4596,40.7729],[116.449158,40.772328],[116.268,40.7624],[116.2411,40.7901],[116.1157,40.6283],[115.9891,40.5785],[115.9019,40.6161],[115.7466,40.535],[115.7359,40.4953],[115.7755,40.4921],[115.7638,40.4438],[115.8584,40.3583],[115.9123,40.3528],[115.9618,40.2624],[115.8925,40.2334],[115.8412,40.1459],[115.7636,40.169],[115.7298,40.1287],[115.5884,40.1146],[115.4478,40.0281],[115.4197,39.949],[115.5168,39.8978],[115.506,39.843],[115.5632,39.8124],[115.4238,39.7739],[115.4825,39.7318],[115.4727,39.6495],[115.5162,39.6388],[115.5128,39.5936],[115.5398,39.6177],[115.5801,39.5884],[115.6663,39.6083],[115.745614,39.521245],[115.8143,39.5086],[115.8227,39.5402],[115.902,39.5659],[115.9044,39.5997],[115.9536,39.5598],[115.9721,39.5932],[116.1323,39.5676],[116.1785,39.5897],[116.2347,39.5629],[116.237816,39.536065],[116.2401,39.5164],[116.3278,39.4547],[116.4441,39.4472],[116.3965,39.5255],[116.4377,39.5086],[116.5634,39.6193],[116.6992,39.5868],[116.7194,39.623],[116.7718,39.5925],[116.808247,39.609609]]]}},{"type":"Feature","properties":{"boundary_group":"china","parent_geo_key":"china","country_key":"china","left_geo_key":"china|hebei","right_geo_key":"china|tianjin"},"geometry":{"type":"MultiLineString","coordinates":[[[117.20459,40.079583],[117.2165,40.0654],[117.1753,40.0579],[117.1917,39.9914],[117.143005,39.89744],[117.142,39.8955],[117.143868,39.894574],[117.2502,39.8419],[117.15,39.8161],[117.1996,39.7626],[117.1472,39.735],[117.1663,39.6352],[116.9692,39.6361],[116.945,39.7058],[116.911,39.7053],[116.890743,39.693569]],[[116.808247,39.609609],[116.809979,39.604739],[116.7817,39.5534],[116.806544,39.497595],[116.783,39.4698],[116.8581,39.4256],[116.8122,39.3725],[116.8231,39.3383],[116.879419,39.32343],[116.8782,39.2242],[116.85,39.2148],[116.8637,39.1533],[116.9182,39.1187],[116.8658,39.0538],[116.7504,39.0494],[116.7024,38.9298],[116.7387,38.7518],[116.747504,38.750787],[116.790461,38.745847],[116.7906,38.7459],[116.8639,38.7374],[116.8715,38.6801],[117.0356,38.706],[117.0919,38.586],[117.2189,38.6431],[117.2498,38.6133],[117.247,38.5555],[117.3627,38.5639],[117.4726,38.6165]],[[118.039902,39.227137],[118.048127,39.239393],[118.010206,39.274066],[117.7966,39.3599],[117.8543,39.3838],[117.9239,39.5771],[117.7614,39.5978],[117.7041,39.5346],[117.6796,39.5629],[117.7026,39.5713],[117.6448,39.579],[117.637968,39.590727],[117.634963,39.595885],[117.6254,39.6123],[117.6628,39.6633],[117.5441,39.7618],[117.5522,39.8108],[117.5014,39.9076],[117.5408,39.9978],[117.7498,39.9638],[117.7901,39.9954],[117.7368,40.0165],[117.7696,40.0579],[117.7483,40.0786],[117.6479,40.0896],[117.591433,40.1629],[117.5694,40.1915],[117.5585,40.2276],[117.421299,40.245912],[117.401806,40.241504],[117.382841,40.226529]]]}},{"type":"Feature","properties":{"boundary_group":"china","parent_geo_key":"china","country_key":"china","left_geo_key":"china|hebei","right_geo_key":"china|shandong"},"geometry":{"type":"LineString","coordinates":[[115.467989,36.157378],[115.4772,36.1482],[115.472659,36.183438],[115.467991,36.219659],[115.4618,36.2677],[115.425022,36.305814],[115.410032,36.321349],[115.404,36.3276],[115.3478,36.3126],[115.3631,36.3444],[115.2912,36.4167],[115.3118,36.4498],[115.280155,36.486214],[115.3484,36.6287],[115.458238,36.729352],[115.4596,36.7306],[115.4724,36.751],[115.6776,36.812],[115.751049,36.91253],[115.7629,36.9206],[115.7907,36.9668],[115.7705,36.9911],[115.8471,37.0631],[115.845656,37.066158],[115.9092,37.2103],[115.9637,37.239],[115.9706,37.3369],[116.1606,37.3841],[116.2308,37.361],[116.2724,37.4055],[116.2219,37.4257],[116.219,37.4792],[116.2843,37.4832],[116.2833,37.5515],[116.3296,37.5805],[116.380085,37.528684],[116.417,37.4791],[116.423404,37.484223],[116.497591,37.543564],[116.5969,37.623],[116.690517,37.734744],[116.7408,37.7583],[116.7889,37.8462],[117.421846,37.853668],[117.433,37.8538],[117.489089,37.947118],[117.5352,38.0112],[117.548736,38.046356],[117.550171,38.048743],[117.7231,38.0922],[117.849337,38.261567]]}},{"type":"Feature","properties":{"boundary_group":"china","parent_geo_key":"china","country_key":"china","left_geo_key":"china|hebei","right_geo_key":"china|liaoning"},"geometry":{"type":"LineString","coordinates":[[119.853278,40.011875],[119.827804,40.035754],[119.7649,40.0476],[119.7304,40.1021],[119.7568,40.1412],[119.7374,40.2059],[119.6209,40.2272],[119.646,40.2714],[119.5731,40.3767],[119.5938,40.4644],[119.5408,40.5121],[119.5641,40.5328],[119.4973,40.5525],[119.2988,40.5275],[119.229207,40.566817],[119.2149,40.5749],[119.233017,40.599998],[119.20359,40.601078],[119.1593,40.5982],[119.156347,40.602811],[119.15183,40.609863],[119.150063,40.612622],[119.1521,40.6128],[119.1745,40.6852],[119.0483,40.6635],[118.847753,40.813814],[118.8961,40.9594],[119.0152,40.988],[118.9322,41.0514],[118.9586,41.0776],[119.067,41.0736],[119.0743,41.1339],[119.1918,41.1901],[119.1628,41.213],[119.2422,41.2862],[119.236735,41.300657]]}},{"type":"Feature","properties":{"boundary_group":"china","parent_geo_key":"china","country_key":"china","left_geo_key":"china|hebei","right_geo_key":"china|neimenggu"},"geometry":{"type":"LineString","coordinates":[[119.236735,41.300657],[119.1947,41.2866],[118.8988,41.2989],[118.895979,41.301249],[118.8138,41.3697],[118.7358,41.3218],[118.5243,41.3567],[118.3689,41.3112],[118.3537,41.4204],[118.2649,41.4655],[118.3187,41.5149],[118.2998,41.5664],[118.2309,41.5767],[118.1289,41.7299],[118.1392,41.7942],[118.2278,41.8098],[118.2692,41.759],[118.3395,41.8468],[118.2611,41.9192],[118.3072,41.9858],[118.2328,42.0067],[118.2871,42.059],[118.2364,42.0903],[118.1882,42.03],[118.1132,42.0346],[118.1537,42.0861],[118.087,42.1063],[118.1111,42.1638],[117.9655,42.2429],[118.0539,42.281],[118.0032,42.3426],[118.0247,42.3819],[117.8659,42.4989],[117.7874,42.5874],[117.7957,42.6155],[117.6802,42.5811],[117.462001,42.596262],[117.3894,42.5341],[117.4103,42.4927],[117.3797,42.4585],[117.092,42.4816],[116.888963,42.386211],[116.888487,42.384599],[116.908924,42.242714],[116.9188,42.2072],[116.914639,42.203039],[116.904896,42.193296],[116.8979,42.1863],[116.7769,42.2057],[116.8858,42.1034],[116.8768,42.0155],[116.7831,41.9714],[116.767701,41.98132],[116.735339,41.971182],[116.7184,41.9504],[116.5841,41.9238],[116.492,41.9802],[116.4289,41.938],[116.3937,41.9479],[116.4098,41.9923],[116.3292,42.0075],[116.2185,41.9306],[116.1929,41.8621],[116.1199,41.8649],[116.111743,41.817275],[116.1226,41.8042],[116.10687,41.788829],[116.096038,41.778244],[116.0919,41.7742],[116.090338,41.774213],[116.074192,41.774352],[116.0101,41.7749],[115.9154,41.9487],[115.8236,41.9329],[115.5279,41.7703],[115.3084,41.701],[115.35713,41.62236],[115.3708,41.6003],[115.359027,41.598583],[115.348975,41.597117],[115.3043,41.5906],[115.2774,41.6192],[115.1976,41.5693],[115.1918,41.6022],[115.0922,41.6217],[115.0478,41.5958],[114.8585,41.6008],[114.8992,41.6752],[114.888,41.7838],[114.86,41.8027],[114.9332,41.8448],[114.9053,41.8833],[114.927,41.9416],[114.836886,42.115854],[114.8005,42.1475],[114.781734,42.142174],[114.7484,42.1137],[114.682165,42.113919],[114.555123,42.114338],[114.511133,42.114483],[114.4594,42.0358],[114.5042,41.9713],[114.331005,41.929636],[114.1962,41.7913],[114.2309,41.6966],[114.2085,41.6827],[114.2477,41.6283],[114.2212,41.6183],[114.2243,41.5116],[114.065509,41.526843],[113.995092,41.505424],[113.887226,41.43904],[113.876615,41.426124],[113.9374,41.3891],[113.8954,41.3067],[113.955843,41.265434],[113.969516,41.256099],[113.999149,41.235868],[114.0054,41.2316],[113.9949,41.1828],[113.9128,41.1715],[113.8182,41.0938],[113.9689,40.9936],[113.9797,40.9399],[114.0506,40.9234],[114.0683,40.852],[114.052071,40.840678],[114.052464,40.818557],[114.064041,40.807086],[114.097888,40.773549],[114.1267,40.745],[114.112346,40.739721]]}},{"type":"Feature","properties":{"boundary_group":"china","parent_geo_key":"china","country_key":"china","left_geo_key":"china|hebei","right_geo_key":"china|shanxi"},"geometry":{"type":"LineString","coordinates":[[114.112346,40.739721],[114.2186,40.6101],[114.281,40.5849],[114.2608,40.4729],[114.2919,40.4457],[114.2963,40.3695],[114.509519,40.344033],[114.514734,40.329529],[114.4492,40.2544],[114.2545,40.2353],[114.2251,40.1935],[114.145,40.1759],[114.0604,40.1802],[114.0842,40.0737],[114.0351,40.0563],[114.0136,40.101],[113.9719,40.1095],[113.9666,40.0519],[113.914182,40.008408],[113.9067,40.0022],[114.0228,39.9842],[114.0406,39.9164],[114.1409,39.8947],[114.2093,39.9165],[114.2092,39.8611],[114.3887,39.8658],[114.3981,39.6428],[114.553787,39.559142],[114.4961,39.476],[114.490451,39.444303],[114.4727,39.3447],[114.4198,39.2846],[114.4098,39.2415],[114.4612,39.2239],[114.464,39.1926],[114.377,39.1727],[114.3427,39.0756],[114.1155,39.0487],[114.0464,39.1191],[114.041547,39.119131],[114.022402,39.119255],[114,39.1194],[113.971803,39.103585],[113.891995,39.058825],[113.768884,38.981511],[113.7665,38.8891],[113.8496,38.8183],[113.827453,38.765809],[113.8242,38.7581],[113.7912,38.7615],[113.7474,38.6986],[113.7044,38.7109],[113.6943,38.6518],[113.615,38.6505],[113.5406,38.5161],[113.579806,38.459247],[113.517,38.3762],[113.5561,38.3411],[113.5343,38.2649],[113.538954,38.260378],[113.544053,38.255423],[113.559,38.2409],[113.8286,38.1626],[113.8053,38.1097],[113.8711,38.0555],[113.8587,38.0012],[113.9684,37.878],[113.9583,37.8274],[114.0374,37.7864],[114.0369,37.7518],[113.99006,37.723023],[113.984,37.7193],[113.989456,37.718308],[114.005005,37.715481],[114.0112,37.7184],[114.1259,37.6935],[114.1323,37.6458],[114.1022,37.6166],[114.122,37.6008],[114.0251,37.4459],[114.027417,37.445685],[114.01977,37.440814],[114.005,37.4177],[113.935322,37.353766],[113.8271,37.176],[113.7662,37.1522],[113.7547,37.0695],[113.7859,37.0511],[113.7606,37.0157],[113.834591,37.00388],[113.7527,36.9526],[113.7916,36.8824],[113.779928,36.875809],[113.7344,36.8501],[113.7227,36.8829],[113.6844,36.8805],[113.6662,36.7929],[113.5916,36.7521],[113.564558,36.754736],[113.537579,36.744606],[113.5383,36.7413],[113.455,36.7136],[113.5098,36.698],[113.4777,36.6356],[113.5431,36.6231],[113.5347,36.589],[113.5821,36.5636],[113.542165,36.53741],[113.54363,36.526646],[113.5791,36.4581],[113.7052,36.4223],[113.7357,36.3742],[113.733588,36.364712],[113.7367,36.3584],[113.742827,36.356141]]}},{"type":"Feature","properties":{"boundary_group":"china","parent_geo_key":"china","country_key":"china","left_geo_key":"china|hebei","right_geo_key":"china|henan"},"geometry":{"type":"LineString","coordinates":[[113.742827,36.356141],[113.8064,36.3327],[113.8761,36.3541],[113.9044,36.3144],[113.9449,36.359],[113.9882,36.3151],[113.9708,36.3542],[114.0182,36.3549],[114.0561,36.2736],[114.125,36.2816],[114.1647,36.2435],[114.2044,36.2722],[114.3391,36.2557],[114.5853,36.1212],[114.7286,36.1558],[114.7659,36.1245],[114.9069,36.1406],[114.9196,36.0557],[115.0027,36.0712],[115.0534,36.1792],[115.0913,36.1715],[115.1192,36.2104],[115.2449,36.1894],[115.3064,36.0872],[115.4429,36.1465],[115.4494,36.1759],[115.467989,36.157378]]}},{"type":"Feature","properties":{"boundary_group":"china","parent_geo_key":"china","country_key":"china","left_geo_key":"china|neimenggu","right_geo_key":"china|shanxi"},"geometry":{"type":"LineString","coordinates":[[114.112346,40.739721],[114.0541,40.7183],[114.0348,40.611],[114.0688,40.5416],[113.9413,40.5156],[113.870229,40.4542],[113.8634,40.4483],[113.7875,40.518],[113.551084,40.348242],[113.5293,40.3326],[113.440005,40.326918],[113.3093,40.3186],[113.251,40.4138],[113.005861,40.359036],[112.8899,40.3263],[112.8461,40.2016],[112.7388,40.1621],[112.617937,40.220458],[112.608942,40.224801],[112.4561,40.2986],[112.3035,40.2551],[111.9663,39.7951],[111.94367,39.688802],[111.928144,39.615872],[111.927,39.6105],[111.8289,39.6207],[111.773,39.5868],[111.6325,39.6436],[111.4863,39.659],[111.440421,39.6432],[111.442659,39.640475],[111.4543,39.6263],[111.444826,39.621533],[111.4229,39.6105],[111.4244,39.5066],[111.354577,39.439742],[111.344558,39.430148],[111.3349,39.4209],[111.264687,39.421356],[111.153513,39.409118],[111.116164,39.368641]]}},{"type":"Feature","properties":{"boundary_group":"china","parent_geo_key":"china","country_key":"china","left_geo_key":"china|shaanxi","right_geo_key":"china|shanxi"},"geometry":{"type":"LineString","coordinates":[[111.116164,39.368641],[111.121759,39.365538],[111.1486,39.3675],[111.147736,39.351135],[111.164006,39.342113],[111.1875,39.3463],[111.188012,39.328803],[111.2414,39.2992],[111.1304,39.0616],[110.9741,38.9714],[111.0055,38.9299],[111.004084,38.905468],[111.002212,38.873168],[111,38.835],[110.947162,38.746352],[110.9395,38.7287],[110.933895,38.724092],[110.8737,38.6231],[110.915,38.5777],[110.9016,38.5205],[110.8643,38.5093],[110.8727,38.4605],[110.7754,38.4446],[110.7466,38.3721],[110.6469,38.3054],[110.577,38.3025],[110.5564,38.2123],[110.5004,38.1842],[110.5173,37.9535],[110.587,37.9228],[110.6646,37.7949],[110.7487,37.7563],[110.6972,37.7112],[110.7904,37.6614],[110.7587,37.6403],[110.7896,37.5573],[110.7459,37.4564],[110.6359,37.4281],[110.6304,37.3636],[110.6943,37.3473],[110.6817,37.2823],[110.5211,37.1037],[110.4121,37.0336],[110.4439,37.0103],[110.3724,37.0179],[110.4138,36.9726],[110.4199,36.9549],[110.4016,36.8902],[110.3692,36.8803],[110.4185,36.8557],[110.403,36.7766],[110.386225,36.775277],[110.384698,36.771472],[110.4265,36.7482],[110.4162,36.7212],[110.4465,36.7272],[110.4326,36.6869],[110.394903,36.677606],[110.4917,36.582],[110.4981,36.4897],[110.477811,36.466181],[110.45502,36.276142],[110.445318,36.152941],[110.5113,35.9722],[110.5059,35.88],[110.546,35.8754],[110.5726,35.7378],[110.6082,35.5889],[110.4163,35.3487],[110.3643,35.2529],[110.3697,35.1409],[110.3328,35.0481],[110.2346,34.9358],[110.234592,34.928786],[110.234559,34.898275],[110.2343,34.6581],[110.291705,34.616905],[110.303,34.6088],[110.371144,34.598786]]}},{"type":"Feature","properties":{"boundary_group":"china","parent_geo_key":"china","country_key":"china","left_geo_key":"china|henan","right_geo_key":"china|shanxi"},"geometry":{"type":"LineString","coordinates":[[110.371144,34.598786],[110.418,34.5919],[110.4728,34.6179],[110.5269,34.5852],[110.6059,34.6128],[110.6557,34.5904],[110.7513,34.6548],[110.8251,34.6175],[110.8939,34.6619],[110.92276,34.720277],[110.9638,34.7012],[111.1189,34.763],[111.1473,34.8144],[111.2176,34.79],[111.2552,34.8219],[111.5649,34.8447],[111.6756,34.9513],[111.6631,34.989],[111.8017,35.0349],[111.8089,35.0685],[111.9688,35.0701],[111.9519,35.0655],[112.0329,35.0461],[112.0339,35.0319],[112.03763,35.048785],[112.0459,35.0456],[112.0603,35.1514],[112.0341,35.1975],[112.0747,35.2195],[112.0525,35.28],[112.2357,35.236],[112.2918,35.2526],[112.2804,35.2209],[112.3994,35.2427],[112.5545,35.2117],[112.6299,35.2311],[112.6264,35.2713],[112.7073,35.1886],[112.767864,35.227627],[112.785042,35.238695],[112.858982,35.243973],[112.8776,35.2397],[112.8921,35.246337],[112.921186,35.25965],[112.9781,35.2857],[112.9905,35.3635],[113.118,35.3306],[113.1849,35.4488],[113.2962,35.4244],[113.304246,35.475385],[113.315661,35.478518],[113.3422,35.4677],[113.368802,35.493099],[113.375,35.4948],[113.5031,35.5187],[113.497,35.5705],[113.5432,35.633],[113.6194,35.6333],[113.5804,35.8266],[113.7376,35.8148],[113.6304,35.861],[113.6505,35.9356],[113.6286,35.9763],[113.695,35.9907],[113.699,36.0201],[113.6529,36.04],[113.6816,36.062],[113.6652,36.1212],[113.7067,36.1333],[113.6491,36.1752],[113.6933,36.1837],[113.726622,36.333415],[113.742827,36.356141]]}},{"type":"Feature","properties":{"boundary_group":"china","parent_geo_key":"china","country_key":"china","left_geo_key":"china|neimenggu","right_geo_key":"china|ningxia"},"geometry":{"type":"MultiLineString","coordinates":[[[106.7756,39.3711],[106.752124,39.371563],[106.711231,39.372371],[106.6694,39.3537],[106.5983,39.3746],[106.5038,39.2694],[106.2771,39.2735],[106.2833,39.1429],[106.1454,39.155],[106.0847,39.0675],[106.0838,39.0048],[105.969916,38.896014],[105.973587,38.888023],[105.98525,38.862642],[105.9889,38.8547],[105.8928,38.7856],[105.874569,38.682974],[105.861785,38.61101],[105.840571,38.491596],[105.825886,38.408933],[105.838258,38.330839],[105.8623,38.2967],[105.847913,38.269897],[105.8488,38.2643],[105.842235,38.259317],[105.8214,38.2205],[105.7766,38.2095],[105.761,38.1214],[105.8406,38.004],[105.7965,37.9572],[105.8035,37.8718],[105.797439,37.85851],[105.7682,37.7944],[105.618,37.7773],[105.5969,37.7066],[105.3662,37.7148],[105.1702,37.6634],[105.0214,37.5793],[104.429037,37.512502],[104.4046,37.4643],[104.1795,37.4069]],[[106.8024,39.3144],[106.7756,39.3711]],[[106.7863,39.244],[106.8024,39.3144]],[[106.86,39.0914],[106.7863,39.244]],[[106.9663,39.0527],[106.86,39.0914]],[[106.9537,38.9443],[106.9663,39.0527]],[[106.6999,38.7141],[106.9537,38.9443]],[[106.6592,38.6008],[106.6999,38.7141]],[[106.6451,38.4729],[106.6592,38.6008]],[[106.5962,38.3904],[106.6451,38.4729]],[[106.4791,38.3198],[106.5962,38.3904]],[[106.608392,38.240319],[106.4791,38.3198]],[[106.6216,38.2322],[106.608392,38.240319]],[[106.682224,38.213002],[106.6216,38.2322]],[[106.8198,38.1621],[106.682224,38.213002]],[[106.8621,38.1529],[106.8198,38.1621]],[[106.895303,38.145526],[106.8621,38.1529]],[[106.9437,38.1302],[106.895303,38.145526]],[[107.0278,38.1161],[106.9437,38.1302]],[[107.185,38.1542],[107.0278,38.1161]],[[107.4355,37.9953],[107.185,38.1542]],[[107.4167,37.9388],[107.4355,37.9953]],[[107.4892,37.944],[107.4167,37.9388]],[[107.5549,37.8931],[107.4892,37.944]],[[107.588352,37.882382],[107.5549,37.8931]],[[107.6451,37.8642],[107.588352,37.882382]]]}},{"type":"Feature","properties":{"boundary_group":"china","parent_geo_key":"china","country_key":"china","left_geo_key":"china|neimenggu","right_geo_key":"china|shaanxi"},"geometry":{"type":"LineString","coordinates":[[107.6451,37.8642],[107.685572,37.882702],[107.7376,37.8443],[107.9775,37.7866],[108.019747,37.658645],[108.0228,37.6494],[108.098259,37.631568],[108.133972,37.623128],[108.1434,37.6209],[108.234,37.6651],[108.33,37.6316],[108.5291,37.6908],[108.6312,37.6531],[108.761,37.6775],[108.770085,37.685416],[108.78028,37.694299],[108.7882,37.7012],[108.790567,37.87278],[108.793467,37.92311],[108.8241,37.9827],[108.7922,38.0515],[108.8708,38.0289],[108.9392,37.9205],[109.0629,38.0218],[109.042,38.0549],[109.0621,38.0938],[108.9387,38.179],[108.9711,38.2935],[109.0585,38.3983],[109.0472,38.4325],[109.2644,38.6166],[109.319,38.5949],[109.3578,38.6237],[109.3294,38.6884],[109.5037,38.83],[109.5525,38.806],[109.6217,38.8571],[109.6808,38.9365],[109.6674,38.9977],[109.8513,39.123],[109.9153,39.1023],[109.8914,39.1452],[109.9549,39.191],[109.8654,39.2417],[109.8776,39.2637],[109.9921,39.2078],[110.2062,39.2814],[110.124,39.4464],[110.2694,39.4252],[110.2634,39.4005],[110.3801,39.3091],[110.4221,39.3373],[110.4238,39.3779],[110.4932,39.3585],[110.5176,39.3819],[110.5946,39.2783],[110.6822,39.2676],[110.878,39.5068],[110.9538,39.5176],[110.979247,39.538067],[111.071685,39.566614],[111.129949,39.563111],[111.136715,39.544858],[111.048,39.4319],[111.093311,39.371031],[111.101308,39.360288],[111.1045,39.356],[111.111088,39.363139],[111.116164,39.368641]]}},{"type":"Feature","properties":{"boundary_group":"china","parent_geo_key":"china","country_key":"china","left_geo_key":"china|liaoning","right_geo_key":"china|neimenggu"},"geometry":{"type":"LineString","coordinates":[[119.236735,41.300657],[119.242843,41.302699],[119.3188,41.3281],[119.3055,41.3986],[119.3708,41.4223],[119.3993,41.4789],[119.3568,41.5643],[119.408175,41.568643],[119.4124,41.569],[119.408495,41.571543],[119.3066,41.6379],[119.3112,41.7616],[119.299973,41.770778],[119.305049,41.82328],[119.3287,41.867],[119.3191,41.9686],[119.3673,42.0194],[119.3773,42.0879],[119.232,42.1993],[119.2809,42.2642],[119.4271,42.3151],[119.4959,42.3868],[119.5642,42.3585],[119.5349,42.2902],[119.6117,42.2494],[119.8401,42.2091],[119.8359,42.0992],[120.0362,41.8214],[120.019,41.7372],[120.032226,41.725527],[120.059643,41.701328],[120.0633,41.6981],[120.068177,41.700037],[120.105408,41.714819],[120.1308,41.7249],[120.125566,41.748483],[120.183,41.8444],[120.2825,41.8782],[120.28059,41.883418],[120.2661,41.923],[120.4508,42.0137],[120.4447,42.054],[120.4907,42.0857],[120.4626,42.1023],[120.7341,42.2213],[120.876599,42.248787],[120.886,42.2506],[120.878747,42.266001],[120.975438,42.257629],[121.034724,42.252496],[121.0624,42.2501],[121.087591,42.270037],[121.1131,42.2785],[121.261091,42.38561],[121.2925,42.396],[121.294868,42.410057],[121.36596,42.461511],[121.392157,42.472476],[121.5646,42.4848],[121.6002,42.5143],[121.6602,42.4353],[121.6965,42.4374],[121.8253,42.5369],[121.8604,42.5275],[121.923227,42.64234],[121.949875,42.69105],[122.0593,42.7192],[122.194,42.6867],[122.1982,42.729],[122.3339,42.6679],[122.3903,42.6818],[122.4558,42.7556],[122.3645,42.7755],[122.3535,42.8336],[122.5468,42.8261],[122.6199,42.7711],[122.7229,42.7849],[122.8434,42.7154],[122.8819,42.768],[123.0544,42.767],[123.2123,42.8248],[123.1647,42.8497],[123.1781,42.9235],[123.2528,42.9908],[123.4656,43.0402],[123.5563,43.0028],[123.57319,43.017927],[123.6061,43.0474],[123.612673,43.070213],[123.650181,43.200395],[123.654879,43.216703],[123.664432,43.249859],[123.674374,43.284365],[123.696901,43.362551],[123.6985,43.3681],[123.694757,43.367947]]}},{"type":"Feature","properties":{"boundary_group":"china","parent_geo_key":"china","country_key":"china","left_geo_key":"china|jilin","right_geo_key":"china|neimenggu"},"geometry":{"type":"LineString","coordinates":[[123.694757,43.367947],[123.6032,43.3642],[123.4805,43.4429],[123.4135,43.4074],[123.3695,43.4739],[123.3099,43.4895],[123.2984,43.5482],[123.446,43.5431],[123.4147,43.5957],[123.5042,43.5909],[123.5323,43.6401],[123.4774,43.7319],[123.4608,43.857],[123.382527,43.960623],[123.342143,44.014086],[123.325139,44.036597],[123.323835,44.05084],[123.333178,44.068964],[123.3799,44.1596],[123.2938,44.193],[123.1908,44.343],[123.125648,44.365028],[123.127418,44.422699],[123.1422,44.5519],[123.1191,44.5071],[123.0188,44.491],[122.7549,44.3677],[122.67,44.2838],[122.477,44.2348],[122.310964,44.232563],[122.3063,44.2325],[122.2658,44.2536],[122.266308,44.26133],[122.267336,44.276972],[122.2804,44.4758],[122.2224,44.4782],[122.1903,44.5578],[122.1257,44.5754],[122.0971,44.6719],[122.1555,44.7262],[122.0929,44.7427],[122.1633,44.7682],[122.0939,44.7803],[122.039,44.8974],[122.0731,44.9121],[122.1038,45.1399],[122.1372,45.1809],[122.215558,45.202401],[122.2243,45.2048],[122.227132,45.226917],[122.2332,45.2743],[122.1413,45.2934],[122.158391,45.437609],[122.1589,45.4419],[121.9966,45.5059],[121.9607,45.5942],[121.9975,45.6213],[121.9393,45.7116],[121.7508,45.6888],[121.646664,45.748599],[121.707387,45.775796],[121.73876,45.789847],[121.7458,45.793],[121.8112,45.8737],[121.8033,45.9597],[121.7559,45.997],[121.8371,46.0227],[121.9975,45.9805],[122.0854,45.8799],[122.198,45.8501],[122.2568,45.793],[122.3629,45.86],[122.356,45.9154],[122.4399,45.9148],[122.5362,45.7721],[122.6555,45.7313],[122.6657,45.6988],[122.7361,45.7031],[122.8032,45.7812],[122.7924,45.8471],[122.8212,45.8963],[122.7871,46.0713],[123.1057,46.128],[123.118662,46.192409],[123.156271,46.230267],[123.169271,46.243352]]}},{"type":"Feature","properties":{"boundary_group":"china","parent_geo_key":"china","country_key":"china","left_geo_key":"china|heilongjiang","right_geo_key":"china|neimenggu"},"geometry":{"type":"MultiLineString","coordinates":[[[123.169271,46.243352],[123.172,46.2461],[123.0051,46.4331],[122.9967,46.5735],[123.046,46.5781],[123.0393,46.6154],[123.0713,46.6209],[123.0796,46.5894],[123.1722,46.6116],[123.222,46.5865],[123.2729,46.6153],[123.2708,46.6597],[123.5979,46.688],[123.6253,46.7277],[123.6155,46.8127],[123.5783,46.8281],[123.6162,46.8463],[123.5989,46.8896],[123.5699,46.8882],[123.5642,46.8275],[123.488636,46.842404],[123.480965,46.853176],[123.5219,46.9545],[123.4199,46.9321],[123.36591,46.959334],[123.398,46.9335],[123.3677,46.8355],[123.2282,46.8614],[123.1491,46.7401],[123.0004,46.7261],[122.9919,46.7587],[122.901,46.8056],[122.8746,46.8852],[122.8892,46.9584],[122.7963,46.9354],[122.7686,46.972],[122.8472,47.0684],[122.6203,47.1155],[122.4117,47.3482],[122.5016,47.3998],[122.585318,47.541739],[122.8426,47.6724],[123.1609,47.7816],[123.2933,47.9519],[123.569,48.0408],[123.736,48.1916],[124.2524,48.5345],[124.296,48.5165],[124.3265,48.4296],[124.3111,48.3444],[124.4134,48.2449],[124.4106,48.1873],[124.4714,48.1651],[124.4122,48.0871],[124.4951,48.1189],[124.5763,48.2978],[124.5088,48.3795],[124.5006,48.4428],[124.5458,48.4609],[124.5202,48.5585],[124.5942,48.6293],[124.6479,48.8325],[124.7002,48.8597],[124.711496,48.912327],[124.7434,48.922],[124.743777,48.922644],[124.8159,49.0461],[124.8023,49.114],[124.876554,49.165762],[125.0261,49.1755],[125.1117,49.1249],[125.2122,49.1874],[125.2057,49.2464],[125.2689,49.3726],[125.2627,49.4532],[125.2035,49.5347],[125.2282,49.5374],[125.2206,49.5937],[125.1351,49.6204],[125.1202,49.661],[125.1575,49.6672],[125.1782,49.6324],[125.2124,49.6673],[125.1963,49.735],[125.22,49.7893],[125.1726,49.8281],[125.2199,49.8351],[125.2378,49.8709],[125.1759,49.951],[125.2893,50.0088],[125.258,50.0457],[125.3303,50.0547],[125.2523,50.1022],[125.2954,50.1379],[125.3677,50.1356],[125.3316,50.1569],[125.4413,50.2144],[125.456,50.2935],[125.531,50.3507],[125.5067,50.405],[125.5762,50.4072],[125.5545,50.4362],[125.6375,50.4487],[125.817,50.5498],[125.78,50.6772],[125.8173,50.7038],[125.7532,50.7516],[125.8267,50.7543],[125.8317,50.7931],[125.9129,50.8294],[125.9515,50.8989],[125.9875,50.8695],[126.0226,50.9056],[126.0119,50.9214],[126.0656,50.9768],[126.0258,51.0085],[126.0528,51.0356],[125.9684,51.0837],[125.9762,51.1211],[125.9272,51.1115],[125.8583,51.1438],[125.8331,51.2191],[125.7499,51.2259],[125.7568,51.26],[125.686,51.3381],[125.3593,51.6164],[125.1213,51.6332],[125.1206,51.6569],[125.0605,51.6233],[125.0532,51.5331],[124.9171,51.4992],[124.9369,51.4424],[124.8665,51.3799],[124.7808,51.3943],[124.7437,51.3553],[124.6228,51.3237],[124.4938,51.3816],[124.4182,51.343],[124.3967,51.2718],[124.3017,51.287],[124.2062,51.3483],[123.9207,51.3003],[123.7154,51.3975],[123.6498,51.3178],[123.5751,51.2916],[123.2756,51.2448],[123.1421,51.3018],[123.004022,51.309043],[122.9497,51.3603],[122.9608,51.3875],[122.8511,51.4725],[122.8791,51.5041],[122.8483,51.5265],[122.8811,51.5478],[122.8301,51.5743],[122.8477,51.6122],[122.742,51.7392],[122.7658,51.7694],[122.6936,51.888],[122.7266,51.9236],[122.7115,51.9755],[122.6662,51.9759],[122.6187,52.0725],[122.6296,52.1348],[122.7695,52.1774],[122.7556,52.2251],[122.7837,52.2505],[122.4624,52.3001],[122.474,52.3489],[122.4358,52.3904],[122.3993,52.375],[122.3039,52.4744],[122.2017,52.4664],[122.1578,52.5147],[121.936,52.2917],[121.8339,52.2794],[121.7112,52.3156],[121.638,52.4433],[121.517564,52.457764],[121.3165,52.572],[121.206036,52.591542],[121.5807,52.8198],[121.6146,52.8511],[121.6034,52.8915],[121.6549,52.9103],[121.7031,52.9964],[121.779,53.0167],[121.8134,53.0623],[121.7661,53.0908],[121.7541,53.1406],[121.6586,53.1685],[121.6742,53.2371],[121.4931,53.3338]],[[123.2956,46.9948],[123.348752,46.967989],[123.2971,46.9624],[123.2956,46.9948]]]}},{"type":"Feature","properties":{"boundary_group":"china","parent_geo_key":"china","country_key":"china","left_geo_key":"china|gansu","right_geo_key":"china|neimenggu"},"geometry":{"type":"LineString","coordinates":[[97.1717,42.7945],[97.8465,41.6551],[97.6156,41.4638],[97.9715,41.0967],[98.3323,40.9178],[98.3434,40.5673],[98.6274,40.6771],[98.5695,40.746],[98.6678,40.7719],[98.702,40.6727],[98.8022,40.6068],[98.79,40.7045],[98.9839,40.7818],[99.0403,40.6926],[99.1005,40.6752],[99.1716,40.7461],[99.1732,40.8571],[99.5646,40.8457],[99.6716,40.9318],[100.0554,40.9066],[100.1062,40.8741],[100.2357,40.7157],[100.241,40.6176],[100.168,40.5402],[100.1679,40.2766],[99.9868,40.1861],[99.8801,40.0301],[99.7497,40.006],[99.5334,39.8909],[99.441,39.8838],[99.470253,39.882315],[99.802426,39.865455],[99.813207,39.863481],[99.9037,39.7874],[100.2624,39.6767],[100.3108,39.6081],[100.3236,39.5083],[100.4978,39.4803],[100.4968,39.3998],[100.8298,39.4041],[100.8665,39.1097],[100.8268,39.0728],[100.8288,39.0276],[100.8805,38.9957],[100.9001,39.0301],[100.9578,39.0057],[100.9615,38.9437],[101.2266,39.0212],[101.1965,38.9481],[101.2378,38.8588],[101.331,38.8475],[101.3058,38.7881],[101.5578,38.713],[101.601996,38.650509],[101.6037,38.6481],[101.6772,38.6902],[101.7733,38.6588],[101.9373,38.8121],[102.0715,38.8905],[101.8297,39.0914],[102.4541,39.255],[102.6023,39.1728],[103.0101,39.0985],[103.358,39.3337],[103.8478,39.4607],[104.0874,39.4193],[104.0443,39.2966],[104.1742,39.1543],[104.2002,39.084],[104.1692,38.9391],[104.0321,38.8919],[103.8594,38.6463],[103.4118,38.4045],[103.5501,38.1595],[103.3607,38.0865],[103.3478,38.0569],[103.3975,37.8614],[103.6717,37.785],[103.839654,37.631737],[103.8672,37.6066],[104.1795,37.4069]]}},{"type":"Feature","properties":{"boundary_group":"china","parent_geo_key":"china","country_key":"china","left_geo_key":"china|jilin","right_geo_key":"china|liaoning"},"geometry":{"type":"MultiLineString","coordinates":[[[125.448612,41.590551],[125.450068,41.562603],[125.4563,41.566],[125.5013,41.5316],[125.5425,41.3991],[125.632,41.3404],[125.6148,41.3153],[125.642,41.2622],[125.7437,41.2434],[125.7313,41.1776],[125.7852,41.1643],[125.7182,41.1162],[125.705,41.0968],[125.7332,41.088],[125.6735,40.9755],[125.59,40.9308],[125.588066,40.922252],[125.583214,40.90081],[125.5807,40.8897],[125.611217,40.898999],[125.670877,40.895139],[125.7057,40.8568]],[[125.4441,41.5956],[125.448612,41.590551]],[[125.4444,41.6714],[125.4441,41.5956]],[[125.3145,41.6696],[125.4444,41.6714]],[[125.3278,41.7344],[125.3145,41.6696]],[[125.2903,41.8841],[125.3278,41.7344]],[[125.3013,41.9225],[125.2903,41.8841]],[[125.3452,41.9257],[125.3013,41.9225]],[[125.2859,41.9575],[125.3452,41.9257]],[[125.3608,42.0002],[125.2859,41.9575]],[[125.4057,42.0966],[125.3608,42.0002]],[[125.4841,42.1339],[125.4057,42.0966]],[[125.3625,42.1803],[125.4841,42.1339]],[[125.3516,42.1441],[125.3625,42.1803]],[[125.2998,42.1438],[125.3516,42.1441]],[[125.280528,42.250116],[125.2998,42.1438]],[[125.2698,42.2644],[125.280528,42.250116]],[[125.276676,42.271366],[125.2698,42.2644]],[[125.2725,42.2944],[125.276676,42.271366]],[[125.2568,42.3108],[125.2725,42.2944]],[[125.1693,42.3057],[125.2568,42.3108]],[[125.1911,42.4054],[125.1693,42.3057]],[[125.095506,42.47302],[125.1911,42.4054]],[[125.1013,42.4764],[125.095506,42.47302]],[[125.061,42.532],[125.1013,42.4764]],[[125.091,42.6196],[125.061,42.532]],[[125.0322,42.613],[125.091,42.6196]],[[124.9616,42.678],[125.0322,42.613]],[[124.9906,42.7429],[124.9616,42.678]],[[124.9696,42.7997],[124.9906,42.7429]],[[124.9225,42.8178],[124.9696,42.7997]],[[124.8666,42.7872],[124.9225,42.8178]],[[124.8528,42.8199],[124.8666,42.7872]],[[124.862,42.9792],[124.8528,42.8199]],[[124.8342,43.0246],[124.862,42.9792]],[[124.884663,43.108017],[124.8342,43.0246]],[[124.8904,43.1175],[124.884663,43.108017]],[[124.8854,43.1306],[124.8904,43.1175]],[[124.837435,43.123637],[124.8854,43.1306]],[[124.7807,43.1154],[124.837435,43.123637]],[[124.6802,43.0481],[124.7807,43.1154]],[[124.6653,42.9878],[124.6802,43.0481]],[[124.511646,42.862531],[124.6653,42.9878]],[[124.455143,42.829361],[124.511646,42.862531]],[[124.4327,42.876],[124.455143,42.829361]],[[124.3603,42.8893],[124.4327,42.876]],[[124.4359,42.9565],[124.3603,42.8893]],[[124.3273,42.9949],[124.4359,42.9565]],[[124.4196,43.0734],[124.3273,42.9949]],[[124.2779,43.1636],[124.4196,43.0734]],[[124.275,43.2253],[124.2779,43.1636]],[[124.2108,43.2539],[124.275,43.2253]],[[124.1084,43.2447],[124.2108,43.2539]],[[124.0919,43.2903],[124.1084,43.2447]],[[124.0274,43.2786],[124.0919,43.2903]],[[123.8464,43.4037],[124.0274,43.2786]],[[123.8653,43.4484],[123.8464,43.4037]],[[123.8433,43.4677],[123.8653,43.4484]],[[123.828407,43.467926],[123.8433,43.4677]],[[123.7443,43.4692],[123.828407,43.467926]],[[123.6912,43.3769],[123.7443,43.4692]],[[123.694757,43.367947],[123.6912,43.3769]]]}},{"type":"Feature","properties":{"boundary_group":"china","parent_geo_key":"china","country_key":"china","left_geo_key":"china|heilongjiang","right_geo_key":"china|jilin"},"geometry":{"type":"LineString","coordinates":[[131.2969,43.4996],[131.2759,43.4653],[131.2284,43.4732],[131.1349,43.423],[131.0195,43.506],[131.006742,43.498077],[130.9013,43.4326],[130.8543,43.4357],[130.7846,43.5251],[130.6239,43.5809],[130.6119,43.6222],[130.4097,43.6475],[130.3869,43.6986],[130.4161,43.7419],[130.3554,43.8403],[130.3737,43.9081],[130.3292,43.9564],[130.3602,44.0117],[130.3458,44.0479],[130.249,43.9454],[130.1831,43.9387],[130.0591,43.8323],[130.0062,43.8724],[129.9932,43.996],[129.9294,44.0254],[129.778,43.9622],[129.7736,43.893],[129.7323,43.8801],[129.4613,43.8721],[129.3415,43.7959],[129.2492,43.8172],[129.2053,43.7825],[129.2164,43.5841],[129.0092,43.5217],[128.9432,43.5516],[128.8699,43.5415],[128.7793,43.7112],[128.7223,43.7354],[128.756,43.7531],[128.7126,43.8159],[128.7545,43.8557],[128.7193,43.8912],[128.6304,43.889],[128.6341,43.9454],[128.463952,44.174174],[128.456456,44.254775],[128.4484,44.3414],[128.4752,44.3735],[128.4555,44.4322],[128.366,44.512],[128.242434,44.448945],[128.2468,44.4446],[128.2057,44.4302],[128.1809,44.3602],[128.168539,44.359002],[128.114472,44.353761],[128.0437,44.3469],[128.095,44.288],[128.0571,44.2582],[128.089692,44.21899],[128.0965,44.2108],[128.0541,44.1662],[128.0827,44.1291],[128.0534,44.1078],[127.9073,44.0628],[127.87348,44.064595],[127.8589,44.0601],[127.834714,44.066653],[127.7773,44.0697],[127.7227,44.097],[127.7132,44.2003],[127.675,44.1647],[127.6197,44.1865],[127.5845,44.2258],[127.6181,44.2756],[127.4772,44.3997],[127.5018,44.4363],[127.4577,44.479],[127.4592,44.5143],[127.5308,44.5207],[127.549185,44.564876],[127.499028,44.591375],[127.467082,44.603445],[127.2748,44.6386],[127.2555,44.6109],[127.186306,44.640044],[127.152612,44.630941],[127.073045,44.596778],[127.0429,44.5644],[127.041859,44.583388],[127.0349,44.7103],[126.9782,44.8229],[127.005,44.8883],[127.0662,44.9043],[127.0867,44.9456],[126.9659,45.0684],[126.9509,45.1375],[126.7841,45.135],[126.757,45.1745],[126.6563,45.1938],[126.5747,45.2492],[126.4174,45.2305],[126.2442,45.141],[126.145784,45.140225],[126.1045,45.1399],[126.068365,45.151862],[125.888267,45.21148],[125.8148,45.2358],[125.785101,45.263127],[125.6883,45.3522],[125.695938,45.463286],[125.6845,45.5137],[125.6149,45.5194],[125.4857,45.4653],[125.4174,45.4869],[125.4253,45.4535],[125.3501,45.3884],[125.32,45.4174],[125.2427,45.4163],[125.068,45.3782],[125.0869,45.4141],[125.044,45.4259],[125.027,45.4858],[124.9441,45.4956],[124.9102,45.5397],[124.8802,45.4371],[124.7785,45.4344],[124.7566,45.4676],[124.6507,45.4354],[124.5844,45.4511],[124.5431,45.4091],[124.456268,45.449628],[124.4454,45.4547],[124.389144,45.442406],[124.365284,45.466522],[124.3492,45.5439],[124.2759,45.5396],[124.2182,45.6318],[124.1392,45.6211],[124.1259,45.6906],[123.9946,45.7672],[124.0579,45.7944],[124.0274,45.8254],[124.060635,45.861104],[124.0624,45.863],[124.059792,45.865382],[124.011027,45.909908],[123.964055,45.952797],[123.967519,45.963134],[124.014,45.9846],[123.9886,46.0191],[124.033,46.0198],[123.9874,46.0926],[124.0039,46.1559],[123.962506,46.186522],[123.958093,46.224219],[123.9627,46.2738],[123.951844,46.277616],[123.941471,46.281262],[123.9297,46.2854],[123.9111,46.2549],[123.8937,46.3022],[123.8433,46.3006],[123.5678,46.2285],[123.4928,46.2577],[123.3743,46.2228],[123.226774,46.2657],[123.189104,46.25106],[123.169271,46.243352]]}},{"type":"Feature","properties":{"boundary_group":"china","parent_geo_key":"china","country_key":"china","left_geo_key":"china|jiangsu","right_geo_key":"china|shanghai"},"geometry":{"type":"LineString","coordinates":[[121.8748,31.6352],[121.8096,31.6479],[121.532785,31.737454],[121.443365,31.766382],[121.426,31.772],[121.3701,31.8493],[121.3014,31.8725],[121.097,31.7651],[121.3822,31.5471],[121.1429,31.4453],[121.1434,31.3874],[121.102,31.3665],[121.1565,31.284],[121.0827,31.2941],[121.0577,31.27],[121.064,31.1517],[120.8756,31.1363],[120.854,31.1032],[120.9005,31.0818],[120.889648,31.009867]]}},{"type":"Feature","properties":{"boundary_group":"china","parent_geo_key":"china","country_key":"china","left_geo_key":"china|shanghai","right_geo_key":"china|zhejiang"},"geometry":{"type":"LineString","coordinates":[[120.889648,31.009867],[120.9851,31.0149],[120.9888,30.8922],[121.0136,30.885],[120.9857,30.8257],[121.1158,30.8517],[121.1225,30.7812],[121.2145,30.7882],[121.2679,30.6917]]}},{"type":"Feature","properties":{"boundary_group":"china","parent_geo_key":"china","country_key":"china","left_geo_key":"china|jiangxi","right_geo_key":"china|zhejiang"},"geometry":{"type":"LineString","coordinates":[[118.189537,29.398106],[118.1877,29.3969],[118.2019,29.3463],[118.1628,29.2839],[118.0726,29.2937],[118.0771,29.2207],[118.0365,29.2138],[118.0235,29.1737],[118.0308,29.1014],[118.0697,29.0787],[118.0946,28.9931],[118.122,29.0188],[118.1283,28.9865],[118.1816,28.98],[118.223,28.9453],[118.1964,28.9069],[118.2665,28.9203],[118.2917,28.8361],[118.3681,28.8071],[118.373656,28.794017],[118.378146,28.783445],[118.4276,28.667],[118.4071,28.5589],[118.4407,28.5185],[118.4117,28.4984],[118.4731,28.4777],[118.4349,28.4151],[118.457428,28.325497],[118.4614,28.3097],[118.433728,28.29441],[118.427698,28.286502]]}},{"type":"Feature","properties":{"boundary_group":"china","parent_geo_key":"china","country_key":"china","left_geo_key":"china|fujian","right_geo_key":"china|zhejiang"},"geometry":{"type":"LineString","coordinates":[[118.427698,28.286502],[118.4837,28.2427],[118.4982,28.2829],[118.5676,28.2914],[118.617,28.2597],[118.69225,28.302561],[118.699639,28.312767],[118.708301,28.311703],[118.7176,28.317],[118.718884,28.310404],[118.7292,28.2574],[118.809,28.2326],[118.7562,28.1737],[118.8061,28.1516],[118.7987,28.1211],[118.765875,28.101449],[118.7129,28.0354],[118.7321,27.9688],[118.8163,27.9091],[118.8381,27.7812],[118.8964,27.7126],[118.8706,27.6819],[118.9083,27.6238],[118.8995,27.5784],[118.8534,27.5222],[118.8989,27.4651],[118.9542,27.4534],[118.9859,27.5065],[119.0785,27.4676],[119.1214,27.4839],[119.1168,27.4393],[119.1419,27.4298],[119.2629,27.4244],[119.273334,27.437768],[119.295498,27.466162],[119.3408,27.5242],[119.465,27.5278],[119.4966,27.6527],[119.6316,27.6711],[119.637307,27.66614],[119.64,27.6638],[119.6285,27.5845],[119.6691,27.5788],[119.6539,27.545],[119.704,27.5148],[119.6855,27.4336],[119.7767,27.334],[119.7638,27.3119],[119.9322,27.3197],[119.9519,27.3679],[119.9955,27.3826],[120.0461,27.3404],[120.1306,27.4255],[120.2482,27.4419],[120.2686,27.391],[120.329709,27.400868],[120.3361,27.4019],[120.3371,27.395719],[120.3443,27.3512],[120.4266,27.2591],[120.3919,27.2453],[120.39587,27.230901]]}},{"type":"Feature","properties":{"boundary_group":"china","parent_geo_key":"china","country_key":"china","left_geo_key":"china|jiangsu","right_geo_key":"china|zhejiang"},"geometry":{"type":"LineString","coordinates":[[120.889648,31.009867],[120.8892,31.0069],[120.752351,30.980428],[120.7415,30.9653],[120.687455,30.95919],[120.7088,30.8878],[120.5595,30.8377],[120.4993,30.7604],[120.484093,30.763226],[120.4847,30.7659],[120.472395,30.803003],[120.4352,30.8619],[120.4323,30.9239],[120.361,30.8823],[120.3655,30.9503],[120.1274,30.9459],[119.9896,31.0344],[119.9154,31.1736],[119.8983,31.1716],[119.786869,31.168805],[119.7753,31.1824],[119.708009,31.166827],[119.645098,31.152267],[119.6366,31.1503],[119.636244,31.14566],[119.633583,31.111018]]}},{"type":"Feature","properties":{"boundary_group":"china","parent_geo_key":"china","country_key":"china","left_geo_key":"china|anhui","right_geo_key":"china|zhejiang"},"geometry":{"type":"LineString","coordinates":[[119.633583,31.111018],[119.6418,31.1087],[119.6258,31.0097],[119.5481,30.9029],[119.5737,30.8314],[119.522,30.7784],[119.4773,30.7771],[119.4803,30.7036],[119.426,30.6471],[119.3846,30.6913],[119.3077,30.6232],[119.247846,30.611229],[119.2626,30.5765],[119.2414,30.5282],[119.3255,30.5358],[119.355406,30.416256],[119.37657,30.389319],[119.393249,30.368092],[119.392829,30.367891],[119.2953,30.3663],[119.1985,30.2927],[119.0858,30.3255],[119.0579,30.3051],[118.9354,30.3553],[118.877154,30.290334],[118.873,30.2857],[118.877778,30.277772],[118.9223,30.2039],[118.8435,30.1658],[118.894,30.1449],[118.861195,30.113735],[118.858,30.1107],[118.861613,30.103113],[118.8617,30.1009],[118.862648,30.100938],[118.880775,30.062872],[118.8865,29.938],[118.8481,29.9443],[118.8401,29.8991],[118.7486,29.8455],[118.716878,29.719456],[118.697026,29.70051],[118.599339,29.641756],[118.5688,29.6402],[118.4945,29.5787],[118.476754,29.521453],[118.3782,29.5127],[118.3398,29.4786],[118.3061,29.5003],[118.3099,29.4257],[118.233912,29.427237],[118.205992,29.408908],[118.195,29.3952],[118.189537,29.398106]]}},{"type":"Feature","properties":{"boundary_group":"china","parent_geo_key":"china","country_key":"china","left_geo_key":"china|anhui","right_geo_key":"china|jiangxi"},"geometry":{"type":"MultiLineString","coordinates":[[[116.7503,30.0525],[116.7421,30.0598],[116.6121,30.0753],[116.597475,30.059989],[116.584632,30.046544],[116.5716,30.0329],[116.5416,29.9076],[116.4576,29.8967],[116.258,29.7837],[116.163848,29.829172],[116.1582,29.8319],[116.150282,29.828088],[116.1329,29.8267]],[[116.8306,29.9732],[116.7503,30.0525]],[[116.8941,29.9688],[116.8306,29.9732]],[[116.8928,29.9132],[116.8941,29.9688]],[[116.8157,29.818],[116.8928,29.9132]],[[116.7576,29.8083],[116.8157,29.818]],[[116.6441,29.6987],[116.7576,29.8083]],[[116.6838,29.6759],[116.6441,29.6987]],[[116.6454,29.6459],[116.6838,29.6759]],[[116.674,29.6057],[116.6454,29.6459]],[[116.715,29.5693],[116.674,29.6057]],[[116.7571,29.5988],[116.715,29.5693]],[[116.8323,29.5719],[116.7571,29.5988]],[[116.9876,29.6842],[116.8323,29.5719]],[[117.1091,29.71],[116.9876,29.6842]],[[117.0991,29.7523],[117.1091,29.71]],[[117.1337,29.7885],[117.0991,29.7523]],[[117.0666,29.8299],[117.1337,29.7885]],[[117.1239,29.8646],[117.0666,29.8299]],[[117.134987,29.906831],[117.1239,29.8646]],[[117.2015,29.9332],[117.134987,29.906831]],[[117.242082,29.915606],[117.2015,29.9332]],[[117.248907,29.904672],[117.242082,29.915606]],[[117.2384,29.8531],[117.248907,29.904672]],[[117.2701,29.8277],[117.2384,29.8531]],[[117.3326,29.8579],[117.2701,29.8277]],[[117.3565,29.8155],[117.3326,29.8579]],[[117.361848,29.817813],[117.3565,29.8155]],[[117.37377,29.82297],[117.361848,29.817813]],[[117.410528,29.83887],[117.37377,29.82297]],[[117.40842,29.812362],[117.410528,29.83887]],[[117.4036,29.8027],[117.40842,29.812362]],[[117.407266,29.797858],[117.4036,29.8027]],[[117.4068,29.792],[117.407266,29.797858]],[[117.448475,29.706604],[117.4068,29.792]],[[117.4456,29.6934],[117.448475,29.706604]],[[117.457238,29.688648],[117.4456,29.6934]],[[117.5225,29.662],[117.457238,29.688648]],[[117.5342,29.5996],[117.5225,29.662]],[[117.551272,29.595507],[117.5342,29.5996]],[[117.557829,29.593935],[117.551272,29.595507]],[[117.5926,29.5856],[117.557829,29.593935]],[[117.626806,29.607089],[117.5926,29.5856]],[[117.649765,29.611468],[117.626806,29.607089]],[[117.674099,29.59115],[117.649765,29.611468]],[[117.701835,29.553966],[117.674099,29.59115]],[[117.71406,29.557783],[117.701835,29.553966]],[[117.7692,29.575],[117.71406,29.557783]],[[117.889,29.546],[117.7692,29.575]],[[118.0222,29.5764],[117.889,29.546]],[[118.1252,29.5147],[118.0222,29.5764]],[[118.1262,29.4318],[118.1252,29.5147]],[[118.1832,29.4088],[118.1262,29.4318]],[[118.185806,29.400091],[118.1832,29.4088]],[[118.189537,29.398106],[118.185806,29.400091]]]}},{"type":"Feature","properties":{"boundary_group":"china","parent_geo_key":"china","country_key":"china","left_geo_key":"china|anhui","right_geo_key":"china|jiangsu"},"geometry":{"type":"LineString","coordinates":[[119.633583,31.111018],[119.601826,31.119977],[119.584353,31.124907],[119.5281,31.161],[119.3581,31.2],[119.3443,31.3019],[119.3414,31.2651],[119.211104,31.276468],[119.195781,31.290091],[119.1807,31.3035],[119.1003,31.2379],[118.79,31.2316],[118.7148,31.3245],[118.7495,31.3874],[118.8052,31.3732],[118.8647,31.4257],[118.8679,31.6066],[118.8289,31.6358],[118.799,31.6209],[118.769,31.6841],[118.7137,31.6299],[118.6557,31.642],[118.6405,31.6812],[118.6854,31.723],[118.6373,31.7613],[118.5378,31.7331],[118.5321,31.7677],[118.478,31.7831],[118.499,31.8426],[118.4623,31.8588],[118.4731,31.8852],[118.4092,31.8889],[118.362,31.9397],[118.3905,31.9946],[118.3779,32.0615],[118.4956,32.1243],[118.5043,32.1967],[118.6246,32.2047],[118.632552,32.211542],[118.649744,32.226334],[118.6597,32.2349],[118.659303,32.238937],[118.6528,32.305],[118.698884,32.337102],[118.7029,32.3399],[118.6735,32.3963],[118.6859,32.4751],[118.587,32.4857],[118.6112,32.5126],[118.5583,32.5686],[118.5789,32.5974],[118.8203,32.6035],[118.8395,32.5695],[118.88,32.5921],[118.8901,32.5513],[118.9293,32.5597],[118.9696,32.5077],[119.0349,32.5161],[119.07009,32.457801],[119.0716,32.4553],[119.075768,32.45809],[119.1472,32.5059],[119.1713,32.5956],[119.2061,32.5705],[119.211195,32.580897],[119.214552,32.587748],[119.2233,32.6056],[119.181469,32.817813],[119.1795,32.8278],[119.0947,32.8335],[119.0394,32.9128],[119.0089,32.9127],[118.999346,32.95208],[118.9966,32.9634],[118.9295,32.9393],[118.870524,32.953547],[118.8434,32.9601],[118.842678,32.938627],[118.8025,32.9171],[118.8048,32.8557],[118.7407,32.8584],[118.7518,32.7422],[118.7218,32.7277],[118.6323,32.7479],[118.3648,32.7207],[118.3576,32.7745],[118.2961,32.7848],[118.2937,32.8442],[118.243747,32.854227],[118.2225,32.9252],[118.304,32.9611],[118.2511,32.9797],[118.2059,33.0632],[118.218,33.151],[118.2176,33.1772],[118.1727,33.2181],[118.1454,33.1707],[118.059579,33.141529],[118.0592,33.1414],[117.9854,33.1801],[117.9722,33.2298],[117.939,33.2265],[117.9861,33.3353],[117.97854,33.340891],[118.0187,33.3717],[118.055843,33.490222],[118.1013,33.4768],[118.1152,33.6236],[118.116894,33.626701],[118.156132,33.698551],[118.175,33.7331],[118.168465,33.736885],[118.142951,33.751663],[118.021784,33.757395],[117.956002,33.747763],[117.9474,33.7313],[117.7541,33.7182],[117.7174,33.7414],[117.7533,33.8864],[117.7044,33.8832],[117.6647,33.9961],[117.6211,34.0258],[117.5588,33.9797],[117.5038,34.0623],[117.4086,34.0224],[117.3525,34.0887],[117.3079,34.0657],[117.204502,34.074636],[117.163706,34.078162],[117.1436,34.0799],[117.137016,34.095595],[117.033862,34.162971],[117.027021,34.1657],[117.026331,34.165975],[117.02,34.1685],[117.030721,34.20296],[117.0342,34.2492],[117.025009,34.243977],[116.99431,34.274214],[116.9696,34.2888],[116.969189,34.298956],[116.9654,34.3927],[116.8284,34.3859],[116.7413,34.469],[116.5666,34.4874],[116.5954,34.5057],[116.5152,34.5425],[116.470026,34.597429],[116.4249,34.6523],[116.3697,34.637]]}},{"type":"Feature","properties":{"boundary_group":"china","parent_geo_key":"china","country_key":"china","left_geo_key":"china|anhui","right_geo_key":"china|shandong"},"geometry":{"type":"LineString","coordinates":[[116.3697,34.637],[116.2737,34.6061],[116.250024,34.564784],[116.2435,34.5534],[116.222777,34.567215],[116.1936,34.5716]]}},{"type":"Feature","properties":{"boundary_group":"china","parent_geo_key":"china","country_key":"china","left_geo_key":"china|anhui","right_geo_key":"china|henan"},"geometry":{"type":"LineString","coordinates":[[116.1936,34.5716],[116.1962,34.5607],[116.2014,34.5077],[116.153,34.451],[116.2132,34.4071],[116.2015,34.3834],[116.3415,34.3262],[116.344383,34.319581],[116.358236,34.287773],[116.361352,34.28062],[116.421195,34.279546],[116.508,34.2966],[116.5797,34.2767],[116.5387,34.2402],[116.5606,34.1747],[116.534552,34.134233],[116.57429,34.063246],[116.609457,34.019183],[116.6448,33.9749],[116.6441,33.8998],[116.638826,33.900389],[116.5572,33.9095],[116.5531,33.882],[116.4343,33.8483],[116.4319,33.801],[116.3888,33.7853],[116.388541,33.785218],[116.1753,33.7076],[116.165499,33.714365],[116.102931,33.757551],[116.0678,33.7818],[116.0386,33.8224],[116.06,33.8483],[115.98,33.9028],[115.9801,33.9924],[115.9069,34.0016],[115.8932,34.0293],[115.8462,34.0061],[115.8088,34.0662],[115.714164,34.075902],[115.643891,34.051087],[115.6455,34.0353],[115.592138,34.016766],[115.5408,33.8768],[115.6298,33.8667],[115.6083,33.7775],[115.5585,33.776],[115.6352,33.5835],[115.4558,33.5715],[115.4104,33.5568],[115.3933,33.5059],[115.3404,33.5054],[115.3083,33.3754],[115.3594,33.3418],[115.3557,33.3],[115.3293,33.2996],[115.3196,33.2119],[115.2886,33.2026],[115.2976,33.1502],[115.1135,33.0771],[114.9899,33.0997],[114.9723,33.1488],[114.916495,33.13435],[114.901785,33.10461],[114.909008,33.082722],[114.9108,33.0835],[114.9273,33.0273],[114.8877,33.0224],[114.8805,32.9776],[115.1945,32.8571],[115.2073,32.7882],[115.1756,32.7806],[115.175082,32.722861],[115.18613,32.653478],[115.2021,32.616],[115.192945,32.610673],[115.1956,32.594],[115.2949,32.5903],[115.3,32.5551],[115.4059,32.5773],[115.5606,32.4064],[115.6608,32.4112],[115.6879,32.4915],[115.696839,32.492405],[115.70714,32.493449],[115.7738,32.5002],[115.7826,32.4705],[115.8864,32.5783],[115.923142,32.570007],[115.9245,32.5697],[115.8393,32.5068],[115.8781,32.4908],[115.8608,32.4669],[115.9339,32.1642],[115.8906,31.8786],[115.9054,31.7952],[115.8096,31.7652],[115.677,31.7816],[115.522,31.702],[115.4717,31.6473],[115.4771,31.6084],[115.3692,31.5013],[115.3693,31.4066]]}},{"type":"Feature","properties":{"boundary_group":"china","parent_geo_key":"china","country_key":"china","left_geo_key":"china|anhui","right_geo_key":"china|hubei"},"geometry":{"type":"LineString","coordinates":[[115.3693,31.4066],[115.371233,31.405175],[115.3872,31.3934],[115.3724,31.35],[115.4376,31.3475],[115.452,31.2829],[115.5151,31.266],[115.5793,31.1447],[115.6562,31.2197],[115.7081,31.2013],[115.7718,31.1056],[115.8683,31.1507],[115.873709,31.142265],[115.9348,31.047],[116.033505,31.020623],[116.043074,31.018066],[116.0523,31.0156],[116.0687,30.9578],[115.8643,30.8714],[115.8414,30.8328],[115.863,30.7753],[115.778546,30.750554],[115.756,30.6899],[115.844591,30.591207],[115.9086,30.5199],[115.889,30.4543],[115.9395,30.4297],[115.8792,30.3826],[115.9057,30.3076],[115.979151,30.290885],[115.9848,30.2896],[116.0605,30.2123],[116.063244,30.14877],[116.0839,30.1289],[116.0708,29.9738],[116.1245,29.8991],[116.1329,29.8267]]}},{"type":"Feature","properties":{"boundary_group":"china","parent_geo_key":"china","country_key":"china","left_geo_key":"china|fujian","right_geo_key":"china|jiangxi"},"geometry":{"type":"LineString","coordinates":[[118.427698,28.286502],[118.424269,28.289184],[118.4176,28.2944],[118.3678,28.2691],[118.3072,28.2245],[118.3705,28.1898],[118.3509,28.0939],[118.1302,28.0567],[118.0832,27.9672],[117.9923,27.995],[117.8509,27.949],[117.7825,27.9004],[117.744825,27.820909],[117.730298,27.807636],[117.597,27.872],[117.5794,27.9414],[117.558888,27.955781],[117.5155,27.9862],[117.446073,27.936492],[117.440825,27.937123],[117.4403,27.9354],[117.428402,27.92384],[117.3384,27.8594],[117.3204,27.899],[117.2765,27.8694],[117.279528,27.858718],[117.28483,27.840015],[117.3019,27.7798],[117.184358,27.688941],[117.1122,27.6976],[117.092834,27.639849],[117.0472,27.6742],[117.040129,27.667884],[117.023053,27.652631],[116.9985,27.6307],[117.0163,27.5585],[117.0981,27.5427],[117.1278,27.4279],[117.102676,27.364614],[117.0935,27.3415],[117.132929,27.316656],[117.155184,27.281377],[117.0435,27.1558],[117.043928,27.1501],[117.0474,27.1039],[116.920386,27.028658],[116.8947,27.0407],[116.783699,27.006316],[116.674214,26.972401],[116.65,26.9649],[116.5613,26.87],[116.552368,26.848585],[116.546112,26.833586],[116.5374,26.8127],[116.553442,26.778405],[116.555796,26.760687],[116.5062,26.7134],[116.545127,26.598781],[116.535613,26.576592],[116.5297,26.5628],[116.5584,26.5494],[116.571126,26.531326],[116.6346,26.4831],[116.6057,26.3877],[116.5529,26.3728],[116.5516,26.4027],[116.5121,26.4137],[116.3818,26.2414],[116.3864,26.1751],[116.469,26.1779],[116.4865,26.1236],[116.399762,26.044419],[116.3568,26.0052],[116.3623,25.963],[116.2542,25.9056],[116.1836,25.9045],[116.1252,25.8554],[116.1732,25.7569],[116.1247,25.7642],[116.1052,25.7076],[116.0544,25.6899],[116.0357,25.609],[116.0591,25.5651],[116.0035,25.4903],[115.9988,25.3104],[115.948,25.2959],[115.9275,25.2389],[115.8515,25.214],[115.8742,25.0991],[115.9246,25.0523],[115.879688,25.012253],[115.9194,24.9668],[115.876576,24.974724],[115.870893,24.963505],[115.872266,24.955901],[115.875659,24.93711]]}},{"type":"Feature","properties":{"boundary_group":"china","parent_geo_key":"china","country_key":"china","left_geo_key":"china|fujian","right_geo_key":"china|guangdong"},"geometry":{"type":"LineString","coordinates":[[115.875659,24.93711],[115.9758,24.9185],[116.0882,24.8407],[116.187,24.8814],[116.2471,24.7962],[116.3915,24.8806],[116.4142,24.8434],[116.37,24.8085],[116.4398,24.7187],[116.4825,24.7212],[116.525,24.6077],[116.5911,24.6568],[116.7971,24.6805],[116.8105,24.6576],[116.7522,24.5503],[116.8394,24.4884],[116.8418,24.4315],[116.897267,24.376033],[116.8996,24.3737],[116.8902,24.3675],[116.9094,24.2892],[116.9348,24.2872],[116.9287,24.2254],[116.9933,24.185],[116.9231,24.1073],[116.977,23.9981],[116.9602,23.8616],[117.0286,23.828],[117.0454,23.7027],[117.0858,23.6669],[117.1887,23.6199]]}},{"type":"Feature","properties":{"boundary_group":"china","parent_geo_key":"china","country_key":"china","left_geo_key":"china|hubei","right_geo_key":"china|jiangxi"},"geometry":{"type":"LineString","coordinates":[[116.1329,29.8267],[116.057184,29.783274],[115.943028,29.728323],[115.895038,29.737462],[115.6749,29.8508],[115.506,29.8423],[115.4091,29.681],[115.2829,29.6222],[115.2595,29.6599],[115.1103,29.6849],[115.1292,29.5923],[115.1724,29.5927],[115.1481,29.578],[115.153814,29.526186],[115.149852,29.512006],[115.0942,29.5229],[115.0818,29.5627],[114.9928,29.5734],[114.965591,29.558381],[114.943753,29.546326],[114.9428,29.5458],[114.9668,29.5237],[114.937,29.502509],[114.8907,29.5305],[114.8567,29.4799],[114.8781,29.4428],[114.88235,29.447438],[114.8872,29.4413],[114.929977,29.48201],[114.933229,29.478468],[114.926725,29.444799],[114.90001,29.412299],[114.7531,29.3651],[114.7323,29.3948],[114.6544,29.3937],[114.5089,29.3259],[114.3476,29.3235],[114.3042,29.3682],[114.2689,29.3569],[114.26825,29.35294],[114.2495,29.2387],[114.0858,29.2149],[113.9481,29.1004],[113.9395,29.0476]]}},{"type":"Feature","properties":{"boundary_group":"china","parent_geo_key":"china","country_key":"china","left_geo_key":"china|hunan","right_geo_key":"china|jiangxi"},"geometry":{"type":"LineString","coordinates":[[113.9395,29.0476],[113.953094,28.996681],[113.955,28.9571],[113.963647,28.957154],[114.0034,28.9574],[113.9969,28.9242],[114.0628,28.8945],[114.0729,28.8353],[114.1488,28.8338],[114.1326,28.7836],[114.142643,28.790056],[114.129757,28.698507],[114.091,28.5746],[114.091351,28.574349],[114.2133,28.487],[114.1873,28.452],[114.189362,28.450184],[114.2486,28.398],[114.245669,28.326837],[114.213642,28.299438],[114.120182,28.219484],[114.0766,28.1822],[113.9873,28.1616],[114.0221,28.0451],[113.999942,28.036953],[113.914891,28.005679],[113.9125,28.0048],[113.913325,28.004361],[113.905046,27.997396],[113.8978,27.9913],[113.8569,28.0097],[113.817745,27.976671],[113.734972,27.906849],[113.71443,27.889522],[113.7236,27.8888],[113.7245,27.875],[113.7595,27.8056],[113.6019,27.639],[113.5755,27.5478],[113.6229,27.5223],[113.5906,27.4707],[113.600182,27.421588],[113.6208,27.4187],[113.607223,27.385498],[113.613018,27.355798],[113.6693,27.3301],[113.8673,27.3703],[113.8634,27.286],[113.773579,27.111266],[113.786927,27.096887],[113.803552,27.078979],[113.897177,26.978125],[113.91593,26.957923],[113.83,26.8002],[113.8609,26.6563],[113.9022,26.6173],[114.1025,26.579],[114.0666,26.4889],[114.094,26.4818],[114.0833,26.4135],[114.0262,26.3786],[114.0242,26.2697],[113.946009,26.177965],[113.9376,26.1681],[113.949691,26.171249],[114.0286,26.1918],[114.082,26.1706],[114.1723,26.2169],[114.215467,26.192334],[114.221237,26.170358],[114.212871,26.149327],[114.1026,26.1038],[114.098888,26.079714],[114.04,26.0808],[114.0027,26.0167],[114.016,25.9755],[114.0224,25.8968],[113.915526,25.715778],[113.9081,25.7032],[113.9881,25.5678],[113.9346,25.4528],[113.942117,25.451473]]}},{"type":"Feature","properties":{"boundary_group":"china","parent_geo_key":"china","country_key":"china","left_geo_key":"china|guangdong","right_geo_key":"china|jiangxi"},"geometry":{"type":"LineString","coordinates":[[113.942117,25.451473],[113.947585,25.450509],[114.0026,25.4408],[113.9801,25.4065],[114.0379,25.3938],[114.031087,25.327003],[114.028174,25.298438],[114.024871,25.266055],[114.0241,25.2585],[114.029059,25.261029],[114.1345,25.3148],[114.2589,25.2941],[114.3104,25.3422],[114.3755,25.3187],[114.4427,25.3894],[114.4761,25.3734],[114.5335,25.4218],[114.6326,25.3269],[114.7103,25.3185],[114.737608,25.268465],[114.736077,25.256734],[114.6744,25.1981],[114.7311,25.154],[114.7254,25.1186],[114.638,25.0739],[114.5567,25.0818],[114.509,25.0081],[114.4161,24.9749],[114.411237,24.962444],[114.39441,24.919344],[114.364189,24.841938],[114.3281,24.7495],[114.2743,24.7077],[114.1639,24.694],[114.1707,24.6484],[114.2531,24.6464],[114.3035,24.5764],[114.3586,24.5882],[114.424,24.4877],[114.524,24.562],[114.586,24.5393],[114.6594,24.5867],[114.7012,24.5309],[114.7451,24.6206],[114.8442,24.6062],[114.8622,24.5654],[114.908,24.6683],[114.9364,24.6524],[115.0687,24.7071],[115.1001,24.6701],[115.2757,24.7574],[115.3555,24.7375],[115.4031,24.7976],[115.5211,24.7199],[115.5554,24.6457],[115.5734,24.6162],[115.6677,24.6077],[115.6796,24.5505],[115.701106,24.552865],[115.8351,24.5676],[115.7614,24.6672],[115.7964,24.7087],[115.7518,24.7374],[115.8158,24.9098],[115.860037,24.886508],[115.875945,24.878131],[115.8874,24.8721],[115.885459,24.882848],[115.876284,24.93365],[115.875659,24.93711]]}},{"type":"Feature","properties":{"boundary_group":"china","parent_geo_key":"china","country_key":"china","left_geo_key":"china|henan","right_geo_key":"china|shandong"},"geometry":{"type":"LineString","coordinates":[[115.467989,36.157378],[115.4414,36.009],[115.3493,35.9678],[115.33207,35.8246],[115.329825,35.805944],[115.3284,35.7941],[115.3569,35.7817],[115.475844,35.872803],[115.571005,35.905891],[115.67498,35.942044],[115.7689,35.9747],[115.7919,36.0071],[115.9836,36.0465],[116.096855,36.112874],[116.096666,36.112287],[116.046174,35.979874],[115.9064,35.9605],[115.8648,35.9152],[115.8664,35.86307],[115.731,35.8327],[115.6878,35.7542],[115.5054,35.7249],[115.3401,35.5473],[115.3499,35.4937],[115.236,35.4247],[115.0832,35.4151],[115.0643,35.3752],[115.0266,35.3752],[115.016959,35.363208],[115.012076,35.357134],[115.000358,35.342559],[114.995969,35.337099],[114.9249,35.2487],[114.9246,35.1954],[114.8428,35.1698],[114.8797,35.1074],[114.8119,35.0712],[114.838425,35.02894],[114.8191,35.0131],[114.824826,35.014027],[114.879,35.0228],[114.9126,34.97],[114.9507,34.9954],[115.0251,34.9689],[115.1122,35.0069],[115.1509,34.9607],[115.2193,34.9542],[115.1833,34.9156],[115.2495,34.9102],[115.2405,34.8438],[115.245806,34.845117],[115.258762,34.848334],[115.3134,34.8619],[115.4258,34.8048],[115.4394,34.6629],[115.529,34.5766],[115.6785,34.5567],[115.7032,34.6007],[115.8232,34.5593],[115.9696,34.5822],[115.9952,34.6156],[116.1004,34.598],[116.1368,34.5592],[116.1936,34.5716]]}},{"type":"Feature","properties":{"boundary_group":"china","parent_geo_key":"china","country_key":"china","left_geo_key":"china|jiangsu","right_geo_key":"china|shandong"},"geometry":{"type":"LineString","coordinates":[[116.3697,34.637],[116.3883,34.7046],[116.3565,34.7388],[116.3903,34.7518],[116.4072,34.8446],[116.390014,34.851277],[116.437646,34.890945],[116.4394,34.8961],[116.44567,34.897627],[116.6266,34.9417],[116.7759,34.9175],[116.7809,34.9758],[116.8099,34.9278],[116.9629,34.8702],[117.0746,34.7016],[117.052,34.6547],[117.1227,34.6447],[117.149,34.5057],[117.235,34.4455],[117.2625,34.5343],[117.2972,34.5492],[117.2756,34.5647],[117.3879,34.5751],[117.3969,34.5702],[117.40325,34.5628],[117.4822,34.4708],[117.5833,34.4633],[117.6787,34.548],[117.7914,34.5227],[117.788189,34.651449],[117.7881,34.655],[117.789769,34.654857],[117.8978,34.6456],[117.9581,34.6802],[118.0004,34.6508],[118.0958,34.6564],[118.1091,34.6196],[118.0723,34.5712],[118.1839,34.5448],[118.1216,34.4862],[118.1715,34.4555],[118.1649,34.3825],[118.362734,34.424833],[118.4023,34.4333],[118.4332,34.5278],[118.4176,34.6092],[118.4705,34.6223],[118.4588,34.6695],[118.506697,34.68151],[118.5254,34.6862],[118.525511,34.702122],[118.53511,34.712638],[118.6744,34.6795],[118.757,34.7079],[118.75686,34.715481],[118.756616,34.728653],[118.7563,34.7457],[118.7047,34.7514],[118.769,34.7978],[118.7677,34.8469],[118.8014,34.8508],[118.8529,34.939],[118.8632,35.0331],[119.1209,35.055],[119.1271,35.0971],[119.1936,35.1127],[119.192144,35.114722],[119.219846,35.122227],[119.2382,35.1272],[119.268134,35.108283]]}},{"type":"Feature","properties":{"boundary_group":"china","parent_geo_key":"china","country_key":"china","left_geo_key":"china|henan","right_geo_key":"china|shaanxi"},"geometry":{"type":"LineString","coordinates":[[110.371144,34.598786],[110.3614,34.567],[110.3937,34.5645],[110.3584,34.5111],[110.418403,34.418956],[110.4243,34.4099],[110.4456,34.4028],[110.4712,34.4097],[110.5014,34.341],[110.423,34.2892],[110.4362,34.2417],[110.6378,34.1621],[110.5847,34.1014],[110.5801,34.0253],[110.6141,34.0375],[110.6717,33.9499],[110.588836,33.892497],[110.6056,33.8536],[110.7761,33.794],[110.8323,33.6671],[110.98766,33.584856],[110.9974,33.5797],[110.998253,33.573183],[111.008247,33.56217],[111.0041,33.5615],[111.0294,33.3351],[110.9756,33.272],[110.990173,33.257884],[110.9882,33.254]]}},{"type":"Feature","properties":{"boundary_group":"china","parent_geo_key":"china","country_key":"china","left_geo_key":"china|henan","right_geo_key":"china|hubei"},"geometry":{"type":"MultiLineString","coordinates":[[[110.9882,33.254],[110.9955,33.2389],[111.0553,33.1948],[111.0317,33.1583],[111.0782,33.1856],[111.1745,33.1162],[111.1935,33.0777],[111.1534,33.0385],[111.2411,33.0325],[111.2698,32.9874],[111.2389,32.8843],[111.2898,32.8931],[111.2843,32.8566],[111.3817,32.8168],[111.4089,32.7563],[111.4683,32.7608],[111.4261,32.7282],[111.4663,32.7184],[111.5559,32.5967],[111.560735,32.599359],[111.6159,32.6297],[111.6392,32.6033],[111.7096,32.6086],[111.8642,32.5093],[111.8725,32.510196],[111.9466,32.5182],[112.0062,32.4524],[112.0578,32.4761],[112.0775,32.4213],[112.1493,32.3792],[112.1631,32.4118],[112.3181,32.3286],[112.3627,32.3708],[112.438,32.3462],[112.5407,32.4125],[112.7445,32.3461],[112.8593,32.3961],[112.9845,32.3707],[113.025,32.4278],[113.1136,32.3772],[113.108553,32.371224],[113.1502,32.3819],[113.152,32.4136],[113.2065,32.4342],[113.324,32.3461],[113.3118,32.324],[113.4217,32.2713],[113.5289,32.3324],[113.5579,32.3027],[113.5471,32.3325],[113.6193,32.3663],[113.6452,32.4149],[113.709033,32.419067],[113.736005,32.389593],[113.756214,32.3338],[113.7323,32.2564],[113.736626,32.249862],[113.7773,32.1884],[113.744848,32.132887],[113.7194,32.1275],[113.7189,32.0885],[113.7862,32.0364],[113.7503,31.9959],[113.8084,31.9675],[113.8341,31.8548],[113.8683,31.8426],[113.921738,31.875771],[113.935129,31.868581],[113.950747,31.831069],[113.9482,31.7924],[113.984,31.7512],[114.0828,31.7811],[114.10882,31.805151],[114.109706,31.80597],[114.1634,31.8556],[114.2974,31.7563],[114.4461,31.7307],[114.5129,31.7699],[114.5324,31.742],[114.5795,31.7665],[114.568493,31.679483],[114.545,31.6464],[114.556542,31.585005],[114.559752,31.567931],[114.5616,31.5581],[114.63385,31.581537],[114.8309,31.4595],[114.9695,31.502],[114.9934,31.4727],[115.0172,31.5285],[115.0904,31.5101],[115.1214,31.6007],[115.167,31.6047],[115.2253,31.549],[115.2152,31.4266],[115.256,31.3882],[115.3693,31.4066]],[[113.7486,32.2871],[113.7525,32.278405],[113.756,32.2706],[113.7636,32.28],[113.7595,32.2876],[113.757563,32.287511],[113.7486,32.2871]]]}},{"type":"Feature","properties":{"boundary_group":"china","parent_geo_key":"china","country_key":"china","left_geo_key":"china|chongqing","right_geo_key":"china|hubei"},"geometry":{"type":"LineString","coordinates":[[109.5796,31.7285],[109.73,31.6967],[109.7523,31.6027],[109.734193,31.557724],[109.8445,31.5539],[109.920121,31.518166],[109.971186,31.514866],[109.9784,31.5144],[109.970241,31.504617],[109.949517,31.479772],[109.9869,31.4754],[110.0511,31.4109],[110.118294,31.396382],[110.1358,31.3926],[110.150198,31.336505],[110.167456,31.304115],[110.1587,31.3054],[110.1955,31.16],[110.1152,31.0827],[110.1322,30.9872],[110.168,30.9818],[110.0784,30.805],[110.0132,30.8337],[110.0033,30.8869],[109.8887,30.9024],[109.6559,30.7645],[109.5714,30.6518],[109.5387,30.6417],[109.5309,30.6699],[109.4572,30.6211],[109.3463,30.4896],[109.3577,30.5547],[109.308,30.5995],[109.3197,30.6223],[109.1459,30.5299],[109.0761,30.6025],[109.1101,30.6439],[109.0376,30.6579],[108.9596,30.6285],[108.809801,30.498572],[108.8043,30.4938],[108.800361,30.498614],[108.7364,30.4989],[108.6864,30.5901],[108.6563,30.591],[108.6451,30.541],[108.576,30.4828],[108.4226,30.4946],[108.419,30.3977],[108.400998,30.394919],[108.400113,30.390833],[108.5794,30.2581],[108.5153,30.0717],[108.5387,29.995],[108.5147,29.8768],[108.4277,29.8823],[108.3625,29.8227],[108.4176,29.8209],[108.4328,29.7431],[108.5018,29.7162],[108.5927,29.8637],[108.6566,29.856],[108.7061,29.682],[108.7566,29.6412],[108.7724,29.6976],[108.7772,29.6377],[108.8416,29.6616],[108.8814,29.6384],[108.8633,29.6065],[108.9103,29.5741],[108.8604,29.4741],[108.9386,29.4148],[108.9156,29.3292],[108.9823,29.3387],[109.065,29.4009],[109.1101,29.3552],[109.0995,29.2939],[109.1355,29.2736],[109.1171,29.1954],[109.223599,29.116621]]}},{"type":"Feature","properties":{"boundary_group":"china","parent_geo_key":"china","country_key":"china","left_geo_key":"china|hubei","right_geo_key":"china|hunan"},"geometry":{"type":"MultiLineString","coordinates":[[[109.223599,29.116621],[109.2738,29.1243],[109.2598,29.2268],[109.3531,29.2951],[109.333,29.3674],[109.3728,29.3782],[109.37093,29.421713],[109.4131,29.4562],[109.4277,29.5331],[109.4605,29.5188],[109.509,29.6261],[109.7086,29.6132],[109.708776,29.631285],[109.7092,29.6749],[109.7587,29.6943],[109.7477,29.7424],[109.787916,29.762689],[110.1244,29.7925],[110.369,29.6364],[110.4434,29.6704],[110.4625,29.7157],[110.5185,29.695],[110.6273,29.7599],[110.6189,29.8218],[110.5453,29.8489],[110.5015,29.9215],[110.537768,29.990763],[110.5436,30.0019],[110.519102,30.010483],[110.495873,30.035024],[110.505292,30.044487],[110.644,30.08],[110.7343,30.0431],[110.7397,30.113],[110.794518,30.121293],[110.895765,30.116349],[110.912134,30.112714],[110.9293,30.0648],[111.1675,30.0441],[111.201289,30.045385],[111.2403,30.0426],[111.251,30.037],[111.393753,29.918263],[111.5112,29.9309],[111.5458,29.8981],[111.6767,29.8872],[111.770075,29.913177],[111.7813,29.9163],[111.827536,29.890459],[111.952964,29.820359],[112.0513,29.7654],[112.052425,29.754385],[112.0595,29.6851],[112.1937,29.632],[112.2358,29.6546],[112.2289,29.6173],[112.2896,29.5978],[112.28961,29.591635],[112.289673,29.552086],[112.289736,29.513052],[112.3135,29.542],[112.3642,29.5444],[112.434,29.6361],[112.673,29.5933],[112.7114,29.6574],[112.7916,29.7003],[112.7907,29.7342],[112.8865,29.7921],[112.9261,29.7618],[112.9309,29.6775],[113.0256,29.7637],[112.9893,29.6857],[112.9102,29.6229],[112.9386,29.4843],[112.9636,29.4717],[113.0541,29.5247],[113.093753,29.440093],[113.109725,29.444678],[113.148407,29.460373],[113.3431,29.6786],[113.5656,29.8504],[113.576,29.8381],[113.5321,29.701],[113.5512,29.6768],[113.659,29.6865],[113.6668,29.6441],[113.7357,29.5933],[113.636605,29.51877],[113.646443,29.512913],[113.6832,29.5123],[113.7496,29.4515],[113.7266,29.3987],[113.6585,29.3819],[113.607088,29.267762],[113.6871,29.2292],[113.6557,29.1633],[113.6794,29.0853],[113.7168,29.1089],[113.7405,29.0591],[113.8131,29.1076],[113.8903,29.0329],[113.9395,29.0476]],[[112.9287,29.7722],[112.9336,29.7833],[112.9222,29.7969],[112.9097,29.8034],[112.8957,29.8052],[112.8915,29.7972],[112.9287,29.7722]],[[113.1091,29.4384],[113.1274,29.4322],[113.1164,29.4235],[113.1085,29.4301],[113.1091,29.4384]]]}},{"type":"Feature","properties":{"boundary_group":"china","parent_geo_key":"china","country_key":"china","left_geo_key":"china|hubei","right_geo_key":"china|shaanxi"},"geometry":{"type":"LineString","coordinates":[[110.9882,33.254],[110.9187,33.2103],[110.8318,33.207],[110.8166,33.1553],[110.734,33.1421],[110.7053,33.096],[110.6507,33.1515],[110.5892,33.1569],[110.5818,33.2368],[110.561431,33.244251],[110.5274,33.2567],[110.4672,33.175],[110.2259,33.1601],[110.1577,33.2127],[109.9776,33.2009],[109.8648,33.2503],[109.7075,33.2347],[109.62,33.2729],[109.6059,33.2331],[109.5265,33.2389],[109.513677,33.227711],[109.458986,33.179989],[109.4488,33.1711],[109.449629,33.169233],[109.434487,33.151829],[109.4374,33.1525],[109.459713,33.146508],[109.463,33.1391],[109.501123,33.135387],[109.6817,33.1178],[109.7966,33.0685],[109.7608,32.9107],[109.7842,32.8849],[109.8648,32.9149],[110.078648,32.839791],[110.111097,32.822984],[110.129776,32.799575],[110.1584,32.7637],[110.149,32.6804],[110.2012,32.6377],[110.1482,32.5915],[110.0866,32.6214],[110.0895,32.5871],[110.0294,32.545],[109.9222,32.5925],[109.6212,32.5993],[109.6347,32.5403],[109.5801,32.5157],[109.4976,32.3939],[109.5127,32.3354],[109.4876,32.2955],[109.6036,32.2047],[109.5878,32.1351],[109.6181,32.1002],[109.5814,32.0305],[109.6248,31.946],[109.5787,31.8961],[109.6344,31.8077],[109.597,31.7989],[109.5796,31.7285]]}},{"type":"Feature","properties":{"boundary_group":"china","parent_geo_key":"china","country_key":"china","left_geo_key":"china|chongqing","right_geo_key":"china|hunan"},"geometry":{"type":"LineString","coordinates":[[109.223599,29.116621],[109.3165,29.0479],[109.2305,28.8829],[109.2355,28.7816],[109.282919,28.729702],[109.2895,28.7225],[109.2497,28.6972],[109.2666,28.673],[109.1764,28.6215],[109.2832,28.6307],[109.288704,28.623737],[109.3164,28.5887],[109.2692,28.5414],[109.2698,28.4979]]}},{"type":"Feature","properties":{"boundary_group":"china","parent_geo_key":"china","country_key":"china","left_geo_key":"china|guizhou","right_geo_key":"china|hunan"},"geometry":{"type":"MultiLineString","coordinates":[[[109.2698,28.4979],[109.2616,28.4848],[109.263115,28.444647],[109.2681,28.3125],[109.3014,28.2768],[109.3305,28.2968],[109.3928,28.2712],[109.35062,28.221759],[109.322043,28.141844],[109.301741,28.068598],[109.303143,28.053914],[109.317784,28.050538],[109.3401,28.065],[109.3739,28.0376],[109.296,27.9591],[109.3441,27.8453],[109.331,27.7777],[109.401488,27.73024],[109.425326,27.71419],[109.453081,27.692367],[109.466094,27.656042],[109.4583,27.57],[109.2923,27.4801],[109.2895,27.4244],[109.2062,27.4601],[109.1596,27.4191],[109.1365,27.4511],[109.1039,27.4222],[109.1388,27.4242],[109.1001,27.3403],[109.0446,27.3299],[109.0394,27.281],[108.9021,27.2128],[108.9233,27.1673],[108.8838,27.126],[108.8817,27.1127],[108.7897,27.0908],[108.8696,27.0328],[108.867864,27.017665],[108.878666,27.007558],[108.949,27.0228],[108.9364,27.0505],[109.0218,27.1079],[109.1066,27.1266],[109.109125,27.12547],[109.118495,27.121277],[109.1285,27.1168],[109.0961,27.0743],[109.1587,27.0683],[109.2379,27.1525],[109.2596,27.1301],[109.3743,27.1588],[109.4683,27.1365],[109.454,27.0856],[109.5154,27.0624],[109.5231,26.9812],[109.5554,26.9578],[109.4341,26.8913],[109.4337,26.8643],[109.4791,26.9016],[109.5095,26.8839],[109.4922,26.8161],[109.5182,26.7526],[109.4608,26.7708],[109.4147,26.7273],[109.2838,26.697],[109.3739,26.6325],[109.4069,26.5438],[109.2683,26.336],[109.3366,26.2667],[109.4637,26.3164],[109.4319,26.2477],[109.5097,26.1324],[109.501,26.1012],[109.4463,26.104],[109.46555,26.045239],[109.471623,26.026704]],[[109.5754,26.7728],[109.5333,26.7452],[109.5426,26.7212],[109.5933,26.7631],[109.5754,26.7728]]]}},{"type":"Feature","properties":{"boundary_group":"china","parent_geo_key":"china","country_key":"china","left_geo_key":"china|guangxi","right_geo_key":"china|hunan"},"geometry":{"type":"LineString","coordinates":[[109.471623,26.026704],[109.4787,26.0339],[109.5327,25.9981],[109.59763,26.037099],[109.636067,26.045204],[109.646932,26.0313],[109.6559,26.019823],[109.6592,26.0156],[109.674645,26.013132],[109.715698,25.998477],[109.6745,25.9257],[109.681102,25.905711],[109.685592,25.892117],[109.689,25.8818],[109.742324,25.883016],[109.8118,25.8846],[109.7861,26.0178],[109.8117,26.0483],[109.84372,26.040438],[109.87339,26.052095],[109.9083,26.1558],[109.944492,26.186831],[109.9637,26.2033],[110.0933,26.1717],[110.0644,26.0448],[110.1538,26.0208],[110.1852,26.0705],[110.2325,26.0384],[110.2453,25.974],[110.3025,25.9703],[110.3727,26.101],[110.4761,26.1858],[110.4935,26.1699],[110.5474,26.2345],[110.5432,26.2795],[110.6096,26.3367],[110.7079,26.2988],[110.7434,26.3196],[110.7589,26.2507],[110.9009,26.2795],[110.9243,26.259],[110.9404,26.377],[111.007318,26.371944],[110.9964,26.3472],[111.1001,26.3062],[111.2004,26.3092],[111.2075,26.2724],[111.2853,26.2572],[111.2596,26.0647],[111.1912,25.9737],[111.231259,25.896913],[111.2878,25.8591],[111.3358,25.911],[111.4881,25.8712],[111.4197,25.8318],[111.4347,25.7729],[111.3037,25.7241],[111.3377,25.6094],[111.2957,25.452],[111.0966,25.2832],[111.1074,25.2192],[110.9942,25.1663],[110.9459,25.0456],[110.9866,24.9285],[111.0805,24.9455],[111.081442,24.944252],[111.09239,24.948226],[111.0959,24.9495],[111.1027,25.0412],[111.1932,25.0726],[111.2619,25.149],[111.332,25.1028],[111.392338,25.126],[111.400343,25.12106],[111.4132,25.0431],[111.4676,25.018],[111.4286,24.9704],[111.4615,24.9355],[111.4502,24.8521],[111.4815,24.8038],[111.4252,24.69],[111.5239,24.6398],[111.5663,24.6476],[111.5895,24.7009],[111.6337,24.6897],[111.7015,24.7925],[111.7791,24.7987],[111.8728,24.7581],[111.9556,24.7764],[112.0173,24.743]]}},{"type":"Feature","properties":{"boundary_group":"china","parent_geo_key":"china","country_key":"china","left_geo_key":"china|guangdong","right_geo_key":"china|hunan"},"geometry":{"type":"LineString","coordinates":[[112.0173,24.743],[112.0898,24.8259],[112.133853,24.839822],[112.1553,24.8466],[112.157523,24.859488],[112.1696,24.9295],[112.1148,24.97],[112.188017,25.185345],[112.2952,25.1597],[112.3568,25.1957],[112.398,25.1422],[112.4428,25.1864],[112.4983,25.1391],[112.6561,25.1357],[112.7068,25.086],[112.788,24.8937],[112.995301,24.949486],[113.0065,24.9525],[112.9737,25.0366],[113.0106,25.0846],[112.9602,25.1455],[113.0289,25.2],[112.9876,25.2502],[112.8679,25.2501],[112.8466,25.3351],[112.8911,25.3391],[112.9173,25.2992],[112.992926,25.353162],[113.0161,25.3478],[113.0873,25.4205],[113.1274,25.4179],[113.1123,25.45],[113.1442,25.4947],[113.174,25.4716],[113.2364,25.5188],[113.2912,25.5115],[113.307,25.4466],[113.4389,25.3626],[113.5382,25.3705],[113.5729,25.3189],[113.581,25.321215],[113.7377,25.366],[113.7574,25.3323],[113.8167,25.3334],[113.862,25.3729],[113.862724,25.375341],[113.882,25.4403],[113.9394,25.4446],[113.942117,25.451473]]}},{"type":"Feature","properties":{"boundary_group":"china","parent_geo_key":"china","country_key":"china","left_geo_key":"china|guangdong","right_geo_key":"china|guangxi"},"geometry":{"type":"LineString","coordinates":[[112.0173,24.743],[112.0048,24.7326],[111.9549,24.7232],[111.9228,24.6343],[112.0009,24.5389],[111.9809,24.4673],[112.054893,24.371216],[112.054679,24.364829],[112.033277,24.318359],[112.002956,24.284187],[111.965972,24.258243],[111.937796,24.238478],[111.8744,24.2324],[111.8763,24.1022],[111.9363,23.9852],[111.8172,23.914],[111.8038,23.8123],[111.6499,23.8364],[111.6123,23.7363],[111.6602,23.7027],[111.6107,23.6418],[111.4818,23.6292],[111.460385,23.526751],[111.435247,23.487295],[111.412709,23.469843],[111.3944,23.4718],[111.389008,23.45149],[111.371164,23.384278],[111.3567,23.3298],[111.357514,23.329368],[111.370103,23.322684],[111.3439,23.2746],[111.3937,23.1618],[111.3663,23.149],[111.3685,23.0925],[111.4288,23.0391],[111.3583,22.9705],[111.3543,22.8926],[111.2143,22.7511],[111.059057,22.730585],[111.065535,22.722091],[111.105125,22.700758],[111.0505,22.6507],[110.9369,22.6111],[110.903105,22.619375],[110.8924,22.6171],[110.8834,22.5878],[110.825359,22.589919],[110.7656,22.5921],[110.763054,22.580348],[110.7391,22.4698],[110.6782,22.477],[110.715525,22.363432],[110.7842,22.2958],[110.7165,22.2983],[110.6494,22.2427],[110.6713,22.1923],[110.66893,22.190228],[110.6251,22.1519],[110.549081,22.193931],[110.535156,22.182925],[110.5068,22.1483],[110.498506,22.153957],[110.4137,22.2118],[110.380801,22.178045],[110.3714,22.1684],[110.3439,22.1987],[110.352198,22.134781],[110.357748,22.092035],[110.373746,21.968803],[110.3836,21.8929],[110.088511,21.885351],[110.0005,21.8831],[109.993191,21.878896],[109.97008,21.865604],[109.942181,21.829335],[109.9116,21.6718],[109.897645,21.666618],[109.822978,21.638892],[109.8028,21.6314],[109.800453,21.634601],[109.7704,21.6756],[109.761018,21.658837],[109.739,21.6195],[109.757133,21.589696]]}},{"type":"Feature","properties":{"boundary_group":"china","parent_geo_key":"china","country_key":"china","left_geo_key":"china|guangxi","right_geo_key":"china|guizhou"},"geometry":{"type":"LineString","coordinates":[[109.471623,26.026704],[109.4749,26.0167],[109.419,25.9732],[109.4232,25.916],[109.3379,25.8407],[109.3367,25.7348],[109.2026,25.7416],[109.186356,25.778014],[109.1412,25.7452],[109.1122,25.8122],[109.0749,25.7795],[109.0077,25.7953],[108.891,25.7156],[108.9005,25.6831],[108.9421,25.6794],[109.0003,25.7379],[109.0736,25.7205],[109.0269,25.6377],[109.0711,25.5392],[109.0191,25.5152],[108.9458,25.5597],[108.8509,25.5584],[108.807,25.5285],[108.7771,25.5577],[108.7827,25.6243],[108.70561,25.624763],[108.6544,25.5779],[108.6835,25.5211],[108.6312,25.5227],[108.6293,25.4683],[108.6086,25.48],[108.584,25.4254],[108.6145,25.4015],[108.61303,25.327018],[108.4836,25.4598],[108.4251,25.4378],[108.3456,25.5378],[108.284,25.5325],[108.282501,25.5354],[108.284583,25.5077],[108.2393,25.4654],[108.2465,25.4321],[108.1908,25.4597],[108.1547,25.4437],[108.1881,25.4045],[108.1378,25.3914],[108.1534,25.3291],[108.1125,25.2145],[107.7641,25.1195],[107.7876,25.1481],[107.7589,25.2349],[107.6836,25.2005],[107.6624,25.322],[107.5886,25.2517],[107.4675,25.2171],[107.4827,25.2891],[107.4262,25.2874],[107.4007,25.3451],[107.4185,25.3887],[107.3059,25.4121],[107.3175,25.5014],[107.2288,25.5543],[107.2366,25.5956],[107.2031,25.6133],[107.1721,25.5773],[107.0615,25.5604],[107.0669,25.5156],[106.9618,25.4427],[107.0078,25.3578],[106.9927,25.2432],[106.9169,25.2513],[106.889,25.1876],[106.6452,25.1703],[106.57914,25.099655],[106.557163,25.086228],[106.5554,25.0877],[106.521047,25.072712],[106.3035,24.9778],[106.1491,24.9636],[106.1941,24.8178],[106.0195,24.6356],[105.9387,24.7282],[105.7977,24.7053],[105.6031,24.8075],[105.4963,24.8108],[105.4245,24.9337],[105.2615,24.9345],[105.208,24.9986],[105.0378,24.8775],[105.0313,24.7912],[104.9013,24.7582],[104.7406,24.6238],[104.582237,24.706327],[104.5555,24.7314],[104.534841,24.731026],[104.522908,24.73081]]}},{"type":"Feature","properties":{"boundary_group":"china","parent_geo_key":"china","country_key":"china","left_geo_key":"china|guangxi","right_geo_key":"china|yunnan"},"geometry":{"type":"LineString","coordinates":[[104.522908,24.73081],[104.5168,24.7307],[104.4777,24.6559],[104.555501,24.471757],[104.5772,24.4204],[104.612352,24.409015],[104.6068,24.3792],[104.6971,24.3202],[104.7236,24.3481],[104.7003,24.4224],[104.7642,24.4617],[104.9235,24.4106],[105.0502,24.4439],[105.1055,24.4164],[105.1081,24.369],[105.1965,24.3316],[105.1748,24.2556],[105.2418,24.2076],[105.2268,24.1677],[105.1744,24.1601],[105.2561,24.0637],[105.3125,24.1204],[105.4154,24.0308],[105.4916,24.0208],[105.5246,24.1294],[105.5933,24.1411],[105.6232,24.1316],[105.6438,24.0339],[105.7573,24.0746],[105.7978,24.0564],[105.7952,24.0263],[105.8469,24.0589],[105.8864,24.0428],[105.888878,24.049073],[105.9184,24.1238],[105.9963,24.1282],[106.08861,24.008797],[106.0832,23.9922],[106.1963,23.8695],[106.1695,23.8651],[106.195,23.8312],[106.1331,23.8003],[106.1601,23.7243],[106.129861,23.586233],[106.125368,23.565718],[105.9956,23.449],[105.9898,23.4937],[105.8377,23.5291],[105.8091,23.4686],[105.6471,23.4001],[105.6977,23.3326],[105.647,23.3487],[105.5831,23.3104],[105.533257,23.23502],[105.5263,23.2245],[105.541561,23.200608]]}},{"type":"Feature","properties":{"boundary_group":"china","parent_geo_key":"china","country_key":"china","left_geo_key":"china|chongqing","right_geo_key":"china|sichuan"},"geometry":{"type":"LineString","coordinates":[[108.5046,32.2042],[108.4019,32.198],[108.3648,32.1776],[108.438902,32.077851],[108.3447,32.0733],[108.3613,32.0384],[108.3229,32.02],[108.3659,31.9905],[108.3039,31.9997],[108.2567,31.9686],[108.3432,31.8616],[108.5311,31.7588],[108.5021,31.7371],[108.5321,31.6715],[108.4327,31.6341],[108.3342,31.5114],[108.1866,31.4927],[108.2188,31.4493],[108.2032,31.4004],[108.1496,31.3755],[108.1761,31.3266],[108.0161,31.2469],[108.0319,31.2206],[108.0721,31.234],[108.0879,31.1929],[108.005,31.1109],[108.0492,31.043],[107.9768,30.9842],[107.9369,30.9891],[107.931,30.9333],[107.9904,30.9115],[107.9484,30.873],[107.8452,30.7949],[107.7589,30.8197],[107.7117,30.8922],[107.6313,30.8153],[107.6066,30.8448],[107.4799,30.8402],[107.4883,30.8098],[107.42,30.7426],[107.5097,30.6436],[107.3551,30.4625],[107.302573,30.369597],[107.295877,30.357754],[107.2159,30.2163],[107.0776,30.1015],[107.073968,30.072193],[107.045609,30.0434],[107.037006,30.039688],[106.9814,30.0869],[106.9099,30.0278],[106.838,30.0519],[106.756731,30.02478],[106.745464,30.026854],[106.71074,30.077866],[106.6065,30.231],[106.6398,30.2519],[106.62872,30.267377],[106.624324,30.273517],[106.6083,30.2959],[106.585465,30.2981],[106.526869,30.303744],[106.437,30.3124],[106.4093,30.2459],[106.3055,30.2398],[106.2382,30.1815],[106.176,30.2343],[106.154183,30.312271],[106.153,30.3165],[106.090999,30.339169],[105.986865,30.377243],[105.8877,30.4135],[105.842078,30.402247],[105.8127,30.4397],[105.713,30.3276],[105.7314,30.2739],[105.6825,30.2558],[105.6223,30.279],[105.63302,30.225988],[105.63769,30.202894],[105.579712,30.178545],[105.57079,30.17701],[105.536454,30.171105],[105.5341,30.1707],[105.535825,30.168207],[105.544037,30.156333],[105.5507,30.1467],[105.5934,30.1614],[105.576901,30.13172],[105.575,30.1283],[105.586746,30.119004],[105.6853,30.041],[105.7451,30.0365],[105.6976,29.9309],[105.7292,29.8699],[105.652117,29.846491],[105.6135,29.8488],[105.603855,29.831835],[105.5301,29.7021],[105.486571,29.715214],[105.475,29.7187],[105.473632,29.681576],[105.4309,29.679],[105.418496,29.700628],[105.4203,29.6902],[105.4096,29.6866],[105.404364,29.678236],[105.3855,29.6783],[105.3701,29.6235],[105.3174,29.6123],[105.2899,29.5484],[105.3208,29.4507],[105.3856,29.4557],[105.3712,29.429],[105.4242,29.4214],[105.4161,29.3175]]}},{"type":"Feature","properties":{"boundary_group":"china","parent_geo_key":"china","country_key":"china","left_geo_key":"china|chongqing","right_geo_key":"china|guizhou"},"geometry":{"type":"LineString","coordinates":[[105.4161,29.3175],[105.4556,29.3308],[105.4554,29.293],[105.5145,29.2664],[105.632,29.2833],[105.6639,29.2561],[105.7125,29.293],[105.6873,29.2726],[105.7051,29.1808],[105.746764,29.062952],[105.7381,29.0429],[105.778184,28.974081],[105.794554,28.945977],[105.7992,28.938],[105.8723,28.9387],[105.9067,28.9023],[105.9808,28.9842],[106.0439,28.9535],[106.0443,28.9093],[106.1695,28.9243],[106.2247,28.8927],[106.3446,28.587],[106.3359,28.536],[106.3684,28.5291],[106.3921,28.5736],[106.4751,28.5333],[106.5014,28.5475],[106.4707,28.6025],[106.5204,28.5763],[106.4898,28.6046],[106.524,28.6796],[106.4507,28.7813],[106.4734,28.8279],[106.6471,28.6545],[106.616,28.6498],[106.632,28.6144],[106.6017,28.5963],[106.6116,28.5534],[106.5562,28.5187],[106.5644,28.488],[106.6286,28.5076],[106.7045,28.4539],[106.7417,28.472],[106.7246,28.5469],[106.7755,28.566],[106.753,28.6132],[106.7818,28.6285],[106.8079,28.5915],[106.8633,28.6295],[106.8823,28.698],[106.855,28.6943],[106.8283,28.7738],[106.9223,28.8129],[106.9466,28.7701],[106.9895,28.7748],[106.9796,28.8544],[107.013,28.889],[107.0642,28.8989],[107.0682,28.8695],[107.1855,28.8931],[107.239,28.7655],[107.2497,28.7961],[107.323,28.8122],[107.3286,28.8472],[107.3903,28.8614],[107.4351,28.9565],[107.370412,29.004995],[107.391,29.0431],[107.373093,29.096226],[107.4071,29.0972],[107.4232,29.1309],[107.403222,29.186159],[107.409543,29.189866],[107.458872,29.181783],[107.4669,29.1743],[107.476313,29.178925],[107.5648,29.2224],[107.5841,29.1522],[107.6199,29.1742],[107.6924,29.1458],[107.7485,29.2017],[107.8064,29.1407],[107.7803,29.0498],[107.8188,29.0361],[107.8047,28.986],[107.8617,28.964],[107.9258,29.039],[108.018,29.0407],[108.0647,29.0892],[108.1278,29.0564],[108.1931,29.0741],[108.23,29.0305],[108.2643,29.0927],[108.292583,29.085072],[108.31248,29.029989],[108.3484,28.8192],[108.3847,28.7937],[108.329,28.6794],[108.4724,28.6305],[108.5645,28.6664],[108.625492,28.638544],[108.6075,28.5465],[108.5694,28.5293],[108.607,28.4405],[108.5751,28.3477],[108.6641,28.3387],[108.6535,28.3711],[108.6933,28.4077],[108.645052,28.465868],[108.66962,28.481067],[108.71274,28.49389],[108.7771,28.4305],[108.7664,28.318],[108.7215,28.2838],[108.7529,28.2006],[108.756109,28.202985],[108.8176,28.2487],[108.8412,28.2029],[108.9178,28.2213],[108.9809,28.1668],[109.033,28.2216],[109.075,28.1879],[109.0974,28.2126],[109.079,28.2616],[109.1452,28.3466],[109.1436,28.4132],[109.186,28.473],[109.260961,28.495274],[109.2698,28.4979]]}},{"type":"Feature","properties":{"boundary_group":"china","parent_geo_key":"china","country_key":"china","left_geo_key":"china|chongqing","right_geo_key":"china|shaanxi"},"geometry":{"type":"LineString","coordinates":[[109.5796,31.7285],[109.28456,31.720749],[109.2493,31.7685],[109.2704,31.8021],[109.1885,31.8217],[109.1615,31.8782],[109.0348,31.963],[108.876307,32.001289],[108.7278,32.1096],[108.6698,32.1048],[108.5046,32.2042]]}},{"type":"Feature","properties":{"boundary_group":"china","parent_geo_key":"china","country_key":"china","left_geo_key":"china|gansu","right_geo_key":"china|sichuan"},"geometry":{"type":"LineString","coordinates":[[105.521,32.9226],[105.447854,32.929164],[105.427067,32.93103],[105.414468,32.916022],[105.395041,32.856669],[105.4463,32.7347],[105.2875,32.6568],[105.2143,32.665],[105.1999,32.6301],[105.144296,32.609424],[105.131352,32.604611],[105.109,32.5963],[105.0276,32.6526],[104.8826,32.605],[104.8265,32.6651],[104.7361,32.6382],[104.697629,32.675166],[104.6411,32.663],[104.633844,32.669874],[104.575048,32.725575],[104.4544,32.751],[104.3645,32.823],[104.296817,32.83755],[104.291,32.8388],[104.288414,32.87202],[104.2748,32.8934],[104.257425,32.894678],[104.28395,32.929378],[104.292927,32.941122],[104.368,32.9474],[104.415896,33.019376],[104.4225,33.0293],[104.3307,33.0454],[104.3799,33.1086],[104.3,33.3048],[104.4098,33.3211],[104.4338,33.3244],[104.423454,33.32868],[104.400778,33.338061],[104.3724,33.3498],[104.2935,33.3325],[104.2497,33.4095],[104.231172,33.407021],[104.202668,33.441102],[104.176683,33.495101],[104.16894,33.580981],[104.1754,33.5962],[104.166775,33.604993],[104.144693,33.627506],[104.1087,33.6642],[104.078916,33.667224],[103.8664,33.6888],[103.7639,33.6575],[103.631,33.7257],[103.624184,33.721948],[103.5389,33.675],[103.5182,33.8118],[103.4775,33.8125],[103.4309,33.7454],[103.3307,33.7438],[103.2691,33.8115],[103.1583,33.807],[103.1837,33.9041],[103.1259,33.9303],[103.1571,34.0058],[103.1165,34.0364],[103.1763,34.0817],[103.1208,34.1124],[103.1136,34.1768],[102.9706,34.1984],[102.9569,34.2964],[102.898529,34.31002],[102.8789,34.3146],[102.86647,34.293364],[102.828181,34.273471],[102.7959,34.2748],[102.782231,34.249599],[102.5963,34.153],[102.6538,34.1191],[102.6498,34.0787],[102.6021,34.1027],[102.4379,34.0882],[102.3871,33.9745],[102.312,33.9684],[102.3145,33.9954],[102.1318,33.9653],[102.2625,33.8464],[102.2367,33.7921],[102.32,33.7573],[102.2845,33.7181],[102.34,33.7231],[102.314,33.669],[102.3381,33.6129],[102.4764,33.5439],[102.4442,33.5307],[102.4596,33.48],[102.3936,33.4071],[102.2559,33.412],[102.2324,33.3882],[102.1863,33.3293],[102.2068,33.2268],[102.113,33.298],[102.0834,33.1994],[101.9788,33.2034],[101.964901,33.191398],[101.8667,33.1066],[101.841799,33.115909],[101.835458,33.166745],[101.8408,33.1857],[101.831749,33.196475],[101.7694,33.2707],[101.8757,33.3167],[101.8866,33.3876],[101.944,33.4425],[101.900867,33.538948],[101.9017,33.5557],[101.888263,33.567131],[101.8461,33.603],[101.83,33.5568],[101.7685,33.5482],[101.767603,33.521124]]}},{"type":"Feature","properties":{"boundary_group":"china","parent_geo_key":"china","country_key":"china","left_geo_key":"china|qinghai","right_geo_key":"china|sichuan"},"geometry":{"type":"LineString","coordinates":[[101.767603,33.521124],[101.7652,33.4486],[101.6993,33.4393],[101.6599,33.3855],[101.6477,33.325],[101.739,33.2696],[101.6318,33.1038],[101.483,33.2287],[101.3982,33.2261],[101.3811,33.1548],[101.2948,33.2642],[101.1825,33.2723],[101.126909,33.211142],[101.1146,33.1976],[101.143692,33.164755],[101.1673,33.0995],[101.1408,33.0835],[101.152743,33.072726],[101.1796,33.0485],[101.1841,32.988],[101.1272,32.991],[101.1196,32.9131],[101.219508,32.841555],[101.220121,32.775468],[101.198759,32.707187],[101.1099,32.6396],[101.081522,32.675498],[101.0748,32.684],[101.066123,32.679212],[100.926,32.6019],[100.888,32.6353],[100.6836,32.6769],[100.7191,32.6243],[100.6638,32.6251],[100.6638,32.526],[100.5422,32.575],[100.4341,32.7215],[100.3782,32.6997],[100.3951,32.756],[100.3324,32.7208],[100.2634,32.7449],[100.2112,32.6084],[100.1112,32.6445],[100.0862,32.6717],[100.1358,32.7329],[100.1098,32.8627],[100.0261,32.9017],[100.039,32.9319],[99.953,32.9539],[99.9059,33.0451],[99.8779,33.0458],[99.8551,32.9494],[99.7653,32.9426],[99.7911,32.8861],[99.7262,32.728],[99.6948,32.7714],[99.6023,32.7836],[99.5484,32.8474],[99.378,32.9034],[99.2654,32.8909],[99.1955,33.0356],[98.908744,33.136204],[98.847578,33.171166],[98.8031,33.2723],[98.7574,33.2825],[98.773224,33.356159],[98.7774,33.3756],[98.736,33.4093],[98.726465,33.490813],[98.7247,33.5059],[98.6533,33.5434],[98.6648,33.589],[98.628013,33.624504],[98.636759,33.644386],[98.6423,33.6457],[98.640364,33.652581],[98.636205,33.667362],[98.6349,33.672],[98.5827,33.7338],[98.4929,33.771],[98.4611,33.8506],[98.4073,33.8698],[98.4403,33.9876],[98.3911,34.0582],[98.402,34.0879],[98.211,34.0807],[98.0439,34.1174],[97.9025,34.211],[97.8104,34.2093],[97.698039,34.139027],[97.6658,34.1291],[97.66889,34.120797],[97.668405,34.120493],[97.670114,34.11751],[97.7023,34.0613],[97.694284,34.052563],[97.6545,34.0092],[97.6419,33.9258],[97.39641,33.887379],[97.3998,33.8521],[97.376981,33.83413],[97.387924,33.810473],[97.419817,33.741523],[97.4282,33.7234],[97.427072,33.71323],[97.4153,33.6071],[97.526,33.5758],[97.5105,33.5227],[97.5558,33.4654],[97.7538,33.4116],[97.6797,33.3481],[97.6228,33.3416],[97.5754,33.223],[97.4867,33.1702],[97.4847,33.1121],[97.5433,33.0382],[97.4999,33.0227],[97.5218,32.9901],[97.367592,32.945386],[97.3475,32.8974],[97.3879,32.8644],[97.3811,32.7951],[97.4227,32.7077],[97.7304,32.5298],[97.729099,32.52982]]}},{"type":"Feature","properties":{"boundary_group":"china","parent_geo_key":"china","country_key":"china","left_geo_key":"china|sichuan","right_geo_key":"china|xizang"},"geometry":{"type":"LineString","coordinates":[[97.729099,32.52982],[98.0231,32.4549],[98.197639,32.352596],[98.219,32.2364],[98.4353,32.0028],[98.4329,31.9259],[98.3984,31.8984],[98.4139,31.8351],[98.5478,31.7166],[98.5546,31.6577],[98.6187,31.594],[98.8863,31.3785],[98.772,31.2518],[98.6931,31.3344],[98.6312,31.3335],[98.6009,31.1939],[98.6699,31.1586],[98.7359,31.0519],[98.7968,31.0137],[98.7797,30.8961],[98.9574,30.7673],[98.9597,30.7265],[98.9056,30.6858],[98.9731,30.4018],[98.9809,30.187],[99.0441,30.0818],[99.066,29.9349],[99.0125,29.8148],[98.9919,29.66],[99.0501,29.5683],[99.0657,29.3035],[99.1131,29.2243]]}},{"type":"Feature","properties":{"boundary_group":"china","parent_geo_key":"china","country_key":"china","left_geo_key":"china|sichuan","right_geo_key":"china|yunnan"},"geometry":{"type":"LineString","coordinates":[[99.1131,29.2243],[99.1111,29.2139],[99.1302,28.9482],[99.1075,28.8031],[99.1796,28.588],[99.174582,28.43621],[99.173963,28.417496],[99.1736,28.4065],[99.220661,28.355136],[99.3912,28.169],[99.4167,28.2727],[99.3919,28.3225],[99.4366,28.4113],[99.4025,28.4375],[99.4029,28.5507],[99.4616,28.5523],[99.4945,28.6173],[99.541,28.6294],[99.5307,28.684],[99.6168,28.7457],[99.6248,28.8165],[99.7123,28.8404],[99.7321,28.7229],[99.9495,28.5795],[99.995,28.4716],[100.0735,28.429],[100.0563,28.3726],[100.1719,28.3262],[100.1471,28.2938],[100.1865,28.2561],[100.1509,28.2099],[100.0288,28.1861],[100.0195,28.1492],[100.078153,28.075619],[100.0599,28.0868],[100.1864,27.9565],[100.1688,27.9003],[100.3079,27.8617],[100.2854,27.8124],[100.300977,27.759812],[100.29941,27.736752],[100.308923,27.732986],[100.3104,27.728],[100.315549,27.730363],[100.3749,27.7576],[100.4314,27.8682],[100.5527,27.8176],[100.6325,27.9183],[100.6785,27.9264],[100.7194,27.8616],[100.7076,27.8016],[100.7549,27.7726],[100.7893,27.6865],[100.8472,27.6752],[100.8258,27.6177],[100.8543,27.6272],[100.9127,27.5184],[100.8998,27.4578],[100.9356,27.4728],[101.0189,27.3468],[101.055019,27.212605],[101.0579,27.2019],[101.068674,27.2019],[101.1625,27.2019],[101.1665,27.1686],[101.1339,27.0264],[101.2643,26.9571],[101.2686,26.9055],[101.3631,26.8879],[101.3973,26.8469],[101.3551,26.7742],[101.3869,26.7265],[101.4532,26.734],[101.4494,26.7861],[101.5115,26.7743],[101.4515,26.6994],[101.4789,26.6762],[101.4619,26.613],[101.399717,26.597247],[101.398129,26.588438],[101.416595,26.551482],[101.48673,26.502038],[101.4874,26.5021],[101.490832,26.499146],[101.640846,26.370032],[101.6611,26.3526],[101.651116,26.338676],[101.6591,26.3143],[101.595725,26.290771],[101.596189,26.271994],[101.6284,26.2279],[101.7343,26.2235],[101.8074,26.1654],[101.7969,26.1152],[101.833566,26.089843],[101.833416,26.086455],[101.8322,26.059],[101.844494,26.066827],[101.9167,26.1128],[102.100647,26.071869],[102.1059,26.0707],[102.143832,26.109599],[102.244558,26.212892],[102.250693,26.219183],[102.55,26.366],[102.6303,26.3354],[102.6007,26.2567],[102.608134,26.251865],[102.617166,26.245991],[102.6742,26.2089],[102.691334,26.222383],[102.729132,26.252125],[102.774683,26.287967],[102.8783,26.3695],[102.893,26.3421],[102.988,26.3547],[102.988,26.4838],[103.0302,26.4898],[103.050622,26.528726],[103.0609,26.5361],[103.047352,26.547741],[103.030937,26.572855],[103.020053,26.622638],[103.0262,26.6661],[102.9792,26.8095],[102.888799,26.945946],[102.8697,27.0302],[102.912,27.1438],[102.8812,27.3006],[102.9534,27.4154],[102.9851,27.371],[103.1426,27.4292],[103.2175,27.5673],[103.2934,27.5729],[103.2826,27.6387],[103.4872,27.8004],[103.5002,27.914],[103.5619,27.9807],[103.5144,27.9689],[103.4839,28.0368],[103.4281,28.0493],[103.4522,28.127],[103.6286,28.2622],[103.7099,28.2006],[103.866866,28.309992],[103.8752,28.3158],[103.8569,28.366746],[103.828785,28.445017],[103.8104,28.4962],[103.792833,28.505628],[103.7798,28.5276],[103.784516,28.533079],[103.80935,28.561936],[103.8463,28.6691],[103.9422,28.6048],[104.0593,28.6309],[104.0985,28.6081],[104.2475,28.6671],[104.3122,28.6187],[104.3725,28.6527],[104.398848,28.640709],[104.407012,28.636994],[104.4215,28.6304],[104.410634,28.619058],[104.378121,28.585121],[104.353,28.5589],[104.2444,28.5268],[104.2891,28.3188],[104.3689,28.3395],[104.4037,28.2742],[104.4629,28.2495],[104.3975,28.2016],[104.4483,28.1785],[104.4489,28.1207],[104.3744,28.0559],[104.2973,28.0468],[104.5677,27.8453],[104.7394,27.9048],[104.878933,27.916181],[104.897666,27.937643],[104.9731,28.0654],[105.0428,28.1018],[105.1771,28.0704]]}},{"type":"Feature","properties":{"boundary_group":"china","parent_geo_key":"china","country_key":"china","left_geo_key":"china|guizhou","right_geo_key":"china|sichuan"},"geometry":{"type":"LineString","coordinates":[[105.1771,28.0704],[105.2572,28.1325],[105.3488,28.1467],[105.347331,28.164461],[105.343152,28.215012],[105.335,28.3136],[105.3006,28.3736],[105.323,28.4192],[105.29,28.4524],[105.1871,28.4485],[105.2337,28.5292],[105.201,28.5456],[105.1628,28.6544],[105.2111,28.6826],[105.2094,28.753],[105.2367,28.7729],[105.199373,28.890334],[105.197,28.8978],[105.174365,28.914719],[105.148504,28.939936],[105.1429,28.9454],[105.2649,28.9406],[105.2372,28.9628],[105.2651,29.0181],[105.1847,29.0269],[105.1852,29.0597],[105.254027,29.173169],[105.263,29.1921],[105.307,29.2605],[105.4161,29.3175]]}},{"type":"Feature","properties":{"boundary_group":"china","parent_geo_key":"china","country_key":"china","left_geo_key":"china|shaanxi","right_geo_key":"china|sichuan"},"geometry":{"type":"LineString","coordinates":[[108.5046,32.2042],[108.4656,32.2726],[108.3058,32.2345],[108.2373,32.2763],[108.176,32.2225],[108.157251,32.237092],[108.1384,32.2203],[108.0276,32.2228],[107.996187,32.162283],[107.9895,32.1494],[107.981105,32.15334],[107.94814,32.168812],[107.8297,32.2244],[107.7461,32.3392],[107.7112,32.3299],[107.707146,32.334911],[107.7016,32.3343],[107.6421,32.4153],[107.5271,32.3861],[107.452,32.4198],[107.4298,32.5409],[107.3719,32.5486],[107.2943,32.4904],[107.262645,32.410653],[107.2606,32.4055],[107.253839,32.411244],[107.2381,32.4123],[107.144929,32.481645],[107.1225,32.4805],[107.0676,32.5392],[107.088335,32.632109],[107.070497,32.684744],[107.048987,32.711785],[106.8672,32.7273],[106.7847,32.7],[106.7774,32.739],[106.7276,32.7409],[106.6588,32.6913],[106.636159,32.687647],[106.636011,32.687624],[106.61632,32.684447],[106.434478,32.63752],[106.4179,32.6191],[106.402865,32.629362],[106.3338,32.6765],[106.1087,32.7226],[106.0612,32.7841],[106.0966,32.7949],[106.089,32.8257],[106.0226,32.8589],[106.0083,32.8326],[105.9609,32.8515],[105.8279,32.8277],[105.7954,32.7577],[105.7444,32.7694],[105.593,32.7023],[105.4883,32.8849],[105.496561,32.894424],[105.521,32.9226]]}},{"type":"Feature","properties":{"boundary_group":"china","parent_geo_key":"china","country_key":"china","left_geo_key":"china|guizhou","right_geo_key":"china|yunnan"},"geometry":{"type":"LineString","coordinates":[[105.1771,28.0704],[105.1833,28.0582],[105.182634,28.048993],[105.1791,28.0001],[105.2649,28.0018],[105.277,27.9728],[105.2772,27.9311],[105.229,27.8971],[105.2398,27.8254],[105.3121,27.8221],[105.2697,27.7989],[105.300691,27.719797],[105.305,27.7088],[105.304899,27.706839],[105.2983,27.7002],[105.3001,27.6141],[105.2407,27.5788],[105.2578,27.5174],[105.1886,27.3759],[105.1612,27.4137],[105.068,27.4229],[104.8686,27.2945],[104.8215,27.3554],[104.784,27.3227],[104.7495,27.3492],[104.6067,27.3107],[104.5399,27.3287],[104.495,27.4144],[104.3625,27.4707],[104.358264,27.465933],[104.2451,27.3386],[104.2518,27.2981],[104.1711,27.2667],[104.1277,27.3302],[104.0179,27.3804],[104.0132,27.4327],[103.9308,27.448],[103.862,27.2928],[103.8016,27.2708],[103.6935,27.1303],[103.6256,27.1207],[103.651395,27.074162],[103.6001,27.0629],[103.6125,27.0081],[103.621713,27.012748],[103.636429,27.020172],[103.6726,27.0548],[103.683195,27.043764],[103.7759,26.9472],[103.7777,26.879],[103.7009,26.8172],[103.7357,26.7318],[103.7662,26.7387],[103.765487,26.602148],[103.790835,26.567418],[103.838424,26.533585],[104.0486,26.5091],[104.1249,26.6471],[104.3463,26.6231],[104.4196,26.7147],[104.4654,26.6479],[104.4617,26.5985],[104.5538,26.5943],[104.5677,26.5436],[104.6279,26.4939],[104.6815,26.3726],[104.5397,26.256],[104.5176,26.0917],[104.4551,26.088],[104.46,25.989],[104.4121,25.9171],[104.428,25.822],[104.3621,25.7333],[104.3264,25.7661],[104.3143,25.6342],[104.3656,25.5868],[104.4179,25.5879],[104.434,25.476],[104.5546,25.5276],[104.549459,25.405903],[104.6436,25.3594],[104.6606,25.285],[104.7053,25.2998],[104.8163,25.265],[104.8201,25.1756],[104.7228,25.1978],[104.6698,25.0707],[104.7117,25.0015],[104.5379,24.8171],[104.5398,24.7588],[104.528198,24.739575],[104.522908,24.73081]]}},{"type":"Feature","properties":{"boundary_group":"china","parent_geo_key":"china","country_key":"china","left_geo_key":"china|xizang","right_geo_key":"china|yunnan"},"geometry":{"type":"LineString","coordinates":[[99.1131,29.2243],[98.9745,29.2077],[98.9617,29.1779],[99.0147,29.043],[98.9239,28.9778],[98.9129,28.9109],[98.9654,28.8773],[98.97,28.8317],[98.8389,28.8056],[98.8154,28.9504],[98.767,29.0092],[98.7039,28.9666],[98.6302,28.9761],[98.6814,28.7324],[98.5944,28.6837],[98.6348,28.5371],[98.6188,28.5029],[98.6748,28.4778],[98.6844,28.4393],[98.6951,28.433],[98.7518,28.344],[98.7138,28.309],[98.711,28.2325],[98.692738,28.21937],[98.692221,28.217167],[98.6231,28.1693],[98.5581,28.1871],[98.3953,28.1088],[98.3776,28.2497],[98.2893,28.3969],[98.205,28.3584],[98.259837,28.250128],[98.2637,28.2425],[98.1663,28.2111],[98.1688,28.1644],[98.1355,28.1444]]}},{"type":"Feature","properties":{"boundary_group":"china","parent_geo_key":"china","country_key":"china","left_geo_key":"china|qinghai","right_geo_key":"china|xizang"},"geometry":{"type":"LineString","coordinates":[[97.729099,32.52982],[97.5011,32.5333],[97.4472,32.5892],[97.3405,32.5589],[97.3349,32.5165],[97.3818,32.4999],[97.3399,32.4458],[97.3914,32.4231],[97.4173,32.3085],[97.3687,32.2753],[97.2932,32.2931],[97.2638,32.1864],[97.3073,32.0808],[97.2568,32.0748],[97.2179,32.1092],[97.2007,32.093],[97.2347,32.0486],[97.1861,32.0574],[97.166,32.0268],[96.9751,32.0692],[96.9347,32.0505],[96.9558,31.9966],[96.8945,32.0176],[96.8662,31.9676],[96.8223,32.0117],[96.7237,32.0263],[96.8108,31.8999],[96.7617,31.8689],[96.7645,31.823],[96.8406,31.7298],[96.7733,31.6757],[96.6755,31.7305],[96.6593,31.7078],[96.6151,31.7394],[96.5675,31.7144],[96.474,31.7709],[96.4122,31.8357],[96.3858,31.9256],[96.1874,31.9058],[96.2138,31.8758],[96.176,31.7777],[96.2314,31.7508],[96.245941,31.686928],[96.2505,31.6669],[96.2058,31.6007],[96.1621,31.6021],[96.1616,31.604958],[96.1468,31.6896],[96.0439,31.734],[95.9714,31.8203],[95.8984,31.819],[95.8238,31.6832],[95.7406,31.7639],[95.6169,31.7862],[95.5656,31.742],[95.5136,31.7504],[95.4529,31.8046],[95.4087,31.9176],[95.3599,31.9395],[95.3949,32.0039],[95.4532,32.0098],[95.4182,32.0468],[95.4527,32.0673],[95.4394,32.1598],[95.368,32.1825],[95.3653,32.1531],[95.3117,32.1512],[95.2618,32.2141],[95.2402,32.3226],[95.1053,32.2614],[95.078,32.2822],[95.096,32.3248],[95.2581,32.3514],[95.2224,32.3913],[95.0738,32.3783],[94.987,32.4251],[94.923,32.4116],[94.8909,32.4743],[94.817658,32.48959],[94.8042,32.4924],[94.793689,32.506767],[94.757713,32.555944],[94.7582,32.5575],[94.754251,32.560676],[94.6101,32.6766],[94.5935,32.631],[94.5309,32.5998],[94.4723,32.6119],[94.4609,32.5731],[94.3939,32.5961],[94.3673,32.5231],[94.1954,32.5164],[94.1795,32.4571],[94.1384,32.434],[94.0671,32.4704],[94.0111,32.4479],[93.9602,32.4864],[93.8667,32.4753],[93.823,32.549],[93.7172,32.5803],[93.6457,32.571],[93.5145,32.478],[93.4617,32.5577],[93.3813,32.5264],[93.241,32.6652],[93.1767,32.6724],[93.0657,32.6281],[93.0182,32.7389],[92.8727,32.6989],[92.6945,32.7657],[92.641655,32.725813],[92.5769,32.7441],[92.571,32.7346],[92.4574,32.766],[92.395845,32.75873],[92.355,32.7649],[92.316161,32.749318],[92.229298,32.739059],[92.212171,32.749032],[92.1931,32.805],[92.2289,32.8438],[92.1973,32.8697],[92.160423,32.879498],[92.141064,32.884642],[92.1352,32.8862],[91.9564,32.8216],[91.8373,32.9496],[91.6844,32.9915],[91.495,33.1112],[91.4294,33.0711],[91.225,33.1437],[91.1454,33.0742],[91.0699,33.1151],[90.9275,33.1236],[90.9004,33.0882],[90.8807,33.1227],[90.7013,33.1382],[90.4838,33.2688],[90.3619,33.2845],[90.242,33.4284],[90.0889,33.4718],[90.0787,33.5338],[89.9858,33.5876],[90.0061,33.6916],[89.9815,33.7264],[89.9047,33.7413],[89.9382,33.8053],[89.8358,33.8706],[89.7926,33.8665],[89.634,34.0441],[89.6924,34.1312],[89.7547,34.1263],[89.7578,34.1545],[89.814,34.1709],[89.826,34.2995],[89.8706,34.3405],[89.7977,34.3975],[89.8215,34.4556],[89.8132,34.5504],[89.7756,34.577],[89.7963,34.6287],[89.735653,34.659991],[89.726318,34.688094],[89.728209,34.707906],[89.769258,34.740366],[89.8668,34.8175],[89.812936,34.885761],[89.783,34.9237],[89.6203,34.8831],[89.572732,34.914454],[89.567831,34.923406],[89.5899,35.1091],[89.5104,35.1399],[89.4472,35.2267],[89.5265,35.2758],[89.4931,35.2959],[89.5067,35.3734],[89.6829,35.4171],[89.7628,35.4829],[89.6961,35.5391],[89.7093,35.5833],[89.7583,35.5855],[89.723,35.6487],[89.7996,35.8493],[89.5471,35.8575],[89.4209,35.9199],[89.4315,35.9944],[89.416749,36.006442],[89.4149,36.045],[89.473,36.0226],[89.537586,36.030621],[89.557264,36.033064],[89.5954,36.0378],[89.659657,36.073564],[89.6926,36.0919],[89.705299,36.092889]]}},{"type":"Feature","properties":{"boundary_group":"china","parent_geo_key":"china","country_key":"china","left_geo_key":"china|xinjiang","right_geo_key":"china|xizang"},"geometry":{"type":"LineString","coordinates":[[89.705299,36.092889],[89.5131,36.1408],[89.3605,36.2331],[89.2858,36.2359],[89.2437,36.2913],[89.1272,36.2513],[88.9686,36.3152],[88.9269,36.3609],[88.8431,36.3602],[88.7632,36.293],[88.7145,36.3556],[88.6141,36.392],[88.5845,36.461],[88.5038,36.4513],[88.481241,36.472528],[88.433452,36.477863],[88.369197,36.471569],[88.308226,36.465596],[88.216721,36.456633],[87.9673,36.4322],[87.9494,36.4009],[87.5624,36.34],[87.4631,36.3597],[87.4571,36.4109],[87.4221,36.4263],[87.36,36.421],[87.2968,36.3578],[87.1965,36.3532],[87.1421,36.2934],[87.0024,36.3021],[86.8903,36.2622],[86.861,36.3004],[86.7643,36.2981],[86.6125,36.2196],[86.5251,36.2291],[86.4983,36.199],[86.4379,36.227],[86.3631,36.1638],[86.2766,36.1724],[86.1842,36.1314],[86.1967,36.0325],[86.1299,35.9787],[86.0784,35.8623],[86.069574,35.85672],[85.9468,35.7791],[85.6877,35.7511],[85.6125,35.6539],[85.602067,35.651716],[85.587546,35.648677],[85.5609,35.6431],[85.538223,35.660576],[85.3719,35.7007],[85.2813,35.788],[85.060128,35.741802],[84.984,35.7259],[84.97649,35.731015],[84.960428,35.723086],[84.7603,35.6243],[84.4449,35.551],[84.4748,35.518],[84.4511,35.4745],[84.1728,35.3586],[84.0923,35.3636],[84.0623,35.4112],[84.0041,35.4221],[83.9189,35.4115],[83.8551,35.3595],[83.6795,35.364],[83.6156,35.3364],[83.2391,35.4244],[83.1777,35.3895],[83.1154,35.4009],[82.9819,35.5055],[82.965,35.6722],[82.7942,35.6908],[82.7316,35.6381],[82.6075,35.6983],[82.4616,35.7154],[82.4126,35.7096],[82.3934,35.6549],[82.3338,35.6543],[82.3506,35.6134],[82.3105,35.5429],[82.2682,35.5522],[82.1696,35.4868],[82.0312,35.4548],[82.0498,35.3493],[82.0106,35.3113],[81.6801,35.2355],[81.511,35.2361],[81.4406,35.3335],[81.3635,35.3541],[81.2136,35.3246],[81.1916,35.3661],[81.0962,35.3841],[81.0879,35.4098],[81.0304,35.3843],[81.0168,35.3163],[80.966,35.3112],[80.8566,35.3425],[80.6874,35.338],[80.6523,35.3986],[80.5119,35.3922],[80.4296,35.45],[80.3692,35.3877],[80.3027,35.3805],[80.2757,35.3298],[80.2705,35.2931],[80.3553,35.213],[80.2564,35.2045],[80.208,35.1247],[80.0284,35.0399],[80.0348,34.9049],[79.9884,34.8587],[79.9238,34.8525],[79.9415,34.8168],[79.8964,34.7339],[79.9055,34.6858],[79.8654,34.6728],[79.8864,34.6242],[79.845893,34.545469],[79.824439,34.503772],[79.806337,34.490283],[79.766305,34.481061],[79.628,34.4492],[79.5452,34.478],[79.2487,34.4191],[79.1574,34.449],[79.0776,34.4126],[79.0499,34.4289],[79.0087,34.4016],[79.02973,34.338193]]}},{"type":"Feature","properties":{"boundary_group":"china","parent_geo_key":"china","country_key":"china","left_geo_key":"china|ningxia","right_geo_key":"china|shaanxi"},"geometry":{"type":"LineString","coordinates":[[107.6451,37.8642],[107.6617,37.8368],[107.6237,37.7723],[107.546565,37.780169],[107.5345,37.7814],[107.4922,37.7643],[107.466,37.6866],[107.3807,37.6918],[107.4146,37.6495],[107.3096,37.6052],[107.3667,37.5782],[107.3431,37.521],[107.2806,37.4819],[107.2513,37.3336],[107.3035,37.2511],[107.2578,37.2242],[107.3337,37.1587],[107.302,37.1002],[107.2743,37.128],[107.2637,37.099]]}},{"type":"Feature","properties":{"boundary_group":"china","parent_geo_key":"china","country_key":"china","left_geo_key":"china|gansu","right_geo_key":"china|shaanxi"},"geometry":{"type":"LineString","coordinates":[[107.2637,37.099],[107.2942,36.9346],[107.309954,36.929619],[107.4359,36.8898],[107.4814,36.914],[107.5308,36.8282],[107.6353,36.8186],[107.657112,36.830707],[107.6618,36.8308],[107.6888,36.8103],[107.9009,36.7452],[107.9327,36.6588],[108.002,36.6833],[108.0182,36.6482],[107.9965,36.6388],[108.063554,36.602667],[108.1316,36.566],[108.137733,36.570621],[108.2176,36.6308],[108.2028,36.5776],[108.2532,36.5482],[108.3447,36.5558],[108.4015,36.4453],[108.4912,36.4213],[108.5175,36.4628],[108.6283,36.4168],[108.6454,36.2426],[108.700636,36.116469],[108.6467,35.9441],[108.582,35.9502],[108.497,35.8862],[108.500742,35.876874],[108.5226,35.8224],[108.5138,35.6517],[108.6173,35.5409],[108.621318,35.539231],[108.618344,35.534027],[108.6197,35.5325],[108.6001,35.5021],[108.6334,35.3999],[108.5752,35.2918],[108.4422,35.2736],[108.3405,35.302],[108.2512,35.2567],[108.2177,35.3003],[108.1664,35.3064],[108.0399,35.2546],[108.003201,35.25526],[107.95534,35.256121],[107.862,35.2578],[107.7496,35.3041],[107.745516,35.30956],[107.7416,35.3113],[107.7055,35.2575],[107.664801,35.246024],[107.678442,35.212144],[107.7134,35.1781],[107.7184,35.1129],[107.8441,35.0251],[107.84905,35.007797],[107.851997,34.997497],[107.8546,34.9884],[107.829943,34.983458],[107.8154,34.9742],[107.6705,34.9515],[107.6348,34.9193],[107.6282,34.961],[107.613322,34.962957],[107.601564,34.964504],[107.5689,34.9688],[107.4936,34.9077],[107.2848,34.9395],[107.2182,34.8792],[107.0866,34.9725],[107.0809,35.0181],[106.8966,35.0965],[106.690261,35.090834],[106.573849,35.087638],[106.550427,35.086995],[106.5397,35.0867],[106.525938,35.062813],[106.489985,35.000412],[106.4788,34.981],[106.486878,34.962693],[106.529471,34.866168],[106.565293,34.784986],[106.4502,34.709],[106.4583,34.639],[106.4214,34.6552],[106.315584,34.584027],[106.3093,34.5798],[106.3401,34.56],[106.3293,34.5188],[106.478959,34.52472],[106.501041,34.514977],[106.579502,34.47059],[106.6341,34.3989],[106.7142,34.3726],[106.692248,34.306112],[106.683345,34.279148],[106.629193,34.264129],[106.550906,34.276749],[106.51088,34.2832],[106.5053,34.2841],[106.4839,34.252],[106.5371,34.2485],[106.5782,34.1432],[106.5563,34.1112],[106.4968,34.1126],[106.467,33.9706],[106.4065,33.9115],[106.4228,33.8703],[106.4907,33.8572],[106.4544,33.7937],[106.48,33.7119],[106.558725,33.647728],[106.5725,33.6365],[106.568563,33.612744],[106.562994,33.579132],[106.5552,33.5321],[106.541059,33.531218],[106.4654,33.5265],[106.444,33.6181],[106.4176,33.6236],[106.3437,33.5879],[106.2735,33.6067],[106.1827,33.5457],[106.1059,33.5708],[106.1271,33.5994],[106.0824,33.6191],[106.0239,33.5966],[105.9555,33.6159],[105.8405,33.5014],[105.8196,33.3826],[105.6998,33.3926],[105.7543,33.3231],[105.7472,33.2876],[105.9586,33.2123],[105.9665,33.1484],[105.9258,33.2014],[105.8912,33.1473],[105.9243,33.15],[105.926,33.0276],[105.916161,33.01479],[105.8644,32.9474],[105.8199,32.9591],[105.5887,32.8808],[105.521,32.9226]]}},{"type":"Feature","properties":{"boundary_group":"china","parent_geo_key":"china","country_key":"china","left_geo_key":"china|gansu","right_geo_key":"china|xinjiang"},"geometry":{"type":"LineString","coordinates":[[96.3848,42.7254],[96.324121,42.694223],[96.0226,42.5393],[95.9779,42.4352],[96.0651,42.4128],[96.0401,42.3249],[96.1776,42.2163],[96.0761,42.1479],[96.1365,42.0178],[96.042345,41.928947],[95.8571,41.8491],[95.5701,41.7938],[95.3601,41.6683],[95.2963,41.565],[95.1356,41.7714],[94.8611,41.6672],[94.7489,41.5368],[94.533,41.5045],[94.100006,41.181222],[94.0093,41.1135],[93.8061,40.876],[93.8197,40.7928],[93.7593,40.664],[92.9273,40.572],[92.9058,40.3101],[92.7953,40.1532],[92.6388,39.5138],[92.5252,39.3692],[92.3385,39.2374],[92.3557,39.0636],[92.403541,39.025374]]}},{"type":"Feature","properties":{"boundary_group":"china","parent_geo_key":"china","country_key":"china","left_geo_key":"china|gansu","right_geo_key":"china|qinghai"},"geometry":{"type":"LineString","coordinates":[[92.403541,39.025374],[92.415575,39.038224],[92.4237,39.0469],[92.4595,39.0429],[92.4938,39.1018],[92.9373,39.1685],[93.0455,39.1464],[93.114,39.1791],[93.1408,39.1594],[93.1314,39.1064],[93.1966,39.0455],[93.1792,38.9228],[93.2807,38.8937],[93.7303,38.9237],[93.8835,38.8675],[93.883,38.826],[93.7548,38.8073],[93.7988,38.7505],[93.8742,38.7204],[94.3697,38.7616],[94.5505,38.3503],[94.9715,38.4303],[95.1226,38.4134],[95.2674,38.2973],[95.3172,38.3201],[95.4532,38.2914],[95.6879,38.3971],[95.8199,38.3542],[95.8562,38.2838],[95.8988,38.288],[96.0431,38.1801],[96.1915,38.149],[96.2354,38.17],[96.2633,38.145],[96.3126,38.1619],[96.339,38.255],[96.3961,38.2807],[96.6653,38.2221],[96.6261,38.3555],[96.6985,38.4576],[96.6576,38.4886],[96.7891,38.5142],[96.7601,38.5469],[96.812,38.5681],[96.7944,38.6078],[96.9277,38.5548],[97.0554,38.5931],[97.0518,38.6802],[97.0162,38.686],[97.0218,38.7552],[96.9873,38.7918],[96.9891,38.8858],[96.9402,38.9066],[96.9605,39.0749],[97.0124,39.1415],[96.962,39.1976],[97.2112,39.1968],[97.3454,39.1747],[97.4316,39.1255],[97.4446,39.1124],[97.6853,39.0053],[97.6851,38.9696],[98.0117,38.8588],[98.0932,38.7849],[98.2471,38.8814],[98.2367,38.9227],[98.2955,39.0388],[98.3813,39.0324],[98.4425,38.9635],[98.5879,38.9303],[98.7426,39.0856],[98.8119,39.0869],[98.9347,38.9941],[99.0967,38.9562],[99.0635,38.9052],[99.3494,38.7367],[99.4266,38.6242],[99.5091,38.6098],[99.5269,38.547],[99.6764,38.4299],[100.1803,38.2199],[100.1673,38.3205],[99.9993,38.4675],[100.0608,38.5198],[100.2382,38.4419],[100.247,38.3733],[100.2974,38.3881],[100.3221,38.3244],[100.4182,38.3077],[100.4298,38.2723],[100.7112,38.2534],[100.8429,38.1477],[100.9102,38.1781],[100.9369,38.1602],[100.886,38.0538],[100.9012,38.0081],[100.9762,38.0074],[101.101,37.9465],[101.168528,37.863055],[101.171,37.86],[101.3539,37.7897],[101.4361,37.8668],[101.577485,37.832442],[101.6684,37.7566],[101.6574,37.7319],[101.788,37.6959],[101.814,37.6535],[101.9291,37.7216],[101.9968,37.7258],[102.0348,37.6247],[102.1273,37.5427],[102.1012,37.4816],[102.304859,37.372472],[102.4263,37.3074],[102.4878,37.223],[102.6021,37.1712],[102.6405,37.0999],[102.4852,37.0785],[102.499593,37.035847],[102.502326,37.019623],[102.4488,36.9686],[102.5595,36.9192],[102.7171,36.7694],[102.717129,36.769398],[102.7186,36.768],[102.718241,36.767898],[102.718213,36.76789],[102.7182,36.7679],[102.6154,36.7403],[102.614941,36.738493],[102.609729,36.717984],[102.603,36.6915],[102.607623,36.68814],[102.7626,36.5755],[102.7425,36.5393],[102.777894,36.511362],[102.777571,36.510229],[102.7916,36.4986],[102.7648,36.4654],[102.8241,36.4051],[102.8386,36.3389],[102.8951,36.3325],[103.062234,36.21191],[103.0689,36.2071],[102.9851,36.1941],[102.9398,36.1062],[102.88,36.0834],[102.9735,36.0371],[102.9484,35.837],[102.7821,35.8622],[102.695749,35.78084],[102.696653,35.746647],[102.8052,35.5597],[102.7269,35.5239],[102.7811,35.5287],[102.7423,35.4941],[102.5293,35.5815],[102.496,35.5725],[102.436,35.4557],[102.4483,35.4498],[102.4007,35.4096],[102.30492,35.423434],[102.292,35.4253],[102.289265,35.400811],[102.286934,35.379936],[102.2854,35.3662],[102.3167,35.3432],[102.2761,35.3057],[102.3683,35.2614],[102.4047,35.1804],[102.3403,35.1601],[102.2785,35.0584],[102.2169,35.0607],[102.0928,34.9881],[102.0506,34.9337],[102.0578,34.8892],[101.9161,34.8753],[101.9326,34.5894],[101.9728,34.5495],[102.1539,34.5091],[102.2575,34.3571],[102.1865,34.3561],[102.1451,34.273],[102.0655,34.2938],[102.0618,34.2317],[102.0116,34.2213],[102.028,34.1917],[102.0012,34.1627],[101.9639,34.1694],[101.9559,34.1098],[101.8476,34.1548],[101.8386,34.1267],[101.786,34.1331],[101.7101,34.0873],[101.7024,34.1205],[101.6673,34.1139],[101.5803,34.1969],[101.3298,34.2532],[101.2272,34.3005],[101.2264,34.3313],[101.0517,34.327],[100.9496,34.3848],[100.8241,34.3214],[100.7653,34.1761],[100.8704,34.0848],[100.9956,33.8921],[101.1527,33.845],[101.1891,33.7922],[101.1646,33.6623],[101.232,33.6869],[101.385,33.6466],[101.5388,33.6973],[101.601754,33.624016],[101.6162,33.6072],[101.6191,33.56648],[101.638363,33.502589],[101.752652,33.51898],[101.767603,33.521124]]}},{"type":"Feature","properties":{"boundary_group":"china","parent_geo_key":"china","country_key":"china","left_geo_key":"china|gansu","right_geo_key":"china|ningxia"},"geometry":{"type":"MultiLineString","coordinates":[[[107.2637,37.099],[107.244779,37.108186],[107.1776,37.1408],[107.0895,37.1167],[107.0259,37.1402],[106.9921,37.1058],[106.9019,37.1511],[106.8915,37.1],[106.7763,37.1583],[106.7519,37.1011],[106.6134,37.1347],[106.6624,37.0172],[106.6373,37.0118],[106.6389,36.9626],[106.5908,36.969],[106.5793,36.9355],[106.5376,36.9696],[106.6063,36.8803],[106.6358,36.8822],[106.6539,36.8115],[106.6277,36.7353],[106.5103,36.7159],[106.5264,36.6897],[106.4873,36.6861],[106.46734,36.628407],[106.4407,36.6248],[106.442119,36.616336],[106.4516,36.5598],[106.3576,36.571],[106.402121,36.51049],[106.4285,36.5178],[106.5185,36.4778],[106.4881,36.4229],[106.49417,36.414766],[106.5269,36.3709],[106.5031,36.37],[106.5057,36.3009],[106.4657,36.3119],[106.493109,36.276949],[106.4995,36.2688],[106.5366,36.254],[106.5555,36.2923],[106.5903,36.2706],[106.6049,36.2906],[106.7676,36.2127],[106.8342,36.2216],[106.9531,36.0921],[106.924,36.0118],[106.9454,35.9915],[106.915301,35.955308],[106.9414,35.941],[106.8504,35.8911],[106.925,35.8077],[106.8899,35.8132],[106.9092,35.7715],[106.871,35.7794],[106.8585,35.7363],[106.8195,35.7462],[106.8004,35.709],[106.7627,35.7302],[106.7482,35.6886],[106.5926,35.7465],[106.487,35.7355],[106.4298,35.6889],[106.4742,35.5757],[106.4355,35.5247],[106.485,35.4842],[106.4986,35.3547],[106.4695,35.3118],[106.363,35.2706],[106.3594,35.2386],[106.2514,35.335],[106.2361,35.4077],[106.1666,35.4352],[106.0978,35.3802],[106.0642,35.4554],[106.091,35.5104],[106.0174,35.4949],[106.0115,35.5225],[105.8832,35.5478],[105.8313,35.496],[105.8125,35.576],[105.6886,35.6838],[105.7501,35.7323],[105.666,35.7515],[105.5605,35.689],[105.5418,35.7299],[105.473844,35.723671],[105.4779,35.7275],[105.468544,35.74404],[105.4262,35.8189],[105.3813,35.7942],[105.3696,35.847],[105.3956,35.8577],[105.321,35.9065],[105.3296,36],[105.405582,36.08113],[105.4875,36.1013],[105.5107,36.1472],[105.498316,36.164639],[105.50448,36.200742],[105.4832,36.1912],[105.459117,36.23238],[105.4739,36.2916],[105.3966,36.369],[105.4154,36.3776],[105.3946,36.4306],[105.3619,36.4345],[105.3576,36.4976],[105.2454,36.5476],[105.27,36.5776],[105.203018,36.69779],[105.212889,36.710953],[105.301308,36.748846],[105.3269,36.752],[105.327452,36.760051],[105.328724,36.778614],[105.3303,36.8016],[105.286891,36.845611],[105.25821,36.874691],[105.2366,36.8966],[105.203929,36.893299],[105.186115,36.899406],[105.1616,36.9946],[104.957619,37.038345],[104.929104,37.078773],[104.8545,37.2101],[104.828226,37.221792],[104.7736,37.2461],[104.660357,37.20958],[104.61182,37.22537],[104.607028,37.230241],[104.6181,37.2961],[104.681189,37.318578],[104.711,37.3292],[104.699853,37.335628],[104.6647,37.3559],[104.6705,37.4106],[104.4568,37.4194],[104.4331,37.4458],[104.1795,37.4069]],[[105.8922,35.4528],[105.8895,35.4182],[106.0523,35.4806],[105.8922,35.4528]]]}},{"type":"Feature","properties":{"boundary_group":"china","parent_geo_key":"china","country_key":"china","left_geo_key":"china|qinghai","right_geo_key":"china|xinjiang"},"geometry":{"type":"LineString","coordinates":[[92.403541,39.025374],[92.4174,39.0143],[92.387334,39.008067],[92.343114,38.998901],[91.933389,38.913965],[91.4473,38.8132],[91.1113,38.707],[90.8067,38.6563],[90.6212,38.6663],[90.6448,38.6339],[90.6097,38.5962],[90.4559,38.5499],[90.4616,38.5191],[90.4214,38.4909],[90.128391,38.482499],[90.112404,38.439588],[90.112877,38.425295],[90.1772,38.3968],[90.1356,38.3403],[90.279,38.2379],[90.351,38.2332],[90.3597,38.2999],[90.5294,38.3196],[90.5181,37.731],[90.7863,37.6428],[90.8773,37.5818],[90.8617,37.5334],[90.9356,37.4819],[91.0737,37.4755],[91.1317,37.3254],[91.1915,37.2731],[91.188,37.2226],[91.2756,37.1638],[91.3042,37.0124],[91.1857,37.0254],[91.1146,36.9703],[91.0502,36.9667],[91.0368,36.929],[90.8524,36.9151],[90.729244,36.803651],[90.727644,36.781601],[90.7556,36.7215],[90.7092,36.6834],[90.7396,36.5856],[91.0329,36.5317],[91.0258,36.4433],[91.0513,36.4301],[91.0254,36.3233],[91.0741,36.2871],[91.0457,36.2543],[91.0968,36.2172],[91.100223,36.162026],[91.1045,36.0931],[90.9738,36.1054],[90.9259,36.0318],[90.8401,36.0184],[90.7735,36.0879],[90.6565,36.1358],[90.2357,36.1614],[90.127,36.2089],[90.1432,36.2398],[90.025961,36.272484],[90.015036,36.269507],[90.014406,36.261494],[90.0264,36.2533],[90.010157,36.207489],[90.00108,36.18189],[89.9969,36.1701],[89.9356,36.1313],[89.9408,36.0679],[89.7911,36.0715],[89.70727,36.092397],[89.705299,36.092889]]}}]}
