{"type":"FeatureCollection","features":[{"type":"Feature","geometry":{"type":"Point","coordinates":[-98.19854736328125,19.043945074620254]},"properties":{"wikidata":"Q125293","display_name":"普埃布拉","display_name_en":"Puebla","kind_detail":"city","population":1542232,"sort_key":-1281402,"geonames_id":"3521081","match_type":"name+coordinate","match_distance_km":1.007}},{"type":"Feature","geometry":{"type":"Point","coordinates":[-106.07711791992188,28.63636278756978]},"properties":{"wikidata":"Q61302","display_name":"奇瓦瓦市","display_name_en":"Chihuahua City","kind_detail":"city","population":925762,"sort_key":-1281367,"geonames_id":"4014338","match_type":"name+coordinate","match_distance_km":1.155}},{"type":"Feature","geometry":{"type":"Point","coordinates":[-79.02877807617188,-8.112255534618527]},"properties":{"wikidata":"Q214173","display_name":"特鲁希略","display_name_en":"Trujillo","kind_detail":"city","population":919899,"sort_key":-1281336,"geonames_id":"3691175","match_type":"name+coordinate","match_distance_km":0.436}},{"type":"Feature","geometry":{"type":"Point","coordinates":[-97.13836669921875,49.89551905518783]},"properties":{"wikidata":"Q2135","display_name":"温尼伯","display_name_en":"Winnipeg","kind_detail":"city","population":663617,"sort_key":-1281304,"geonames_id":"6183235","match_type":"name+coordinate","match_distance_km":1.384}},{"type":"Feature","geometry":{"type":"Point","coordinates":[-71.97830200195312,-13.516502424147092]},"properties":{"wikidata":"Q5582862","display_name":"庫斯科","display_name_en":"Cuzco","kind_detail":"city","population":428450,"sort_key":-1281275,"geonames_id":"3941584","match_type":"name+coordinate","match_distance_km":2.101}},{"type":"Feature","geometry":{"type":"Point","coordinates":[-70.39764404296875,-23.645782197607858]},"properties":{"wikidata":"Q3612","display_name":"安托法加斯塔","display_name_en":"Antofagasta","kind_detail":"city","population":348517,"sort_key":-1281237,"geonames_id":"3899539","match_type":"name+coordinate","match_distance_km":0.574}},{"type":"Feature","geometry":{"type":"Point","coordinates":[-130.3253173828125,54.31251779404144]},"properties":{"wikidata":"Q1015639","display_name":"鲁珀特王子港","display_name_en":"Prince Rupert","kind_detail":"city","population":12220,"sort_key":-1280819,"geonames_id":"6113406","match_type":"name+coordinate","match_distance_km":0.4}},{"type":"Feature","geometry":{"type":"Point","coordinates":[-94.17343139648438,58.76891220562365]},"properties":{"wikidata":"Q744553","display_name":"丘吉尔","display_name_en":"Churchill","kind_detail":"town","population":899,"sort_key":-1280535,"match_type":"machine-transliterated"}},{"type":"Feature","geometry":{"type":"Point","coordinates":[-86.231689453125,66.52693935958771]},"properties":{"wikidata":"Q1723761","display_name":"瑙哈特","display_name_en":"Naujaat","kind_detail":"town","population":1082,"sort_key":-1280532,"match_type":"machine-transliterated"}},{"type":"Feature","geometry":{"type":"Point","coordinates":[7.513275146484375,6.449046958832767]},"properties":{"wikidata":"Q465022","display_name":"埃努古","display_name_en":"Enugu","kind_detail":"city","population":722664,"sort_key":-1010939,"geonames_id":"2343279","match_type":"name+coordinate","match_distance_km":1.813}},{"type":"Feature","geometry":{"type":"Point","coordinates":[-89.62371826171875,20.966569160271547]},"properties":{"wikidata":"Q165204","display_name":"梅里达","display_name_en":"Mérida","kind_detail":"city","population":921771,"sort_key":-1010938,"geonames_id":"3523349","match_type":"name+coordinate","match_distance_km":0.074}},{"type":"Feature","geometry":{"type":"Point","coordinates":[15.73516845703125,-12.776982283020786]},"properties":{"wikidata":"Q207322","display_name":"万博","display_name_en":"Huambo","kind_detail":"city","population":711432,"sort_key":-1010938,"geonames_id":"3348313","match_type":"name+coordinate","match_distance_km":0.445}},{"type":"Feature","geometry":{"type":"Point","coordinates":[-83.00033569335938,39.96238554917605]},"properties":{"wikidata":"Q16567","display_name":"哥伦布","display_name_en":"Columbus","kind_detail":"city","population":905748,"sort_key":-1010936,"geonames_id":"4509177","match_type":"name+coordinate","match_distance_km":0.188}},{"type":"Feature","geometry":{"type":"Point","coordinates":[39.20745849609375,-6.166496972578159]},"properties":{"wikidata":"Q2222874","display_name":"桑给巴尔市","display_name_en":"Zanzibar City","kind_detail":"city","population":709809,"sort_key":-1010918,"geonames_id":"148730","match_type":"name+coordinate","match_distance_km":1.091}},{"type":"Feature","geometry":{"type":"Point","coordinates":[24.879913330078125,12.05006502300246]},"properties":{"wikidata":"Q851576","display_name":"尼亚拉","display_name_en":"Nyala","kind_detail":"city","population":566000,"sort_key":-1010907,"geonames_id":"369004","match_type":"name+coordinate","match_distance_km":0.157}},{"type":"Feature","geometry":{"type":"Point","coordinates":[-110.97427368164062,32.22325762025166]},"properties":{"wikidata":"Q18575","display_name":"图森","display_name_en":"Tucson","kind_detail":"city","population":550306,"sort_key":-1010906,"geonames_id":"5318313","match_type":"name+coordinate","match_distance_km":4.499}},{"type":"Feature","geometry":{"type":"Point","coordinates":[-90.05218505859375,35.14573998759258]},"properties":{"wikidata":"Q16563","display_name":"孟非斯","display_name_en":"Memphis","kind_detail":"city","population":633104,"sort_key":-1010905,"geonames_id":"4641239","match_type":"name+coordinate","match_distance_km":0.512}},{"type":"Feature","geometry":{"type":"Point","coordinates":[-93.11599731445312,16.753262929328287]},"properties":{"wikidata":"Q207429","display_name":"图斯特拉古铁雷斯","display_name_en":"Tuxtla Gutiérrez","kind_detail":"city","population":578830,"sort_key":-1010896,"geonames_id":"3515001","match_type":"name+coordinate","match_distance_km":0.041}},{"type":"Feature","geometry":{"type":"Point","coordinates":[-95.9381103515625,41.2592268285089]},"properties":{"wikidata":"Q43199","display_name":"奥马哈","display_name_en":"Omaha","kind_detail":"city","population":486051,"sort_key":-1010875,"geonames_id":"5074472","match_type":"name+coordinate","match_distance_km":0.383}},{"type":"Feature","geometry":{"type":"Point","coordinates":[-82.4578857421875,27.949525617553547]},"properties":{"wikidata":"Q49255","display_name":"坦帕","display_name_en":"Tampa","kind_detail":"city","population":413554,"sort_key":-1010875,"geonames_id":"4174757","match_type":"name+coordinate","match_distance_km":0.229}},{"type":"Feature","geometry":{"type":"Point","coordinates":[-119.78530883789062,36.73998463055844]},"properties":{"wikidata":"Q43301","display_name":"弗雷斯诺","display_name_en":"Fresno","kind_detail":"city","population":520052,"sort_key":-1010874,"geonames_id":"5350937","match_type":"name+coordinate","match_distance_km":1.439}},{"type":"Feature","geometry":{"type":"Point","coordinates":[32.647247314453125,25.702175306242097]},"properties":{"wikidata":"Q130514","display_name":"樂蜀","display_name_en":"Luxor","kind_detail":"city","population":451318,"sort_key":-1010874,"geonames_id":"360502","match_type":"name+coordinate","match_distance_km":0.629}},{"type":"Feature","geometry":{"type":"Point","coordinates":[5.23773193359375,13.060750272681418]},"properties":{"wikidata":"Q336350","display_name":"索科托","display_name_en":"Sokoto","kind_detail":"city","population":427760,"sort_key":-1010874,"geonames_id":"2322911","match_type":"name+coordinate","match_distance_km":0.632}},{"type":"Feature","geometry":{"type":"Point","coordinates":[25.46630859375,-10.717285375692313]},"properties":{"wikidata":"Q271404","display_name":"科卢韦齐","display_name_en":"Kolwezi","kind_detail":"city","population":453147,"sort_key":-1010873,"match_type":"machine-transliterated"}},{"type":"Feature","geometry":{"type":"Point","coordinates":[122.57308959960938,10.692996347925089]},"properties":{"wikidata":"Q459787","display_name":"伊洛伊洛","display_name_en":"Iloilo City","kind_detail":"city","population":473728,"sort_key":-1010869,"match_type":"machine-transliterated"}},{"type":"Feature","geometry":{"type":"Point","coordinates":[40.686492919921875,-14.558330144808778]},"properties":{"wikidata":"Q990080","display_name":"纳卡拉","display_name_en":"Nacala","kind_detail":"city","population":389000,"sort_key":-1010842,"match_type":"machine-transliterated"}},{"type":"Feature","geometry":{"type":"Point","coordinates":[17.6824951171875,-14.660654577836098]},"properties":{"wikidata":"Q818731","display_name":"梅農蓋","display_name_en":"Menongue","kind_detail":"city","population":361446,"sort_key":-1010840,"geonames_id":"3347353","match_type":"name+coordinate","match_distance_km":0.945}},{"type":"Feature","geometry":{"type":"Point","coordinates":[-74.53811645507812,-8.382713786521961]},"properties":{"wikidata":"Q217071","display_name":"普卡尔帕","display_name_en":"Pucallpa","kind_detail":"city","population":326040,"sort_key":-1010840,"geonames_id":"3693345","match_type":"name+coordinate","match_distance_km":1.778}},{"type":"Feature","geometry":{"type":"Point","coordinates":[-75.728759765625,-14.064652358057728]},"properties":{"wikidata":"Q840712","display_name":"伊卡","display_name_en":"Ica","kind_detail":"city","population":282407,"sort_key":-1010813,"geonames_id":"3938527","match_type":"name+coordinate","match_distance_km":1.33}},{"type":"Feature","geometry":{"type":"Point","coordinates":[-119.81277465820312,39.52628881655863]},"properties":{"wikidata":"Q49225","display_name":"雷諾","display_name_en":"Reno","kind_detail":"city","population":283621,"sort_key":-1010812,"geonames_id":"5511077","match_type":"name+coordinate","match_distance_km":0.382}},{"type":"Feature","geometry":{"type":"Point","coordinates":[-49.10064697265625,-5.346684813681321]},"properties":{"wikidata":"Q509818","display_name":"马拉巴","display_name_en":"Marabá","kind_detail":"city","population":266533,"sort_key":-1010810,"geonames_id":"3395503","match_type":"name+coordinate","match_distance_km":5.22}},{"type":"Feature","geometry":{"type":"Point","coordinates":[-96.72500610351562,17.060723226870195]},"properties":{"wikidata":"Q131429","display_name":"瓦哈卡市","display_name_en":"Oaxaca City","kind_detail":"city","population":258913,"sort_key":-1010810,"geonames_id":"3522507","match_type":"name+coordinate","match_distance_km":0.07}},{"type":"Feature","geometry":{"type":"Point","coordinates":[18.293609619140625,49.835325262966506]},"properties":{"wikidata":"Q8385","display_name":"奥斯特拉瓦","display_name_en":"Ostrava","kind_detail":"city","population":279791,"sort_key":-1010809,"geonames_id":"3068799","match_type":"name+coordinate","match_distance_km":0.833}},{"type":"Feature","geometry":{"type":"Point","coordinates":[-97.85797119140625,22.215377488459296]},"properties":{"wikidata":"Q273014","display_name":"坦皮科","display_name_en":"Tampico","kind_detail":"city","population":297562,"sort_key":-1010809,"geonames_id":"3516355","match_type":"name+coordinate","match_distance_km":8.026}},{"type":"Feature","geometry":{"type":"Point","coordinates":[-106.6607666015625,52.13180209119312]},"properties":{"wikidata":"Q10566","display_name":"萨斯卡通","display_name_en":"Saskatoon","kind_detail":"city","population":246376,"sort_key":-1010807,"geonames_id":"6141256","match_type":"name+coordinate","match_distance_km":0.56}},{"type":"Feature","geometry":{"type":"Point","coordinates":[-8.8165283203125,7.758619524427473]},"properties":{"wikidata":"Q1002799","display_name":"恩泽雷科雷","display_name_en":"N'Zérékoré","kind_detail":"city","population":280256,"sort_key":-1010806,"match_type":"machine-transliterated"}},{"type":"Feature","geometry":{"type":"Point","coordinates":[-71.619873046875,-33.045507814909996]},"properties":{"wikidata":"Q33986","display_name":"瓦尔帕莱索","display_name_en":"Valparaíso","kind_detail":"city","population":251177,"sort_key":-1010806,"geonames_id":"3868626","match_type":"name+coordinate","match_distance_km":1.395}},{"type":"Feature","geometry":{"type":"Point","coordinates":[37.46612548828125,12.61085646470302]},"properties":{"wikidata":"Q218861","display_name":"貢德爾","display_name_en":"Gonder","kind_detail":"city","population":213434,"sort_key":-1010780,"geonames_id":"336014","match_type":"name+coordinate","match_distance_km":1.209}},{"type":"Feature","geometry":{"type":"Point","coordinates":[-116.20101928710938,43.61619382369187]},"properties":{"wikidata":"Q35775","display_name":"博伊西","display_name_en":"Boise","kind_detail":"city","population":235684,"sort_key":-1010779,"geonames_id":"5586437","match_type":"name+coordinate","match_distance_km":0.358}},{"type":"Feature","geometry":{"type":"Point","coordinates":[-9.306793212890625,10.38381765016068]},"properties":{"wikidata":"Q874317","display_name":"康康","display_name_en":"Kankan","kind_detail":"city","population":190772,"sort_key":-1010778,"match_type":"machine-transliterated"}},{"type":"Feature","geometry":{"type":"Point","coordinates":[-104.61593627929688,50.4478856743724]},"properties":{"wikidata":"Q2123","display_name":"里贾纳","display_name_en":"Regina","kind_detail":"city","population":215106,"sort_key":-1010778,"geonames_id":"6119109","match_type":"name+coordinate","match_distance_km":0.277}},{"type":"Feature","geometry":{"type":"Point","coordinates":[-70.15182495117188,-20.214522393927325]},"properties":{"wikidata":"Q14440","display_name":"伊基克","display_name_en":"Iquique","kind_detail":"city","population":188003,"sort_key":-1010777,"geonames_id":"3887127","match_type":"name+coordinate","match_distance_km":0.215}},{"type":"Feature","geometry":{"type":"Point","coordinates":[-77.61566162109375,43.1571088409533]},"properties":{"wikidata":"Q49218","display_name":"羅徹斯特","display_name_en":"Rochester","kind_detail":"city","population":211328,"sort_key":-1010775,"geonames_id":"5134086","match_type":"name+coordinate","match_distance_km":0.259}},{"type":"Feature","geometry":{"type":"Point","coordinates":[8.98956298828125,13.806075369084937]},"properties":{"wikidata":"Q204365","display_name":"津德尔","display_name_en":"Zinder","kind_detail":"city","population":170574,"sort_key":-1010746,"geonames_id":"2437798","match_type":"name+coordinate","match_distance_km":0.199}},{"type":"Feature","geometry":{"type":"Point","coordinates":[-43.353424072265625,-4.865206019900157]},"properties":{"wikidata":"Q997107","display_name":"卡希亚斯","display_name_en":"Caxias","kind_detail":"city","population":156973,"sort_key":-1010746,"geonames_id":"3402383","match_type":"name+coordinate","match_distance_km":0.763}},{"type":"Feature","geometry":{"type":"Point","coordinates":[-81.09146118164062,32.07908379244607]},"properties":{"wikidata":"Q83813","display_name":"薩凡納","display_name_en":"Savannah","kind_detail":"city","population":147780,"sort_key":-1010744,"geonames_id":"4221552","match_type":"name+coordinate","match_distance_km":0.931}},{"type":"Feature","geometry":{"type":"Point","coordinates":[-72.93960571289062,-41.47154438707646]},"properties":{"wikidata":"Q36214","display_name":"蒙特港","display_name_en":"Puerto Montt","kind_detail":"city","population":169736,"sort_key":-1010740,"geonames_id":"3874960","match_type":"name+coordinate","match_distance_km":0.34}},{"type":"Feature","geometry":{"type":"Point","coordinates":[-3.526611328125,50.72602429659469]},"properties":{"wikidata":"Q134672","display_name":"雅息特","display_name_en":"Exeter","kind_detail":"city","population":130800,"sort_key":-1010714,"geonames_id":"2649808","match_type":"name+coordinate","match_distance_km":0.277}},{"type":"Feature","geometry":{"type":"Point","coordinates":[-61.92718505859375,-10.877813613398871]},"properties":{"wikidata":"Q983815","display_name":"吉巴拉那","display_name_en":"Ji-Paraná","kind_detail":"city","population":124333,"sort_key":-1010711,"match_type":"machine-transliterated"}},{"type":"Feature","geometry":{"type":"Point","coordinates":[-64.29061889648438,-36.6199366256292]},"properties":{"wikidata":"Q44215","display_name":"聖羅莎","display_name_en":"Santa Rosa","kind_detail":"city","population":116083,"sort_key":-1010710,"geonames_id":"3835994","match_type":"name+coordinate","match_distance_km":0.424}},{"type":"Feature","geometry":{"type":"Point","coordinates":[14.429168701171875,27.035887000599544]},"properties":{"wikidata":"Q208389","display_name":"塞卜哈","display_name_en":"Sabha","kind_detail":"city","population":138231,"sort_key":-1010705,"geonames_id":"2212775","match_type":"name+coordinate","match_distance_km":0.214}},{"type":"Feature","geometry":{"type":"Point","coordinates":[7.991180419921875,16.97274101999902]},"properties":{"wikidata":"Q320049","display_name":"阿加德茲","display_name_en":"Agadez","kind_detail":"city","population":124324,"sort_key":-1010700,"geonames_id":"2448085","match_type":"name+coordinate","match_distance_km":0.066}},{"type":"Feature","geometry":{"type":"Point","coordinates":[-96.78955078125,46.8770908987448]},"properties":{"wikidata":"Q34109","display_name":"法戈","display_name_en":"Fargo","kind_detail":"city","population":90056,"sort_key":-1010683,"geonames_id":"5059163","match_type":"name+coordinate","match_distance_km":0.022}},{"type":"Feature","geometry":{"type":"Point","coordinates":[-60.146026611328125,-12.736800512460292]},"properties":{"wikidata":"Q1749958","display_name":"维赫纳","display_name_en":"Vilhena","kind_detail":"city","population":95832,"sort_key":-1010681,"match_type":"machine-transliterated"}},{"type":"Feature","geometry":{"type":"Point","coordinates":[-77.94937133789062,34.23564771187118]},"properties":{"wikidata":"Q659400","display_name":"威尔明顿","display_name_en":"Wilmington","kind_detail":"city","population":95944,"sort_key":-1010678,"geonames_id":"4499379","match_type":"name+coordinate","match_distance_km":0.306}},{"type":"Feature","geometry":{"type":"Point","coordinates":[-72.6690673828125,-7.636137041743368]},"properties":{"wikidata":"Q941136","display_name":"南克魯賽羅","display_name_en":"Cruzeiro do Sul","kind_detail":"city","population":91888,"sort_key":-1010673,"geonames_id":"3664464","match_type":"name+coordinate","match_distance_km":1.334}},{"type":"Feature","geometry":{"type":"Point","coordinates":[5.52886962890625,22.786310789104277]},"properties":{"wikidata":"Q205792","display_name":"塔曼拉塞特","display_name_en":"Tamanrasset","kind_detail":"city","population":92635,"sort_key":-1010671,"geonames_id":"2478216","match_type":"name+coordinate","match_distance_km":0.641}},{"type":"Feature","geometry":{"type":"Point","coordinates":[-69.94308471679688,-4.21357356345095]},"properties":{"wikidata":"Q214913","display_name":"萊蒂西亞","display_name_en":"Leticia","kind_detail":"city","population":66000,"sort_key":-1010649,"geonames_id":"3676623","match_type":"name+coordinate","match_distance_km":0.509}},{"type":"Feature","geometry":{"type":"Point","coordinates":[-104.820556640625,41.14039880964589]},"properties":{"wikidata":"Q39042","display_name":"夏延","display_name_en":"Cheyenne","kind_detail":"city","population":65035,"sort_key":-1010648,"geonames_id":"5821086","match_type":"name+coordinate","match_distance_km":0.053}},{"type":"Feature","geometry":{"type":"Point","coordinates":[-111.65130615234375,35.198500435801705]},"properties":{"wikidata":"Q79842","display_name":"弗拉格斯塔夫","display_name_en":"Flagstaff","kind_detail":"city","population":76831,"sort_key":-1010647,"geonames_id":"5294810","match_type":"name+coordinate","match_distance_km":0.048}},{"type":"Feature","geometry":{"type":"Point","coordinates":[-66.07452392578125,-10.997816151968095]},"properties":{"wikidata":"Q941357","display_name":"里韋拉爾塔","display_name_en":"Riberalta","kind_detail":"city","population":78773,"sort_key":-1010647,"geonames_id":"3906466","match_type":"name+coordinate","match_distance_km":2.767}},{"type":"Feature","geometry":{"type":"Point","coordinates":[20.828704833984375,13.827412236077265]},"properties":{"wikidata":"Q242587","display_name":"阿贝歇","display_name_en":"Abéché","kind_detail":"city","population":78191,"sort_key":-1010645,"geonames_id":"245785","match_type":"name+coordinate","match_distance_km":0.444}},{"type":"Feature","geometry":{"type":"Point","coordinates":[-0.04119873046875,16.2792785419352]},"properties":{"wikidata":"Q188904","display_name":"加奥","display_name_en":"Gao","kind_detail":"city","population":58000,"sort_key":-1010621,"geonames_id":"2457163","match_type":"name+coordinate","match_distance_km":0.926}},{"type":"Feature","geometry":{"type":"Point","coordinates":[30.47332763671875,19.172409985796946]},"properties":{"wikidata":"Q821321","display_name":"棟古拉","display_name_en":"Dongola","kind_detail":"city","population":56167,"sort_key":-1010619,"geonames_id":"363417","match_type":"name+coordinate","match_distance_km":1.091}},{"type":"Feature","geometry":{"type":"Point","coordinates":[-81.6339111328125,38.350272538257656]},"properties":{"wikidata":"Q44564","display_name":"查尔斯顿","display_name_en":"Charleston","kind_detail":"city","population":50846,"sort_key":-1010614,"geonames_id":"4801859","match_type":"name+coordinate","match_distance_km":0.123}},{"type":"Feature","geometry":{"type":"Point","coordinates":[148.60244750976562,-32.24765156466267]},"properties":{"wikidata":"Q706105","display_name":"达博","display_name_en":"Dubbo","kind_detail":"city","population":38783,"sort_key":-1010587,"geonames_id":"2168305","match_type":"name+coordinate","match_distance_km":0.569}},{"type":"Feature","geometry":{"type":"Point","coordinates":[7.4212646484375,43.73141401376901]},"properties":{"wikidata":"Q235","display_name":"芳特维耶","display_name_en":"Monaco","kind_detail":"town","population":39050,"sort_key":-1010586,"geonames_id":"3017814","match_type":"coordinate","match_distance_km":0.582}},{"type":"Feature","geometry":{"type":"Point","coordinates":[-65.10498046875,-43.29919735147067]},"properties":{"wikidata":"Q44208","display_name":"罗森","display_name_en":"Rawson","kind_detail":"town","population":38129,"sort_key":-1010586,"geonames_id":"3839307","match_type":"name+coordinate","match_distance_km":0.135}},{"type":"Feature","geometry":{"type":"Point","coordinates":[117.88330078125,-35.02437356760802]},"properties":{"wikidata":"Q704257","display_name":"奧班尼","display_name_en":"Albany","kind_detail":"city","population":31128,"sort_key":-1010554,"geonames_id":"2077963","match_type":"name+coordinate","match_distance_km":0.285}},{"type":"Feature","geometry":{"type":"Point","coordinates":[-112.03582763671875,46.59284399742742]},"properties":{"wikidata":"Q38733","display_name":"赫勒拿","display_name_en":"Helena","kind_detail":"city","population":34729,"sort_key":-1010554,"geonames_id":"5656882","match_type":"name+coordinate","match_distance_km":0.026}},{"type":"Feature","geometry":{"type":"Point","coordinates":[173.95477294921875,-41.51166241770765]},"properties":{"wikidata":"Q883831","display_name":"布伦亨","display_name_en":"Blenheim","kind_detail":"town","population":28800,"sort_key":-1010552,"geonames_id":"6243926","match_type":"name+coordinate","match_distance_km":0.513}},{"type":"Feature","geometry":{"type":"Point","coordinates":[-13.05450439453125,20.51835803879169]},"properties":{"wikidata":"Q735645","display_name":"阿塔爾","display_name_en":"Atar","kind_detail":"city","population":32262,"sort_key":-1010551,"geonames_id":"2381334","match_type":"name+coordinate","match_distance_km":0.848}},{"type":"Feature","geometry":{"type":"Point","coordinates":[114.6148681640625,-28.770066672590296]},"properties":{"wikidata":"Q605267","display_name":"傑拉爾頓","display_name_en":"Geraldton","kind_detail":"city","population":32717,"sort_key":-1010551,"geonames_id":"2070998","match_type":"name+coordinate","match_distance_km":0.99}},{"type":"Feature","geometry":{"type":"Point","coordinates":[121.47308349609375,-30.746556862773616]},"properties":{"wikidata":"Q329503","display_name":"卡尔古利","display_name_en":"Kalgoorlie","kind_detail":"city","population":29068,"sort_key":-1010550,"geonames_id":"2068823","match_type":"name+coordinate","match_distance_km":0.116}},{"type":"Feature","geometry":{"type":"Point","coordinates":[-120.84686279296875,56.25250593489298]},"properties":{"wikidata":"Q23021","display_name":"聖約翰堡","display_name_en":"Fort St. John","kind_detail":"city","population":21465,"sort_key":-1010515,"geonames_id":"5955960","match_type":"name+coordinate","match_distance_km":0.475}},{"type":"Feature","geometry":{"type":"Point","coordinates":[137.58453369140625,-33.0386006781382]},"properties":{"wikidata":"Q706029","display_name":"怀阿拉","display_name_en":"Whyalla","kind_detail":"city","population":20880,"sort_key":-1010489,"geonames_id":"2058430","match_type":"name+coordinate","match_distance_km":1.951}},{"type":"Feature","geometry":{"type":"Point","coordinates":[146.05499267578125,-34.286722590335934]},"properties":{"wikidata":"Q14217100","display_name":"格里菲斯","display_name_en":"Griffith","kind_detail":"city","population":20799,"sort_key":-1010488,"match_type":"machine-transliterated"}},{"type":"Feature","geometry":{"type":"Point","coordinates":[139.493408203125,-20.729144092428456]},"properties":{"wikidata":"Q606335","display_name":"伊薩山","display_name_en":"Mount Isa","kind_detail":"city","population":17936,"sort_key":-1010487,"geonames_id":"2065594","match_type":"name+coordinate","match_distance_km":0.592}},{"type":"Feature","geometry":{"type":"Point","coordinates":[141.45172119140625,-31.96497880808196]},"properties":{"wikidata":"Q270734","display_name":"布罗肯希尔","display_name_en":"Broken Hill","kind_detail":"city","population":17456,"sort_key":-1010485,"geonames_id":"2173911","match_type":"name+coordinate","match_distance_km":0.055}},{"type":"Feature","geometry":{"type":"Point","coordinates":[18.104095458984375,-19.564966221479978]},"properties":{"wikidata":"Q986336","display_name":"赫魯特方丹","display_name_en":"Grootfontein","kind_detail":"town","population":16632,"sort_key":-1010484,"geonames_id":"3357114","match_type":"name+coordinate","match_distance_km":1.006}},{"type":"Feature","geometry":{"type":"Point","coordinates":[-65.9014892578125,-47.75132805819866]},"properties":{"wikidata":"Q923541","display_name":"德塞阿多港","display_name_en":"Puerto Deseado","kind_detail":"town","population":16812,"sort_key":-1010482,"geonames_id":"3840104","match_type":"name+coordinate","match_distance_km":0.355}},{"type":"Feature","geometry":{"type":"Point","coordinates":[122.22427368164062,-17.956525708106838]},"properties":{"wikidata":"Q606294","display_name":"布鲁姆","display_name_en":"Broome","kind_detail":"city","population":14660,"sort_key":-1010458,"geonames_id":"2075720","match_type":"name+coordinate","match_distance_km":1.586}},{"type":"Feature","geometry":{"type":"Point","coordinates":[118.57955932617188,-20.311145121817447]},"properties":{"wikidata":"Q550465","display_name":"黑德兰港","display_name_en":"Port Hedland","kind_detail":"city","population":15298,"sort_key":-1010452,"match_type":"machine-transliterated"}},{"type":"Feature","geometry":{"type":"Point","coordinates":[-84.3475341796875,46.49744691127361]},"properties":{"wikidata":"Q986634","display_name":"蘇聖瑪麗","display_name_en":"Sault Sainte Marie","kind_detail":"town","population":13337,"sort_key":-1010446,"geonames_id":"5009004","match_type":"name+coordinate","match_distance_km":0.293}},{"type":"Feature","geometry":{"type":"Point","coordinates":[141.60415649414062,-38.3459644936538]},"properties":{"wikidata":"Q1663450","display_name":"波特兰","display_name_en":"Portland","kind_detail":"town","population":10450,"sort_key":-1010424,"match_type":"machine-transliterated"}},{"type":"Feature","geometry":{"type":"Point","coordinates":[25.006256103515625,-31.49426181553271]},"properties":{"wikidata":"Q1002188","display_name":"米德尔堡","display_name_en":"Middelburg","kind_detail":"town","population":10000,"sort_key":-1010422,"match_type":"machine-transliterated"}},{"type":"Feature","geometry":{"type":"Point","coordinates":[-61.69647216796875,56.5413153844508]},"properties":{"wikidata":"Q3335210","display_name":"奈因","display_name_en":"Nain","kind_detail":"town","population":10000,"sort_key":-1010409,"match_type":"machine-transliterated"}},{"type":"Feature","geometry":{"type":"Point","coordinates":[-135.33782958984375,57.05268197871749]},"properties":{"wikidata":"Q79804","display_name":"錫特卡","display_name_en":"Sitka","kind_detail":"town","population":8458,"sort_key":-1010395,"geonames_id":"5557293","match_type":"name+coordinate","match_distance_km":0.423}},{"type":"Feature","geometry":{"type":"Point","coordinates":[23.68377685546875,70.66269748467985]},"properties":{"wikidata":"Q721374","display_name":"亨墨菲斯","display_name_en":"Hammerfest","kind_detail":"town","population":8010,"sort_key":-1010390,"geonames_id":"779683","match_type":"name+coordinate","match_distance_km":0.116}},{"type":"Feature","geometry":{"type":"Point","coordinates":[-161.76132202148438,60.79469366542722]},"properties":{"wikidata":"Q80022","display_name":"伯特利","display_name_en":"Bethel","kind_detail":"town","population":6325,"sort_key":-1010362,"geonames_id":"5880568","match_type":"name+coordinate","match_distance_km":0.406}},{"type":"Feature","geometry":{"type":"Point","coordinates":[-53.666839599609375,66.93705494901118]},"properties":{"wikidata":"Q208098","display_name":"西西缪特","display_name_en":"Sisimiut","kind_detail":"town","population":5571,"sort_key":-1010360,"geonames_id":"3419842","match_type":"name+coordinate","match_distance_km":0.395}},{"type":"Feature","geometry":{"type":"Point","coordinates":[26.492156982421875,5.394538996626991]},"properties":{"wikidata":"Q1025617","display_name":"敖博","display_name_en":"Obo","kind_detail":"city","population":5000,"sort_key":-1010333,"match_type":"machine-transliterated"}},{"type":"Feature","geometry":{"type":"Point","coordinates":[20.6488037109375,8.411243743267434]},"properties":{"wikidata":"Q612713","display_name":"恩代莱","display_name_en":"Ndélé","kind_detail":"city","population":5000,"sort_key":-1010331,"match_type":"machine-transliterated"}},{"type":"Feature","geometry":{"type":"Point","coordinates":[-4.555206298828125,13.904741965684963]},"properties":{"wikidata":"Q213507","display_name":"杰内","display_name_en":"Djenné","kind_detail":"city","population":5000,"sort_key":-1010330,"match_type":"machine-transliterated"}},{"type":"Feature","geometry":{"type":"Point","coordinates":[143.21502685546875,59.36189532631363]},"properties":{"wikidata":"Q648799","display_name":"鄂霍次克","display_name_en":"Okhotsk","kind_detail":"town","population":3332,"sort_key":-1010298,"geonames_id":"2122605","match_type":"name+coordinate","match_distance_km":0.023}},{"type":"Feature","geometry":{"type":"Point","coordinates":[-146.348876953125,61.12997686915966]},"properties":{"wikidata":"Q80037","display_name":"瓦尔迪兹","display_name_en":"Valdez","kind_detail":"town","population":3996,"sort_key":-1010298,"geonames_id":"5877389","match_type":"name+coordinate","match_distance_km":0.099}},{"type":"Feature","geometry":{"type":"Point","coordinates":[-156.78863525390625,71.29066390253024]},"properties":{"wikidata":"Q79809","display_name":"巴羅","display_name_en":"Utqiaġvik","kind_detail":"town","population":4009,"sort_key":-1010295,"geonames_id":"5880054","match_type":"name+coordinate","match_distance_km":0.01}},{"type":"Feature","geometry":{"type":"Point","coordinates":[-56.147003173828125,72.78480532512543]},"properties":{"wikidata":"Q303160","display_name":"乌佩纳维克","display_name_en":"Upernavik","kind_detail":"town","population":1129,"sort_key":-1010167,"geonames_id":"3418910","match_type":"name+coordinate","match_distance_km":0.156}},{"type":"Feature","geometry":{"type":"Point","coordinates":[-85.16876220703125,73.03221277042758]},"properties":{"wikidata":"Q638017","display_name":"北極灣","display_name_en":"Arctic Bay","kind_detail":"town","population":690,"sort_key":-1010094,"geonames_id":"5886735","match_type":"name+coordinate","match_distance_km":0.835}},{"type":"Feature","geometry":{"type":"Point","coordinates":[-87.626953125,55.99530896623298]},"properties":{"wikidata":"Q3078079","display_name":"塞文堡","display_name_en":"Fort Severn","kind_detail":"town","population":550,"sort_key":-1010063,"match_type":"machine-transliterated"}},{"type":"Feature","geometry":{"type":"Point","coordinates":[142.65472412109375,-25.420950798326686]},"properties":{"wikidata":"Q935006","display_name":"温多拉","display_name_en":"Windorah","kind_detail":"town","population":100,"sort_key":-1009880,"match_type":"machine-transliterated"}},{"type":"Feature","geometry":{"type":"Point","coordinates":[-101.68258666992188,21.121654597094675]},"properties":{"wikidata":"Q189128","display_name":"莱昂","display_name_en":"León","kind_detail":"city","population":1579803,"sort_key":-740636,"match_type":"machine-transliterated"}},{"type":"Feature","geometry":{"type":"Point","coordinates":[40.236053466796875,37.91603433975962]},"properties":{"wikidata":"Q83387","display_name":"迪亚巴克尔","display_name_en":"Diyarbakır","kind_detail":"city","population":1804880,"sort_key":-740630,"geonames_id":"316541","match_type":"name+coordinate","match_distance_km":1.675}},{"type":"Feature","geometry":{"type":"Point","coordinates":[43.394622802734375,38.50089258896463]},"properties":{"wikidata":"Q83061","display_name":"凡城","display_name_en":"Van","kind_detail":"city","population":1141015,"sort_key":-740573,"geonames_id":"298117","match_type":"name+coordinate","match_distance_km":1.215}},{"type":"Feature","geometry":{"type":"Point","coordinates":[32.90130615234375,-2.5191769511516213]},"properties":{"wikidata":"Q110218","display_name":"姆万扎","display_name_en":"Mwanza","kind_detail":"city","population":1104521,"sort_key":-740570,"geonames_id":"152224","match_type":"name+coordinate","match_distance_km":0.314}},{"type":"Feature","geometry":{"type":"Point","coordinates":[6.801910400390625,6.1460164013591765]},"properties":{"wikidata":"Q852238","display_name":"奧尼查","display_name_en":"Onitsha","kind_detail":"city","population":1080000,"sort_key":-740569,"geonames_id":"2326016","match_type":"name+coordinate","match_distance_km":1.841}},{"type":"Feature","geometry":{"type":"Point","coordinates":[29.0972900390625,37.78265474565738]},"properties":{"wikidata":"Q170967","display_name":"代尼茲利","display_name_en":"Denizli","kind_detail":"city","population":1051056,"sort_key":-740569,"geonames_id":"317109","match_type":"name+coordinate","match_distance_km":1.277}},{"type":"Feature","geometry":{"type":"Point","coordinates":[-71.5374755859375,-16.39920083734711]},"properties":{"wikidata":"Q159273","display_name":"阿雷基帕","display_name_en":"Arequipa","kind_detail":"city","population":1008290,"sort_key":-740568,"geonames_id":"3947322","match_type":"name+coordinate","match_distance_km":0.023}},{"type":"Feature","geometry":{"type":"Point","coordinates":[8.897552490234375,9.917449394044453]},"properties":{"wikidata":"Q321079","display_name":"乔斯","display_name_en":"Jos","kind_detail":"city","population":900000,"sort_key":-740541,"geonames_id":"2335953","match_type":"name+coordinate","match_distance_km":1.364}},{"type":"Feature","geometry":{"type":"Point","coordinates":[-5.02899169921875,7.689217127736185]},"properties":{"wikidata":"Q271000","display_name":"布瓦凯","display_name_en":"Bouaké","kind_detail":"city","population":832371,"sort_key":-740538,"geonames_id":"2290956","match_type":"name+coordinate","match_distance_km":0.535}},{"type":"Feature","geometry":{"type":"Point","coordinates":[-115.45257568359375,32.62434010409916]},"properties":{"wikidata":"Q199440","display_name":"墨西卡利","display_name_en":"Mexicali","kind_detail":"city","population":854186,"sort_key":-740536,"geonames_id":"3996069","match_type":"name+coordinate","match_distance_km":0.424}},{"type":"Feature","geometry":{"type":"Point","coordinates":[-100.99319458007812,25.42343142633422]},"properties":{"wikidata":"Q53077","display_name":"萨尔蒂约","display_name_en":"Saltillo","kind_detail":"city","population":864431,"sort_key":-740536,"geonames_id":"3988086","match_type":"name+coordinate","match_distance_km":1.391}},{"type":"Feature","geometry":{"type":"Point","coordinates":[-47.45819091796875,-23.499773774020966]},"properties":{"wikidata":"Q188901","display_name":"索羅卡巴","display_name_en":"Sorocaba","kind_detail":"city","population":723682,"sort_key":-740536,"geonames_id":"3447399","match_type":"name+coordinate","match_distance_km":0.211}},{"type":"Feature","geometry":{"type":"Point","coordinates":[79.59732055664062,17.982651756454118]},"properties":{"wikidata":"Q25563103","display_name":"瓦朗加尔","display_name_en":"Warangal","kind_detail":"city","population":811844,"sort_key":-740536,"geonames_id":"1252948","match_type":"name+coordinate","match_distance_km":2.431}},{"type":"Feature","geometry":{"type":"Point","coordinates":[-110.96878051757812,29.09457707751183]},"properties":{"wikidata":"Q189138","display_name":"埃莫西约","display_name_en":"Hermosillo","kind_detail":"city","population":855563,"sort_key":-740534,"geonames_id":"4004898","match_type":"name+coordinate","match_distance_km":0.678}},{"type":"Feature","geometry":{"type":"Point","coordinates":[-102.29644775390625,21.880615450905708]},"properties":{"wikidata":"Q200805","display_name":"阿瓜斯卡连特斯","display_name_en":"Aguascalientes City","kind_detail":"city","population":863893,"sort_key":-740530,"geonames_id":"4019233","match_type":"name+coordinate","match_distance_km":1.273}},{"type":"Feature","geometry":{"type":"Point","coordinates":[-88.02520751953125,15.505295799756198]},"properties":{"wikidata":"Q274584","display_name":"圣佩德罗苏拉","display_name_en":"San Pedro Sula","kind_detail":"city","population":719064,"sort_key":-740530,"geonames_id":"3601782","match_type":"name+coordinate","match_distance_km":0.095}},{"type":"Feature","geometry":{"type":"Point","coordinates":[-100.97671508789062,22.151795575397756]},"properties":{"wikidata":"Q204271","display_name":"圣路易斯波托西市","display_name_en":"San Luis Potosí City","kind_detail":"city","population":845941,"sort_key":-740529,"geonames_id":"3985606","match_type":"name+coordinate","match_distance_km":0.556}},{"type":"Feature","geometry":{"type":"Point","coordinates":[-5.5316162109375,33.89891688437142]},"properties":{"wikidata":"Q178663","display_name":"梅克内斯","display_name_en":"Meknes","kind_detail":"city","population":835695,"sort_key":-740525,"geonames_id":"2542715","match_type":"name+coordinate","match_distance_km":1.564}},{"type":"Feature","geometry":{"type":"Point","coordinates":[-100.39169311523438,20.592937667945947]},"properties":{"wikidata":"Q173121","display_name":"克雷塔罗","display_name_en":"Santiago de Querétaro","kind_detail":"city","population":794789,"sort_key":-740523,"geonames_id":"3991164","match_type":"name+coordinate","match_distance_km":0.661}},{"type":"Feature","geometry":{"type":"Point","coordinates":[15.0567626953125,-7.611636313903958]},"properties":{"wikidata":"Q911191","display_name":"威热","display_name_en":"Uíge","kind_detail":"city","population":616605,"sort_key":-740508,"match_type":"machine-transliterated"}},{"type":"Feature","geometry":{"type":"Point","coordinates":[58.20556640625,23.65458785220298]},"properties":{"wikidata":"Q948050","display_name":"锡卜","display_name_en":"Seeb","kind_detail":"city","population":568469,"sort_key":-740507,"geonames_id":"288967","match_type":"name+coordinate","match_distance_km":2.419}},{"type":"Feature","geometry":{"type":"Point","coordinates":[49.5867919921875,25.370086680063082]},"properties":{"wikidata":"Q27136","display_name":"胡富夫","display_name_en":"Al-Hofuf","kind_detail":"city","population":660788,"sort_key":-740506,"match_type":"machine-transliterated"}},{"type":"Feature","geometry":{"type":"Point","coordinates":[11.151123046875,2.9197255112265736]},"properties":{"wikidata":"Q910616","display_name":"埃博洛瓦","display_name_en":"Ebolowa","kind_detail":"city","population":641000,"sort_key":-740505,"match_type":"machine-transliterated"}},{"type":"Feature","geometry":{"type":"Point","coordinates":[-103.41018676757812,25.542441470124828]},"properties":{"wikidata":"Q386991","display_name":"托雷翁","display_name_en":"Torreón","kind_detail":"city","population":690193,"sort_key":-740505,"geonames_id":"3981254","match_type":"name+coordinate","match_distance_km":0.897}},{"type":"Feature","geometry":{"type":"Point","coordinates":[-40.0616455078125,-19.37981824112738]},"properties":{"wikidata":"Q1755402","display_name":"利尼亚雷斯","display_name_en":"Linhares","kind_detail":"city","population":581912,"sort_key":-740504,"match_type":"machine-transliterated"}},{"type":"Feature","geometry":{"type":"Point","coordinates":[29.461212158203125,-23.905926927314724]},"properties":{"wikidata":"Q131662","display_name":"波羅克瓦尼","display_name_en":"Polokwane","kind_detail":"city","population":628999,"sort_key":-740503,"geonames_id":"965289","match_type":"name+coordinate","match_distance_km":0.793}},{"type":"Feature","geometry":{"type":"Point","coordinates":[-66.15692138671875,-17.39388976921036]},"properties":{"wikidata":"Q183124","display_name":"科恰班巴","display_name_en":"Cochabamba","kind_detail":"city","population":665482,"sort_key":-740502,"geonames_id":"3919968","match_type":"name+coordinate","match_distance_km":1.366}},{"type":"Feature","geometry":{"type":"Point","coordinates":[27.241973876953125,-25.665046968935997]},"properties":{"wikidata":"Q182049","display_name":"勒斯滕堡","display_name_en":"Rustenburg","kind_detail":"city","population":549575,"sort_key":-740502,"geonames_id":"958724","match_type":"name+coordinate","match_distance_km":0.28}},{"type":"Feature","geometry":{"type":"Point","coordinates":[-43.350677490234375,-21.76077516647635]},"properties":{"wikidata":"Q193019","display_name":"茹伊斯迪福拉","display_name_en":"Juiz de Fora","kind_detail":"city","population":540756,"sort_key":-740500,"geonames_id":"3459505","match_type":"name+coordinate","match_distance_km":0.38}},{"type":"Feature","geometry":{"type":"Point","coordinates":[-73.62075805664062,4.134133941453712]},"properties":{"wikidata":"Q749224","display_name":"比亚维森西奥","display_name_en":"Villavicencio","kind_detail":"city","population":552010,"sort_key":-740499,"geonames_id":"3665900","match_type":"name+coordinate","match_distance_km":0.575}},{"type":"Feature","geometry":{"type":"Point","coordinates":[-47.80975341796875,-21.178009188927533]},"properties":{"wikidata":"Q188892","display_name":"里貝朗普雷圖","display_name_en":"Ribeirão Preto","kind_detail":"city","population":698642,"sort_key":-740498,"geonames_id":"3451328","match_type":"name+coordinate","match_distance_km":0.079}},{"type":"Feature","geometry":{"type":"Point","coordinates":[-71.22711181640625,18.806218097544658]},"properties":{"wikidata":"Q2430320","display_name":"圣胡安德拉马瓜纳","display_name_en":"San Juan de la Maguana","kind_detail":"city","population":589256,"sort_key":-740490,"match_type":"machine-transliterated"}},{"type":"Feature","geometry":{"type":"Point","coordinates":[-6.453094482421875,6.886890406752073]},"properties":{"wikidata":"Q860304","display_name":"達洛亞","display_name_en":"Daloa","kind_detail":"city","population":421879,"sort_key":-740475,"geonames_id":"2290486","match_type":"name+coordinate","match_distance_km":1.107}},{"type":"Feature","geometry":{"type":"Point","coordinates":[28.637237548828125,-12.96976551200595]},"properties":{"wikidata":"Q219671","display_name":"恩多拉","display_name_en":"Ndola","kind_detail":"city","population":455194,"sort_key":-740475,"geonames_id":"901344","match_type":"name+coordinate","match_distance_km":1.236}},{"type":"Feature","geometry":{"type":"Point","coordinates":[28.21563720703125,-12.819835795356369]},"properties":{"wikidata":"Q239580","display_name":"基特韦","display_name_en":"Kitwe","kind_detail":"city","population":522092,"sort_key":-740475,"geonames_id":"911148","match_type":"name+coordinate","match_distance_km":1.953}},{"type":"Feature","geometry":{"type":"Point","coordinates":[19.9127197265625,-11.778636560450607]},"properties":{"wikidata":"Q618643","display_name":"盧埃納","display_name_en":"Luena","kind_detail":"city","population":456000,"sort_key":-740475,"geonames_id":"3347719","match_type":"name+coordinate","match_distance_km":0.676}},{"type":"Feature","geometry":{"type":"Point","coordinates":[-80.62728881835938,-5.197629398632216]},"properties":{"wikidata":"Q223966","display_name":"皮乌拉","display_name_en":"Piura","kind_detail":"city","population":473025,"sort_key":-740475,"geonames_id":"3693528","match_type":"name+coordinate","match_distance_km":3.74}},{"type":"Feature","geometry":{"type":"Point","coordinates":[34.954376220703125,40.55033073202844]},"properties":{"wikidata":"Q206900","display_name":"喬魯姆","display_name_en":"Çorum","kind_detail":"city","population":527863,"sort_key":-740475,"geonames_id":"748879","match_type":"name+coordinate","match_distance_km":0.183}},{"type":"Feature","geometry":{"type":"Point","coordinates":[-65.40985107421875,-24.789228068907335]},"properties":{"wikidata":"Q36307","display_name":"萨尔塔","display_name_en":"Salta","kind_detail":"city","population":535303,"sort_key":-740475,"geonames_id":"3838233","match_type":"name+coordinate","match_distance_km":2.171}},{"type":"Feature","geometry":{"type":"Point","coordinates":[-95.9930419921875,36.15672664526235]},"properties":{"wikidata":"Q44989","display_name":"圖爾薩","display_name_en":"Tulsa","kind_detail":"city","population":413066,"sort_key":-740475,"geonames_id":"4553433","match_type":"name+coordinate","match_distance_km":0.306}},{"type":"Feature","geometry":{"type":"Point","coordinates":[30.222015380859375,13.183793930804569]},"properties":{"wikidata":"Q309475","display_name":"埃尔奥贝德","display_name_en":"El-Obeid","kind_detail":"city","population":429000,"sort_key":-740474,"match_type":"machine-transliterated"}},{"type":"Feature","geometry":{"type":"Point","coordinates":[-46.316986083984375,-23.961156200342003]},"properties":{"wikidata":"Q81882","display_name":"桑托斯","display_name_en":"Santos","kind_detail":"city","population":418608,"sort_key":-740474,"geonames_id":"3449433","match_type":"name+coordinate","match_distance_km":1.69}},{"type":"Feature","geometry":{"type":"Point","coordinates":[35.2716064453125,0.5204701367867557]},"properties":{"wikidata":"Q322149","display_name":"埃爾多雷特","display_name_en":"Eldoret","kind_detail":"city","population":475716,"sort_key":-740473,"geonames_id":"198629","match_type":"name+coordinate","match_distance_km":0.187}},{"type":"Feature","geometry":{"type":"Point","coordinates":[78.04275512695312,15.83057216324005]},"properties":{"wikidata":"Q3635276","display_name":"卡努尔","display_name_en":"Kurnool","kind_detail":"city","population":457633,"sort_key":-740473,"geonames_id":"1265491","match_type":"name+coordinate","match_distance_km":0.745}},{"type":"Feature","geometry":{"type":"Point","coordinates":[-5.631866455078125,9.458544303140599]},"properties":{"wikidata":"Q985627","display_name":"科霍戈","display_name_en":"Korhogo","kind_detail":"city","population":440926,"sort_key":-740473,"geonames_id":"2286304","match_type":"name+coordinate","match_distance_km":0.254}},{"type":"Feature","geometry":{"type":"Point","coordinates":[8.537750244140625,7.731404257656408]},"properties":{"wikidata":"Q994096","display_name":"马库尔迪","display_name_en":"Makurdi","kind_detail":"city","population":500797,"sort_key":-740473,"geonames_id":"2331140","match_type":"name+coordinate","match_distance_km":1.821}},{"type":"Feature","geometry":{"type":"Point","coordinates":[39.261016845703125,-15.119855941572496]},"properties":{"wikidata":"Q323801","display_name":"楠普拉","display_name_en":"Nampula","kind_detail":"city","population":477900,"sort_key":-740473,"geonames_id":"1033356","match_type":"name+coordinate","match_distance_km":0.708}},{"type":"Feature","geometry":{"type":"Point","coordinates":[73.68667602539062,24.57834861223401]},"properties":{"wikidata":"Q200340","display_name":"烏代浦","display_name_en":"Udaipur","kind_detail":"city","population":452000,"sort_key":-740473,"geonames_id":"1253986","match_type":"name+coordinate","match_distance_km":2.834}},{"type":"Feature","geometry":{"type":"Point","coordinates":[-79.83901977539062,-6.770988820924259]},"properties":{"wikidata":"Q260911","display_name":"奇克拉约","display_name_en":"Chiclayo","kind_detail":"city","population":524442,"sort_key":-740472,"geonames_id":"3698350","match_type":"name+coordinate","match_distance_km":1.762}},{"type":"Feature","geometry":{"type":"Point","coordinates":[-97.50640869140625,25.881465523243904]},"properties":{"wikidata":"Q738353","display_name":"马塔莫罗斯","display_name_en":"Matamoros","kind_detail":"city","population":510739,"sort_key":-740471,"match_type":"machine-transliterated"}},{"type":"Feature","geometry":{"type":"Point","coordinates":[45.538330078125,9.527623008537589]},"properties":{"wikidata":"Q948448","display_name":"布拉奧","display_name_en":"Burao","kind_detail":"city","population":425000,"sort_key":-740470,"geonames_id":"63795","match_type":"name+coordinate","match_distance_km":0.799}},{"type":"Feature","geometry":{"type":"Point","coordinates":[-99.52239990234375,27.479034752500652]},"properties":{"wikidata":"Q328846","display_name":"新拉雷多","display_name_en":"Nuevo Laredo","kind_detail":"city","population":416055,"sort_key":-740468,"geonames_id":"3522551","match_type":"name+coordinate","match_distance_km":0.667}},{"type":"Feature","geometry":{"type":"Point","coordinates":[-43.868408203125,-16.749317883631264]},"properties":{"wikidata":"Q651906","display_name":"蒙蒂斯克拉鲁斯","display_name_en":"Montes Claros","kind_detail":"city","population":414240,"sort_key":-740467,"geonames_id":"3456814","match_type":"name+coordinate","match_distance_km":1.746}},{"type":"Feature","geometry":{"type":"Point","coordinates":[-1.929473876953125,34.67839374011646]},"properties":{"wikidata":"Q193802","display_name":"乌季达","display_name_en":"Oujda","kind_detail":"city","population":494252,"sort_key":-740465,"geonames_id":"2540483","match_type":"name+coordinate","match_distance_km":1.939}},{"type":"Feature","geometry":{"type":"Point","coordinates":[-41.323699951171875,-21.75439787437118]},"properties":{"wikidata":"Q689868","display_name":"坎普斯戈伊塔卡濟斯","display_name_en":"Campos dos Goytacazes","kind_detail":"city","population":483540,"sort_key":-740459,"geonames_id":"3467693","match_type":"name+coordinate","match_distance_km":0.735}},{"type":"Feature","geometry":{"type":"Point","coordinates":[-65.203857421875,-26.83019821401402]},"properties":{"wikidata":"Q44255","display_name":"圣米格尔-德图库曼","display_name_en":"San Miguel de Tucumán","kind_detail":"city","population":527607,"sort_key":-740459,"geonames_id":"3836873","match_type":"name+coordinate","match_distance_km":1.71}},{"type":"Feature","geometry":{"type":"Point","coordinates":[37.75726318359375,6.858258512427753]},"properties":{"wikidata":"Q673275","display_name":"沃莱塔索多","display_name_en":"Wolaita Sodo","kind_detail":"city","population":512498,"sort_key":-740449,"match_type":"machine-transliterated"}},{"type":"Feature","geometry":{"type":"Point","coordinates":[12.48046875,9.209204520155922]},"properties":{"wikidata":"Q994114","display_name":"約拉","display_name_en":"Yola","kind_detail":"city","population":336648,"sort_key":-740444,"geonames_id":"2318044","match_type":"name+coordinate","match_distance_km":0.142}},{"type":"Feature","geometry":{"type":"Point","coordinates":[5.19378662109375,7.2521337471008565]},"properties":{"wikidata":"Q423831","display_name":"阿庫雷","display_name_en":"Akure","kind_detail":"city","population":387087,"sort_key":-740443,"geonames_id":"2350841","match_type":"name+coordinate","match_distance_km":0.087}},{"type":"Feature","geometry":{"type":"Point","coordinates":[-49.069061279296875,-22.31704861179864]},"properties":{"wikidata":"Q241645","display_name":"巴烏魯","display_name_en":"Bauru","kind_detail":"city","population":379146,"sort_key":-740443,"geonames_id":"3470279","match_type":"name+coordinate","match_distance_km":0.912}},{"type":"Feature","geometry":{"type":"Point","coordinates":[32.671966552734375,13.151701527938698]},"properties":{"wikidata":"Q587715","display_name":"科斯蒂","display_name_en":"Kosti","kind_detail":"city","population":384000,"sort_key":-740443,"match_type":"machine-transliterated"}},{"type":"Feature","geometry":{"type":"Point","coordinates":[76.56234741210938,18.398836341154734]},"properties":{"wikidata":"Q61394","display_name":"拉杜爾","display_name_en":"Latur","kind_detail":"city","population":382900,"sort_key":-740443,"geonames_id":"1265014","match_type":"name+coordinate","match_distance_km":0.607}},{"type":"Feature","geometry":{"type":"Point","coordinates":[-77.27783203125,1.213898434094304]},"properties":{"wikidata":"Q320015","display_name":"帕斯托","display_name_en":"Pasto","kind_detail":"city","population":392930,"sort_key":-740443,"match_type":"machine-transliterated"}},{"type":"Feature","geometry":{"type":"Point","coordinates":[39.098968505859375,-5.07179366093726]},"properties":{"wikidata":"Q152902","display_name":"坦噶","display_name_en":"Tanga","kind_detail":"city","population":393429,"sort_key":-740443,"geonames_id":"149606","match_type":"name+coordinate","match_distance_km":0.319}},{"type":"Feature","geometry":{"type":"Point","coordinates":[48.47991943359375,36.669520434558066]},"properties":{"wikidata":"Q146699","display_name":"赞詹","display_name_en":"Zanjan","kind_detail":"city","population":386851,"sort_key":-740443,"match_type":"machine-transliterated"}},{"type":"Feature","geometry":{"type":"Point","coordinates":[-47.4005126953125,-20.537649362986002]},"properties":{"wikidata":"Q504587","display_name":"弗朗卡","display_name_en":"Franca","kind_detail":"city","population":352536,"sort_key":-740442,"geonames_id":"3463011","match_type":"name+coordinate","match_distance_km":0.112}},{"type":"Feature","geometry":{"type":"Point","coordinates":[34.753875732421875,-0.10299677069976099]},"properties":{"wikidata":"Q214485","display_name":"基蘇木","display_name_en":"Kisumu","kind_detail":"city","population":409928,"sort_key":-740442,"geonames_id":"191245","match_type":"name+coordinate","match_distance_km":0.876}},{"type":"Feature","geometry":{"type":"Point","coordinates":[-76.607666015625,2.4423447338340054]},"properties":{"wikidata":"Q335135","display_name":"波帕扬","display_name_en":"Popayán","kind_detail":"city","population":318059,"sort_key":-740441,"geonames_id":"3671916","match_type":"name+coordinate","match_distance_km":0.763}},{"type":"Feature","geometry":{"type":"Point","coordinates":[35.399322509765625,14.040672893673616]},"properties":{"wikidata":"Q311199","display_name":"加达里夫","display_name_en":"Al-Qadarif","kind_detail":"city","population":354598,"sort_key":-740441,"geonames_id":"379062","match_type":"name+coordinate","match_distance_km":1.828}},{"type":"Feature","geometry":{"type":"Point","coordinates":[29.1961669921875,-5.946631388408477]},"properties":{"wikidata":"Q732801","display_name":"卡萊米","display_name_en":"Kalemie","kind_detail":"city","population":355126,"sort_key":-740441,"geonames_id":"214974","match_type":"name+coordinate","match_distance_km":0.187}},{"type":"Feature","geometry":{"type":"Point","coordinates":[33.5302734375,14.396108628564704]},"properties":{"wikidata":"Q852528","display_name":"瓦德迈达尼","display_name_en":"Wad Madanī","kind_detail":"city","population":369733,"sort_key":-740441,"match_type":"machine-transliterated"}},{"type":"Feature","geometry":{"type":"Point","coordinates":[-97.33749389648438,37.692514355327404]},"properties":{"wikidata":"Q49266","display_name":"威奇托","display_name_en":"Wichita","kind_detail":"city","population":400991,"sort_key":-740441,"geonames_id":"4281730","match_type":"name+coordinate","match_distance_km":0.031}},{"type":"Feature","geometry":{"type":"Point","coordinates":[-47.93609619140625,-19.75119431894086]},"properties":{"wikidata":"Q381733","display_name":"烏貝拉巴","display_name_en":"Uberaba","kind_detail":"city","population":337836,"sort_key":-740441,"geonames_id":"3445839","match_type":"name+coordinate","match_distance_km":0.539}},{"type":"Feature","geometry":{"type":"Point","coordinates":[74.6356201171875,25.347749323170547]},"properties":{"wikidata":"Q760146","display_name":"比尔瓦拉","display_name_en":"Bhilwara","kind_detail":"city","population":360000,"sort_key":-740440,"match_type":"machine-transliterated"}},{"type":"Feature","geometry":{"type":"Point","coordinates":[-116.6033935546875,31.865895211796342]},"properties":{"wikidata":"Q656189","display_name":"恩森那达","display_name_en":"Ensenada","kind_detail":"city","population":330652,"sort_key":-740440,"geonames_id":"4006702","match_type":"name+coordinate","match_distance_km":0.672}},{"type":"Feature","geometry":{"type":"Point","coordinates":[82.23541259765625,16.943842333823625]},"properties":{"wikidata":"Q59018","display_name":"卡基纳达","display_name_en":"Kakinada","kind_detail":"city","population":384182,"sort_key":-740440,"match_type":"machine-transliterated"}},{"type":"Feature","geometry":{"type":"Point","coordinates":[-78.59344482421875,-9.074975740207833]},"properties":{"wikidata":"Q518431","display_name":"钦博特","display_name_en":"Chimbote","kind_detail":"city","population":354544,"sort_key":-740440,"geonames_id":"3698304","match_type":"name+coordinate","match_distance_km":0.033}},{"type":"Feature","geometry":{"type":"Point","coordinates":[-75.20965576171875,-12.067523861901435]},"properties":{"wikidata":"Q468782","display_name":"万卡约","display_name_en":"Huancayo","kind_detail":"city","population":403033,"sort_key":-740440,"geonames_id":"3939459","match_type":"name+coordinate","match_distance_km":0.143}},{"type":"Feature","geometry":{"type":"Point","coordinates":[-40.496978759765625,-9.381322272728042]},"properties":{"wikidata":"Q842143","display_name":"彼得羅利納","display_name_en":"Petrolina","kind_detail":"city","population":386791,"sort_key":-740439,"geonames_id":"3392242","match_type":"name+coordinate","match_distance_km":1.968}},{"type":"Feature","geometry":{"type":"Point","coordinates":[-84.49722290039062,38.04592811939909]},"properties":{"wikidata":"Q49241","display_name":"列克星敦","display_name_en":"Lexington","kind_detail":"city","population":322570,"sort_key":-740439,"geonames_id":"4297983","match_type":"name+coordinate","match_distance_km":6.59}},{"type":"Feature","geometry":{"type":"Point","coordinates":[-99.2340087890625,18.921876189763722]},"properties":{"wikidata":"Q204245","display_name":"庫埃納瓦卡","display_name_en":"Cuernavaca","kind_detail":"city","population":341029,"sort_key":-740438,"geonames_id":"3529947","match_type":"name+coordinate","match_distance_km":0.581}},{"type":"Feature","geometry":{"type":"Point","coordinates":[79.29931640625,19.951405533491155]},"properties":{"wikidata":"Q861194","display_name":"钱德拉布尔","display_name_en":"Chandrapur","kind_detail":"city","population":320000,"sort_key":-740438,"geonames_id":"1274693","match_type":"name+coordinate","match_distance_km":0.433}},{"type":"Feature","geometry":{"type":"Point","coordinates":[74.74960327148438,19.09326663608971]},"properties":{"wikidata":"Q223517","display_name":"阿希利亚纳加尔","display_name_en":"Ahilyanagar","kind_detail":"city","population":350859,"sort_key":-740437,"match_type":"machine-transliterated"}},{"type":"Feature","geometry":{"type":"Point","coordinates":[31.07208251953125,-18.01399791060483]},"properties":{"wikidata":"Q399119","display_name":"大东维萨","display_name_en":"Chitungwiza","kind_detail":"city","population":321782,"sort_key":-740437,"match_type":"machine-transliterated"}},{"type":"Feature","geometry":{"type":"Point","coordinates":[-58.986968994140625,-27.451009002282298]},"properties":{"wikidata":"Q44206","display_name":"雷西斯滕西亚","display_name_en":"Resistencia","kind_detail":"city","population":385726,"sort_key":-740437,"geonames_id":"3429577","match_type":"name+coordinate","match_distance_km":1.404}},{"type":"Feature","geometry":{"type":"Point","coordinates":[-92.93609619140625,17.98787650233008]},"properties":{"wikidata":"Q210886","display_name":"比亚埃尔莫萨","display_name_en":"Villahermosa","kind_detail":"city","population":340060,"sort_key":-740436,"geonames_id":"3514670","match_type":"name+coordinate","match_distance_km":0.382}},{"type":"Feature","geometry":{"type":"Point","coordinates":[-50.16082763671875,-25.089330107822008]},"properties":{"wikidata":"Q242906","display_name":"蓬塔格羅薩","display_name_en":"Ponta Grossa","kind_detail":"city","population":358371,"sort_key":-740436,"geonames_id":"3453186","match_type":"name+coordinate","match_distance_km":0.64}},{"type":"Feature","geometry":{"type":"Point","coordinates":[-109.93331909179688,27.485126363846206]},"properties":{"wikidata":"Q681340","display_name":"奧夫雷貢城","display_name_en":"Ciudad Obregón","kind_detail":"city","population":329404,"sort_key":-740434,"geonames_id":"4013704","match_type":"name+coordinate","match_distance_km":0.751}},{"type":"Feature","geometry":{"type":"Point","coordinates":[-97.40341186523438,27.763760285581967]},"properties":{"wikidata":"Q49242","display_name":"科珀斯克里斯蒂","display_name_en":"Corpus Christi","kind_detail":"city","population":317863,"sort_key":-740434,"geonames_id":"4683416","match_type":"name+coordinate","match_distance_km":4.152}},{"type":"Feature","geometry":{"type":"Point","coordinates":[-9.239501953125,32.29990224106932]},"properties":{"wikidata":"Q183405","display_name":"薩非","display_name_en":"Safi","kind_detail":"city","population":323888,"sort_key":-740434,"geonames_id":"2537881","match_type":"name+coordinate","match_distance_km":0.226}},{"type":"Feature","geometry":{"type":"Point","coordinates":[-99.14474487304688,23.738840533735527]},"properties":{"wikidata":"Q331661","display_name":"維多利亞城","display_name_en":"Ciudad Victoria","kind_detail":"city","population":332100,"sort_key":-740433,"geonames_id":"3530580","match_type":"name+coordinate","match_distance_km":0.227}},{"type":"Feature","geometry":{"type":"Point","coordinates":[-0.339202880859375,53.74383812348009]},"properties":{"wikidata":"Q128147","display_name":"赫爾河畔京士頓","display_name_en":"Hull","kind_detail":"city","population":260700,"sort_key":-740412,"geonames_id":"2645425","match_type":"name+coordinate","match_distance_km":0.273}},{"type":"Feature","geometry":{"type":"Point","coordinates":[32.897186279296875,24.09160403287902]},"properties":{"wikidata":"Q29888","display_name":"阿斯旺","display_name_en":"Aswan","kind_detail":"city","population":241261,"sort_key":-740411,"geonames_id":"359792","match_type":"name+coordinate","match_distance_km":0.243}},{"type":"Feature","geometry":{"type":"Point","coordinates":[51.4434814453125,33.987779817779554]},"properties":{"wikidata":"Q240475","display_name":"卡尚","display_name_en":"Kashan","kind_detail":"city","population":275904,"sort_key":-740411,"match_type":"machine-transliterated"}},{"type":"Feature","geometry":{"type":"Point","coordinates":[89.241943359375,25.756609256777935]},"properties":{"wikidata":"Q994514","display_name":"朗布尔市","display_name_en":"Rangpur","kind_detail":"city","population":307053,"sort_key":-740411,"geonames_id":"1185188","match_type":"name+coordinate","match_distance_km":1.475}},{"type":"Feature","geometry":{"type":"Point","coordinates":[6.5478515625,9.618352209111478]},"properties":{"wikidata":"Q994105","display_name":"明納","display_name_en":"Minna","kind_detail":"city","population":304000,"sort_key":-740411,"geonames_id":"2330100","match_type":"name+coordinate","match_distance_km":0.346}},{"type":"Feature","geometry":{"type":"Point","coordinates":[25.610504150390625,45.652448286750854]},"properties":{"wikidata":"Q82174","display_name":"布拉索夫","display_name_en":"Brasov","kind_detail":"city","population":253200,"sort_key":-740410,"match_type":"machine-transliterated"}},{"type":"Feature","geometry":{"type":"Point","coordinates":[30.839996337890625,29.307956376745324]},"properties":{"wikidata":"Q203299","display_name":"法尤姆","display_name_en":"Faiyum","kind_detail":"city","population":306393,"sort_key":-740410,"match_type":"machine-transliterated"}},{"type":"Feature","geometry":{"type":"Point","coordinates":[-71.16531372070312,8.581021215641854]},"properties":{"wikidata":"Q23551","display_name":"梅里達市","display_name_en":"Mérida","kind_detail":"city","population":250303,"sort_key":-740410,"geonames_id":"3632308","match_type":"name+coordinate","match_distance_km":0.485}},{"type":"Feature","geometry":{"type":"Point","coordinates":[30.757598876953125,28.08894322534917]},"properties":{"wikidata":"Q310117","display_name":"明亚","display_name_en":"Al Minya","kind_detail":"city","population":247000,"sort_key":-740410,"match_type":"machine-transliterated"}},{"type":"Feature","geometry":{"type":"Point","coordinates":[36.07086181640625,-0.2801502508921203]},"properties":{"wikidata":"Q239421","display_name":"纳库鲁","display_name_en":"Nakuru","kind_detail":"city","population":307990,"sort_key":-740410,"geonames_id":"184622","match_type":"name+coordinate","match_distance_km":3.011}},{"type":"Feature","geometry":{"type":"Point","coordinates":[46.175537109375,31.40991219407097]},"properties":{"wikidata":"Q2669841","display_name":"沙特拉","display_name_en":"Al-Shatrah","kind_detail":"city","population":254000,"sort_key":-740410,"match_type":"machine-transliterated"}},{"type":"Feature","geometry":{"type":"Point","coordinates":[35.64788818359375,-10.678152095697172]},"properties":{"wikidata":"Q794813","display_name":"松蓋阿","display_name_en":"Songea","kind_detail":"city","population":286285,"sort_key":-740410,"geonames_id":"877401","match_type":"name+coordinate","match_distance_km":0.62}},{"type":"Feature","geometry":{"type":"Point","coordinates":[-83.53729248046875,41.65341898632252]},"properties":{"wikidata":"Q49239","display_name":"托莱多","display_name_en":"Toledo","kind_detail":"city","population":268508,"sort_key":-740410,"geonames_id":"5174035","match_type":"name+coordinate","match_distance_km":1.893}},{"type":"Feature","geometry":{"type":"Point","coordinates":[-70.13534545898438,-15.493385656382301]},"properties":{"wikidata":"Q696074","display_name":"胡利亞卡","display_name_en":"Juliaca","kind_detail":"city","population":270340,"sort_key":-740409,"geonames_id":"3937513","match_type":"name+coordinate","match_distance_km":0.767}},{"type":"Feature","geometry":{"type":"Point","coordinates":[33.21990966796875,37.181108087915064]},"properties":{"wikidata":"Q262579","display_name":"卡拉曼","display_name_en":"Karaman","kind_detail":"city","population":245610,"sort_key":-740409,"geonames_id":"309527","match_type":"name+coordinate","match_distance_km":0.435}},{"type":"Feature","geometry":{"type":"Point","coordinates":[-101.84738159179688,33.58602331802258]},"properties":{"wikidata":"Q49273","display_name":"拉伯克","display_name_en":"Lubbock","kind_detail":"city","population":257141,"sort_key":-740409,"geonames_id":"5525577","match_type":"name+coordinate","match_distance_km":1.16}},{"type":"Feature","geometry":{"type":"Point","coordinates":[-96.7071533203125,40.80861223601286]},"properties":{"wikidata":"Q28260","display_name":"林肯","display_name_en":"Lincoln","kind_detail":"city","population":291082,"sort_key":-740409,"geonames_id":"5072006","match_type":"name+coordinate","match_distance_km":3.516}},{"type":"Feature","geometry":{"type":"Point","coordinates":[2.62847900390625,9.340672181980949]},"properties":{"wikidata":"Q688324","display_name":"帕拉庫","display_name_en":"Parakou","kind_detail":"city","population":250000,"sort_key":-740409,"geonames_id":"2392204","match_type":"name+coordinate","match_distance_km":0.439}},{"type":"Feature","geometry":{"type":"Point","coordinates":[-98.74099731445312,20.11655012248454]},"properties":{"wikidata":"Q160750","display_name":"帕丘卡","display_name_en":"Pachuca","kind_detail":"city","population":297848,"sort_key":-740409,"geonames_id":"3522210","match_type":"name+coordinate","match_distance_km":0.806}},{"type":"Feature","geometry":{"type":"Point","coordinates":[22.446441650390625,13.441716464198777]},"properties":{"wikidata":"Q311309","display_name":"朱奈纳","display_name_en":"El Geneina","kind_detail":"city","population":252744,"sort_key":-740409,"match_type":"machine-transliterated"}},{"type":"Feature","geometry":{"type":"Point","coordinates":[-90.53695678710938,19.844227067945127]},"properties":{"wikidata":"Q61301","display_name":"坎佩切市","display_name_en":"Campeche City","kind_detail":"city","population":249623,"sort_key":-740408,"match_type":"machine-transliterated"}},{"type":"Feature","geometry":{"type":"Point","coordinates":[-79.79232788085938,36.07241230197147]},"properties":{"wikidata":"Q49238","display_name":"格林斯伯勒","display_name_en":"Greensboro","kind_detail":"city","population":308667,"sort_key":-740406,"geonames_id":"4469146","match_type":"name+coordinate","match_distance_km":0.04}},{"type":"Feature","geometry":{"type":"Point","coordinates":[-70.191650390625,11.69258315824213]},"properties":{"wikidata":"Q1020279","display_name":"蓬托菲霍","display_name_en":"Punto Fijo","kind_detail":"city","population":277017,"sort_key":-740406,"geonames_id":"3629576","match_type":"name+coordinate","match_distance_km":0.828}},{"type":"Feature","geometry":{"type":"Point","coordinates":[-53.806915283203125,-29.685666670118714]},"properties":{"wikidata":"Q740833","display_name":"聖瑪麗亞","display_name_en":"Santa Maria","kind_detail":"city","population":271735,"sort_key":-740405,"geonames_id":"3450083","match_type":"name+coordinate","match_distance_km":0.166}},{"type":"Feature","geometry":{"type":"Point","coordinates":[45.01373291015625,10.439195529932334]},"properties":{"wikidata":"Q191718","display_name":"柏培拉","display_name_en":"Berbera","kind_detail":"city","population":263000,"sort_key":-740403,"geonames_id":"64435","match_type":"name+coordinate","match_distance_km":0.078}},{"type":"Feature","geometry":{"type":"Point","coordinates":[-80.244140625,36.100157274022266]},"properties":{"wikidata":"Q49227","display_name":"温斯顿-塞勒姆","display_name_en":"Winston-Salem","kind_detail":"city","population":249545,"sort_key":-740403,"geonames_id":"4499612","match_type":"name+coordinate","match_distance_km":0.034}},{"type":"Feature","geometry":{"type":"Point","coordinates":[-2.1807861328125,53.01643558253383]},"properties":{"wikidata":"Q134902","display_name":"特倫特河畔斯托克","display_name_en":"Stoke-on-Trent","kind_detail":"city","population":249000,"sort_key":-740402,"geonames_id":"2636841","match_type":"name+coordinate","match_distance_km":1.4}},{"type":"Feature","geometry":{"type":"Point","coordinates":[5.4052734375,36.18887535558558]},"properties":{"wikidata":"Q244004","display_name":"塞提夫","display_name_en":"Setif","kind_detail":"city","population":288461,"sort_key":-740401,"geonames_id":"2481700","match_type":"name+coordinate","match_distance_km":0.799}},{"type":"Feature","geometry":{"type":"Point","coordinates":[-64.259033203125,-27.78806141091126]},"properties":{"wikidata":"Q44253","display_name":"圣地亚哥-德尔埃斯特罗","display_name_en":"Santiago del Estero","kind_detail":"city","population":252192,"sort_key":-740397,"geonames_id":"3835869","match_type":"name+coordinate","match_distance_km":1.43}},{"type":"Feature","geometry":{"type":"Point","coordinates":[-41.944427490234375,-18.85690955142688]},"properties":{"wikidata":"Q462218","display_name":"瓦拉達里斯州長市","display_name_en":"Governador Valadares","kind_detail":"city","population":266561,"sort_key":-740396,"geonames_id":"3462315","match_type":"name+coordinate","match_distance_km":0.833}},{"type":"Feature","geometry":{"type":"Point","coordinates":[50.365447998046875,35.0198750480111]},"properties":{"wikidata":"Q765518","display_name":"萨维","display_name_en":"Saveh","kind_detail":"city","population":210000,"sort_key":-740380,"match_type":"machine-transliterated"}},{"type":"Feature","geometry":{"type":"Point","coordinates":[-70.32073974609375,-18.478306571532073]},"properties":{"wikidata":"Q2203","display_name":"阿里卡","display_name_en":"Arica","kind_detail":"city","population":202131,"sort_key":-740379,"geonames_id":"3899361","match_type":"name+coordinate","match_distance_km":2.149}},{"type":"Feature","geometry":{"type":"Point","coordinates":[28.175811767578125,-15.744675578471615]},"properties":{"wikidata":"Q1022290","display_name":"卡富埃","display_name_en":"Kafue","kind_detail":"town","population":219000,"sort_key":-740379,"match_type":"machine-transliterated"}},{"type":"Feature","geometry":{"type":"Point","coordinates":[-80.71929931640625,-0.9489007111940992]},"properties":{"wikidata":"Q990738","display_name":"曼塔","display_name_en":"Manta","kind_detail":"city","population":217553,"sort_key":-740379,"geonames_id":"3654410","match_type":"name+coordinate","match_distance_km":1.343}},{"type":"Feature","geometry":{"type":"Point","coordinates":[-55.4974365234375,-11.857943177992865]},"properties":{"wikidata":"Q180192","display_name":"锡诺普","display_name_en":"Sinop","kind_detail":"city","population":216029,"sort_key":-740379,"match_type":"machine-transliterated"}},{"type":"Feature","geometry":{"type":"Point","coordinates":[33.968353271484375,17.5825031661699]},"properties":{"wikidata":"Q311312","display_name":"阿达米尔","display_name_en":"Ad-Damir","kind_detail":"city","population":200000,"sort_key":-740378,"match_type":"machine-transliterated"}},{"type":"Feature","geometry":{"type":"Point","coordinates":[21.9287109375,47.05515408550349]},"properties":{"wikidata":"Q93358","display_name":"奥拉迪亚","display_name_en":"Oradea","kind_detail":"city","population":196367,"sort_key":-740378,"geonames_id":"671768","match_type":"name+coordinate","match_distance_km":1.304}},{"type":"Feature","geometry":{"type":"Point","coordinates":[30.09979248046875,-4.577793847224044]},"properties":{"wikidata":"Q15554012","display_name":"卡蘇盧","display_name_en":"Kasulu","kind_detail":"city","population":238321,"sort_key":-740378,"geonames_id":"158214","match_type":"name+coordinate","match_distance_km":0.325}},{"type":"Feature","geometry":{"type":"Point","coordinates":[-88.04443359375,30.691068801620162]},"properties":{"wikidata":"Q79875","display_name":"莫比尔","display_name_en":"Mobile","kind_detail":"city","population":187041,"sort_key":-740378,"geonames_id":"4076598","match_type":"name+coordinate","match_distance_km":0.389}},{"type":"Feature","geometry":{"type":"Point","coordinates":[32.67059326171875,-18.975130000466336]},"properties":{"wikidata":"Q399322","display_name":"穆塔雷","display_name_en":"Mutare","kind_detail":"city","population":188243,"sort_key":-740378,"geonames_id":"884979","match_type":"name+coordinate","match_distance_km":0.493}},{"type":"Feature","geometry":{"type":"Point","coordinates":[32.809295654296875,-5.0198108365208896]},"properties":{"wikidata":"Q643112","display_name":"塔波拉","display_name_en":"Tabora","kind_detail":"city","population":221466,"sort_key":-740378,"geonames_id":"149658","match_type":"name+coordinate","match_distance_km":1.961}},{"type":"Feature","geometry":{"type":"Point","coordinates":[-64.73419189453125,-21.533569568691163]},"properties":{"wikidata":"Q35004","display_name":"塔里哈","display_name_en":"Tarija","kind_detail":"city","population":215555,"sort_key":-740378,"geonames_id":"3903320","match_type":"name+coordinate","match_distance_km":0.525}},{"type":"Feature","geometry":{"type":"Point","coordinates":[-72.59078979492188,-38.735874853476375]},"properties":{"wikidata":"Q82128","display_name":"特木科","display_name_en":"Temuco","kind_detail":"city","population":235509,"sort_key":-740378,"geonames_id":"3870011","match_type":"name+coordinate","match_distance_km":0.573}},{"type":"Feature","geometry":{"type":"Point","coordinates":[11.854248046875,-15.801503550212743]},"properties":{"wikidata":"Q2944558","display_name":"通布阿","display_name_en":"Tômbua","kind_detail":"town","population":187573,"sort_key":-740378,"match_type":"machine-transliterated"}},{"type":"Feature","geometry":{"type":"Point","coordinates":[55.671844482421875,29.449164826924672]},"properties":{"wikidata":"Q605224","display_name":"錫爾詹","display_name_en":"Sirjan","kind_detail":"city","population":199704,"sort_key":-740378,"geonames_id":"114259","match_type":"name+coordinate","match_distance_km":0.91}},{"type":"Feature","geometry":{"type":"Point","coordinates":[35.69732666015625,-7.779029819064988]},"properties":{"wikidata":"Q735609","display_name":"伊林加","display_name_en":"Iringa","kind_detail":"city","population":202490,"sort_key":-740378,"geonames_id":"159071","match_type":"name+coordinate","match_distance_km":1.406}},{"type":"Feature","geometry":{"type":"Point","coordinates":[-81.9744873046875,33.470399104258505]},"properties":{"wikidata":"Q181962","display_name":"奥古斯塔","display_name_en":"Augusta","kind_detail":"city","population":202081,"sort_key":-740377,"geonames_id":"4180531","match_type":"name+coordinate","match_distance_km":0.071}},{"type":"Feature","geometry":{"type":"Point","coordinates":[-58.173980712890625,-26.185018250078308]},"properties":{"wikidata":"Q44214","display_name":"福莫萨","display_name_en":"Formosa","kind_detail":"city","population":234354,"sort_key":-740377,"geonames_id":"3433899","match_type":"name+coordinate","match_distance_km":0.086}},{"type":"Feature","geometry":{"type":"Point","coordinates":[16.34765625,-9.547937619492814]},"properties":{"wikidata":"Q621001","display_name":"马兰热","display_name_en":"Malanje","kind_detail":"city","population":220000,"sort_key":-740377,"match_type":"machine-transliterated"}},{"type":"Feature","geometry":{"type":"Point","coordinates":[1.292266845703125,52.6288953216372]},"properties":{"wikidata":"Q130191","display_name":"諾里奇","display_name_en":"Norwich","kind_detail":"city","population":195000,"sort_key":-740377,"geonames_id":"2641181","match_type":"name+coordinate","match_distance_km":0.427}},{"type":"Feature","geometry":{"type":"Point","coordinates":[20.397491455078125,-9.658969347906904]},"properties":{"wikidata":"Q635017","display_name":"绍里木","display_name_en":"Saurimo","kind_detail":"city","population":200000,"sort_key":-740377,"match_type":"machine-transliterated"}},{"type":"Feature","geometry":{"type":"Point","coordinates":[-3.945465087890625,51.61972187313762]},"properties":{"wikidata":"Q23051","display_name":"斯旺西","display_name_en":"Swansea","kind_detail":"city","population":239000,"sort_key":-740377,"geonames_id":"2636432","match_type":"name+coordinate","match_distance_km":0.195}},{"type":"Feature","geometry":{"type":"Point","coordinates":[-76.2396240234375,-9.929624096148345]},"properties":{"wikidata":"Q504394","display_name":"瓦努科","display_name_en":"Huánuco","kind_detail":"city","population":196627,"sort_key":-740377,"geonames_id":"3696417","match_type":"name+coordinate","match_distance_km":0.094}},{"type":"Feature","geometry":{"type":"Point","coordinates":[28.788299560546875,-31.589064277682212]},"properties":{"wikidata":"Q1020914","display_name":"烏姆塔塔","display_name_en":"Mthatha","kind_detail":"city","population":210783,"sort_key":-740377,"geonames_id":"946058","match_type":"name+coordinate","match_distance_km":0.367}},{"type":"Feature","geometry":{"type":"Point","coordinates":[33.47808837890625,-19.143870855908176]},"properties":{"wikidata":"Q638509","display_name":"希莫尤","display_name_en":"Chimoio","kind_detail":"city","population":238976,"sort_key":-740377,"geonames_id":"1049261","match_type":"name+coordinate","match_distance_km":3.105}},{"type":"Feature","geometry":{"type":"Point","coordinates":[-2.0928955078125,57.148160713298324]},"properties":{"wikidata":"Q36405","display_name":"阿伯丁","display_name_en":"Aberdeen","kind_detail":"city","population":192956,"sort_key":-740376,"geonames_id":"2657832","match_type":"name+coordinate","match_distance_km":0.589}},{"type":"Feature","geometry":{"type":"Point","coordinates":[-101.8377685546875,35.20747752737927]},"properties":{"wikidata":"Q51691","display_name":"阿馬里洛","display_name_en":"Amarillo","kind_detail":"city","population":200393,"sort_key":-740376,"geonames_id":"5516233","match_type":"name+coordinate","match_distance_km":1.718}},{"type":"Feature","geometry":{"type":"Point","coordinates":[-74.22637939453125,-13.16106224645678]},"properties":{"wikidata":"Q504215","display_name":"阿亚库乔","display_name_en":"Ayacucho","kind_detail":"city","population":216444,"sort_key":-740376,"geonames_id":"3947019","match_type":"name+coordinate","match_distance_km":0.44}},{"type":"Feature","geometry":{"type":"Point","coordinates":[39.4903564453125,39.74626606218368]},"properties":{"wikidata":"Q136217","display_name":"埃尔津詹","display_name_en":"Erzincan","kind_detail":"city","population":226032,"sort_key":-740376,"geonames_id":"315373","match_type":"name+coordinate","match_distance_km":0.787}},{"type":"Feature","geometry":{"type":"Point","coordinates":[-64.24942016601562,8.886428472675604]},"properties":{"wikidata":"Q1020297","display_name":"埃爾蒂格雷","display_name_en":"El Tigre","kind_detail":"city","population":236566,"sort_key":-740376,"geonames_id":"3641351","match_type":"name+coordinate","match_distance_km":0.461}},{"type":"Feature","geometry":{"type":"Point","coordinates":[-84.98748779296875,32.46110854261062]},"properties":{"wikidata":"Q239870","display_name":"哥伦布","display_name_en":"Columbus","kind_detail":"city","population":189885,"sort_key":-740376,"geonames_id":"4188985","match_type":"name+coordinate","match_distance_km":0.025}},{"type":"Feature","geometry":{"type":"Point","coordinates":[-49.36981201171875,-28.678540108533184]},"properties":{"wikidata":"Q1439157","display_name":"克里西烏馬","display_name_en":"Criciúma","kind_detail":"city","population":214493,"sort_key":-740376,"geonames_id":"3465196","match_type":"name+coordinate","match_distance_km":0.116}},{"type":"Feature","geometry":{"type":"Point","coordinates":[-86.7919921875,15.783003168138066]},"properties":{"wikidata":"Q916536","display_name":"拉塞瓦","display_name_en":"La Ceiba","kind_detail":"city","population":196856,"sort_key":-740376,"geonames_id":"3608248","match_type":"name+coordinate","match_distance_km":2.794}},{"type":"Feature","geometry":{"type":"Point","coordinates":[103.2000732421875,13.102217513557747]},"properties":{"wikidata":"Q748336","display_name":"马德望","display_name_en":"Battambang","kind_detail":"city","population":196709,"sort_key":-740376,"geonames_id":"1831797","match_type":"name+coordinate","match_distance_km":0.208}},{"type":"Feature","geometry":{"type":"Point","coordinates":[-101.41754150390625,26.900027518368518]},"properties":{"wikidata":"Q990007","display_name":"蒙克洛瓦","display_name_en":"Monclova","kind_detail":"city","population":237169,"sort_key":-740376,"geonames_id":"3995523","match_type":"name+coordinate","match_distance_km":0.818}},{"type":"Feature","geometry":{"type":"Point","coordinates":[-50.439605712890625,-21.207458730482642]},"properties":{"wikidata":"Q626835","display_name":"阿拉萨图巴","display_name_en":"Araçatuba","kind_detail":"city","population":200124,"sort_key":-740375,"geonames_id":"3471859","match_type":"name+coordinate","match_distance_km":0.725}},{"type":"Feature","geometry":{"type":"Point","coordinates":[-78.51791381835938,-7.156762339693515]},"properties":{"wikidata":"Q205119","display_name":"卡哈馬卡","display_name_en":"Cajamarca","kind_detail":"city","population":201329,"sort_key":-740375,"geonames_id":"3699088","match_type":"name+coordinate","match_distance_km":2.097}},{"type":"Feature","geometry":{"type":"Point","coordinates":[-0.987396240234375,37.615319243559085]},"properties":{"wikidata":"Q162615","display_name":"卡塔赫纳","display_name_en":"Cartagena","kind_detail":"city","population":218244,"sort_key":-740375,"geonames_id":"2520058","match_type":"name+coordinate","match_distance_km":1.515}},{"type":"Feature","geometry":{"type":"Point","coordinates":[36.890716552734375,-17.878124414244553]},"properties":{"wikidata":"Q318306","display_name":"克利馬內","display_name_en":"Quelimane","kind_detail":"city","population":192876,"sort_key":-740375,"geonames_id":"1028434","match_type":"name+coordinate","match_distance_km":0.258}},{"type":"Feature","geometry":{"type":"Point","coordinates":[-71.2518310546875,-29.902567607302323]},"properties":{"wikidata":"Q14467","display_name":"拉塞雷纳","display_name_en":"La Serena","kind_detail":"city","population":195382,"sort_key":-740375,"geonames_id":"3884373","match_type":"name+coordinate","match_distance_km":0.406}},{"type":"Feature","geometry":{"type":"Point","coordinates":[-83.92044067382812,35.96022296929668]},"properties":{"wikidata":"Q185582","display_name":"諾克斯維爾","display_name_en":"Knoxville","kind_detail":"city","population":190740,"sort_key":-740375,"geonames_id":"4634946","match_type":"name+coordinate","match_distance_km":0.054}},{"type":"Feature","geometry":{"type":"Point","coordinates":[-92.26043701171875,14.903648923328333]},"properties":{"wikidata":"Q988225","display_name":"塔帕丘拉","display_name_en":"Tapachula","kind_detail":"city","population":217550,"sort_key":-740375,"geonames_id":"3516266","match_type":"name+coordinate","match_distance_km":0.255}},{"type":"Feature","geometry":{"type":"Point","coordinates":[-86.58599853515625,34.730326978821225]},"properties":{"wikidata":"Q79860","display_name":"亨茨维尔","display_name_en":"Huntsville","kind_detail":"city","population":215006,"sort_key":-740374,"geonames_id":"4068590","match_type":"name+coordinate","match_distance_km":0.01}},{"type":"Feature","geometry":{"type":"Point","coordinates":[26.665191650390625,-26.86205552465779]},"properties":{"wikidata":"Q1015647","display_name":"克萊克斯多普","display_name_en":"Klerksdorp","kind_detail":"city","population":186515,"sort_key":-740374,"geonames_id":"989921","match_type":"name+coordinate","match_distance_km":1.114}},{"type":"Feature","geometry":{"type":"Point","coordinates":[-93.74771118164062,32.51323595727938]},"properties":{"wikidata":"Q80517","display_name":"什里夫波特","display_name_en":"Shreveport","kind_detail":"city","population":187593,"sort_key":-740374,"geonames_id":"4341513","match_type":"name+coordinate","match_distance_km":1.345}},{"type":"Feature","geometry":{"type":"Point","coordinates":[-52.39654541015625,-28.254795961764422]},"properties":{"wikidata":"Q525647","display_name":"帕苏丰杜","display_name_en":"Passo Fundo","kind_detail":"city","population":206215,"sort_key":-740373,"geonames_id":"3454857","match_type":"name+coordinate","match_distance_km":1.331}},{"type":"Feature","geometry":{"type":"Point","coordinates":[-96.7291259765625,43.547552753930546]},"properties":{"wikidata":"Q131335","display_name":"蘇瀑","display_name_en":"Sioux Falls","kind_detail":"city","population":192517,"sort_key":-740373,"geonames_id":"5231851","match_type":"name+coordinate","match_distance_km":0.44}},{"type":"Feature","geometry":{"type":"Point","coordinates":[47.08465576171875,-21.456903020439825]},"properties":{"wikidata":"Q527441","display_name":"菲亞納蘭楚阿","display_name_en":"Fianarantsoa","kind_detail":"city","population":191776,"sort_key":-740372,"geonames_id":"1064890","match_type":"name+coordinate","match_distance_km":0.483}},{"type":"Feature","geometry":{"type":"Point","coordinates":[-58.51043701171875,-33.00751186140884]},"properties":{"wikidata":"Q52585","display_name":"瓜萊瓜伊丘","display_name_en":"Gualeguaychu","kind_detail":"city","population":209461,"sort_key":-740372,"geonames_id":"3433658","match_type":"name+coordinate","match_distance_km":0.739}},{"type":"Feature","geometry":{"type":"Point","coordinates":[-42.532196044921875,-22.280201366371756]},"properties":{"wikidata":"Q468563","display_name":"新弗里堡","display_name_en":"New Fribourg","kind_detail":"city","population":189939,"sort_key":-740371,"geonames_id":"3456166","match_type":"name+coordinate","match_distance_km":0.223}},{"type":"Feature","geometry":{"type":"Point","coordinates":[5.7293701171875,34.851002018394055]},"properties":{"wikidata":"Q312759","display_name":"比斯克拉","display_name_en":"Biskra","kind_detail":"city","population":205608,"sort_key":-740369,"geonames_id":"2503826","match_type":"name+coordinate","match_distance_km":0.139}},{"type":"Feature","geometry":{"type":"Point","coordinates":[39.47662353515625,13.496472765758952]},"properties":{"wikidata":"Q332319","display_name":"默克萊","display_name_en":"Mek'elē","kind_detail":"city","population":185207,"sort_key":-740368,"geonames_id":"331180","match_type":"name+coordinate","match_distance_km":0.147}},{"type":"Feature","geometry":{"type":"Point","coordinates":[-65.29998779296875,-24.185594686815634]},"properties":{"wikidata":"Q44217","display_name":"圣萨尔瓦多-德胡胡伊","display_name_en":"San Salvador de Jujuy","kind_detail":"city","population":231229,"sort_key":-740363,"geonames_id":"3836564","match_type":"name+coordinate","match_distance_km":1.042}},{"type":"Feature","geometry":{"type":"Point","coordinates":[-86.87850952148438,12.435235468182057]},"properties":{"wikidata":"Q208151","display_name":"莱昂","display_name_en":"León","kind_detail":"city","population":172148,"sort_key":-740348,"geonames_id":"3618030","match_type":"name+coordinate","match_distance_km":0.013}},{"type":"Feature","geometry":{"type":"Point","coordinates":[-79.20181274414062,-3.9971504646176754]},"properties":{"wikidata":"Q944697","display_name":"洛哈","display_name_en":"Loja","kind_detail":"city","population":180617,"sort_key":-740348,"geonames_id":"3654667","match_type":"name+coordinate","match_distance_km":0.521}},{"type":"Feature","geometry":{"type":"Point","coordinates":[33.586578369140625,-16.160601932351796]},"properties":{"wikidata":"Q388242","display_name":"太特","display_name_en":"Tete","kind_detail":"city","population":152909,"sort_key":-740348,"geonames_id":"1026014","match_type":"name+coordinate","match_distance_km":0.468}},{"type":"Feature","geometry":{"type":"Point","coordinates":[61.494598388671875,31.02822456871114]},"properties":{"wikidata":"Q139024","display_name":"扎博尔","display_name_en":"Zabol","kind_detail":"city","population":140000,"sort_key":-740348,"match_type":"machine-transliterated"}},{"type":"Feature","geometry":{"type":"Point","coordinates":[26.915130615234375,46.55602736725248]},"properties":{"wikidata":"Q10737004","display_name":"巴克乌","display_name_en":"Bacău","kind_detail":"city","population":144307,"sort_key":-740347,"match_type":"machine-transliterated"}},{"type":"Feature","geometry":{"type":"Point","coordinates":[29.821014404296875,-19.461412996832877]},"properties":{"wikidata":"Q399316","display_name":"圭鲁","display_name_en":"Gweru","kind_detail":"city","population":141260,"sort_key":-740347,"match_type":"machine-transliterated"}},{"type":"Feature","geometry":{"type":"Point","coordinates":[25.918121337890625,-2.9498982876441744]},"properties":{"wikidata":"Q270225","display_name":"金杜","display_name_en":"Kindu","kind_detail":"city","population":170000,"sort_key":-740347,"geonames_id":"212902","match_type":"name+coordinate","match_distance_km":0.832}},{"type":"Feature","geometry":{"type":"Point","coordinates":[46.24420166015625,37.390890856417045]},"properties":{"wikidata":"Q605021","display_name":"马拉盖","display_name_en":"Maragheh","kind_detail":"city","population":163000,"sort_key":-740347,"match_type":"machine-transliterated"}},{"type":"Feature","geometry":{"type":"Point","coordinates":[-83.63204956054688,32.84036602561055]},"properties":{"wikidata":"Q219656","display_name":"梅肯","display_name_en":"Macon","kind_detail":"city","population":152663,"sort_key":-740347,"geonames_id":"4207400","match_type":"name+coordinate","match_distance_km":0.049}},{"type":"Feature","geometry":{"type":"Point","coordinates":[34.023284912109375,-11.461182579422228]},"properties":{"wikidata":"Q502216","display_name":"姆祖祖","display_name_en":"Mzuzu","kind_detail":"city","population":150100,"sort_key":-740347,"geonames_id":"925475","match_type":"name+coordinate","match_distance_km":0.562}},{"type":"Feature","geometry":{"type":"Point","coordinates":[40.521697998046875,-12.973780249064319]},"properties":{"wikidata":"Q498048","display_name":"彭巴","display_name_en":"Pemba","kind_detail":"city","population":141316,"sort_key":-740347,"geonames_id":"1028918","match_type":"name+coordinate","match_distance_km":0.428}},{"type":"Feature","geometry":{"type":"Point","coordinates":[-6.2677001953125,13.441716464198777]},"properties":{"wikidata":"Q333476","display_name":"塞古","display_name_en":"Ségou","kind_detail":"city","population":165000,"sort_key":-740347,"geonames_id":"2451478","match_type":"name+coordinate","match_distance_km":0.904}},{"type":"Feature","geometry":{"type":"Point","coordinates":[-123.03314208984375,44.939529212272305]},"properties":{"wikidata":"Q43919","display_name":"塞勒姆","display_name_en":"Salem","kind_detail":"city","population":155469,"sort_key":-740347,"geonames_id":"5750162","match_type":"name+coordinate","match_distance_km":0.405}},{"type":"Feature","geometry":{"type":"Point","coordinates":[29.137115478515625,-3.405128747044458]},"properties":{"wikidata":"Q923687","display_name":"乌维拉","display_name_en":"Uvira","kind_detail":"city","population":170000,"sort_key":-740347,"match_type":"machine-transliterated"}},{"type":"Feature","geometry":{"type":"Point","coordinates":[75.03799438476562,29.537619205973428]},"properties":{"wikidata":"Q1797298","display_name":"西尔萨","display_name_en":"Sirsa","kind_detail":"city","population":182500,"sort_key":-740347,"geonames_id":"1256052","match_type":"name+coordinate","match_distance_km":0.923}},{"type":"Feature","geometry":{"type":"Point","coordinates":[74.1961669921875,30.145127183376133]},"properties":{"wikidata":"Q490878","display_name":"阿博赫尔","display_name_en":"Abohar","kind_detail":"city","population":145238,"sort_key":-740346,"geonames_id":"1279403","match_type":"name+coordinate","match_distance_km":0.091}},{"type":"Feature","geometry":{"type":"Point","coordinates":[34.048004150390625,37.51408316810111]},"properties":{"wikidata":"Q996056","display_name":"埃雷利","display_name_en":"Eregli","kind_detail":"town","population":142818,"sort_key":-740346,"geonames_id":"315498","match_type":"name+coordinate","match_distance_km":0.141}},{"type":"Feature","geometry":{"type":"Point","coordinates":[-73.135986328125,-40.57328324298056]},"properties":{"wikidata":"Q51059","display_name":"奥索尔诺","display_name_en":"Osorno","kind_detail":"city","population":147666,"sort_key":-740346,"match_type":"machine-transliterated"}},{"type":"Feature","geometry":{"type":"Point","coordinates":[28.307647705078125,-26.19364441820757]},"properties":{"wikidata":"Q818106","display_name":"伯诺尼","display_name_en":"Benoni","kind_detail":"town","population":158777,"sort_key":-740346,"geonames_id":"1020098","match_type":"name+coordinate","match_distance_km":1.431}},{"type":"Feature","geometry":{"type":"Point","coordinates":[-84.19097900390625,39.758935706729034]},"properties":{"wikidata":"Q34739","display_name":"代顿","display_name_en":"Dayton","kind_detail":"city","population":156771,"sort_key":-740346,"geonames_id":"4509884","match_type":"name+coordinate","match_distance_km":0.054}},{"type":"Feature","geometry":{"type":"Point","coordinates":[-12.8265380859375,10.036471432502282]},"properties":{"wikidata":"Q997057","display_name":"金迪亚","display_name_en":"Kindia","kind_detail":"city","population":181126,"sort_key":-740346,"match_type":"machine-transliterated"}},{"type":"Feature","geometry":{"type":"Point","coordinates":[-68.92684936523438,-22.461802035333974]},"properties":{"wikidata":"Q3685","display_name":"卡拉馬","display_name_en":"Calama","kind_detail":"city","population":157575,"sort_key":-740346,"geonames_id":"3897347","match_type":"name+coordinate","match_distance_km":0.656}},{"type":"Feature","geometry":{"type":"Point","coordinates":[-103.7274169921875,19.243736176569485]},"properties":{"wikidata":"Q61320","display_name":"科利马市","display_name_en":"Colima City","kind_detail":"city","population":146965,"sort_key":-740346,"match_type":"machine-transliterated"}},{"type":"Feature","geometry":{"type":"Point","coordinates":[45.72235107421875,36.76529191711623]},"properties":{"wikidata":"Q335518","display_name":"马哈巴德","display_name_en":"Mahabad","kind_detail":"town","population":168393,"sort_key":-740346,"match_type":"machine-transliterated"}},{"type":"Feature","geometry":{"type":"Point","coordinates":[7.1026611328125,13.501814172428666]},"properties":{"wikidata":"Q664550","display_name":"马拉迪","display_name_en":"Maradi","kind_detail":"city","population":174485,"sort_key":-740346,"match_type":"machine-transliterated"}},{"type":"Feature","geometry":{"type":"Point","coordinates":[33.80767822265625,-1.499462596549975]},"properties":{"wikidata":"Q847315","display_name":"穆索馬","display_name_en":"Musoma","kind_detail":"city","population":164172,"sort_key":-740346,"geonames_id":"152451","match_type":"name+coordinate","match_distance_km":0.856}},{"type":"Feature","geometry":{"type":"Point","coordinates":[-40.0726318359375,-13.860747174825406]},"properties":{"wikidata":"Q630203","display_name":"热基耶","display_name_en":"Jequié","kind_detail":"city","population":158813,"sort_key":-740346,"geonames_id":"3459943","match_type":"name+coordinate","match_distance_km":1.366}},{"type":"Feature","geometry":{"type":"Point","coordinates":[50.8502197265625,32.32543606090532]},"properties":{"wikidata":"Q386649","display_name":"沙赫尔科尔德","display_name_en":"Shahr-e Kord","kind_detail":"city","population":159775,"sort_key":-740346,"match_type":"machine-transliterated"}},{"type":"Feature","geometry":{"type":"Point","coordinates":[-39.04541015625,-14.792144306318733]},"properties":{"wikidata":"Q373705","display_name":"伊列乌斯","display_name_en":"Ilhéus","kind_detail":"city","population":178649,"sort_key":-740346,"geonames_id":"3461408","match_type":"name+coordinate","match_distance_km":1.609}},{"type":"Feature","geometry":{"type":"Point","coordinates":[-123.09494018554688,44.050089820756796]},"properties":{"wikidata":"Q171224","display_name":"尤金","display_name_en":"Eugene","kind_detail":"city","population":159150,"sort_key":-740346,"geonames_id":"5725846","match_type":"name+coordinate","match_distance_km":0.691}},{"type":"Feature","geometry":{"type":"Point","coordinates":[-80.9912109375,46.49271992812274]},"properties":{"wikidata":"Q383434","display_name":"大薩德伯里","display_name_en":"Sudbury","kind_detail":"city","population":161531,"sort_key":-740345,"geonames_id":"5964700","match_type":"name+coordinate","match_distance_km":0.316}},{"type":"Feature","geometry":{"type":"Point","coordinates":[-119.49554443359375,49.88755653624284]},"properties":{"wikidata":"Q232226","display_name":"基隆拿","display_name_en":"Kelowna","kind_detail":"city","population":144576,"sort_key":-740345,"geonames_id":"5990579","match_type":"name+coordinate","match_distance_km":0.865}},{"type":"Feature","geometry":{"type":"Point","coordinates":[-16.07574462890625,14.139239041256886]},"properties":{"wikidata":"Q847677","display_name":"考拉克","display_name_en":"Kaolack","kind_detail":"city","population":172305,"sort_key":-740345,"match_type":"machine-transliterated"}},{"type":"Feature","geometry":{"type":"Point","coordinates":[-70.33172607421875,-27.36688903238131]},"properties":{"wikidata":"Q3868","display_name":"科皮亞波","display_name_en":"Copiapó","kind_detail":"city","population":150804,"sort_key":-740345,"geonames_id":"3893656","match_type":"name+coordinate","match_distance_km":0.07}},{"type":"Feature","geometry":{"type":"Point","coordinates":[24.871673583984375,44.856842302215085]},"properties":{"wikidata":"Q187938","display_name":"皮特什蒂","display_name_en":"Pitești","kind_detail":"city","population":155383,"sort_key":-740345,"match_type":"machine-transliterated"}},{"type":"Feature","geometry":{"type":"Point","coordinates":[-121.65435791015625,36.67392633932809]},"properties":{"wikidata":"Q488125","display_name":"萨利纳斯","display_name_en":"Salinas","kind_detail":"city","population":157380,"sort_key":-740345,"geonames_id":"5391295","match_type":"name+coordinate","match_distance_km":0.436}},{"type":"Feature","geometry":{"type":"Point","coordinates":[-66.85592651367188,-29.41328295182622]},"properties":{"wikidata":"Q44236","display_name":"拉里奧哈","display_name_en":"La Rioja","kind_detail":"city","population":180219,"sort_key":-740344,"geonames_id":"3848950","match_type":"name+coordinate","match_distance_km":0.043}},{"type":"Feature","geometry":{"type":"Point","coordinates":[-78.64837646484375,-1.6738036204847901]},"properties":{"wikidata":"Q478675","display_name":"里奧班巴","display_name_en":"Riobamba","kind_detail":"city","population":170000,"sort_key":-740344,"geonames_id":"3652350","match_type":"name+coordinate","match_distance_km":1.518}},{"type":"Feature","geometry":{"type":"Point","coordinates":[35.245513916015625,-13.300093528070917]},"properties":{"wikidata":"Q667650","display_name":"利欣加","display_name_en":"Lichinga","kind_detail":"city","population":142253,"sort_key":-740344,"geonames_id":"1043893","match_type":"name+coordinate","match_distance_km":1.509}},{"type":"Feature","geometry":{"type":"Point","coordinates":[-89.0936279296875,42.27121191118536]},"properties":{"wikidata":"Q233892","display_name":"罗克福德","display_name_en":"Rockford","kind_detail":"city","population":148655,"sort_key":-740344,"geonames_id":"4907959","match_type":"name+coordinate","match_distance_km":0.032}},{"type":"Feature","geometry":{"type":"Point","coordinates":[28.2403564453125,-12.551882604893365]},"properties":{"wikidata":"Q636209","display_name":"穆富利拉","display_name_en":"Mufulira","kind_detail":"town","population":161601,"sort_key":-740344,"match_type":"machine-transliterated"}},{"type":"Feature","geometry":{"type":"Point","coordinates":[-88.29574584960938,18.50305208056976]},"properties":{"wikidata":"Q459553","display_name":"切图马尔","display_name_en":"Chetumal","kind_detail":"city","population":169028,"sort_key":-740344,"geonames_id":"3531023","match_type":"name+coordinate","match_distance_km":2.031}},{"type":"Feature","geometry":{"type":"Point","coordinates":[-76.3604736328125,-6.48725434435805]},"properties":{"wikidata":"Q927933","display_name":"塔拉波托","display_name_en":"Tarapoto","kind_detail":"city","population":176000,"sort_key":-740344,"geonames_id":"3691474","match_type":"name+coordinate","match_distance_km":1.669}},{"type":"Feature","geometry":{"type":"Point","coordinates":[-76.14761352539062,43.04781622541023]},"properties":{"wikidata":"Q128069","display_name":"锡拉丘兹","display_name_en":"Syracuse","kind_detail":"city","population":148620,"sort_key":-740344,"geonames_id":"5140405","match_type":"name+coordinate","match_distance_km":0.037}},{"type":"Feature","geometry":{"type":"Point","coordinates":[-44.99725341796875,-12.14406070974762]},"properties":{"wikidata":"Q1384520","display_name":"巴雷拉斯","display_name_en":"Barreiras","kind_detail":"city","population":159734,"sort_key":-740343,"match_type":"machine-transliterated"}},{"type":"Feature","geometry":{"type":"Point","coordinates":[69.61074829101562,21.640834741088895]},"properties":{"wikidata":"Q6419912","display_name":"博尔本德尔","display_name_en":"Porbandar","kind_detail":"city","population":152100,"sort_key":-740343,"geonames_id":"1259395","match_type":"name+coordinate","match_distance_km":0.213}},{"type":"Feature","geometry":{"type":"Point","coordinates":[-36.492462158203125,-8.890498870150509]},"properties":{"wikidata":"Q771575","display_name":"加拉尼温斯","display_name_en":"Garanhuns","kind_detail":"city","population":142526,"sort_key":-740343,"match_type":"machine-transliterated"}},{"type":"Feature","geometry":{"type":"Point","coordinates":[-118.135986328125,34.697590256330386]},"properties":{"wikidata":"Q494711","display_name":"蘭開斯特","display_name_en":"Lancaster","kind_detail":"city","population":140804,"sort_key":-740343,"geonames_id":"5364940","match_type":"name+coordinate","match_distance_km":0.085}},{"type":"Feature","geometry":{"type":"Point","coordinates":[119.62326049804688,-4.005370126452021]},"properties":{"wikidata":"Q14636","display_name":"帕雷帕雷","display_name_en":"Pare-Pare","kind_detail":"city","population":152922,"sort_key":-740343,"match_type":"machine-transliterated"}},{"type":"Feature","geometry":{"type":"Point","coordinates":[-48.878173828125,-1.7218477032945287]},"properties":{"wikidata":"Q1615298","display_name":"阿巴埃图巴","display_name_en":"Abaetetuba","kind_detail":"town","population":158188,"sort_key":-740342,"match_type":"machine-transliterated"}},{"type":"Feature","geometry":{"type":"Point","coordinates":[-79.93927001953125,32.78842902722552]},"properties":{"wikidata":"Q47716","display_name":"查尔斯顿","display_name_en":"Charleston","kind_detail":"city","population":157665,"sort_key":-740342,"geonames_id":"4574324","match_type":"name+coordinate","match_distance_km":1.478}},{"type":"Feature","geometry":{"type":"Point","coordinates":[20.919342041015625,44.013558506564664]},"properties":{"wikidata":"Q167394","display_name":"克拉古耶瓦茨","display_name_en":"Kragujevac","kind_detail":"city","population":146315,"sort_key":-740342,"geonames_id":"789128","match_type":"name+coordinate","match_distance_km":0.407}},{"type":"Feature","geometry":{"type":"Point","coordinates":[-64.34829711914062,-33.12375082971021]},"properties":{"wikidata":"Q983451","display_name":"里奥夸尔托","display_name_en":"Río Cuarto","kind_detail":"city","population":158298,"sort_key":-740342,"geonames_id":"3838874","match_type":"name+coordinate","match_distance_km":0.85}},{"type":"Feature","geometry":{"type":"Point","coordinates":[27.239227294921875,31.352464181958467]},"properties":{"wikidata":"Q393829","display_name":"马特鲁港","display_name_en":"Marsa Matruh","kind_detail":"city","population":140000,"sort_key":-740342,"match_type":"machine-transliterated"}},{"type":"Feature","geometry":{"type":"Point","coordinates":[-104.31655883789062,19.050435592022225]},"properties":{"wikidata":"Q739908","display_name":"曼萨尼约","display_name_en":"Manzanillo","kind_detail":"city","population":159853,"sort_key":-740342,"geonames_id":"3996663","match_type":"name+coordinate","match_distance_km":7.869}},{"type":"Feature","geometry":{"type":"Point","coordinates":[-122.71453857421875,38.44068226417386]},"properties":{"wikidata":"Q212991","display_name":"聖羅莎","display_name_en":"Santa Rosa","kind_detail":"city","population":174972,"sort_key":-740342,"geonames_id":"5393287","match_type":"name+coordinate","match_distance_km":0.025}},{"type":"Feature","geometry":{"type":"Point","coordinates":[31.622772216796875,-7.9517969238387565]},"properties":{"wikidata":"Q115323","display_name":"松巴萬加","display_name_en":"Sumbawanga","kind_detail":"city","population":182970,"sort_key":-740342,"geonames_id":"149703","match_type":"name+coordinate","match_distance_km":1.785}},{"type":"Feature","geometry":{"type":"Point","coordinates":[-85.308837890625,35.04573815523955]},"properties":{"wikidata":"Q186702","display_name":"查塔努加","display_name_en":"Chattanooga","kind_detail":"city","population":176588,"sort_key":-740341,"geonames_id":"4612862","match_type":"name+coordinate","match_distance_km":0.078}},{"type":"Feature","geometry":{"type":"Point","coordinates":[-72.35183715820312,-37.47049847079871]},"properties":{"wikidata":"Q16910","display_name":"洛桑赫萊斯","display_name_en":"Los Ángeles","kind_detail":"city","population":143023,"sort_key":-740341,"geonames_id":"3882428","match_type":"name+coordinate","match_distance_km":0.182}},{"type":"Feature","geometry":{"type":"Point","coordinates":[-16.50421142578125,16.028655458702517]},"properties":{"wikidata":"Q273779","display_name":"圣路易","display_name_en":"Saint-Louis","kind_detail":"city","population":176000,"sort_key":-740341,"geonames_id":"2246452","match_type":"name+coordinate","match_distance_km":1.963}},{"type":"Feature","geometry":{"type":"Point","coordinates":[-105.07736206054688,40.58684239087907]},"properties":{"wikidata":"Q490732","display_name":"科林斯堡","display_name_en":"Fort Collins","kind_detail":"city","population":148612,"sort_key":-740340,"geonames_id":"5577147","match_type":"name+coordinate","match_distance_km":0.621}},{"type":"Feature","geometry":{"type":"Point","coordinates":[2.879791259765625,33.80653802509606]},"properties":{"wikidata":"Q402733","display_name":"艾格瓦特","display_name_en":"Laghouat","kind_detail":"city","population":144747,"sort_key":-740338,"geonames_id":"2491191","match_type":"name+coordinate","match_distance_km":1.537}},{"type":"Feature","geometry":{"type":"Point","coordinates":[39.634552001953125,11.12315988871724]},"properties":{"wikidata":"Q755752","display_name":"德西","display_name_en":"Dessie","kind_detail":"city","population":169104,"sort_key":-740338,"geonames_id":"339219","match_type":"name+coordinate","match_distance_km":1.139}},{"type":"Feature","geometry":{"type":"Point","coordinates":[-80.14389038085938,26.122151185638344]},"properties":{"wikidata":"Q165972","display_name":"劳德代尔堡","display_name_en":"Fort Lauderdale","kind_detail":"city","population":165521,"sort_key":-740337,"geonames_id":"4155966","match_type":"name+coordinate","match_distance_km":0.054}},{"type":"Feature","geometry":{"type":"Point","coordinates":[-0.037078857421875,39.98553841480975]},"properties":{"wikidata":"Q15092","display_name":"卡斯特利翁-德拉普拉納","display_name_en":"Castelló de la Plana","kind_detail":"city","population":154568,"sort_key":-740321,"geonames_id":"2519752","match_type":"name+coordinate","match_distance_km":1.046}},{"type":"Feature","geometry":{"type":"Point","coordinates":[-65.77926635742188,-28.46869129734815]},"properties":{"wikidata":"Q44162","display_name":"卡塔马卡","display_name_en":"San Fernando del Valle de Catamarca","kind_detail":"city","population":160058,"sort_key":-740321,"geonames_id":"3837702","match_type":"name+coordinate","match_distance_km":0.592}},{"type":"Feature","geometry":{"type":"Point","coordinates":[58.35662841796875,29.10657644568026]},"properties":{"wikidata":"Q106636","display_name":"巴姆","display_name_en":"Bam","kind_detail":"city","population":127396,"sort_key":-740318,"match_type":"machine-transliterated"}},{"type":"Feature","geometry":{"type":"Point","coordinates":[66.46316528320312,30.91636380602182]},"properties":{"wikidata":"Q1017644","display_name":"查曼","display_name_en":"Chaman","kind_detail":"city","population":123191,"sort_key":-740317,"match_type":"machine-transliterated"}},{"type":"Feature","geometry":{"type":"Point","coordinates":[53.6517333984375,28.93605448213667]},"properties":{"wikidata":"Q721034","display_name":"法萨","display_name_en":"Fasa","kind_detail":"town","population":110825,"sort_key":-740317,"match_type":"machine-transliterated"}},{"type":"Feature","geometry":{"type":"Point","coordinates":[-54.106292724609375,-31.33135200955614]},"properties":{"wikidata":"Q119140","display_name":"巴熱","display_name_en":"Bagé","kind_detail":"city","population":117938,"sort_key":-740316,"geonames_id":"3471196","match_type":"name+coordinate","match_distance_km":0.062}},{"type":"Feature","geometry":{"type":"Point","coordinates":[-121.31515502929688,44.05798552253714]},"properties":{"wikidata":"Q671288","display_name":"本德","display_name_en":"Bend","kind_detail":"city","population":111823,"sort_key":-740316,"geonames_id":"5713587","match_type":"name+coordinate","match_distance_km":0.024}},{"type":"Feature","geometry":{"type":"Point","coordinates":[123.18557739257812,13.62463343823616]},"properties":{"wikidata":"Q2207","display_name":"纳迦","display_name_en":"Naga","kind_detail":"city","population":115750,"sort_key":-740316,"match_type":"machine-transliterated"}},{"type":"Feature","geometry":{"type":"Point","coordinates":[33.60992431640625,13.541870908391587]},"properties":{"wikidata":"Q611867","display_name":"森纳尔","display_name_en":"Sennar","kind_detail":"city","population":135581,"sort_key":-740316,"match_type":"machine-transliterated"}},{"type":"Feature","geometry":{"type":"Point","coordinates":[-97.13287353515625,31.55396348176373]},"properties":{"wikidata":"Q128244","display_name":"韦科","display_name_en":"Waco","kind_detail":"city","population":138486,"sort_key":-740316,"geonames_id":"4739526","match_type":"name+coordinate","match_distance_km":1.405}},{"type":"Feature","geometry":{"type":"Point","coordinates":[7.393798828125,18.738605733171013]},"properties":{"wikidata":"Q675806","display_name":"阿爾利特","display_name_en":"Arlit","kind_detail":"city","population":112432,"sort_key":-740315,"geonames_id":"2447513","match_type":"name+coordinate","match_distance_km":0.916}},{"type":"Feature","geometry":{"type":"Point","coordinates":[68.68240356445312,36.12012758978146]},"properties":{"wikidata":"Q732879","display_name":"巴格兰","display_name_en":"Baghlan","kind_detail":"city","population":119607,"sort_key":-740315,"match_type":"machine-transliterated"}},{"type":"Feature","geometry":{"type":"Point","coordinates":[26.829986572265625,45.14911623279028]},"properties":{"wikidata":"Q201404","display_name":"布澤烏","display_name_en":"Buzău","kind_detail":"city","population":115494,"sort_key":-740315,"geonames_id":"683123","match_type":"name+coordinate","match_distance_km":0.28}},{"type":"Feature","geometry":{"type":"Point","coordinates":[28.44635009765625,-14.443989597714946]},"properties":{"wikidata":"Q216902","display_name":"卡布韦","display_name_en":"Kabwe","kind_detail":"city","population":117517,"sort_key":-740315,"geonames_id":"916095","match_type":"name+coordinate","match_distance_km":0.324}},{"type":"Feature","geometry":{"type":"Point","coordinates":[-11.438140869140625,14.443989597714946]},"properties":{"wikidata":"Q325164","display_name":"卡伊","display_name_en":"Kayes","kind_detail":"city","population":127368,"sort_key":-740315,"geonames_id":"2455518","match_type":"name+coordinate","match_distance_km":0.751}},{"type":"Feature","geometry":{"type":"Point","coordinates":[16.939544677734375,-12.384269678111266]},"properties":{"wikidata":"Q843980","display_name":"奎托","display_name_en":"Cuito","kind_detail":"city","population":114000,"sort_key":-740315,"match_type":"machine-transliterated"}},{"type":"Feature","geometry":{"type":"Point","coordinates":[28.889923095703125,-11.201304003588277]},"properties":{"wikidata":"Q997069","display_name":"曼薩","display_name_en":"Mansa","kind_detail":"town","population":129185,"sort_key":-740315,"geonames_id":"907770","match_type":"name+coordinate","match_distance_km":0.508}},{"type":"Feature","geometry":{"type":"Point","coordinates":[-4.189910888671875,14.487871434931577]},"properties":{"wikidata":"Q211227","display_name":"莫普提","display_name_en":"Mopti","kind_detail":"city","population":114296,"sort_key":-740315,"geonames_id":"2453348","match_type":"name+coordinate","match_distance_km":0.847}},{"type":"Feature","geometry":{"type":"Point","coordinates":[31.3714599609375,-8.845722014523602]},"properties":{"wikidata":"Q1014108","display_name":"姆巴拉","display_name_en":"Mbala","kind_detail":"town","population":117823,"sort_key":-740315,"geonames_id":"176146","match_type":"name+coordinate","match_distance_km":0.865}},{"type":"Feature","geometry":{"type":"Point","coordinates":[-111.65817260742188,40.233411907115055]},"properties":{"wikidata":"Q23443","display_name":"普若佛","display_name_en":"Provo","kind_detail":"city","population":115162,"sort_key":-740315,"geonames_id":"5780026","match_type":"name+coordinate","match_distance_km":0.056}},{"type":"Feature","geometry":{"type":"Point","coordinates":[-57.96112060546875,-31.388812925453344]},"properties":{"wikidata":"Q335506","display_name":"萨尔托","display_name_en":"Salto","kind_detail":"city","population":114043,"sort_key":-740315,"geonames_id":"3440714","match_type":"name+coordinate","match_distance_km":0.145}},{"type":"Feature","geometry":{"type":"Point","coordinates":[-102.36785888671875,31.846065691309562]},"properties":{"wikidata":"Q128361","display_name":"敖德薩","display_name_en":"Odessa","kind_detail":"city","population":114428,"sort_key":-740314,"geonames_id":"5527554","match_type":"name+coordinate","match_distance_km":0.048}},{"type":"Feature","geometry":{"type":"Point","coordinates":[-50.47943115234375,-1.6806671337507169]},"properties":{"wikidata":"Q1804770","display_name":"布雷夫斯","display_name_en":"Breves","kind_detail":"city","population":106968,"sort_key":-740314,"match_type":"machine-transliterated"}},{"type":"Feature","geometry":{"type":"Point","coordinates":[31.18743896484375,-10.204109944887222]},"properties":{"wikidata":"Q600893","display_name":"卡薩馬","display_name_en":"Kasama","kind_detail":"city","population":113000,"sort_key":-740314,"geonames_id":"912764","match_type":"name+coordinate","match_distance_km":1.214}},{"type":"Feature","geometry":{"type":"Point","coordinates":[-71.23947143554688,-34.98500313017105]},"properties":{"wikidata":"Q13030","display_name":"庫里科","display_name_en":"Curicó","kind_detail":"city","population":125275,"sort_key":-740314,"geonames_id":"3892870","match_type":"name+coordinate","match_distance_km":0.246}},{"type":"Feature","geometry":{"type":"Point","coordinates":[-71.30813598632812,42.641030591654754]},"properties":{"wikidata":"Q49162","display_name":"羅威爾","display_name_en":"Lowell","kind_detail":"city","population":115554,"sort_key":-740314,"geonames_id":"4942618","match_type":"name+coordinate","match_distance_km":1.071}},{"type":"Feature","geometry":{"type":"Point","coordinates":[-89.58938598632812,40.694175391548754]},"properties":{"wikidata":"Q233129","display_name":"皮奥里亚","display_name_en":"Peoria","kind_detail":"city","population":113150,"sort_key":-740314,"geonames_id":"4905687","match_type":"name+coordinate","match_distance_km":0.067}},{"type":"Feature","geometry":{"type":"Point","coordinates":[-104.61456298828125,38.2640629683396]},"properties":{"wikidata":"Q675576","display_name":"普韋布洛","display_name_en":"Pueblo","kind_detail":"city","population":111876,"sort_key":-740314,"geonames_id":"5435464","match_type":"name+coordinate","match_distance_km":1.169}},{"type":"Feature","geometry":{"type":"Point","coordinates":[5.262451171875,14.890377583430336]},"properties":{"wikidata":"Q877122","display_name":"塔瓦","display_name_en":"Tahoua","kind_detail":"city","population":123373,"sort_key":-740314,"geonames_id":"2439376","match_type":"name+coordinate","match_distance_km":0.746}},{"type":"Feature","geometry":{"type":"Point","coordinates":[-59.135284423828125,-37.32867264506216]},"properties":{"wikidata":"Q1000336","display_name":"坦迪爾","display_name_en":"Tandil","kind_detail":"city","population":116917,"sort_key":-740314,"geonames_id":"3427833","match_type":"name+coordinate","match_distance_km":0.143}},{"type":"Feature","geometry":{"type":"Point","coordinates":[-77.52914428710938,-9.53033169323669]},"properties":{"wikidata":"Q793809","display_name":"瓦拉斯","display_name_en":"Huaraz","kind_detail":"city","population":118836,"sort_key":-740314,"geonames_id":"3696378","match_type":"name+coordinate","match_distance_km":0.469}},{"type":"Feature","geometry":{"type":"Point","coordinates":[-83.37661743164062,33.959308210392024]},"properties":{"wikidata":"Q203263","display_name":"雅典","display_name_en":"Athens","kind_detail":"city","population":127064,"sort_key":-740314,"geonames_id":"4180386","match_type":"name+coordinate","match_distance_km":0.22}},{"type":"Feature","geometry":{"type":"Point","coordinates":[-99.74761962890625,32.44604389085961]},"properties":{"wikidata":"Q128295","display_name":"阿比林","display_name_en":"Abilene","kind_detail":"city","population":125182,"sort_key":-740313,"geonames_id":"4669635","match_type":"name+coordinate","match_distance_km":1.391}},{"type":"Feature","geometry":{"type":"Point","coordinates":[-110.89874267578125,27.921620449508467]},"properties":{"wikidata":"Q985521","display_name":"瓜伊馬斯","display_name_en":"Guaymas","kind_detail":"city","population":117253,"sort_key":-740313,"geonames_id":"4005143","match_type":"name+coordinate","match_distance_km":0.193}},{"type":"Feature","geometry":{"type":"Point","coordinates":[39.640045166015625,-0.4573010528926602]},"properties":{"wikidata":"Q845717","display_name":"加里萨","display_name_en":"Garissa","kind_detail":"city","population":119696,"sort_key":-740313,"geonames_id":"197745","match_type":"name+coordinate","match_distance_km":0.834}},{"type":"Feature","geometry":{"type":"Point","coordinates":[32.622528076171875,41.19518982948961]},"properties":{"wikidata":"Q189697","display_name":"卡拉比克","display_name_en":"Karabük","kind_detail":"city","population":123309,"sort_key":-740313,"geonames_id":"744562","match_type":"name+coordinate","match_distance_km":1.161}},{"type":"Feature","geometry":{"type":"Point","coordinates":[33.64013671875,-25.044548073900188]},"properties":{"wikidata":"Q318299","display_name":"賽賽","display_name_en":"Xai-Xai","kind_detail":"city","population":116343,"sort_key":-740313,"geonames_id":"1024552","match_type":"name+coordinate","match_distance_km":0.917}},{"type":"Feature","geometry":{"type":"Point","coordinates":[-119.29229736328125,36.33061543982086]},"properties":{"wikidata":"Q495373","display_name":"維塞利亞","display_name_en":"Visalia","kind_detail":"city","population":130104,"sort_key":-740313,"geonames_id":"5406567","match_type":"name+coordinate","match_distance_km":0.048}},{"type":"Feature","geometry":{"type":"Point","coordinates":[-108.4954833984375,45.787636672581385]},"properties":{"wikidata":"Q166304","display_name":"比林斯","display_name_en":"Billings","kind_detail":"city","population":117116,"sort_key":-740312,"match_type":"machine-transliterated"}},{"type":"Feature","geometry":{"type":"Point","coordinates":[-46.7633056640625,-1.0573740578261663]},"properties":{"wikidata":"Q320487","display_name":"布拉干萨","display_name_en":"Bragança","kind_detail":"city","population":123082,"sort_key":-740312,"match_type":"machine-transliterated"}},{"type":"Feature","geometry":{"type":"Point","coordinates":[-105.47012329101562,28.19066445292799]},"properties":{"wikidata":"Q1962715","display_name":"德利西亚斯","display_name_en":"Delicias","kind_detail":"city","population":128548,"sort_key":-740312,"geonames_id":"4013720","match_type":"name+coordinate","match_distance_km":0.059}},{"type":"Feature","geometry":{"type":"Point","coordinates":[-81.03515625,34.000304304410236]},"properties":{"wikidata":"Q38453","display_name":"哥伦比亚","display_name_en":"Columbia","kind_detail":"city","population":139698,"sort_key":-740312,"geonames_id":"4575352","match_type":"name+coordinate","match_distance_km":0.055}},{"type":"Feature","geometry":{"type":"Point","coordinates":[41.216583251953125,37.06723173708531]},"properties":{"wikidata":"Q1553052","display_name":"努赛宾","display_name_en":"Nusaybin","kind_detail":"town","population":113728,"sort_key":-740312,"match_type":"machine-transliterated"}},{"type":"Feature","geometry":{"type":"Point","coordinates":[-55.987701416015625,-4.262876843720946]},"properties":{"wikidata":"Q655734","display_name":"伊泰图巴","display_name_en":"Itaituba","kind_detail":"city","population":123314,"sort_key":-740312,"match_type":"machine-transliterated"}},{"type":"Feature","geometry":{"type":"Point","coordinates":[-75.47195434570312,40.60248414630206]},"properties":{"wikidata":"Q142811","display_name":"阿伦敦","display_name_en":"Allentown","kind_detail":"city","population":120443,"sort_key":-740311,"geonames_id":"5178127","match_type":"name+coordinate","match_distance_km":1.675}},{"type":"Feature","geometry":{"type":"Point","coordinates":[-83.748779296875,42.28137302193454]},"properties":{"wikidata":"Q485172","display_name":"安娜堡","display_name_en":"Ann Arbor","kind_detail":"city","population":123851,"sort_key":-740311,"geonames_id":"4984247","match_type":"name+coordinate","match_distance_km":0.776}},{"type":"Feature","geometry":{"type":"Point","coordinates":[9.935760498046875,51.532668606741595]},"properties":{"wikidata":"Q3033","display_name":"哥廷根","display_name_en":"Göttingen","kind_detail":"city","population":135887,"sort_key":-740311,"geonames_id":"2918632","match_type":"name+coordinate","match_distance_km":0.31}},{"type":"Feature","geometry":{"type":"Point","coordinates":[-88.01284790039062,44.51217617107105]},"properties":{"wikidata":"Q47430","display_name":"格林贝","display_name_en":"Green Bay","kind_detail":"city","population":107395,"sort_key":-740311,"geonames_id":"5254962","match_type":"name+coordinate","match_distance_km":0.954}},{"type":"Feature","geometry":{"type":"Point","coordinates":[-92.01736450195312,30.225848323247703]},"properties":{"wikidata":"Q128891","display_name":"拉法葉","display_name_en":"Lafayette","kind_detail":"city","population":121324,"sort_key":-740311,"geonames_id":"4330145","match_type":"name+coordinate","match_distance_km":0.308}},{"type":"Feature","geometry":{"type":"Point","coordinates":[18.39385986328125,9.140062680239737]},"properties":{"wikidata":"Q337530","display_name":"萨尔","display_name_en":"Sarh","kind_detail":"city","population":113000,"sort_key":-740311,"match_type":"machine-transliterated"}},{"type":"Feature","geometry":{"type":"Point","coordinates":[-87.572021484375,37.97018468810549]},"properties":{"wikidata":"Q486459","display_name":"埃文斯維爾","display_name_en":"Evansville","kind_detail":"city","population":115738,"sort_key":-740310,"geonames_id":"4257227","match_type":"name+coordinate","match_distance_km":1.506}},{"type":"Feature","geometry":{"type":"Point","coordinates":[-73.18817138671875,41.17968758574463]},"properties":{"wikidata":"Q49174","display_name":"布里奇波特","display_name_en":"Bridgeport","kind_detail":"city","population":137912,"sort_key":-740310,"geonames_id":"5282804","match_type":"name+coordinate","match_distance_km":0.118}},{"type":"Feature","geometry":{"type":"Point","coordinates":[102.09869384765625,14.97530000537023]},"properties":{"wikidata":"Q633036","display_name":"呵叻","display_name_en":"Nakhon Ratchasima","kind_detail":"city","population":126391,"sort_key":-740310,"geonames_id":"1608529","match_type":"name+coordinate","match_distance_km":0.624}},{"type":"Feature","geometry":{"type":"Point","coordinates":[-106.78024291992188,32.31383067137085]},"properties":{"wikidata":"Q33264","display_name":"拉斯克鲁塞斯","display_name_en":"Las Cruces","kind_detail":"city","population":116998,"sort_key":-740310,"geonames_id":"5475352","match_type":"name+coordinate","match_distance_km":0.245}},{"type":"Feature","geometry":{"type":"Point","coordinates":[-113.58352661132812,37.10995544464346]},"properties":{"wikidata":"Q52472","display_name":"圣乔治","display_name_en":"St. George","kind_detail":"city","population":108713,"sort_key":-740310,"match_type":"machine-transliterated"}},{"type":"Feature","geometry":{"type":"Point","coordinates":[-68.33084106445312,-34.61286625296407]},"properties":{"wikidata":"Q23044","display_name":"聖拉斐爾","display_name_en":"San Rafael","kind_detail":"city","population":118850,"sort_key":-740310,"geonames_id":"3836669","match_type":"name+coordinate","match_distance_km":0.306}},{"type":"Feature","geometry":{"type":"Point","coordinates":[-82.32467651367188,29.652255607121887]},"properties":{"wikidata":"Q487999","display_name":"蓋恩斯維爾","display_name_en":"Gainesville","kind_detail":"city","population":116616,"sort_key":-740309,"geonames_id":"4156404","match_type":"name+coordinate","match_distance_km":0.071}},{"type":"Feature","geometry":{"type":"Point","coordinates":[5.321502685546875,31.94400530772485]},"properties":{"wikidata":"Q852469","display_name":"瓦尔格拉","display_name_en":"Ouargla","kind_detail":"city","population":133024,"sort_key":-740308,"geonames_id":"2485801","match_type":"name+coordinate","match_distance_km":0.678}},{"type":"Feature","geometry":{"type":"Point","coordinates":[-91.669921875,41.97582726102573]},"properties":{"wikidata":"Q486439","display_name":"錫達拉皮茲","display_name_en":"Cedar Rapids","kind_detail":"city","population":137710,"sort_key":-740308,"geonames_id":"4850751","match_type":"name+coordinate","match_distance_km":4.198}},{"type":"Feature","geometry":{"type":"Point","coordinates":[16.074371337890625,8.566083821771855]},"properties":{"wikidata":"Q333074","display_name":"蒙杜","display_name_en":"Moundou","kind_detail":"city","population":137929,"sort_key":-740307,"geonames_id":"2427455","match_type":"name+coordinate","match_distance_km":0.973}},{"type":"Feature","geometry":{"type":"Point","coordinates":[-41.507720947265625,-17.858518676113988]},"properties":{"wikidata":"Q1637552","display_name":"特奥菲卢奥托尼","display_name_en":"Teófilo Otoni","kind_detail":"city","population":137418,"sort_key":-740307,"geonames_id":"3446621","match_type":"name+coordinate","match_distance_km":0.282}},{"type":"Feature","geometry":{"type":"Point","coordinates":[-80.05325317382812,26.71494706665571]},"properties":{"wikidata":"Q163749","display_name":"西棕榈滩","display_name_en":"West Palm Beach","kind_detail":"city","population":117415,"sort_key":-740305,"geonames_id":"4177887","match_type":"name+coordinate","match_distance_km":0.045}},{"type":"Feature","geometry":{"type":"Point","coordinates":[-10.0579833984375,28.98651987182332]},"properties":{"wikidata":"Q842806","display_name":"蓋勒敏","display_name_en":"Guelmim","kind_detail":"city","population":117000,"sort_key":-740301,"geonames_id":"2548526","match_type":"name+coordinate","match_distance_km":0.076}},{"type":"Feature","geometry":{"type":"Point","coordinates":[42.5994873046875,20.000450940396576]},"properties":{"wikidata":"Q27135","display_name":"比沙","display_name_en":"Bishah","kind_detail":"city","population":86201,"sort_key":-740284,"match_type":"machine-transliterated"}},{"type":"Feature","geometry":{"type":"Point","coordinates":[-80.0848388671875,42.129802840361776]},"properties":{"wikidata":"Q234061","display_name":"伊利","display_name_en":"Erie","kind_detail":"city","population":91970,"sort_key":-740284,"geonames_id":"5188843","match_type":"name+coordinate","match_distance_km":0.067}},{"type":"Feature","geometry":{"type":"Point","coordinates":[-114.620361328125,32.72144325007592]},"properties":{"wikidata":"Q79820","display_name":"尤馬","display_name_en":"Yuma","kind_detail":"city","population":103559,"sort_key":-740284,"geonames_id":"5322053","match_type":"name+coordinate","match_distance_km":0.573}},{"type":"Feature","geometry":{"type":"Point","coordinates":[-111.97402954101562,41.223084618644435]},"properties":{"wikidata":"Q52471","display_name":"奥格登","display_name_en":"Ogden","kind_detail":"city","population":87321,"sort_key":-740283,"geonames_id":"5779206","match_type":"name+coordinate","match_distance_km":0.019}},{"type":"Feature","geometry":{"type":"Point","coordinates":[-96.36932373046875,30.674534272484294]},"properties":{"wikidata":"Q695556","display_name":"布賴恩","display_name_en":"Bryan","kind_detail":"city","population":83980,"sort_key":-740283,"geonames_id":"4677008","match_type":"name+coordinate","match_distance_km":0.064}},{"type":"Feature","geometry":{"type":"Point","coordinates":[3.19427490234375,13.050047918030103]},"properties":{"wikidata":"Q985620","display_name":"多索","display_name_en":"Dosso","kind_detail":"city","population":91488,"sort_key":-740283,"match_type":"machine-transliterated"}},{"type":"Feature","geometry":{"type":"Point","coordinates":[58.4637451171875,35.24449753934067]},"properties":{"wikidata":"Q720403","display_name":"克什马尔","display_name_en":"Kashmar","kind_detail":"town","population":92000,"sort_key":-740283,"match_type":"machine-transliterated"}},{"type":"Feature","geometry":{"type":"Point","coordinates":[39.714202880859375,-9.99860550500837]},"properties":{"wikidata":"Q829886","display_name":"林迪","display_name_en":"Lindi","kind_detail":"town","population":95096,"sort_key":-740283,"geonames_id":"878281","match_type":"name+coordinate","match_distance_km":0.302}},{"type":"Feature","geometry":{"type":"Point","coordinates":[28.36395263671875,37.215018845563236]},"properties":{"wikidata":"Q216912","display_name":"穆拉","display_name_en":"Muğla","kind_detail":"city","population":82717,"sort_key":-740283,"geonames_id":"304184","match_type":"name+coordinate","match_distance_km":0.407}},{"type":"Feature","geometry":{"type":"Point","coordinates":[-121.83700561523438,39.72831341029746]},"properties":{"wikidata":"Q432152","display_name":"奇科","display_name_en":"Chico","kind_detail":"city","population":90316,"sort_key":-740283,"geonames_id":"5336269","match_type":"name+coordinate","match_distance_km":0.045}},{"type":"Feature","geometry":{"type":"Point","coordinates":[35.3265380859375,-15.386163538438808]},"properties":{"wikidata":"Q219117","display_name":"松巴","display_name_en":"Zomba","kind_detail":"city","population":101140,"sort_key":-740283,"geonames_id":"923295","match_type":"name+coordinate","match_distance_km":0.83}},{"type":"Feature","geometry":{"type":"Point","coordinates":[-95.3009033203125,32.35096268211342]},"properties":{"wikidata":"Q499169","display_name":"泰勒","display_name_en":"Tyler","kind_detail":"city","population":105995,"sort_key":-740283,"geonames_id":"4738214","match_type":"name+coordinate","match_distance_km":0.036}},{"type":"Feature","geometry":{"type":"Point","coordinates":[40.05889892578125,1.7506735738537031]},"properties":{"wikidata":"Q730791","display_name":"瓦吉爾","display_name_en":"Wajir","kind_detail":"town","population":82800,"sort_key":-740283,"geonames_id":"178443","match_type":"name+coordinate","match_distance_km":0.434}},{"type":"Feature","geometry":{"type":"Point","coordinates":[143.62701416015625,-3.554541432370172]},"properties":{"wikidata":"Q1017763","display_name":"韦瓦克","display_name_en":"Wewak","kind_detail":"city","population":88479,"sort_key":-740283,"geonames_id":"2083537","match_type":"name+coordinate","match_distance_km":0.8}},{"type":"Feature","geometry":{"type":"Point","coordinates":[1.9940185546875,7.182650846809324]},"properties":{"wikidata":"Q189685","display_name":"阿波美","display_name_en":"Abomey","kind_detail":"city","population":100000,"sort_key":-740282,"match_type":"machine-transliterated"}},{"type":"Feature","geometry":{"type":"Point","coordinates":[-46.036834716796875,-7.532680021759205]},"properties":{"wikidata":"Q1813001","display_name":"巴尔萨斯","display_name_en":"Balsas","kind_detail":"city","population":101767,"sort_key":-740282,"match_type":"machine-transliterated"}},{"type":"Feature","geometry":{"type":"Point","coordinates":[-92.10525512695312,46.78407569031799]},"properties":{"wikidata":"Q485708","display_name":"杜魯斯","display_name_en":"Duluth","kind_detail":"city","population":86265,"sort_key":-740282,"geonames_id":"5024719","match_type":"name+coordinate","match_distance_km":0.135}},{"type":"Feature","geometry":{"type":"Point","coordinates":[30.0860595703125,0.17303440494083588]},"properties":{"wikidata":"Q1232016","display_name":"卡塞塞","display_name_en":"Kasese","kind_detail":"city","population":101679,"sort_key":-740282,"geonames_id":"232066","match_type":"name+coordinate","match_distance_km":1.184}},{"type":"Feature","geometry":{"type":"Point","coordinates":[35.602569580078125,3.1172049586002544]},"properties":{"wikidata":"Q995707","display_name":"洛德瓦爾","display_name_en":"Lodwar","kind_detail":"town","population":82970,"sort_key":-740282,"geonames_id":"189280","match_type":"name+coordinate","match_distance_km":0.745}},{"type":"Feature","geometry":{"type":"Point","coordinates":[-120.48431396484375,37.3024600747823]},"properties":{"wikidata":"Q499189","display_name":"美熹德","display_name_en":"Merced","kind_detail":"city","population":83316,"sort_key":-740282,"geonames_id":"5372253","match_type":"name+coordinate","match_distance_km":0.123}},{"type":"Feature","geometry":{"type":"Point","coordinates":[-81.2713623046875,-4.579162755975744]},"properties":{"wikidata":"Q723584","display_name":"塔拉拉","display_name_en":"Talara","kind_detail":"city","population":91444,"sort_key":-740282,"geonames_id":"3691582","match_type":"name+coordinate","match_distance_km":0.225}},{"type":"Feature","geometry":{"type":"Point","coordinates":[-80.45974731445312,-3.57098907496993]},"properties":{"wikidata":"Q827640","display_name":"通贝斯","display_name_en":"Tumbes","kind_detail":"city","population":96946,"sort_key":-740282,"geonames_id":"3691148","match_type":"name+coordinate","match_distance_km":2.537}},{"type":"Feature","geometry":{"type":"Point","coordinates":[-78.76510620117188,1.8069513703020874]},"properties":{"wikidata":"Q1005555","display_name":"圖馬科","display_name_en":"Tumaco","kind_detail":"city","population":105832,"sort_key":-740282,"geonames_id":"3666640","match_type":"name+coordinate","match_distance_km":3.541}},{"type":"Feature","geometry":{"type":"Point","coordinates":[-44.781646728515625,-4.231377888253547]},"properties":{"wikidata":"Q1807313","display_name":"巴卡巴尔","display_name_en":"Bacabal","kind_detail":"city","population":103711,"sort_key":-740281,"match_type":"machine-transliterated"}},{"type":"Feature","geometry":{"type":"Point","coordinates":[29.71527099609375,11.008600512884058]},"properties":{"wikidata":"Q1011819","display_name":"卡杜格利","display_name_en":"Kadugli","kind_detail":"city","population":92674,"sort_key":-740281,"match_type":"machine-transliterated"}},{"type":"Feature","geometry":{"type":"Point","coordinates":[-57.6507568359375,-19.00110129769054]},"properties":{"wikidata":"Q271215","display_name":"科伦巴","display_name_en":"Corumbá","kind_detail":"city","population":96268,"sort_key":-740281,"match_type":"machine-transliterated"}},{"type":"Feature","geometry":{"type":"Point","coordinates":[-122.39181518554688,40.58684239087907]},"properties":{"wikidata":"Q495361","display_name":"雷丁","display_name_en":"Redding","kind_detail":"city","population":91582,"sort_key":-740281,"geonames_id":"5570160","match_type":"name+coordinate","match_distance_km":0.036}},{"type":"Feature","geometry":{"type":"Point","coordinates":[-79.9420166015625,37.27077435856147]},"properties":{"wikidata":"Q501796","display_name":"羅阿諾克","display_name_en":"Roanoke","kind_detail":"city","population":99111,"sort_key":-740281,"geonames_id":"4782167","match_type":"name+coordinate","match_distance_km":0.056}},{"type":"Feature","geometry":{"type":"Point","coordinates":[-49.66644287109375,-3.766967094534877]},"properties":{"wikidata":"Q374432","display_name":"图库鲁伊","display_name_en":"Tucuruí","kind_detail":"city","population":91306,"sort_key":-740281,"match_type":"machine-transliterated"}},{"type":"Feature","geometry":{"type":"Point","coordinates":[1.121978759765625,7.532680021759205]},"properties":{"wikidata":"Q126124","display_name":"阿塔帕梅","display_name_en":"Atakpamé","kind_detail":"city","population":87000,"sort_key":-740280,"geonames_id":"2367886","match_type":"name+coordinate","match_distance_km":1.253}},{"type":"Feature","geometry":{"type":"Point","coordinates":[-98.162841796875,26.300802009052887]},"properties":{"wikidata":"Q978246","display_name":"爱丁堡","display_name_en":"Edinburg","kind_detail":"city","population":100243,"sort_key":-740280,"match_type":"machine-transliterated"}},{"type":"Feature","geometry":{"type":"Point","coordinates":[-64.90447998046875,-14.834629037217994]},"properties":{"wikidata":"Q34986","display_name":"特立尼达","display_name_en":"Trinidad","kind_detail":"city","population":101628,"sort_key":-740280,"geonames_id":"3902377","match_type":"name+coordinate","match_distance_km":0.293}},{"type":"Feature","geometry":{"type":"Point","coordinates":[77.10067749023438,13.340183927452813]},"properties":{"wikidata":"Q911310","display_name":"图马库鲁","display_name_en":"Tumakuru","kind_detail":"city","population":100000,"sort_key":-740280,"match_type":"machine-transliterated"}},{"type":"Feature","geometry":{"type":"Point","coordinates":[-87.83157348632812,42.36057345238456]},"properties":{"wikidata":"Q578289","display_name":"沃基根","display_name_en":"Waukegan","kind_detail":"city","population":89321,"sort_key":-740280,"geonames_id":"4915734","match_type":"name+coordinate","match_distance_km":1.138}},{"type":"Feature","geometry":{"type":"Point","coordinates":[20.85205078125,39.66385658292617]},"properties":{"wikidata":"Q183199","display_name":"约阿尼纳","display_name_en":"Ioannina","kind_detail":"city","population":89061,"sort_key":-740280,"geonames_id":"261779","match_type":"name+coordinate","match_distance_km":0.052}},{"type":"Feature","geometry":{"type":"Point","coordinates":[-60.32318115234375,-36.89389967838269]},"properties":{"wikidata":"Q1004149","display_name":"奧拉瓦里亞","display_name_en":"Olavarría","kind_detail":"city","population":102907,"sort_key":-740279,"geonames_id":"3842670","match_type":"name+coordinate","match_distance_km":0.007}},{"type":"Feature","geometry":{"type":"Point","coordinates":[-90.57540893554688,41.52297326747376]},"properties":{"wikidata":"Q26887","display_name":"達文波特","display_name_en":"Davenport","kind_detail":"city","population":101724,"sort_key":-740279,"geonames_id":"4853423","match_type":"name+coordinate","match_distance_km":0.2}},{"type":"Feature","geometry":{"type":"Point","coordinates":[77.310791015625,28.403480802362708]},"properties":{"wikidata":"Q200663","display_name":"法里达巴德","display_name_en":"Faridabad","kind_detail":"city","population":100000,"sort_key":-740279,"match_type":"machine-transliterated"}},{"type":"Feature","geometry":{"type":"Point","coordinates":[-56.732025146484375,-2.634416735282173]},"properties":{"wikidata":"Q926713","display_name":"帕林廷斯","display_name_en":"Parintins","kind_detail":"city","population":96372,"sort_key":-740279,"match_type":"machine-transliterated"}},{"type":"Feature","geometry":{"type":"Point","coordinates":[22.872161865234375,47.78917089079263]},"properties":{"wikidata":"Q185332","display_name":"薩圖馬雷","display_name_en":"Satu Mare","kind_detail":"city","population":102411,"sort_key":-740279,"geonames_id":"667873","match_type":"name+coordinate","match_distance_km":1.332}},{"type":"Feature","geometry":{"type":"Point","coordinates":[19.44580078125,-33.64663552343715]},"properties":{"wikidata":"Q1025649","display_name":"伍斯特","display_name_en":"Worcester","kind_detail":"town","population":97098,"sort_key":-740279,"geonames_id":"3359041","match_type":"name+coordinate","match_distance_km":0.252}},{"type":"Feature","geometry":{"type":"Point","coordinates":[-122.47833251953125,48.75437800586312]},"properties":{"wikidata":"Q430267","display_name":"贝灵厄姆","display_name_en":"Bellingham","kind_detail":"city","population":91482,"sort_key":-740278,"geonames_id":"5786899","match_type":"name+coordinate","match_distance_km":0.925}},{"type":"Feature","geometry":{"type":"Point","coordinates":[-57.443389892578125,-23.40654580499728]},"properties":{"wikidata":"Q840962","display_name":"康塞普西翁","display_name_en":"Concepción","kind_detail":"city","population":85876,"sort_key":-740278,"match_type":"machine-transliterated"}},{"type":"Feature","geometry":{"type":"Point","coordinates":[14.30694580078125,46.6239770088969]},"properties":{"wikidata":"Q41753","display_name":"克拉根福","display_name_en":"Klagenfurt","kind_detail":"city","population":100316,"sort_key":-740278,"geonames_id":"2774326","match_type":"name+coordinate","match_distance_km":0.152}},{"type":"Feature","geometry":{"type":"Point","coordinates":[-86.24954223632812,41.6831688352589]},"properties":{"wikidata":"Q486877","display_name":"南本德","display_name_en":"South Bend","kind_detail":"city","population":103453,"sort_key":-740278,"geonames_id":"4926563","match_type":"name+coordinate","match_distance_km":0.045}},{"type":"Feature","geometry":{"type":"Point","coordinates":[-87.56790161132812,33.20996748987798]},"properties":{"wikidata":"Q79580","display_name":"塔斯卡卢萨","display_name_en":"Tuscaloosa","kind_detail":"city","population":99600,"sort_key":-740278,"geonames_id":"4094455","match_type":"name+coordinate","match_distance_km":0.119}},{"type":"Feature","geometry":{"type":"Point","coordinates":[27.502899169921875,-21.166483858206576]},"properties":{"wikidata":"Q165422","display_name":"弗朗西斯敦","display_name_en":"Francistown","kind_detail":"city","population":100079,"sort_key":-740277,"geonames_id":"933778","match_type":"name+coordinate","match_distance_km":0.64}},{"type":"Feature","geometry":{"type":"Point","coordinates":[49.3011474609375,31.946335933133938]},"properties":{"wikidata":"Q643172","display_name":"苏莱曼清真寺","display_name_en":"Masjed Soleyman","kind_detail":"town","population":100497,"sort_key":-740277,"match_type":"machine-transliterated"}},{"type":"Feature","geometry":{"type":"Point","coordinates":[-58.445892333984375,-3.147372224354285]},"properties":{"wikidata":"Q1750426","display_name":"伊塔科蒂亚拉","display_name_en":"Itacoatiara","kind_detail":"city","population":103598,"sort_key":-740277,"match_type":"machine-transliterated"}},{"type":"Feature","geometry":{"type":"Point","coordinates":[-94.15695190429688,36.0624217151089]},"properties":{"wikidata":"Q219526","display_name":"费耶特维尔","display_name_en":"Fayetteville","kind_detail":"city","population":93949,"sort_key":-740276,"geonames_id":"4110486","match_type":"name+coordinate","match_distance_km":0.046}},{"type":"Feature","geometry":{"type":"Point","coordinates":[101.39556884765625,-2.0704720831930956]},"properties":{"wikidata":"Q7592","display_name":"双溪本努","display_name_en":"Sungai Penuh","kind_detail":"city","population":82293,"sort_key":-740276,"match_type":"machine-transliterated"}},{"type":"Feature","geometry":{"type":"Point","coordinates":[-98.50204467773438,33.90005673964575]},"properties":{"wikidata":"Q128349","display_name":"威奇托福尔斯","display_name_en":"Wichita Falls","kind_detail":"city","population":102316,"sort_key":-740275,"geonames_id":"4741752","match_type":"name+coordinate","match_distance_km":1.715}},{"type":"Feature","geometry":{"type":"Point","coordinates":[-67.60025024414062,5.6556187507598]},"properties":{"wikidata":"Q372920","display_name":"阿亞庫喬港","display_name_en":"Puerto Ayacucho","kind_detail":"city","population":106171,"sort_key":-740273,"geonames_id":"3629710","match_type":"name+coordinate","match_distance_km":1.938}},{"type":"Feature","geometry":{"type":"Point","coordinates":[-69.1864013671875,-12.593433780220465]},"properties":{"wikidata":"Q541435","display_name":"馬爾多納多港","display_name_en":"Puerto Maldonado","kind_detail":"city","population":83602,"sort_key":-740272,"geonames_id":"3931470","match_type":"name+coordinate","match_distance_km":1.486}},{"type":"Feature","geometry":{"type":"Point","coordinates":[37.55401611328125,6.02175079756411]},"properties":{"wikidata":"Q626861","display_name":"阿尔巴明奇","display_name_en":"Arba Minch","kind_detail":"city","population":101000,"sort_key":-740268,"match_type":"machine-transliterated"}},{"type":"Feature","geometry":{"type":"Point","coordinates":[-86.94305419921875,20.501636924530985]},"properties":{"wikidata":"Q929946","display_name":"圣米格尔德科苏梅尔","display_name_en":"San Miguel de Cozumel","kind_detail":"city","population":84915,"sort_key":-740267,"match_type":"machine-transliterated"}},{"type":"Feature","geometry":{"type":"Point","coordinates":[-64.32083129882812,-23.128994281453544]},"properties":{"wikidata":"Q1755283","display_name":"奧蘭","display_name_en":"San Ramón de la Nueva Orán","kind_detail":"town","population":82413,"sort_key":-740262,"geonames_id":"3836620","match_type":"name+coordinate","match_distance_km":0.962}},{"type":"Feature","geometry":{"type":"Point","coordinates":[37.728424072265625,10.336536087082976]},"properties":{"wikidata":"Q1024659","display_name":"德布雷马科斯","display_name_en":"Debre Markos","kind_detail":"city","population":93780,"sort_key":-740257,"match_type":"machine-transliterated"}},{"type":"Feature","geometry":{"type":"Point","coordinates":[-38.857269287109375,-6.399918947714127]},"properties":{"wikidata":"Q1807902","display_name":"伊科","display_name_en":"Icó","kind_detail":"town","population":62642,"sort_key":-740253,"match_type":"machine-transliterated"}},{"type":"Feature","geometry":{"type":"Point","coordinates":[-71.34521484375,-17.6453307118703]},"properties":{"wikidata":"Q1000341","display_name":"伊洛","display_name_en":"Ilo","kind_detail":"town","population":70555,"sort_key":-740253,"geonames_id":"3938415","match_type":"name+coordinate","match_distance_km":1.562}},{"type":"Feature","geometry":{"type":"Point","coordinates":[43.55255126953125,5.952094965666802]},"properties":{"wikidata":"Q744673","display_name":"戈德","display_name_en":"Gode","kind_detail":"city","population":74546,"sort_key":-740252,"match_type":"machine-transliterated"}},{"type":"Feature","geometry":{"type":"Point","coordinates":[-59.264373779296875,-29.144965021168815]},"properties":{"wikidata":"Q55862","display_name":"戈雅","display_name_en":"Goya","kind_detail":"town","population":77349,"sort_key":-740252,"match_type":"machine-transliterated"}},{"type":"Feature","geometry":{"type":"Point","coordinates":[-15.809326171875,16.513782801261726]},"properties":{"wikidata":"Q861580","display_name":"羅索","display_name_en":"Rosso","kind_detail":"city","population":75617,"sort_key":-740252,"geonames_id":"2376898","match_type":"name+coordinate","match_distance_km":0.458}},{"type":"Feature","geometry":{"type":"Point","coordinates":[-64.71084594726562,-3.3489215895699402]},"properties":{"wikidata":"Q975545","display_name":"特菲","display_name_en":"Tefé","kind_detail":"town","population":73669,"sort_key":-740252,"match_type":"machine-transliterated"}},{"type":"Feature","geometry":{"type":"Point","coordinates":[-83.38211059570312,14.028682219962164]},"properties":{"wikidata":"Q1008456","display_name":"比尔维","display_name_en":"Bilwi","kind_detail":"city","population":77871,"sort_key":-740251,"match_type":"machine-transliterated"}},{"type":"Feature","geometry":{"type":"Point","coordinates":[-83.68972778320312,43.015693275005134]},"properties":{"wikidata":"Q490584","display_name":"弗林特","display_name_en":"Flint","kind_detail":"city","population":79865,"sort_key":-740251,"geonames_id":"4992982","match_type":"name+coordinate","match_distance_km":0.397}},{"type":"Feature","geometry":{"type":"Point","coordinates":[-63.142547607421875,-4.088931972388252]},"properties":{"wikidata":"Q645204","display_name":"科阿里","display_name_en":"Coari","kind_detail":"town","population":70616,"sort_key":-740251,"match_type":"machine-transliterated"}},{"type":"Feature","geometry":{"type":"Point","coordinates":[-83.0291748046875,9.993195726219213]},"properties":{"wikidata":"Q30620","display_name":"利蒙","display_name_en":"Limón","kind_detail":"city","population":70000,"sort_key":-740251,"geonames_id":"3622247","match_type":"name+coordinate","match_distance_km":0.792}},{"type":"Feature","geometry":{"type":"Point","coordinates":[19.76715087890625,-17.913409288694822]},"properties":{"wikidata":"Q662291","display_name":"龍杜","display_name_en":"Rundu","kind_detail":"city","population":63431,"sort_key":-740251,"geonames_id":"3353383","match_type":"name+coordinate","match_distance_km":0.811}},{"type":"Feature","geometry":{"type":"Point","coordinates":[122.7886962890625,-0.9530200167955343]},"properties":{"wikidata":"Q2152993","display_name":"卢武克","display_name_en":"Luwuk","kind_detail":"town","population":70000,"sort_key":-740251,"match_type":"machine-transliterated"}},{"type":"Feature","geometry":{"type":"Point","coordinates":[-76.20254516601562,-13.710035342476672]},"properties":{"wikidata":"Q290504","display_name":"皮斯科","display_name_en":"Pisco","kind_detail":"town","population":73671,"sort_key":-740251,"geonames_id":"3932145","match_type":"name+coordinate","match_distance_km":0.308}},{"type":"Feature","geometry":{"type":"Point","coordinates":[-41.85516357421875,-11.303667780023034]},"properties":{"wikidata":"Q1762180","display_name":"伊雷塞","display_name_en":"Irecê","kind_detail":"city","population":74507,"sort_key":-740251,"match_type":"machine-transliterated"}},{"type":"Feature","geometry":{"type":"Point","coordinates":[-84.1552734375,31.57853542647338]},"properties":{"wikidata":"Q285599","display_name":"奧爾巴尼","display_name_en":"Albany","kind_detail":"city","population":75335,"sort_key":-740250,"geonames_id":"4179320","match_type":"name+coordinate","match_distance_km":0.044}},{"type":"Feature","geometry":{"type":"Point","coordinates":[-71.202392578125,-30.60363995309033]},"properties":{"wikidata":"Q51060","display_name":"奧瓦列","display_name_en":"Ovalle","kind_detail":"city","population":75864,"sort_key":-740250,"geonames_id":"3877918","match_type":"name+coordinate","match_distance_km":0.433}},{"type":"Feature","geometry":{"type":"Point","coordinates":[145.39306640625,-6.07364542006826]},"properties":{"wikidata":"Q498192","display_name":"戈罗卡","display_name_en":"Goroka","kind_detail":"city","population":75893,"sort_key":-740250,"match_type":"machine-transliterated"}},{"type":"Feature","geometry":{"type":"Point","coordinates":[-81.37435913085938,40.79821702576055]},"properties":{"wikidata":"Q491239","display_name":"广州","display_name_en":"Canton","kind_detail":"city","population":70426,"sort_key":-740250,"match_type":"machine-transliterated"}},{"type":"Feature","geometry":{"type":"Point","coordinates":[29.91302490234375,-18.33758015312233]},"properties":{"wikidata":"Q381560","display_name":"卡多馬","display_name_en":"Kadoma","kind_detail":"city","population":77749,"sort_key":-740250,"geonames_id":"889453","match_type":"name+coordinate","match_distance_km":0.537}},{"type":"Feature","geometry":{"type":"Point","coordinates":[8.95111083984375,46.00363935861938]},"properties":{"wikidata":"Q7024","display_name":"盧加諾","display_name_en":"Lugano","kind_detail":"city","population":67000,"sort_key":-740250,"geonames_id":"2659836","match_type":"name+coordinate","match_distance_km":0.994}},{"type":"Feature","geometry":{"type":"Point","coordinates":[145.8050537109375,-5.21267330550252]},"properties":{"wikidata":"Q586673","display_name":"马当","display_name_en":"Madang","kind_detail":"city","population":75589,"sort_key":-740250,"match_type":"machine-transliterated"}},{"type":"Feature","geometry":{"type":"Point","coordinates":[-82.4029541015625,42.97451117489916]},"properties":{"wikidata":"Q34106","display_name":"薩尼亞市","display_name_en":"Sarnia","kind_detail":"city","population":72366,"sort_key":-740250,"geonames_id":"6141190","match_type":"name+coordinate","match_distance_km":0.47}},{"type":"Feature","geometry":{"type":"Point","coordinates":[-37.76824951171875,-4.55862885008969]},"properties":{"wikidata":"Q1754397","display_name":"阿拉卡蒂","display_name_en":"Aracati","kind_detail":"town","population":75113,"sort_key":-740249,"geonames_id":"3407378","match_type":"name+coordinate","match_distance_km":0.375}},{"type":"Feature","geometry":{"type":"Point","coordinates":[-122.87246704101562,42.32606244456201]},"properties":{"wikidata":"Q836663","display_name":"梅德福","display_name_en":"Medford","kind_detail":"city","population":74907,"sort_key":-740249,"geonames_id":"5740099","match_type":"name+coordinate","match_distance_km":0.262}},{"type":"Feature","geometry":{"type":"Point","coordinates":[-64.80010986328125,46.098947658174865]},"properties":{"wikidata":"Q457334","display_name":"蒙克顿","display_name_en":"Moncton","kind_detail":"city","population":79470,"sort_key":-740249,"geonames_id":"6076211","match_type":"name+coordinate","match_distance_km":0.564}},{"type":"Feature","geometry":{"type":"Point","coordinates":[29.761962890625,62.60092542089191]},"properties":{"wikidata":"Q186237","display_name":"约恩苏","display_name_en":"Joensuu","kind_detail":"city","population":79205,"sort_key":-740249,"geonames_id":"655808","match_type":"name+coordinate","match_distance_km":0.067}},{"type":"Feature","geometry":{"type":"Point","coordinates":[-88.406982421875,44.26093725039922]},"properties":{"wikidata":"Q94928","display_name":"阿普尔顿","display_name_en":"Appleton","kind_detail":"city","population":75644,"sort_key":-740248,"match_type":"machine-transliterated"}},{"type":"Feature","geometry":{"type":"Point","coordinates":[50.28167724609375,-14.900994720775017]},"properties":{"wikidata":"Q570816","display_name":"安塔拉哈","display_name_en":"Antalaha","kind_detail":"town","population":67888,"sort_key":-740248,"match_type":"machine-transliterated"}},{"type":"Feature","geometry":{"type":"Point","coordinates":[-113.99551391601562,46.87051935427161]},"properties":{"wikidata":"Q189602","display_name":"米蘇拉","display_name_en":"Missoula","kind_detail":"city","population":73489,"sort_key":-740248,"geonames_id":"5666639","match_type":"name+coordinate","match_distance_km":0.215}},{"type":"Feature","geometry":{"type":"Point","coordinates":[-70.93460083007812,-17.19327473661282]},"properties":{"wikidata":"Q1000346","display_name":"莫克瓜","display_name_en":"Moquegua","kind_detail":"city","population":69882,"sort_key":-740248,"geonames_id":"3934608","match_type":"name+coordinate","match_distance_km":0.486}},{"type":"Feature","geometry":{"type":"Point","coordinates":[-58.088836669921875,-32.32195460020057]},"properties":{"wikidata":"Q309442","display_name":"派桑杜","display_name_en":"Paysandú","kind_detail":"city","population":81489,"sort_key":-740248,"geonames_id":"3441243","match_type":"name+coordinate","match_distance_km":0.934}},{"type":"Feature","geometry":{"type":"Point","coordinates":[-75.66146850585938,41.40874585802055]},"properties":{"wikidata":"Q271395","display_name":"斯克蘭頓","display_name_en":"Scranton","kind_detail":"city","population":72861,"sort_key":-740248,"geonames_id":"5211303","match_type":"name+coordinate","match_distance_km":0.29}},{"type":"Feature","geometry":{"type":"Point","coordinates":[-97.00653076171875,28.800156571147028]},"properties":{"wikidata":"Q784496","display_name":"維多利亞","display_name_en":"Victoria","kind_detail":"city","population":65534,"sort_key":-740248,"geonames_id":"4739157","match_type":"name+coordinate","match_distance_km":0.636}},{"type":"Feature","geometry":{"type":"Point","coordinates":[21.2420654296875,-28.456618312416815]},"properties":{"wikidata":"Q575780","display_name":"烏平通","display_name_en":"Upington","kind_detail":"city","population":74834,"sort_key":-740248,"geonames_id":"945945","match_type":"name+coordinate","match_distance_km":1.691}},{"type":"Feature","geometry":{"type":"Point","coordinates":[15.787353515625,4.258768357308]},"properties":{"wikidata":"Q544701","display_name":"贝贝拉蒂","display_name_en":"Berbérati","kind_detail":"city","population":76918,"sort_key":-740247,"match_type":"machine-transliterated"}},{"type":"Feature","geometry":{"type":"Point","coordinates":[-85.58761596679688,42.29153249430598]},"properties":{"wikidata":"Q167155","display_name":"卡拉马祖","display_name_en":"Kalamazoo","kind_detail":"city","population":72161,"sort_key":-740247,"geonames_id":"4997787","match_type":"name+coordinate","match_distance_km":0.037}},{"type":"Feature","geometry":{"type":"Point","coordinates":[46.99676513671875,-25.02961709253111]},"properties":{"wikidata":"Q526568","display_name":"托拉纳罗","display_name_en":"Tolanaro","kind_detail":"city","population":67284,"sort_key":-740247,"match_type":"machine-transliterated"}},{"type":"Feature","geometry":{"type":"Point","coordinates":[35.38421630859375,-23.86574535264795]},"properties":{"wikidata":"Q456577","display_name":"伊尼揚巴內","display_name_en":"Inhambane","kind_detail":"city","population":63837,"sort_key":-740247,"geonames_id":"1045114","match_type":"name+coordinate","match_distance_km":0.122}},{"type":"Feature","geometry":{"type":"Point","coordinates":[-56.44775390625,-25.78134371910106]},"properties":{"wikidata":"Q288685","display_name":"比亚里卡","display_name_en":"Villarrica","kind_detail":"city","population":73400,"sort_key":-740246,"geonames_id":"3436714","match_type":"name+coordinate","match_distance_km":3.762}},{"type":"Feature","geometry":{"type":"Point","coordinates":[148.23715209960938,-8.767010116265325]},"properties":{"wikidata":"Q1017376","display_name":"波蓬德塔","display_name_en":"Popondetta","kind_detail":"city","population":75799,"sort_key":-740246,"match_type":"machine-transliterated"}},{"type":"Feature","geometry":{"type":"Point","coordinates":[38.310699462890625,6.409471987740318]},"properties":{"wikidata":"Q905423","display_name":"迪拉","display_name_en":"Dilla","kind_detail":"city","population":67036,"sort_key":-740246,"match_type":"machine-transliterated"}},{"type":"Feature","geometry":{"type":"Point","coordinates":[-82.39883422851562,34.851002018394055]},"properties":{"wikidata":"Q574192","display_name":"格林维尔","display_name_en":"Greenville","kind_detail":"city","population":70720,"sort_key":-740246,"geonames_id":"4580543","match_type":"name+coordinate","match_distance_km":0.476}},{"type":"Feature","geometry":{"type":"Point","coordinates":[-103.2275390625,44.0806798010785]},"properties":{"wikidata":"Q213325","display_name":"拉皮德城","display_name_en":"Rapid City","kind_detail":"city","population":74703,"sort_key":-740246,"geonames_id":"5768233","match_type":"name+coordinate","match_distance_km":0.278}},{"type":"Feature","geometry":{"type":"Point","coordinates":[25.5157470703125,-24.405887348530968]},"properties":{"wikidata":"Q170725","display_name":"莫萊波洛萊","display_name_en":"Molepolole","kind_detail":"town","population":67598,"sort_key":-740246,"geonames_id":"933305","match_type":"name+coordinate","match_distance_km":2.094}},{"type":"Feature","geometry":{"type":"Point","coordinates":[-91.49826049804688,44.81107025326]},"properties":{"wikidata":"Q122563","display_name":"清水市","display_name_en":"Eau Claire","kind_detail":"city","population":72331,"sort_key":-740246,"geonames_id":"5251436","match_type":"name+coordinate","match_distance_km":0.036}},{"type":"Feature","geometry":{"type":"Point","coordinates":[-112.03857421875,43.4907902370075]},"properties":{"wikidata":"Q496360","display_name":"爱达荷福尔斯","display_name_en":"Idaho Falls","kind_detail":"city","population":71785,"sort_key":-740245,"geonames_id":"5596475","match_type":"name+coordinate","match_distance_km":2.716}},{"type":"Feature","geometry":{"type":"Point","coordinates":[-94.163818359375,45.56117947133063]},"properties":{"wikidata":"Q736834","display_name":"圣云","display_name_en":"Saint Cloud","kind_detail":"city","population":72145,"sort_key":-740245,"match_type":"machine-transliterated"}},{"type":"Feature","geometry":{"type":"Point","coordinates":[30.4595947265625,-22.967244600986845]},"properties":{"wikidata":"Q1025654","display_name":"索赫燕杜","display_name_en":"Thohoyandou","kind_detail":"town","population":69453,"sort_key":-740245,"geonames_id":"949224","match_type":"name+coordinate","match_distance_km":3.539}},{"type":"Feature","geometry":{"type":"Point","coordinates":[104.8590087890625,15.227214510380776]},"properties":{"wikidata":"Q132179","display_name":"乌汶叻差他尼","display_name_en":"Ubon Ratchathani","kind_detail":"city","population":74977,"sort_key":-740245,"geonames_id":"1605245","match_type":"name+coordinate","match_distance_km":1.671}},{"type":"Feature","geometry":{"type":"Point","coordinates":[-81.02279663085938,29.21091188130761]},"properties":{"wikidata":"Q490595","display_name":"戴通納海灘","display_name_en":"Daytona Beach","kind_detail":"city","population":64183,"sort_key":-740243,"geonames_id":"4152872","match_type":"name+coordinate","match_distance_km":0.012}},{"type":"Feature","geometry":{"type":"Point","coordinates":[-111.38900756835938,56.729375360217006]},"properties":{"wikidata":"Q126624","display_name":"麦克默里堡","display_name_en":"Fort McMurray","kind_detail":"city","population":66573,"sort_key":-740243,"geonames_id":"5955895","match_type":"name+coordinate","match_distance_km":0.567}},{"type":"Feature","geometry":{"type":"Point","coordinates":[-118.795166015625,55.17102517494888]},"properties":{"wikidata":"Q642900","display_name":"大草原城","display_name_en":"Grande Prairie","kind_detail":"city","population":63166,"sort_key":-740242,"geonames_id":"5964347","match_type":"name+coordinate","match_distance_km":0.681}},{"type":"Feature","geometry":{"type":"Point","coordinates":[25.632476806640625,43.08192843736211]},"properties":{"wikidata":"Q173474","display_name":"大特尔诺沃","display_name_en":"Veliko Tarnovo","kind_detail":"city","population":71150,"sort_key":-740242,"match_type":"machine-transliterated"}},{"type":"Feature","geometry":{"type":"Point","coordinates":[-48.4112548828125,-10.70244231222857]},"properties":{"wikidata":"Q1784315","display_name":"国家波尔图","display_name_en":"Porto Nacional","kind_detail":"city","population":64418,"sort_key":-740242,"match_type":"machine-transliterated"}},{"type":"Feature","geometry":{"type":"Point","coordinates":[-4.434356689453125,31.928854801809592]},"properties":{"wikidata":"Q1980885","display_name":"拉希迪耶","display_name_en":"Errachidia","kind_detail":"city","population":76759,"sort_key":-740229,"geonames_id":"7280528","match_type":"name+coordinate","match_distance_km":0.782}},{"type":"Feature","geometry":{"type":"Point","coordinates":[12.080841064453125,32.93262346411481]},"properties":{"wikidata":"Q231167","display_name":"祖瓦拉","display_name_en":"Zuwara","kind_detail":"city","population":80310,"sort_key":-740225,"geonames_id":"2208425","match_type":"name+coordinate","match_distance_km":0.191}},{"type":"Feature","geometry":{"type":"Point","coordinates":[-12.28271484375,11.322520288693582]},"properties":{"wikidata":"Q1020384","display_name":"拉贝","display_name_en":"Labé","kind_detail":"city","population":58649,"sort_key":-740220,"match_type":"machine-transliterated"}},{"type":"Feature","geometry":{"type":"Point","coordinates":[20.28900146484375,42.65921170710379]},"properties":{"wikidata":"Q112657","display_name":"佩杰","display_name_en":"Pejë","kind_detail":"city","population":48962,"sort_key":-740220,"match_type":"machine-transliterated"}},{"type":"Feature","geometry":{"type":"Point","coordinates":[14.8095703125,56.87899917413543]},"properties":{"wikidata":"Q26152","display_name":"韦克舍","display_name_en":"Växjö","kind_detail":"city","population":55600,"sort_key":-740219,"geonames_id":"2663536","match_type":"name+coordinate","match_distance_km":0.151}},{"type":"Feature","geometry":{"type":"Point","coordinates":[146.91604614257812,-36.08018188118014]},"properties":{"wikidata":"Q331764","display_name":"奥尔伯里","display_name_en":"Albury","kind_detail":"city","population":53677,"sort_key":-740218,"geonames_id":"2178174","match_type":"name+coordinate","match_distance_km":0.932}},{"type":"Feature","geometry":{"type":"Point","coordinates":[-55.520782470703125,-1.901658819104398]},"properties":{"wikidata":"Q577167","display_name":"奧比多斯","display_name_en":"Óbidos","kind_detail":"town","population":52229,"sort_key":-740218,"geonames_id":"3393768","match_type":"name+coordinate","match_distance_km":1.787}},{"type":"Feature","geometry":{"type":"Point","coordinates":[9.449615478515625,42.69757660890005]},"properties":{"wikidata":"Q134698","display_name":"巴斯蒂亚","display_name_en":"Bastia","kind_detail":"town","population":48768,"sort_key":-740218,"geonames_id":"3034640","match_type":"name+coordinate","match_distance_km":0.53}},{"type":"Feature","geometry":{"type":"Point","coordinates":[-88.88900756835938,30.401306519203587]},"properties":{"wikidata":"Q490720","display_name":"比洛克西","display_name_en":"Biloxi","kind_detail":"city","population":49449,"sort_key":-740218,"geonames_id":"4418478","match_type":"name+coordinate","match_distance_km":0.686}},{"type":"Feature","geometry":{"type":"Point","coordinates":[-62.994232177734375,-40.80861223601285]},"properties":{"wikidata":"Q44240","display_name":"別德馬","display_name_en":"Viedma","kind_detail":"town","population":52789,"sort_key":-740218,"geonames_id":"3832899","match_type":"name+coordinate","match_distance_km":0.897}},{"type":"Feature","geometry":{"type":"Point","coordinates":[25.66131591796875,60.39418332758069]},"properties":{"wikidata":"Q193367","display_name":"波爾沃","display_name_en":"Porvoo","kind_detail":"city","population":51885,"sort_key":-740218,"geonames_id":"660561","match_type":"name+coordinate","match_distance_km":0.292}},{"type":"Feature","geometry":{"type":"Point","coordinates":[-106.32568359375,42.84979250192646]},"properties":{"wikidata":"Q223177","display_name":"卡斯珀","display_name_en":"Casper","kind_detail":"city","population":58763,"sort_key":-740218,"geonames_id":"5820705","match_type":"name+coordinate","match_distance_km":2.136}},{"type":"Feature","geometry":{"type":"Point","coordinates":[152.17300415039062,-4.198508047098713]},"properties":{"wikidata":"Q218768","display_name":"笠包","display_name_en":"Rabaul","kind_detail":"city","population":57268,"sort_key":-740218,"geonames_id":"2087894","match_type":"name+coordinate","match_distance_km":1.132}},{"type":"Feature","geometry":{"type":"Point","coordinates":[-58.31268310546875,6.009459238059563]},"properties":{"wikidata":"Q741134","display_name":"林登","display_name_en":"Linden","kind_detail":"city","population":60000,"sort_key":-740218,"match_type":"machine-transliterated"}},{"type":"Feature","geometry":{"type":"Point","coordinates":[-4.02374267578125,39.85599221392755]},"properties":{"wikidata":"Q5836","display_name":"托萊多","display_name_en":"Toledo","kind_detail":"city","population":60505,"sort_key":-740218,"geonames_id":"2510409","match_type":"name+coordinate","match_distance_km":0.253}},{"type":"Feature","geometry":{"type":"Point","coordinates":[-60.194091796875,46.13797652347657]},"properties":{"wikidata":"Q932261","display_name":"悉尼","display_name_en":"Sydney","kind_detail":"city","population":53000,"sort_key":-740218,"geonames_id":"6354908","match_type":"name+coordinate","match_distance_km":0.905}},{"type":"Feature","geometry":{"type":"Point","coordinates":[-111.0443115234375,45.67932023569537]},"properties":{"wikidata":"Q569678","display_name":"博兹曼市","display_name_en":"Bozeman","kind_detail":"city","population":53293,"sort_key":-740217,"geonames_id":"5641727","match_type":"name+coordinate","match_distance_km":0.448}},{"type":"Feature","geometry":{"type":"Point","coordinates":[23.133087158203125,63.838852060469634]},"properties":{"wikidata":"Q207891","display_name":"科科拉","display_name_en":"Kokkola","kind_detail":"city","population":48355,"sort_key":-740217,"geonames_id":"651943","match_type":"name+coordinate","match_distance_km":0.126}},{"type":"Feature","geometry":{"type":"Point","coordinates":[38.4521484375,-5.159334198490015]},"properties":{"wikidata":"Q1027843","display_name":"科罗圭","display_name_en":"Korogwe","kind_detail":"town","population":62032,"sort_key":-740217,"match_type":"machine-transliterated"}},{"type":"Feature","geometry":{"type":"Point","coordinates":[-13.550262451171875,28.963693337861145]},"properties":{"wikidata":"Q647543","display_name":"阿雷西费","display_name_en":"Arrecife","kind_detail":"town","population":52079,"sort_key":-740216,"match_type":"machine-transliterated"}},{"type":"Feature","geometry":{"type":"Point","coordinates":[22.111358642578125,37.03763967977139]},"properties":{"wikidata":"Q167895","display_name":"卡拉马塔","display_name_en":"Kalamata","kind_detail":"city","population":57620,"sort_key":-740216,"match_type":"machine-transliterated"}},{"type":"Feature","geometry":{"type":"Point","coordinates":[25.40313720703125,41.11867648776223]},"properties":{"wikidata":"Q208403","display_name":"科莫蒂尼","display_name_en":"Komotini","kind_detail":"city","population":50990,"sort_key":-740216,"geonames_id":"735640","match_type":"name+coordinate","match_distance_km":0.259}},{"type":"Feature","geometry":{"type":"Point","coordinates":[-119.27581787109375,46.28052949433555]},"properties":{"wikidata":"Q693638","display_name":"里奇兰","display_name_en":"Richland","kind_detail":"city","population":60560,"sort_key":-740216,"geonames_id":"5808276","match_type":"name+coordinate","match_distance_km":0.878}},{"type":"Feature","geometry":{"type":"Point","coordinates":[-8.6297607421875,52.661391833804316]},"properties":{"wikidata":"Q133315","display_name":"利默里克","display_name_en":"Limerick","kind_detail":"city","population":58319,"sort_key":-740216,"match_type":"machine-transliterated"}},{"type":"Feature","geometry":{"type":"Point","coordinates":[27.239227294921875,-29.822774150803703]},"properties":{"wikidata":"Q1013379","display_name":"马费滕","display_name_en":"Mafeteng","kind_detail":"town","population":57059,"sort_key":-740216,"match_type":"machine-transliterated"}},{"type":"Feature","geometry":{"type":"Point","coordinates":[-61.28997802734375,-5.804559475246762]},"properties":{"wikidata":"Q43490","display_name":"马尼科雷","display_name_en":"Manicoré","kind_detail":"town","population":53914,"sort_key":-740216,"match_type":"machine-transliterated"}},{"type":"Feature","geometry":{"type":"Point","coordinates":[-44.9505615234375,-17.349327568379067]},"properties":{"wikidata":"Q1756358","display_name":"皮拉波拉","display_name_en":"Pirapora","kind_detail":"town","population":55606,"sort_key":-740216,"geonames_id":"3453546","match_type":"name+coordinate","match_distance_km":1.034}},{"type":"Feature","geometry":{"type":"Point","coordinates":[-82.53067016601562,27.336394986444375]},"properties":{"wikidata":"Q491540","display_name":"萨拉索塔","display_name_en":"Sarasota","kind_detail":"city","population":52942,"sort_key":-740216,"geonames_id":"4172131","match_type":"name+coordinate","match_distance_km":0.004}},{"type":"Feature","geometry":{"type":"Point","coordinates":[-112.4505615234375,42.861873080748325]},"properties":{"wikidata":"Q320729","display_name":"波卡特洛","display_name_en":"Pocatello","kind_detail":"city","population":56320,"sort_key":-740215,"geonames_id":"5604045","match_type":"name+coordinate","match_distance_km":1.126}},{"type":"Feature","geometry":{"type":"Point","coordinates":[-94.79278564453125,29.305561325527705]},"properties":{"wikidata":"Q135744","display_name":"加爾維斯敦","display_name_en":"Galveston","kind_detail":"city","population":53695,"sort_key":-740215,"geonames_id":"4692883","match_type":"name+coordinate","match_distance_km":0.668}},{"type":"Feature","geometry":{"type":"Point","coordinates":[-72.06893920898438,-45.570793708126715]},"properties":{"wikidata":"Q3810","display_name":"科艾克","display_name_en":"Coyhaique","kind_detail":"city","population":49667,"sort_key":-740215,"match_type":"machine-transliterated"}},{"type":"Feature","geometry":{"type":"Point","coordinates":[-76.3055419921875,40.03812939078128]},"properties":{"wikidata":"Q320514","display_name":"兰开斯特","display_name_en":"Lancaster","kind_detail":"city","population":59322,"sort_key":-740215,"geonames_id":"5197079","match_type":"name+coordinate","match_distance_km":0.028}},{"type":"Feature","geometry":{"type":"Point","coordinates":[22.204742431640625,-33.590599311103425]},"properties":{"wikidata":"Q951049","display_name":"奧茨胡恩","display_name_en":"Oudtshoorn","kind_detail":"town","population":61507,"sort_key":-740214,"geonames_id":"967106","match_type":"name+coordinate","match_distance_km":1.198}},{"type":"Feature","geometry":{"type":"Point","coordinates":[-83.7652587890625,12.013800730428159]},"properties":{"wikidata":"Q885996","display_name":"布盧菲爾茲","display_name_en":"Bluefields","kind_detail":"city","population":54532,"sort_key":-740214,"geonames_id":"3620680","match_type":"name+coordinate","match_distance_km":0.129}},{"type":"Feature","geometry":{"type":"Point","coordinates":[48.27392578125,-13.405650601795017]},"properties":{"wikidata":"Q492217","display_name":"地狱","display_name_en":"Hell-Ville","kind_detail":"town","population":50251,"sort_key":-740214,"match_type":"machine-transliterated"}},{"type":"Feature","geometry":{"type":"Point","coordinates":[-76.88644409179688,40.26590441926666]},"properties":{"wikidata":"Q25280","display_name":"哈里斯堡","display_name_en":"Harrisburg","kind_detail":"city","population":50099,"sort_key":-740214,"geonames_id":"5192726","match_type":"name+coordinate","match_distance_km":0.884}},{"type":"Feature","geometry":{"type":"Point","coordinates":[-11.399688720703125,16.616453747556946]},"properties":{"wikidata":"Q492778","display_name":"基法","display_name_en":"Kiffa","kind_detail":"city","population":60005,"sort_key":-740214,"geonames_id":"2378538","match_type":"name+coordinate","match_distance_km":0.539}},{"type":"Feature","geometry":{"type":"Point","coordinates":[-81.87286376953125,26.640093919805153]},"properties":{"wikidata":"Q506451","display_name":"麥爾茲堡","display_name_en":"Fort Myers","kind_detail":"city","population":60531,"sort_key":-740214,"geonames_id":"4155995","match_type":"name+coordinate","match_distance_km":3.806}},{"type":"Feature","geometry":{"type":"Point","coordinates":[22.1539306640625,-34.1834057932308]},"properties":{"wikidata":"Q995615","display_name":"莫塞爾貝","display_name_en":"Mossel Bay","kind_detail":"town","population":60000,"sort_key":-740214,"geonames_id":"973709","match_type":"name+coordinate","match_distance_km":0.726}},{"type":"Feature","geometry":{"type":"Point","coordinates":[-114.47067260742188,42.55611512432674]},"properties":{"wikidata":"Q548384","display_name":"特溫福爾斯","display_name_en":"Twin Falls","kind_detail":"city","population":56216,"sort_key":-740214,"geonames_id":"5610810","match_type":"name+coordinate","match_distance_km":1.107}},{"type":"Feature","geometry":{"type":"Point","coordinates":[-80.65200805664062,41.10315614062358]},"properties":{"wikidata":"Q216820","display_name":"扬斯敦","display_name_en":"Youngstown","kind_detail":"city","population":60270,"sort_key":-740214,"geonames_id":"5177568","match_type":"name+coordinate","match_distance_km":0.429}},{"type":"Feature","geometry":{"type":"Point","coordinates":[-93.93310546875,29.87161055853373]},"properties":{"wikidata":"Q45400","display_name":"阿瑟港","display_name_en":"Port Arthur","kind_detail":"city","population":54135,"sort_key":-740213,"geonames_id":"4720039","match_type":"name+coordinate","match_distance_km":1.752}},{"type":"Feature","geometry":{"type":"Point","coordinates":[-119.7674560546875,39.1662705500807]},"properties":{"wikidata":"Q40881","display_name":"卡森城","display_name_en":"Carson City","kind_detail":"city","population":58639,"sort_key":-740213,"geonames_id":"5501344","match_type":"name+coordinate","match_distance_km":0.275}},{"type":"Feature","geometry":{"type":"Point","coordinates":[12.29095458984375,58.282785784341314]},"properties":{"wikidata":"Q54339","display_name":"特羅爾海坦","display_name_en":"Trollhättan","kind_detail":"city","population":50069,"sort_key":-740213,"geonames_id":"2667303","match_type":"name+coordinate","match_distance_km":0.166}},{"type":"Feature","geometry":{"type":"Point","coordinates":[-110.67901611328125,50.04302974380059]},"properties":{"wikidata":"Q368241","display_name":"美迪辛哈","display_name_en":"Medicine Hat","kind_detail":"city","population":56997,"sort_key":-740212,"geonames_id":"6071618","match_type":"name+coordinate","match_distance_km":0.451}},{"type":"Feature","geometry":{"type":"Point","coordinates":[-74.97344970703125,-12.78769634352247]},"properties":{"wikidata":"Q1000333","display_name":"萬卡韋利卡","display_name_en":"Huancavelica","kind_detail":"town","population":49570,"sort_key":-740212,"geonames_id":"3939470","match_type":"name+coordinate","match_distance_km":0.101}},{"type":"Feature","geometry":{"type":"Point","coordinates":[-56.083831787109375,-9.87009903525913]},"properties":{"wikidata":"Q433574","display_name":"阿尔塔弗洛雷斯塔","display_name_en":"Alta Floresta","kind_detail":"city","population":58613,"sort_key":-740211,"match_type":"machine-transliterated"}},{"type":"Feature","geometry":{"type":"Point","coordinates":[152.91046142578125,-31.429834925591408]},"properties":{"wikidata":"Q606153","display_name":"麦觉理港","display_name_en":"Port Macquarie","kind_detail":"city","population":47793,"sort_key":-740210,"geonames_id":"2152659","match_type":"name+coordinate","match_distance_km":0.183}},{"type":"Feature","geometry":{"type":"Point","coordinates":[-76.256103515625,-10.683550089556249]},"properties":{"wikidata":"Q674320","display_name":"塞羅德帕斯科","display_name_en":"Cerro de Pasco","kind_detail":"city","population":58899,"sort_key":-740210,"geonames_id":"3944797","match_type":"name+coordinate","match_distance_km":2.004}},{"type":"Feature","geometry":{"type":"Point","coordinates":[-67.09213256835938,-0.12908924625577356]},"properties":{"wikidata":"Q694840","display_name":"圣加布里埃尔达卡舒埃拉","display_name_en":"São Gabriel da Cachoeira","kind_detail":"town","population":51795,"sort_key":-740200,"match_type":"machine-transliterated"}},{"type":"Feature","geometry":{"type":"Point","coordinates":[11.916046142578125,50.31916186634035]},"properties":{"wikidata":"Q6938","display_name":"霍夫","display_name_en":"Hof","kind_detail":"town","population":44522,"sort_key":-740189,"geonames_id":"2902768","match_type":"name+coordinate","match_distance_km":0.73}},{"type":"Feature","geometry":{"type":"Point","coordinates":[96.43386840820312,18.483516449357978]},"properties":{"wikidata":"Q7263956","display_name":"骠","display_name_en":"Pyu","kind_detail":"town","population":40386,"sort_key":-740188,"match_type":"machine-transliterated"}},{"type":"Feature","geometry":{"type":"Point","coordinates":[-7.908782958984375,38.570716509404605]},"properties":{"wikidata":"Q179948","display_name":"埃武拉","display_name_en":"Évora","kind_detail":"city","population":40455,"sort_key":-740187,"match_type":"machine-transliterated"}},{"type":"Feature","geometry":{"type":"Point","coordinates":[-3.43048095703125,56.3956644447166]},"properties":{"wikidata":"Q203000","display_name":"伯斯","display_name_en":"Perth","kind_detail":"city","population":46660,"sort_key":-740187,"geonames_id":"2640358","match_type":"name+coordinate","match_distance_km":0.075}},{"type":"Feature","geometry":{"type":"Point","coordinates":[15.59234619140625,5.9357040711356035]},"properties":{"wikidata":"Q512111","display_name":"布阿爾","display_name_en":"Bouar","kind_detail":"city","population":40353,"sort_key":-740187,"geonames_id":"2387926","match_type":"name+coordinate","match_distance_km":0.443}},{"type":"Feature","geometry":{"type":"Point","coordinates":[31.455230712890625,-11.843158941607442]},"properties":{"wikidata":"Q1004510","display_name":"姆皮卡","display_name_en":"Mpika","kind_detail":"town","population":40000,"sort_key":-740187,"match_type":"machine-transliterated"}},{"type":"Feature","geometry":{"type":"Point","coordinates":[-71.32186889648438,-42.91721216008619]},"properties":{"wikidata":"Q81656","display_name":"埃斯克爾","display_name_en":"Esquel","kind_detail":"town","population":37019,"sort_key":-740186,"geonames_id":"3855974","match_type":"name+coordinate","match_distance_km":0.668}},{"type":"Feature","geometry":{"type":"Point","coordinates":[149.09683227539062,-33.282323920510336]},"properties":{"wikidata":"Q580973","display_name":"奥兰治","display_name_en":"Orange","kind_detail":"city","population":40127,"sort_key":-740186,"geonames_id":"2154219","match_type":"name+coordinate","match_distance_km":0.361}},{"type":"Feature","geometry":{"type":"Point","coordinates":[30.027008056640625,-22.344995208437894]},"properties":{"wikidata":"Q1025661","display_name":"穆西納","display_name_en":"Musina","kind_detail":"city","population":42678,"sort_key":-740186,"geonames_id":"8030223","match_type":"name+coordinate","match_distance_km":1.475}},{"type":"Feature","geometry":{"type":"Point","coordinates":[32.059478759765625,3.5970305726169585]},"properties":{"wikidata":"Q1992727","display_name":"尼穆勒","display_name_en":"Nimule","kind_detail":"city","population":45000,"sort_key":-740186,"match_type":"machine-transliterated"}},{"type":"Feature","geometry":{"type":"Point","coordinates":[-70.06668090820312,-38.900652178533434]},"properties":{"wikidata":"Q147196","display_name":"薩帕拉","display_name_en":"Zapala","kind_detail":"town","population":40472,"sort_key":-740186,"geonames_id":"3832132","match_type":"name+coordinate","match_distance_km":0.011}},{"type":"Feature","geometry":{"type":"Point","coordinates":[26.4990234375,-18.35322209767415]},"properties":{"wikidata":"Q1202229","display_name":"万基","display_name_en":"Hwange","kind_detail":"town","population":42581,"sort_key":-740186,"geonames_id":"889942","match_type":"name+coordinate","match_distance_km":1.25}},{"type":"Feature","geometry":{"type":"Point","coordinates":[16.051025390625,1.6106581837702265]},"properties":{"wikidata":"Q627885","display_name":"韦索","display_name_en":"Ouésso","kind_detail":"city","population":39653,"sort_key":-740186,"match_type":"machine-transliterated"}},{"type":"Feature","geometry":{"type":"Point","coordinates":[-89.62783813476562,44.95993942550845]},"properties":{"wikidata":"Q998675","display_name":"沃索","display_name_en":"Wausau","kind_detail":"city","population":39994,"sort_key":-740186,"match_type":"machine-transliterated"}},{"type":"Feature","geometry":{"type":"Point","coordinates":[20.674896240234375,5.767669528936622]},"properties":{"wikidata":"Q805946","display_name":"班巴里","display_name_en":"Bambari","kind_detail":"city","population":41356,"sort_key":-740185,"match_type":"machine-transliterated"}},{"type":"Feature","geometry":{"type":"Point","coordinates":[-81.33041381835938,48.47747334905566]},"properties":{"wikidata":"Q991310","display_name":"蒂明斯","display_name_en":"Timmins","kind_detail":"city","population":41788,"sort_key":-740185,"geonames_id":"6166739","match_type":"name+coordinate","match_distance_km":1.197}},{"type":"Feature","geometry":{"type":"Point","coordinates":[-56.52191162109375,-33.379852683775226]},"properties":{"wikidata":"Q855645","display_name":"杜拉斯諾","display_name_en":"Durazno","kind_detail":"city","population":40279,"sort_key":-740185,"geonames_id":"3442727","match_type":"name+coordinate","match_distance_km":0.142}},{"type":"Feature","geometry":{"type":"Point","coordinates":[-71.5374755859375,43.20717778666665]},"properties":{"wikidata":"Q28249","display_name":"康科德","display_name_en":"Concord","kind_detail":"city","population":42695,"sort_key":-740185,"geonames_id":"5084868","match_type":"name+coordinate","match_distance_km":0.107}},{"type":"Feature","geometry":{"type":"Point","coordinates":[-83.94927978515625,43.42001136931239]},"properties":{"wikidata":"Q719","display_name":"萨吉诺","display_name_en":"Saginaw","kind_detail":"city","population":44202,"sort_key":-740185,"match_type":"machine-transliterated"}},{"type":"Feature","geometry":{"type":"Point","coordinates":[95.17730712890625,16.604609894798116]},"properties":{"wikidata":"Q7961116","display_name":"瓦溪碼鎮","display_name_en":"Wakema","kind_detail":"town","population":42705,"sort_key":-740185,"geonames_id":"1289828","match_type":"name+coordinate","match_distance_km":0.6}},{"type":"Feature","geometry":{"type":"Point","coordinates":[51.348724365234375,53.375955730081074]},"properties":{"wikidata":"Q177770","display_name":"奥特拉德内","display_name_en":"Otradny","kind_detail":"town","population":47593,"sort_key":-740184,"match_type":"machine-transliterated"}},{"type":"Feature","geometry":{"type":"Point","coordinates":[-70.76156616210938,-28.57487404744697]},"properties":{"wikidata":"Q200978","display_name":"巴耶纳尔","display_name_en":"Vallenar","kind_detail":"city","population":45298,"sort_key":-740184,"match_type":"machine-transliterated"}},{"type":"Feature","geometry":{"type":"Point","coordinates":[15.423431396484375,60.48564493868574]},"properties":{"wikidata":"Q54341","display_name":"博伦厄","display_name_en":"Borlänge","kind_detail":"town","population":44898,"sort_key":-740184,"match_type":"machine-transliterated"}},{"type":"Feature","geometry":{"type":"Point","coordinates":[-3.610382080078125,55.0689323437787]},"properties":{"wikidata":"Q652035","display_name":"鄧弗里斯","display_name_en":"Dumfries","kind_detail":"town","population":39080,"sort_key":-740184,"geonames_id":"2650798","match_type":"name+coordinate","match_distance_km":0.097}},{"type":"Feature","geometry":{"type":"Point","coordinates":[-78.695068359375,26.535708518654943]},"properties":{"wikidata":"Q867573","display_name":"弗里波特","display_name_en":"Freeport","kind_detail":"city","population":45945,"sort_key":-740184,"match_type":"machine-transliterated"}},{"type":"Feature","geometry":{"type":"Point","coordinates":[-112.46841430664062,34.54049998801135]},"properties":{"wikidata":"Q79931","display_name":"普雷斯科特","display_name_en":"Prescott","kind_detail":"city","population":45827,"sort_key":-740184,"geonames_id":"5309842","match_type":"name+coordinate","match_distance_km":0.054}},{"type":"Feature","geometry":{"type":"Point","coordinates":[-56.71417236328125,-34.34003434042201]},"properties":{"wikidata":"Q983435","display_name":"聖何塞德馬約","display_name_en":"San José","kind_detail":"city","population":38550,"sort_key":-740184,"geonames_id":"3440639","match_type":"name+coordinate","match_distance_km":0.137}},{"type":"Feature","geometry":{"type":"Point","coordinates":[17.4462890625,6.49271230619685]},"properties":{"wikidata":"Q894513","display_name":"博桑戈阿","display_name_en":"Bossangoa","kind_detail":"city","population":36478,"sort_key":-740183,"match_type":"machine-transliterated"}},{"type":"Feature","geometry":{"type":"Point","coordinates":[26.832733154296875,-23.11131237949347]},"properties":{"wikidata":"Q170724","display_name":"馬哈拉佩","display_name_en":"Mahalapye","kind_detail":"town","population":41316,"sort_key":-740183,"geonames_id":"933471","match_type":"name+coordinate","match_distance_km":2.058}},{"type":"Feature","geometry":{"type":"Point","coordinates":[-4.225616455078125,57.478926779744]},"properties":{"wikidata":"Q160493","display_name":"印威內斯","display_name_en":"Inverness","kind_detail":"city","population":47060,"sort_key":-740183,"geonames_id":"2646088","match_type":"name+coordinate","match_distance_km":0.099}},{"type":"Feature","geometry":{"type":"Point","coordinates":[-92.44583129882812,31.311408386201634]},"properties":{"wikidata":"Q985351","display_name":"亚历山德里亚","display_name_en":"Alexandria","kind_detail":"city","population":45275,"sort_key":-740182,"geonames_id":"4314550","match_type":"name+coordinate","match_distance_km":0.067}},{"type":"Feature","geometry":{"type":"Point","coordinates":[66.31210327148438,56.65471677367725]},"properties":{"wikidata":"Q150346","display_name":"亚卢托罗夫斯克","display_name_en":"Yalutorovsk","kind_detail":"town","population":39947,"sort_key":-740182,"match_type":"machine-transliterated"}},{"type":"Feature","geometry":{"type":"Point","coordinates":[-80.32516479492188,27.4461342315022]},"properties":{"wikidata":"Q584340","display_name":"匹尔斯堡","display_name_en":"Fort Pierce","kind_detail":"town","population":46103,"sort_key":-740181,"geonames_id":"4156018","match_type":"name+coordinate","match_distance_km":0.078}},{"type":"Feature","geometry":{"type":"Point","coordinates":[-42.727203369140625,-10.821166389650998]},"properties":{"wikidata":"Q1762114","display_name":"西阙-西阙","display_name_en":"Xique-Xique","kind_detail":"town","population":44757,"sort_key":-740181,"match_type":"machine-transliterated"}},{"type":"Feature","geometry":{"type":"Point","coordinates":[-39.37225341796875,-17.891193704341433]},"properties":{"wikidata":"Q1794050","display_name":"新维索萨","display_name_en":"Nova Viçosa","kind_detail":"town","population":39509,"sort_key":-740181,"match_type":"machine-transliterated"}},{"type":"Feature","geometry":{"type":"Point","coordinates":[49.741973876953125,-15.43514841795239]},"properties":{"wikidata":"Q118175","display_name":"马鲁安采特拉","display_name_en":"Maroantsetra","kind_detail":"town","population":42529,"sort_key":-740180,"match_type":"machine-transliterated"}},{"type":"Feature","geometry":{"type":"Point","coordinates":[-114.56268310546875,35.14461705293516]},"properties":{"wikidata":"Q79432","display_name":"布尔海德市","display_name_en":"Bullhead City","kind_detail":"city","population":42232,"sort_key":-740179,"geonames_id":"5287565","match_type":"name+coordinate","match_distance_km":0.62}},{"type":"Feature","geometry":{"type":"Point","coordinates":[-74.42276000976562,39.36403233804799]},"properties":{"wikidata":"Q139564","display_name":"大西洋城","display_name_en":"Atlantic City","kind_detail":"city","population":39958,"sort_key":-740179,"geonames_id":"4500546","match_type":"name+coordinate","match_distance_km":0.029}},{"type":"Feature","geometry":{"type":"Point","coordinates":[-65.33294677734375,-10.780697528442673]},"properties":{"wikidata":"Q983810","display_name":"瓜亞拉米林","display_name_en":"Guajará-Mirim","kind_detail":"town","population":39387,"sort_key":-740179,"geonames_id":"3925075","match_type":"name+coordinate","match_distance_km":0.425}},{"type":"Feature","geometry":{"type":"Point","coordinates":[81.35101318359375,53.793350643154554]},"properties":{"wikidata":"Q144057","display_name":"卡门纳奥比","display_name_en":"Kamen-na-Obi","kind_detail":"town","population":40647,"sort_key":-740179,"match_type":"machine-transliterated"}},{"type":"Feature","geometry":{"type":"Point","coordinates":[-92.17254638671875,38.57715837733761]},"properties":{"wikidata":"Q28180","display_name":"杰斐逊城","display_name_en":"Jefferson City","kind_detail":"city","population":43079,"sort_key":-740178,"geonames_id":"4392388","match_type":"name+coordinate","match_distance_km":0.099}},{"type":"Feature","geometry":{"type":"Point","coordinates":[-68.65768432617188,-9.06548290595046]},"properties":{"wikidata":"Q1754389","display_name":"塞纳马杜雷拉","display_name_en":"Sena Madureira","kind_detail":"town","population":41343,"sort_key":-740178,"match_type":"machine-transliterated"}},{"type":"Feature","geometry":{"type":"Point","coordinates":[-120.66009521484375,35.282621700715154]},"properties":{"wikidata":"Q49012","display_name":"聖路易斯-奧比斯保","display_name_en":"San Luis Obispo","kind_detail":"city","population":47339,"sort_key":-740177,"geonames_id":"5392323","match_type":"name+coordinate","match_distance_km":0.045}},{"type":"Feature","geometry":{"type":"Point","coordinates":[-78.47671508789062,38.02970397219201]},"properties":{"wikidata":"Q123766","display_name":"夏律第鎮","display_name_en":"Charlottesville","kind_detail":"city","population":43475,"sort_key":-740177,"geonames_id":"4752031","match_type":"name+coordinate","match_distance_km":0.044}},{"type":"Feature","geometry":{"type":"Point","coordinates":[20.282135009765625,11.039603349707093]},"properties":{"wikidata":"Q451529","display_name":"安提曼","display_name_en":"Am Timan","kind_detail":"city","population":38261,"sort_key":-740175,"match_type":"machine-transliterated"}},{"type":"Feature","geometry":{"type":"Point","coordinates":[-49.2681884765625,-8.269932106127925]},"properties":{"wikidata":"Q1788037","display_name":"阿拉瓜亚河","display_name_en":"Araguaia River","kind_detail":"town","population":44617,"sort_key":-740171,"match_type":"machine-transliterated"}},{"type":"Feature","geometry":{"type":"Point","coordinates":[14.272613525390625,27.5521118412847]},"properties":{"wikidata":"Q1196877","display_name":"比拉克","display_name_en":"Brak Al Shaati","kind_detail":"town","population":43100,"sort_key":-740170,"geonames_id":"2218478","match_type":"coordinate","match_distance_km":0.308}},{"type":"Feature","geometry":{"type":"Point","coordinates":[-44.20074462890625,-13.38961959174759]},"properties":{"wikidata":"Q1761852","display_name":"圣玛丽亚达维多利亚","display_name_en":"Santa Maria da Vitória","kind_detail":"town","population":38604,"sort_key":-740170,"match_type":"machine-transliterated"}},{"type":"Feature","geometry":{"type":"Point","coordinates":[11.575469970703125,1.59967616677541]},"properties":{"wikidata":"Q983886","display_name":"奥耶姆","display_name_en":"Oyem","kind_detail":"city","population":35000,"sort_key":-740156,"match_type":"machine-transliterated"}},{"type":"Feature","geometry":{"type":"Point","coordinates":[21.98638916015625,6.539102587903159]},"properties":{"wikidata":"Q598667","display_name":"布里亚","display_name_en":"Bria","kind_detail":"city","population":35204,"sort_key":-740156,"match_type":"machine-transliterated"}},{"type":"Feature","geometry":{"type":"Point","coordinates":[42.05841064453125,4.1779636927107475]},"properties":{"wikidata":"Q3034265","display_name":"多洛","display_name_en":"Dolo","kind_detail":"town","population":30970,"sort_key":-740156,"match_type":"machine-transliterated"}},{"type":"Feature","geometry":{"type":"Point","coordinates":[74.36920166015625,56.90225367185204]},"properties":{"wikidata":"Q196607","display_name":"塔拉","display_name_en":"Tara","kind_detail":"town","population":27975,"sort_key":-740156,"geonames_id":"1490140","match_type":"name+coordinate","match_distance_km":0.692}},{"type":"Feature","geometry":{"type":"Point","coordinates":[-73.828125,-41.868538175362595]},"properties":{"wikidata":"Q3597","display_name":"安庫德","display_name_en":"Ancud","kind_detail":"town","population":28162,"sort_key":-740155,"geonames_id":"3899695","match_type":"name+coordinate","match_distance_km":1.015}},{"type":"Feature","geometry":{"type":"Point","coordinates":[-112.53707885742188,46.01317758972911]},"properties":{"wikidata":"Q467664","display_name":"比尤特","display_name_en":"Butte","kind_detail":"city","population":34494,"sort_key":-740155,"geonames_id":"5642934","match_type":"name+coordinate","match_distance_km":1.056}},{"type":"Feature","geometry":{"type":"Point","coordinates":[-68.77166748046875,44.80132682904855]},"properties":{"wikidata":"Q327012","display_name":"班戈","display_name_en":"Bangor","kind_detail":"city","population":31753,"sort_key":-740154,"geonames_id":"4957280","match_type":"name+coordinate","match_distance_km":0.287}},{"type":"Feature","geometry":{"type":"Point","coordinates":[21.4398193359375,37.67186437327632]},"properties":{"wikidata":"Q216307","display_name":"皮尔戈斯","display_name_en":"Pyrgos","kind_detail":"city","population":34902,"sort_key":-740154,"match_type":"machine-transliterated"}},{"type":"Feature","geometry":{"type":"Point","coordinates":[120.465087890625,-8.610894239554497]},"properties":{"wikidata":"Q1708604","display_name":"如腾","display_name_en":"Ruteng","kind_detail":"town","population":33000,"sort_key":-740154,"match_type":"machine-transliterated"}},{"type":"Feature","geometry":{"type":"Point","coordinates":[171.25076293945312,-44.39257961837959]},"properties":{"wikidata":"Q1016574","display_name":"提馬魯","display_name_en":"Timaru","kind_detail":"town","population":28600,"sort_key":-740154,"geonames_id":"2181133","match_type":"name+coordinate","match_distance_km":0.514}},{"type":"Feature","geometry":{"type":"Point","coordinates":[-47.555694580078125,-24.704420062373345]},"properties":{"wikidata":"Q1646941","display_name":"伊瓜佩","display_name_en":"Iguape","kind_detail":"town","population":29115,"sort_key":-740154,"geonames_id":"3461465","match_type":"name+coordinate","match_distance_km":0.407}},{"type":"Feature","geometry":{"type":"Point","coordinates":[-76.49642944335938,42.43967417814943]},"properties":{"wikidata":"Q217346","display_name":"伊萨卡","display_name_en":"Ithaca","kind_detail":"city","population":32000,"sort_key":-740154,"geonames_id":"5122432","match_type":"name+coordinate","match_distance_km":0.107}},{"type":"Feature","geometry":{"type":"Point","coordinates":[46.5875244140625,54.84182689655049]},"properties":{"wikidata":"Q103255","display_name":"阿拉特尔","display_name_en":"Alatyr","kind_detail":"town","population":30989,"sort_key":-740153,"match_type":"machine-transliterated"}},{"type":"Feature","geometry":{"type":"Point","coordinates":[22.372283935546875,37.51081519807654]},"properties":{"wikidata":"Q193409","display_name":"的黎波里","display_name_en":"Tripoli","kind_detail":"city","population":30866,"sort_key":-740153,"match_type":"machine-transliterated"}},{"type":"Feature","geometry":{"type":"Point","coordinates":[58.432159423828125,50.25774198439689]},"properties":{"wikidata":"Q1087785","display_name":"赫罗姆陶","display_name_en":"Hromtau","kind_detail":"town","population":30304,"sort_key":-740153,"match_type":"machine-transliterated"}},{"type":"Feature","geometry":{"type":"Point","coordinates":[-55.4534912109375,-10.80902630400287]},"properties":{"wikidata":"Q1805608","display_name":"科利德","display_name_en":"Colíder","kind_detail":"town","population":31370,"sort_key":-740153,"match_type":"machine-transliterated"}},{"type":"Feature","geometry":{"type":"Point","coordinates":[41.499481201171875,52.58719779761046]},"properties":{"wikidata":"Q155489","display_name":"科托夫斯克","display_name_en":"Kotovsk","kind_detail":"town","population":31136,"sort_key":-740153,"geonames_id":"543605","match_type":"name+coordinate","match_distance_km":0.417}},{"type":"Feature","geometry":{"type":"Point","coordinates":[-105.59234619140625,41.31185540579858]},"properties":{"wikidata":"Q327515","display_name":"拉勒米","display_name_en":"Laramie","kind_detail":"city","population":32909,"sort_key":-740153,"geonames_id":"5830062","match_type":"name+coordinate","match_distance_km":0.117}},{"type":"Feature","geometry":{"type":"Point","coordinates":[153.27850341796875,-28.807376854704692]},"properties":{"wikidata":"Q35001","display_name":"利斯莫尔","display_name_en":"Lismore","kind_detail":"city","population":27916,"sort_key":-740153,"geonames_id":"2160063","match_type":"name+coordinate","match_distance_km":0.695}},{"type":"Feature","geometry":{"type":"Point","coordinates":[142.15072631835938,-34.19476548661918]},"properties":{"wikidata":"Q705829","display_name":"米爾杜拉","display_name_en":"Mildura","kind_detail":"city","population":35652,"sort_key":-740153,"geonames_id":"2157698","match_type":"name+coordinate","match_distance_km":1.495}},{"type":"Feature","geometry":{"type":"Point","coordinates":[-69.86618041992188,-6.6564234276522285]},"properties":{"wikidata":"Q1646910","display_name":"埃鲁内佩","display_name_en":"Eirunepé","kind_detail":"town","population":33170,"sort_key":-740152,"match_type":"machine-transliterated"}},{"type":"Feature","geometry":{"type":"Point","coordinates":[-104.23828125,32.42518098455072]},"properties":{"wikidata":"Q852577","display_name":"卡尔斯巴德","display_name_en":"Carlsbad","kind_detail":"city","population":32238,"sort_key":-740152,"match_type":"machine-transliterated"}},{"type":"Feature","geometry":{"type":"Point","coordinates":[-117.02224731445312,46.419872498633765]},"properties":{"wikidata":"Q505539","display_name":"刘易斯顿","display_name_en":"Lewiston","kind_detail":"city","population":32544,"sort_key":-740152,"geonames_id":"5598538","match_type":"name+coordinate","match_distance_km":0.51}},{"type":"Feature","geometry":{"type":"Point","coordinates":[-8.686065673828125,39.23650795487106]},"properties":{"wikidata":"Q273877","display_name":"圣塔伦","display_name_en":"Santarém","kind_detail":"city","population":30017,"sort_key":-740152,"match_type":"machine-transliterated"}},{"type":"Feature","geometry":{"type":"Point","coordinates":[150.92880249023438,-31.090574094954178]},"properties":{"wikidata":"Q1434796","display_name":"塔姆沃思","display_name_en":"Tamworth","kind_detail":"city","population":35415,"sort_key":-740152,"geonames_id":"2147497","match_type":"name+coordinate","match_distance_km":0.026}},{"type":"Feature","geometry":{"type":"Point","coordinates":[-77.78732299804688,48.101928918768664]},"properties":{"wikidata":"Q141937","display_name":"瓦勒多","display_name_en":"Val-d'Or","kind_detail":"city","population":35000,"sort_key":-740152,"match_type":"machine-transliterated"}},{"type":"Feature","geometry":{"type":"Point","coordinates":[22.822723388671875,4.743412565235843]},"properties":{"wikidata":"Q806478","display_name":"班加苏","display_name_en":"Bangassou","kind_detail":"city","population":31453,"sort_key":-740151,"match_type":"machine-transliterated"}},{"type":"Feature","geometry":{"type":"Point","coordinates":[-84.87350463867188,38.20041777800054]},"properties":{"wikidata":"Q28603","display_name":"法兰克福","display_name_en":"Frankfort","kind_detail":"city","population":28602,"sort_key":-740151,"geonames_id":"4292188","match_type":"name+coordinate","match_distance_km":0.058}},{"type":"Feature","geometry":{"type":"Point","coordinates":[-114.31549072265625,48.20179498589735]},"properties":{"wikidata":"Q853175","display_name":"卡利斯佩尔","display_name_en":"Kalispell","kind_detail":"city","population":31851,"sort_key":-740151,"geonames_id":"5660340","match_type":"name+coordinate","match_distance_km":0.695}},{"type":"Feature","geometry":{"type":"Point","coordinates":[57.42279052734375,49.47169378524674]},"properties":{"wikidata":"Q2374438","display_name":"康提亚加什","display_name_en":"Kandyagash","kind_detail":"town","population":35699,"sort_key":-740151,"match_type":"machine-transliterated"}},{"type":"Feature","geometry":{"type":"Point","coordinates":[-79.5684814453125,-7.40332403982103]},"properties":{"wikidata":"Q1279608","display_name":"帕卡斯马约","display_name_en":"Pacasmayo","kind_detail":"town","population":28929,"sort_key":-740151,"match_type":"machine-transliterated"}},{"type":"Feature","geometry":{"type":"Point","coordinates":[-120.30990600585938,47.423441796580704]},"properties":{"wikidata":"Q958596","display_name":"韦纳奇","display_name_en":"Wenatchee","kind_detail":"city","population":35508,"sort_key":-740151,"geonames_id":"5815342","match_type":"name+coordinate","match_distance_km":0.033}},{"type":"Feature","geometry":{"type":"Point","coordinates":[25.519866943359375,29.203719738370694]},"properties":{"wikidata":"Q2008735","display_name":"锡瓦绿洲","display_name_en":"Siwa Oasis","kind_detail":"city","population":35000,"sort_key":-740151,"match_type":"machine-transliterated"}},{"type":"Feature","geometry":{"type":"Point","coordinates":[-105.96038818359375,32.90034428749644]},"properties":{"wikidata":"Q467617","display_name":"阿拉莫戈多","display_name_en":"Alamogordo","kind_detail":"city","population":31384,"sort_key":-740150,"match_type":"machine-transliterated"}},{"type":"Feature","geometry":{"type":"Point","coordinates":[-113.06167602539062,37.677299136404244]},"properties":{"wikidata":"Q487212","display_name":"雪松城","display_name_en":"Cedar City","kind_detail":"city","population":28857,"sort_key":-740150,"geonames_id":"5536630","match_type":"name+coordinate","match_distance_km":0.028}},{"type":"Feature","geometry":{"type":"Point","coordinates":[47.830352783203125,-22.82175735786123]},"properties":{"wikidata":"Q1006566","display_name":"法拉凡加纳","display_name_en":"Farafangana","kind_detail":"town","population":34676,"sort_key":-740149,"match_type":"machine-transliterated"}},{"type":"Feature","geometry":{"type":"Point","coordinates":[142.481689453125,-38.38257470377023]},"properties":{"wikidata":"Q705867","display_name":"華南布爾","display_name_en":"Warrnambool","kind_detail":"city","population":32894,"sort_key":-740149,"geonames_id":"2144528","match_type":"name+coordinate","match_distance_km":0.557}},{"type":"Feature","geometry":{"type":"Point","coordinates":[-38.945159912109375,-15.67857655802905]},"properties":{"wikidata":"Q1772515","display_name":"卡纳维埃拉斯","display_name_en":"Canavieiras","kind_detail":"town","population":32683,"sort_key":-740149,"match_type":"machine-transliterated"}},{"type":"Feature","geometry":{"type":"Point","coordinates":[18.716583251953125,63.288618541362325]},"properties":{"wikidata":"Q28327","display_name":"恩舍尔兹维克","display_name_en":"Örnsköldsvik","kind_detail":"town","population":32953,"sort_key":-740148,"geonames_id":"2686469","match_type":"name+coordinate","match_distance_km":0.263}},{"type":"Feature","geometry":{"type":"Point","coordinates":[14.157257080078125,56.02908741976438]},"properties":{"wikidata":"Q26937","display_name":"克里斯蒂安斯塔德","display_name_en":"Kristianstad","kind_detail":"town","population":35711,"sort_key":-740148,"geonames_id":"2699310","match_type":"name+coordinate","match_distance_km":0.388}},{"type":"Feature","geometry":{"type":"Point","coordinates":[-78.89007568359375,33.69578012931697]},"properties":{"wikidata":"Q839805","display_name":"默特尔比奇","display_name_en":"Myrtle Beach","kind_detail":"city","population":29175,"sort_key":-740148,"geonames_id":"4588718","match_type":"name+coordinate","match_distance_km":0.81}},{"type":"Feature","geometry":{"type":"Point","coordinates":[-105.75576782226562,53.20191976452031]},"properties":{"wikidata":"Q671431","display_name":"艾伯特亲王城","display_name_en":"Prince Albert","kind_detail":"city","population":35129,"sort_key":-740147,"geonames_id":"6113335","match_type":"name+coordinate","match_distance_km":0.822}},{"type":"Feature","geometry":{"type":"Point","coordinates":[-91.51885986328125,14.846576365691362]},"properties":{"wikidata":"Q334577","display_name":"克薩爾特南戈","display_name_en":"Quetzaltenango","kind_detail":"city","population":32738,"sort_key":-740146,"geonames_id":"3590979","match_type":"name+coordinate","match_distance_km":0.511}},{"type":"Feature","geometry":{"type":"Point","coordinates":[-52.516021728515625,-0.8417971060697909]},"properties":{"wikidata":"Q1117969","display_name":"拉兰贾尔杜贾里","display_name_en":"Laranjal do Jari","kind_detail":"town","population":35114,"sort_key":-740144,"match_type":"machine-transliterated"}},{"type":"Feature","geometry":{"type":"Point","coordinates":[-7.28668212890625,15.167577595475692]},"properties":{"wikidata":"Q937352","display_name":"奈良","display_name_en":"Nara","kind_detail":"city","population":21257,"sort_key":-740124,"match_type":"machine-transliterated"}},{"type":"Feature","geometry":{"type":"Point","coordinates":[43.314971923828125,14.195163013871351]},"properties":{"wikidata":"Q138986","display_name":"扎比德","display_name_en":"Zabid","kind_detail":"town","population":21440,"sort_key":-740124,"match_type":"machine-transliterated"}},{"type":"Feature","geometry":{"type":"Point","coordinates":[114.9169921875,60.71485431363408]},"properties":{"wikidata":"Q157493","display_name":"连斯克","display_name_en":"Lensk","kind_detail":"town","population":23479,"sort_key":-740123,"geonames_id":"2020838","match_type":"name+coordinate","match_distance_km":1.378}},{"type":"Feature","geometry":{"type":"Point","coordinates":[-54.337005615234375,-34.4805240081573]},"properties":{"wikidata":"Q1017387","display_name":"羅恰","display_name_en":"Rocha","kind_detail":"city","population":26784,"sort_key":-740123,"geonames_id":"3440777","match_type":"name+coordinate","match_distance_km":0.587}},{"type":"Feature","geometry":{"type":"Point","coordinates":[-74.937744140625,-14.827991347352068]},"properties":{"wikidata":"Q1711521","display_name":"納斯卡","display_name_en":"Nazca","kind_detail":"town","population":23000,"sort_key":-740123,"geonames_id":"3934356","match_type":"name+coordinate","match_distance_km":0.357}},{"type":"Feature","geometry":{"type":"Point","coordinates":[176.06964111328125,-38.68658172716674]},"properties":{"wikidata":"Q2397257","display_name":"陶波","display_name_en":"Taupō","kind_detail":"town","population":26000,"sort_key":-740123,"geonames_id":"2181742","match_type":"name+coordinate","match_distance_km":1.242}},{"type":"Feature","geometry":{"type":"Point","coordinates":[65.126953125,36.95208671786996]},"properties":{"wikidata":"Q1054127","display_name":"安德霍伊","display_name_en":"Andkhoy","kind_detail":"town","population":26700,"sort_key":-740122,"match_type":"machine-transliterated"}},{"type":"Feature","geometry":{"type":"Point","coordinates":[-108.74404907226562,35.52887345122832]},"properties":{"wikidata":"Q577981","display_name":"盖洛普","display_name_en":"Gallup","kind_detail":"city","population":21605,"sort_key":-740122,"match_type":"machine-transliterated"}},{"type":"Feature","geometry":{"type":"Point","coordinates":[-63.52020263671875,-20.039160209358798]},"properties":{"wikidata":"Q1026256","display_name":"卡米里","display_name_en":"Camiri","kind_detail":"city","population":25989,"sort_key":-740122,"geonames_id":"3922414","match_type":"name+coordinate","match_distance_km":0.425}},{"type":"Feature","geometry":{"type":"Point","coordinates":[-52.642364501953125,5.15796646992419]},"properties":{"wikidata":"Q273312","display_name":"库鲁","display_name_en":"Kourou","kind_detail":"town","population":24805,"sort_key":-740122,"geonames_id":"3381303","match_type":"name+coordinate","match_distance_km":0.54}},{"type":"Feature","geometry":{"type":"Point","coordinates":[45.57403564453125,20.459182826228613]},"properties":{"wikidata":"Q27221","display_name":"作为苏莱伊尔","display_name_en":"As Sulayyil","kind_detail":"town","population":26639,"sort_key":-740122,"match_type":"machine-transliterated"}},{"type":"Feature","geometry":{"type":"Point","coordinates":[-117.02499389648438,34.898321507559885]},"properties":{"wikidata":"Q499174","display_name":"巴斯托","display_name_en":"Barstow","kind_detail":"city","population":25415,"sort_key":-740121,"geonames_id":"5326297","match_type":"name+coordinate","match_distance_km":0.2}},{"type":"Feature","geometry":{"type":"Point","coordinates":[41.079254150390625,19.127004504290554]},"properties":{"wikidata":"Q3495996","display_name":"昆富达","display_name_en":"Al Qunfudhah","kind_detail":"city","population":24512,"sort_key":-740121,"match_type":"machine-transliterated"}},{"type":"Feature","geometry":{"type":"Point","coordinates":[43.358917236328125,-21.744193617836544]},"properties":{"wikidata":"Q1028252","display_name":"穆龙贝","display_name_en":"Morombe","kind_detail":"town","population":22625,"sort_key":-740121,"geonames_id":"1058390","match_type":"name+coordinate","match_distance_km":0.19}},{"type":"Feature","geometry":{"type":"Point","coordinates":[-59.44427490234375,-10.175725720271117]},"properties":{"wikidata":"Q1805412","display_name":"阿利普阿纳","display_name_en":"Aripuanã","kind_detail":"town","population":24626,"sort_key":-740120,"match_type":"machine-transliterated"}},{"type":"Feature","geometry":{"type":"Point","coordinates":[151.666259765625,-30.514949045177715]},"properties":{"wikidata":"Q606169","display_name":"阿米代尔","display_name_en":"Armidale","kind_detail":"city","population":21312,"sort_key":-740120,"geonames_id":"2177671","match_type":"name+coordinate","match_distance_km":1.527}},{"type":"Feature","geometry":{"type":"Point","coordinates":[-98.404541015625,16.68618604602125]},"properties":{"wikidata":"Q2991571","display_name":"奥梅特佩克","display_name_en":"Ometepec","kind_detail":"town","population":27607,"sort_key":-740120,"match_type":"machine-transliterated"}},{"type":"Feature","geometry":{"type":"Point","coordinates":[-53.3770751953125,-32.56649053314148]},"properties":{"wikidata":"Q942201","display_name":"雅瓜朗","display_name_en":"Jaguarão","kind_detail":"town","population":26603,"sort_key":-740120,"match_type":"machine-transliterated"}},{"type":"Feature","geometry":{"type":"Point","coordinates":[115.34820556640625,-33.64434904445886]},"properties":{"wikidata":"Q642631","display_name":"巴瑟尔顿","display_name_en":"Busselton","kind_detail":"city","population":27233,"sort_key":-740119,"match_type":"machine-transliterated"}},{"type":"Feature","geometry":{"type":"Point","coordinates":[146.36123657226562,-41.17968758574462]},"properties":{"wikidata":"Q705705","display_name":"德文港","display_name_en":"Devonport","kind_detail":"city","population":24591,"sort_key":-740119,"geonames_id":"2168943","match_type":"name+coordinate","match_distance_km":0.868}},{"type":"Feature","geometry":{"type":"Point","coordinates":[21.581268310546875,17.19327473661282]},"properties":{"wikidata":"Q985562","display_name":"发达","display_name_en":"Fada","kind_detail":"city","population":23786,"sort_key":-740119,"match_type":"machine-transliterated"}},{"type":"Feature","geometry":{"type":"Point","coordinates":[-66.09512329101562,-2.515061053188802]},"properties":{"wikidata":"Q1793768","display_name":"丰特博阿","display_name_en":"Fonte Boa","kind_detail":"town","population":25871,"sort_key":-740119,"match_type":"machine-transliterated"}},{"type":"Feature","geometry":{"type":"Point","coordinates":[-124.99557495117188,49.689843303232664]},"properties":{"wikidata":"Q1017477","display_name":"考特尼","display_name_en":"Courtenay","kind_detail":"city","population":25599,"sort_key":-740119,"geonames_id":"5930890","match_type":"name+coordinate","match_distance_km":0.391}},{"type":"Feature","geometry":{"type":"Point","coordinates":[48.346710205078125,-21.238182425982302]},"properties":{"wikidata":"Q2423152","display_name":"马南贾里","display_name_en":"Mananjary","kind_detail":"town","population":25222,"sort_key":-740119,"match_type":"machine-transliterated"}},{"type":"Feature","geometry":{"type":"Point","coordinates":[-66.37939453125,50.211185617842574]},"properties":{"wikidata":"Q141699","display_name":"七岛","display_name_en":"Sept-Îles","kind_detail":"city","population":25686,"sort_key":-740119,"match_type":"machine-transliterated"}},{"type":"Feature","geometry":{"type":"Point","coordinates":[-70.19577026367188,-22.0881849245076]},"properties":{"wikidata":"Q188192","display_name":"托科皮亚","display_name_en":"Tocopilla","kind_detail":"city","population":24521,"sort_key":-740119,"geonames_id":"3869716","match_type":"name+coordinate","match_distance_km":0.477}},{"type":"Feature","geometry":{"type":"Point","coordinates":[44.023590087890625,-18.061006684624587]},"properties":{"wikidata":"Q2531012","display_name":"迈蒂拉诺","display_name_en":"Maintirano","kind_detail":"town","population":22293,"sort_key":-740118,"match_type":"machine-transliterated"}},{"type":"Feature","geometry":{"type":"Point","coordinates":[-80.94314575195312,44.56796930267967]},"properties":{"wikidata":"Q1017735","display_name":"欧文桑德","display_name_en":"Owen Sound","kind_detail":"city","population":21688,"sort_key":-740118,"match_type":"machine-transliterated"}},{"type":"Feature","geometry":{"type":"Point","coordinates":[-72.09915161132812,41.355164711407156]},"properties":{"wikidata":"Q49146","display_name":"新伦敦","display_name_en":"New London","kind_detail":"city","population":27620,"sort_key":-740118,"geonames_id":"4839416","match_type":"name+coordinate","match_distance_km":0.062}},{"type":"Feature","geometry":{"type":"Point","coordinates":[-72.2735595703125,-50.338448887254714]},"properties":{"wikidata":"Q81561","display_name":"埃尔卡拉法特","display_name_en":"El Calafate","kind_detail":"town","population":22844,"sort_key":-740117,"geonames_id":"3858677","match_type":"name+coordinate","match_distance_km":0.345}},{"type":"Feature","geometry":{"type":"Point","coordinates":[-57.759246826171875,-6.219742749707095]},"properties":{"wikidata":"Q1805252","display_name":"雅卡雷阿坎加","display_name_en":"Jacareacanga","kind_detail":"town","population":24042,"sort_key":-740116,"match_type":"machine-transliterated"}},{"type":"Feature","geometry":{"type":"Point","coordinates":[140.7843017578125,-37.830395486901516]},"properties":{"wikidata":"Q327348","display_name":"甘比爾山","display_name_en":"Mount Gambier","kind_detail":"city","population":26734,"sort_key":-740115,"geonames_id":"2156643","match_type":"name+coordinate","match_distance_km":0.475}},{"type":"Feature","geometry":{"type":"Point","coordinates":[-121.78207397460938,42.22444970100972]},"properties":{"wikidata":"Q846146","display_name":"克拉马斯福尔斯","display_name_en":"Klamath Falls","kind_detail":"city","population":21885,"sort_key":-740115,"match_type":"machine-transliterated"}},{"type":"Feature","geometry":{"type":"Point","coordinates":[-88.59512329101562,15.727491897363123]},"properties":{"wikidata":"Q991400","display_name":"巴里奧斯港","display_name_en":"Puerto Barrios","kind_detail":"city","population":27652,"sort_key":-740114,"geonames_id":"3591062","match_type":"name+coordinate","match_distance_km":0.295}},{"type":"Feature","geometry":{"type":"Point","coordinates":[-115.762939453125,40.832515040432725]},"properties":{"wikidata":"Q945084","display_name":"埃尔科","display_name_en":"Elko","kind_detail":"city","population":21019,"sort_key":-740092,"geonames_id":"5703670","match_type":"name+coordinate","match_distance_km":0.019}},{"type":"Feature","geometry":{"type":"Point","coordinates":[24.566802978515625,65.73344863823215]},"properties":{"wikidata":"Q203619","display_name":"基米","display_name_en":"Kemi","kind_detail":"town","population":20394,"sort_key":-740092,"geonames_id":"653281","match_type":"name+coordinate","match_distance_km":0.358}},{"type":"Feature","geometry":{"type":"Point","coordinates":[40.900726318359375,-2.2680841721099227]},"properties":{"wikidata":"Q272799","display_name":"拉穆","display_name_en":"Lamu","kind_detail":"town","population":18382,"sort_key":-740092,"geonames_id":"189741","match_type":"name+coordinate","match_distance_km":0.426}},{"type":"Feature","geometry":{"type":"Point","coordinates":[38.0950927734375,63.91141597641911]},"properties":{"wikidata":"Q176592","display_name":"奥涅加","display_name_en":"Onega","kind_detail":"town","population":19381,"sort_key":-740091,"match_type":"machine-transliterated"}},{"type":"Feature","geometry":{"type":"Point","coordinates":[145.90667724609375,-41.05243077390834]},"properties":{"wikidata":"Q175262","display_name":"伯爾尼","display_name_en":"Burnie","kind_detail":"city","population":20267,"sort_key":-740090,"geonames_id":"2173125","match_type":"name+coordinate","match_distance_km":0.452}},{"type":"Feature","geometry":{"type":"Point","coordinates":[20.306854248046875,67.84966656154003]},"properties":{"wikidata":"Q83232","display_name":"基律纳","display_name_en":"Kiruna","kind_detail":"town","population":17513,"sort_key":-740090,"geonames_id":"605155","match_type":"name+coordinate","match_distance_km":3.491}},{"type":"Feature","geometry":{"type":"Point","coordinates":[2.4005126953125,15.916432249854253]},"properties":{"wikidata":"Q855986","display_name":"梅納卡","display_name_en":"Ménaka","kind_detail":"city","population":20700,"sort_key":-740090,"geonames_id":"2453514","match_type":"name+coordinate","match_distance_km":0.607}},{"type":"Feature","geometry":{"type":"Point","coordinates":[-81.79458618164062,26.141877832325477]},"properties":{"wikidata":"Q257830","display_name":"那不勒斯","display_name_en":"Naples","kind_detail":"city","population":19115,"sort_key":-740090,"geonames_id":"4165565","match_type":"name+coordinate","match_distance_km":0.146}},{"type":"Feature","geometry":{"type":"Point","coordinates":[-69.774169921875,44.31500531024389]},"properties":{"wikidata":"Q28206","display_name":"奥古斯塔","display_name_en":"Augusta","kind_detail":"city","population":19155,"sort_key":-740089,"geonames_id":"4957003","match_type":"name+coordinate","match_distance_km":0.646}},{"type":"Feature","geometry":{"type":"Point","coordinates":[-109.55429077148438,31.34542731758161]},"properties":{"wikidata":"Q79878","display_name":"道格拉斯","display_name_en":"Douglas","kind_detail":"town","population":16534,"sort_key":-740089,"geonames_id":"5293083","match_type":"name+coordinate","match_distance_km":0.856}},{"type":"Feature","geometry":{"type":"Point","coordinates":[152.51358032226562,-32.18258649653828]},"properties":{"wikidata":"Q581879","display_name":"福斯特","display_name_en":"Forster","kind_detail":"town","population":20554,"sort_key":-740089,"match_type":"machine-transliterated"}},{"type":"Feature","geometry":{"type":"Point","coordinates":[152.93380737304688,-29.691631763244665]},"properties":{"wikidata":"Q1025587","display_name":"格拉夫顿","display_name_en":"Grafton","kind_detail":"city","population":17155,"sort_key":-740089,"geonames_id":"2164771","match_type":"name+coordinate","match_distance_km":1.178}},{"type":"Feature","geometry":{"type":"Point","coordinates":[-110.93582153320312,31.340735782189483]},"properties":{"wikidata":"Q79783","display_name":"诺加利斯","display_name_en":"Nogales","kind_detail":"town","population":20768,"sort_key":-740089,"geonames_id":"5306611","match_type":"name+coordinate","match_distance_km":0.154}},{"type":"Feature","geometry":{"type":"Point","coordinates":[-62.925567626953125,-0.9722433774513775]},"properties":{"wikidata":"Q807939","display_name":"巴塞洛斯","display_name_en":"Barcelos","kind_detail":"town","population":18834,"sort_key":-740088,"geonames_id":"3665098","match_type":"name+coordinate","match_distance_km":0.209}},{"type":"Feature","geometry":{"type":"Point","coordinates":[71.63497924804688,48.68642750129342]},"properties":{"wikidata":"Q753744","display_name":"贾尼亚卡","display_name_en":"Jañaarqa","kind_detail":"town","population":17528,"sort_key":-740088,"match_type":"machine-transliterated"}},{"type":"Feature","geometry":{"type":"Point","coordinates":[116.84783935546875,-20.736850235081647]},"properties":{"wikidata":"Q1309107","display_name":"卡拉萨","display_name_en":"Karratha","kind_detail":"city","population":17013,"sort_key":-740088,"match_type":"machine-transliterated"}},{"type":"Feature","geometry":{"type":"Point","coordinates":[-5.535736083984375,50.11969757128816]},"properties":{"wikidata":"Q208209","display_name":"彭赞斯","display_name_en":"Penzance","kind_detail":"town","population":21200,"sort_key":-740088,"geonames_id":"2640377","match_type":"name+coordinate","match_distance_km":0.157}},{"type":"Feature","geometry":{"type":"Point","coordinates":[-75.0091552734375,-7.350208978163423]},"properties":{"wikidata":"Q3317773","display_name":"孔塔马纳","display_name_en":"Contamana","kind_detail":"town","population":17429,"sort_key":-740087,"match_type":"machine-transliterated"}},{"type":"Feature","geometry":{"type":"Point","coordinates":[-67.77328491210938,-2.8621206946409927]},"properties":{"wikidata":"Q1793355","display_name":"托南廷斯","display_name_en":"Tonantins","kind_detail":"town","population":19247,"sort_key":-740087,"match_type":"machine-transliterated"}},{"type":"Feature","geometry":{"type":"Point","coordinates":[15.764007568359375,-17.780074126643242]},"properties":{"wikidata":"Q841557","display_name":"翁圭迪瓦","display_name_en":"Ongwediva","kind_detail":"town","population":20260,"sort_key":-740087,"geonames_id":"3354147","match_type":"name+coordinate","match_distance_km":0.916}},{"type":"Feature","geometry":{"type":"Point","coordinates":[127.672119140625,51.99841038239032]},"properties":{"wikidata":"Q198311","display_name":"希马诺夫斯克","display_name_en":"Shimanovsk","kind_detail":"town","population":18643,"sort_key":-740087,"geonames_id":"2016701","match_type":"name+coordinate","match_distance_km":0.6}},{"type":"Feature","geometry":{"type":"Point","coordinates":[101.37222290039062,14.053995128467747]},"properties":{"wikidata":"Q1365804","display_name":"巴真府","display_name_en":"Prachin Buri","kind_detail":"town","population":19910,"sort_key":-740086,"match_type":"machine-transliterated"}},{"type":"Feature","geometry":{"type":"Point","coordinates":[0.17578125,26.72108039086173]},"properties":{"wikidata":"Q582905","display_name":"雷甘","display_name_en":"Regane","kind_detail":"town","population":20402,"sort_key":-740085,"match_type":"machine-transliterated"}},{"type":"Feature","geometry":{"type":"Point","coordinates":[-72.69790649414062,-45.40712789221429]},"properties":{"wikidata":"Q1909281","display_name":"艾森港","display_name_en":"Puerto Aysén","kind_detail":"city","population":17441,"sort_key":-740084,"match_type":"machine-transliterated"}},{"type":"Feature","geometry":{"type":"Point","coordinates":[-54.944000244140625,-34.9636226742002]},"properties":{"wikidata":"Q56069","display_name":"埃斯特角城","display_name_en":"Punta del Este","kind_detail":"city","population":18137,"sort_key":-740082,"geonames_id":"3440939","match_type":"name+coordinate","match_distance_km":2.022}},{"type":"Feature","geometry":{"type":"Point","coordinates":[-72.50564575195312,-51.726177520559474]},"properties":{"wikidata":"Q1001339","display_name":"納塔萊斯港","display_name_en":"Puerto Natales","kind_detail":"city","population":19023,"sort_key":-740082,"geonames_id":"3874958","match_type":"name+coordinate","match_distance_km":0.411}},{"type":"Feature","geometry":{"type":"Point","coordinates":[-11.432647705078125,18.555136195095102]},"properties":{"wikidata":"Q757041","display_name":"提吉克贾","display_name_en":"Tidjikja","kind_detail":"city","population":18586,"sort_key":-740082,"match_type":"machine-transliterated"}},{"type":"Feature","geometry":{"type":"Point","coordinates":[-64.93881225585938,-40.730608477796636]},"properties":{"wikidata":"Q1894082","display_name":"西圣安东尼奥","display_name_en":"San Antonio Oeste","kind_detail":"town","population":16265,"sort_key":-740079,"geonames_id":"3837980","match_type":"name+coordinate","match_distance_km":0.762}},{"type":"Feature","geometry":{"type":"Point","coordinates":[89.84207153320312,55.319768755010216]},"properties":{"wikidata":"Q196803","display_name":"烏茹爾","display_name_en":"Uzhur","kind_detail":"town","population":14134,"sort_key":-740060,"geonames_id":"1487882","match_type":"name+coordinate","match_distance_km":0.727}},{"type":"Feature","geometry":{"type":"Point","coordinates":[-64.4842529296875,48.83127762573855]},"properties":{"wikidata":"Q141903","display_name":"加斯佩","display_name_en":"Gaspé","kind_detail":"town","population":15063,"sort_key":-740059,"match_type":"machine-transliterated"}},{"type":"Feature","geometry":{"type":"Point","coordinates":[81.463623046875,51.00079308917475]},"properties":{"wikidata":"Q134493","display_name":"戈尔尼亚克","display_name_en":"Gornyak","kind_detail":"town","population":12437,"sort_key":-740058,"match_type":"machine-transliterated"}},{"type":"Feature","geometry":{"type":"Point","coordinates":[-94.48928833007812,49.76618706168037]},"properties":{"wikidata":"Q993714","display_name":"肯諾拉","display_name_en":"Kenora","kind_detail":"city","population":15348,"sort_key":-740058,"geonames_id":"5991055","match_type":"name+coordinate","match_distance_km":0.142}},{"type":"Feature","geometry":{"type":"Point","coordinates":[-94.8834228515625,47.47266286861341]},"properties":{"wikidata":"Q730430","display_name":"伯米吉","display_name_en":"Bemidji","kind_detail":"city","population":13431,"sort_key":-740057,"match_type":"machine-transliterated"}},{"type":"Feature","geometry":{"type":"Point","coordinates":[78.93539428710938,52.566334145326465]},"properties":{"wikidata":"Q913181","display_name":"库伦达","display_name_en":"Kulunda","kind_detail":"town","population":14498,"sort_key":-740057,"match_type":"machine-transliterated"}},{"type":"Feature","geometry":{"type":"Point","coordinates":[-124.2169189453125,43.3681207726402]},"properties":{"wikidata":"Q913266","display_name":"库斯湾","display_name_en":"Coos Bay","kind_detail":"town","population":15999,"sort_key":-740056,"match_type":"machine-transliterated"}},{"type":"Feature","geometry":{"type":"Point","coordinates":[15.157012939453125,-26.64991352472503]},"properties":{"wikidata":"Q159325","display_name":"吕德里茨","display_name_en":"Lüderitz","kind_detail":"town","population":12500,"sort_key":-740056,"geonames_id":"3355672","match_type":"name+coordinate","match_distance_km":0.377}},{"type":"Feature","geometry":{"type":"Point","coordinates":[-97.86346435546875,55.74334702389655]},"properties":{"wikidata":"Q991295","display_name":"汤普森","display_name_en":"Thompson","kind_detail":"city","population":12829,"sort_key":-740056,"geonames_id":"6165406","match_type":"name+coordinate","match_distance_km":0.481}},{"type":"Feature","geometry":{"type":"Point","coordinates":[-95.34622192382812,28.94927398546062]},"properties":{"wikidata":"Q959375","display_name":"自由港","display_name_en":"Freeport","kind_detail":"town","population":12603,"sort_key":-740056,"geonames_id":"4692355","match_type":"name+coordinate","match_distance_km":1.415}},{"type":"Feature","geometry":{"type":"Point","coordinates":[-81.4910888671875,31.150532207596783]},"properties":{"wikidata":"Q994144","display_name":"不伦瑞克","display_name_en":"Brunswick","kind_detail":"city","population":15210,"sort_key":-740055,"match_type":"machine-transliterated"}},{"type":"Feature","geometry":{"type":"Point","coordinates":[-69.06829833984375,-45.5871341343641]},"properties":{"wikidata":"Q106034","display_name":"薩爾米恩托","display_name_en":"Sarmiento","kind_detail":"town","population":14289,"sort_key":-740055,"geonames_id":"3835710","match_type":"name+coordinate","match_distance_km":0.058}},{"type":"Feature","geometry":{"type":"Point","coordinates":[31.350860595703125,21.80030805097259]},"properties":{"wikidata":"Q740865","display_name":"瓦迪哈勒法","display_name_en":"Wadi Halfa","kind_detail":"city","population":15725,"sort_key":-740055,"geonames_id":"364132","match_type":"name+coordinate","match_distance_km":2.169}},{"type":"Feature","geometry":{"type":"Point","coordinates":[-106.29959106445312,35.881261658903554]},"properties":{"wikidata":"Q318637","display_name":"洛斯阿拉莫斯","display_name_en":"Los Alamos","kind_detail":"city","population":13179,"sort_key":-740054,"geonames_id":"5476825","match_type":"name+coordinate","match_distance_km":1.008}},{"type":"Feature","geometry":{"type":"Point","coordinates":[-60.94390869140625,-2.626185670265599]},"properties":{"wikidata":"Q1750332","display_name":"新艾朗","display_name_en":"Novo Airão","kind_detail":"town","population":15761,"sort_key":-740054,"match_type":"machine-transliterated"}},{"type":"Feature","geometry":{"type":"Point","coordinates":[137.76443481445312,-32.49123028794758]},"properties":{"wikidata":"Q606288","display_name":"奥古斯塔港","display_name_en":"Port Augusta","kind_detail":"town","population":12788,"sort_key":-740052,"geonames_id":"2063056","match_type":"name+coordinate","match_distance_km":0.946}},{"type":"Feature","geometry":{"type":"Point","coordinates":[-64.09561157226562,-38.99036995221768]},"properties":{"wikidata":"Q1410272","display_name":"里奧科洛拉多","display_name_en":"Río Colorado","kind_detail":"town","population":16132,"sort_key":-740052,"geonames_id":"3838879","match_type":"name+coordinate","match_distance_km":0.05}},{"type":"Feature","geometry":{"type":"Point","coordinates":[135.85968017578125,-34.721297453164645]},"properties":{"wikidata":"Q606268","display_name":"林肯港","display_name_en":"Port Lincoln","kind_detail":"town","population":14404,"sort_key":-740052,"geonames_id":"2063036","match_type":"name+coordinate","match_distance_km":1.455}},{"type":"Feature","geometry":{"type":"Point","coordinates":[-114.03671264648438,27.97135941625669]},"properties":{"wikidata":"Q957163","display_name":"格雷罗黑人","display_name_en":"Guerrero Negro","kind_detail":"town","population":13596,"sort_key":-740050,"match_type":"machine-transliterated"}},{"type":"Feature","geometry":{"type":"Point","coordinates":[-108.30047607421875,52.776185688961704]},"properties":{"wikidata":"Q999654","display_name":"北贝特爾福德","display_name_en":"North Battleford","kind_detail":"city","population":13888,"sort_key":-740048,"geonames_id":"6089404","match_type":"name+coordinate","match_distance_km":0.468}},{"type":"Feature","geometry":{"type":"Point","coordinates":[13.919677734375,25.913585416189804]},"properties":{"wikidata":"Q526822","display_name":"穆尔祖克","display_name_en":"Murzuq","kind_detail":"city","population":12746,"sort_key":-740048,"match_type":"machine-transliterated"}},{"type":"Feature","geometry":{"type":"Point","coordinates":[-67.72933959960938,-49.30721745093608]},"properties":{"wikidata":"Q955668","display_name":"圣胡利安港","display_name_en":"Puerto San Julián","kind_detail":"town","population":12493,"sort_key":-740047,"match_type":"machine-transliterated"}},{"type":"Feature","geometry":{"type":"Point","coordinates":[-72.23373413085938,48.88277959345126]},"properties":{"wikidata":"Q141393","display_name":"多博-米斯塔西尼","display_name_en":"Dolbeau-Mistassini","kind_detail":"town","population":14546,"sort_key":-740046,"match_type":"machine-transliterated"}},{"type":"Feature","geometry":{"type":"Point","coordinates":[-60.742034912109375,-17.845446982925566]},"properties":{"wikidata":"Q2143101","display_name":"圣何塞德奇基托斯","display_name_en":"San José de Chiquitos","kind_detail":"town","population":12971,"sort_key":-740043,"match_type":"machine-transliterated"}},{"type":"Feature","geometry":{"type":"Point","coordinates":[19.095611572265625,17.921249418623304]},"properties":{"wikidata":"Q516769","display_name":"法亞-拉若","display_name_en":"Faya-Largeau","kind_detail":"city","population":14123,"sort_key":-740041,"geonames_id":"2432678","match_type":"name+coordinate","match_distance_km":1.042}},{"type":"Feature","geometry":{"type":"Point","coordinates":[39.969635009765625,7.0068528039704745]},"properties":{"wikidata":"Q745871","display_name":"戈巴","display_name_en":"Goba","kind_detail":"town","population":10000,"sort_key":-740028,"match_type":"machine-transliterated"}},{"type":"Feature","geometry":{"type":"Point","coordinates":[156.8408203125,-8.10545773128429]},"properties":{"wikidata":"Q1236908","display_name":"吉佐","display_name_en":"Gizo","kind_detail":"town","population":10000,"sort_key":-740028,"match_type":"machine-transliterated"}},{"type":"Feature","geometry":{"type":"Point","coordinates":[-109.0557861328125,44.52588470040996]},"properties":{"wikidata":"Q916603","display_name":"科迪","display_name_en":"Cody","kind_detail":"city","population":9744,"sort_key":-740028,"geonames_id":"5821593","match_type":"name+coordinate","match_distance_km":0.078}},{"type":"Feature","geometry":{"type":"Point","coordinates":[165.79742431640625,-10.724031982206071]},"properties":{"wikidata":"Q646756","display_name":"拉塔","display_name_en":"Lata","kind_detail":"town","population":10000,"sort_key":-740028,"match_type":"machine-transliterated"}},{"type":"Feature","geometry":{"type":"Point","coordinates":[31.817779541015625,18.480911530236654]},"properties":{"wikidata":"Q2784541","display_name":"麦洛维","display_name_en":"Merowe","kind_detail":"city","population":10000,"sort_key":-740028,"match_type":"machine-transliterated"}},{"type":"Feature","geometry":{"type":"Point","coordinates":[37.733917236328125,18.430107701569682]},"properties":{"wikidata":"Q1010754","display_name":"托卡尔","display_name_en":"Tokar","kind_detail":"town","population":10000,"sort_key":-740028,"match_type":"machine-transliterated"}},{"type":"Feature","geometry":{"type":"Point","coordinates":[23.68927001953125,3.813556859422917]},"properties":{"wikidata":"Q2909998","display_name":"邦多","display_name_en":"Bondo","kind_detail":"town","population":10000,"sort_key":-740027,"match_type":"machine-transliterated"}},{"type":"Feature","geometry":{"type":"Point","coordinates":[148.24676513671875,-20.012064721506334]},"properties":{"wikidata":"Q895407","display_name":"博文","display_name_en":"Bowen","kind_detail":"town","population":9612,"sort_key":-740027,"match_type":"machine-transliterated"}},{"type":"Feature","geometry":{"type":"Point","coordinates":[14.4195556640625,-9.686044719454856]},"properties":{"wikidata":"Q5295566","display_name":"栋多","display_name_en":"Dondo","kind_detail":"town","population":10000,"sort_key":-740027,"match_type":"machine-transliterated"}},{"type":"Feature","geometry":{"type":"Point","coordinates":[20.834197998046875,-7.381534016633751]},"properties":{"wikidata":"Q2425651","display_name":"敦多","display_name_en":"Dundo","kind_detail":"town","population":10000,"sort_key":-740027,"match_type":"machine-transliterated"}},{"type":"Feature","geometry":{"type":"Point","coordinates":[155.63644409179688,-6.218377540534334]},"properties":{"wikidata":"Q1187240","display_name":"基塔","display_name_en":"Kieta","kind_detail":"town","population":10367,"sort_key":-740027,"match_type":"machine-transliterated"}},{"type":"Feature","geometry":{"type":"Point","coordinates":[29.532623291015625,3.040411670871066]},"properties":{"wikidata":"Q3566727","display_name":"瓦萨","display_name_en":"Watsa","kind_detail":"town","population":10000,"sort_key":-740027,"match_type":"machine-transliterated"}},{"type":"Feature","geometry":{"type":"Point","coordinates":[23.358306884765625,-1.0532548835917481]},"properties":{"wikidata":"Q3086891","display_name":"伊凯拉","display_name_en":"Ikela","kind_detail":"town","population":10000,"sort_key":-740027,"match_type":"machine-transliterated"}},{"type":"Feature","geometry":{"type":"Point","coordinates":[13.106689453125,-7.844336075064973]},"properties":{"wikidata":"Q458731","display_name":"安布里兹","display_name_en":"Ambriz","kind_detail":"town","population":10000,"sort_key":-740026,"match_type":"machine-transliterated"}},{"type":"Feature","geometry":{"type":"Point","coordinates":[24.00787353515625,-30.65090860628473]},"properties":{"wikidata":"Q743069","display_name":"德阿爾","display_name_en":"De Aar","kind_detail":"town","population":10000,"sort_key":-740026,"geonames_id":"1011632","match_type":"name+coordinate","match_distance_km":0.446}},{"type":"Feature","geometry":{"type":"Point","coordinates":[-54.6185302734375,48.95948236523748]},"properties":{"wikidata":"Q745257","display_name":"甘德","display_name_en":"Gander","kind_detail":"town","population":10000,"sort_key":-740026,"geonames_id":"5959335","match_type":"name+coordinate","match_distance_km":0.391}},{"type":"Feature","geometry":{"type":"Point","coordinates":[8.6737060546875,50.585852482604906]},"properties":{"wikidata":"Q3874","display_name":"吉森","display_name_en":"Giessen","kind_detail":"town","population":10000,"sort_key":-740026,"geonames_id":"2920512","match_type":"name+coordinate","match_distance_km":0.204}},{"type":"Feature","geometry":{"type":"Point","coordinates":[39.0509033203125,3.524386660147968]},"properties":{"wikidata":"Q1009179","display_name":"摩亞雷","display_name_en":"Moyale","kind_detail":"town","population":10000,"sort_key":-740026,"geonames_id":"186180","match_type":"name+coordinate","match_distance_km":0.628}},{"type":"Feature","geometry":{"type":"Point","coordinates":[39.58099365234375,5.333011501430974]},"properties":{"wikidata":"Q2714363","display_name":"内格勒","display_name_en":"Negele","kind_detail":"town","population":10000,"sort_key":-740026,"match_type":"machine-transliterated"}},{"type":"Feature","geometry":{"type":"Point","coordinates":[117.64572143554688,62.15716495068631]},"properties":{"wikidata":"Q1275240","display_name":"桑塔","display_name_en":"Suntar","kind_detail":"town","population":10035,"sort_key":-740026,"match_type":"machine-transliterated"}},{"type":"Feature","geometry":{"type":"Point","coordinates":[-70.48553466796875,-25.40730643193396]},"properties":{"wikidata":"Q188049","display_name":"塔爾塔爾","display_name_en":"Taltal","kind_detail":"town","population":10933,"sort_key":-740026,"geonames_id":"3870243","match_type":"name+coordinate","match_distance_km":0.02}},{"type":"Feature","geometry":{"type":"Point","coordinates":[39.9078369140625,-16.22917936386213]},"properties":{"wikidata":"Q541656","display_name":"安戈謝","display_name_en":"Angoche","kind_detail":"town","population":10000,"sort_key":-740025,"geonames_id":"1052944","match_type":"name+coordinate","match_distance_km":0.378}},{"type":"Feature","geometry":{"type":"Point","coordinates":[24.730224609375,-26.9551254408823]},"properties":{"wikidata":"Q1027291","display_name":"弗雷堡","display_name_en":"Vryburg","kind_detail":"town","population":10000,"sort_key":-740025,"geonames_id":"942511","match_type":"name+coordinate","match_distance_km":0.243}},{"type":"Feature","geometry":{"type":"Point","coordinates":[30.7891845703125,-27.77105119317227]},"properties":{"wikidata":"Q1023254","display_name":"弗里海德","display_name_en":"Vryheid","kind_detail":"town","population":10000,"sort_key":-740025,"match_type":"machine-transliterated"}},{"type":"Feature","geometry":{"type":"Point","coordinates":[108.116455078125,57.77671440166989]},"properties":{"wikidata":"Q153412","display_name":"基廉斯克","display_name_en":"Kirensk","kind_detail":"town","population":11310,"sort_key":-740025,"geonames_id":"2022083","match_type":"name+coordinate","match_distance_km":0.14}},{"type":"Feature","geometry":{"type":"Point","coordinates":[30.966339111328125,-3.281742953890671]},"properties":{"wikidata":"Q13123200","display_name":"卡康科","display_name_en":"Kakonko","kind_detail":"town","population":10000,"sort_key":-740025,"match_type":"machine-transliterated"}},{"type":"Feature","geometry":{"type":"Point","coordinates":[26.670684814453125,-4.428567261769004]},"properties":{"wikidata":"Q587152","display_name":"卡松戈","display_name_en":"Kasongo","kind_detail":"town","population":10000,"sort_key":-740025,"match_type":"machine-transliterated"}},{"type":"Feature","geometry":{"type":"Point","coordinates":[71.48117065429688,32.456473533435215]},"properties":{"wikidata":"Q951628","display_name":"昆甸","display_name_en":"Kundian","kind_detail":"town","population":10000,"sort_key":-740025,"match_type":"machine-transliterated"}},{"type":"Feature","geometry":{"type":"Point","coordinates":[-64.13681030273438,44.99005552290686]},"properties":{"wikidata":"Q1973829","display_name":"温莎","display_name_en":"Windsor","kind_detail":"town","population":10000,"sort_key":-740025,"match_type":"machine-transliterated"}},{"type":"Feature","geometry":{"type":"Point","coordinates":[23.115234375,-13.549881446917126]},"properties":{"wikidata":"Q145470","display_name":"赞比西河","display_name_en":"Zambezi","kind_detail":"town","population":10000,"sort_key":-740025,"geonames_id":"895953","match_type":"name+coordinate","match_distance_km":1.361}},{"type":"Feature","geometry":{"type":"Point","coordinates":[-65.654296875,47.62097541515848]},"properties":{"wikidata":"Q810807","display_name":"巴瑟斯特","display_name_en":"Bathurst","kind_detail":"city","population":12157,"sort_key":-740024,"geonames_id":"6696259","match_type":"name+coordinate","match_distance_km":0.395}},{"type":"Feature","geometry":{"type":"Point","coordinates":[-10.04974365234375,5.881064242424841]},"properties":{"wikidata":"Q269222","display_name":"布坎南","display_name_en":"Buchanan","kind_detail":"town","population":10000,"sort_key":-740024,"geonames_id":"2278158","match_type":"name+coordinate","match_distance_km":0.46}},{"type":"Feature","geometry":{"type":"Point","coordinates":[-70.62286376953125,-26.347575438494673]},"properties":{"wikidata":"Q3763","display_name":"查尼亞拉爾","display_name_en":"Chañaral","kind_detail":"town","population":11073,"sort_key":-740024,"geonames_id":"3895554","match_type":"name+coordinate","match_distance_km":0.816}},{"type":"Feature","geometry":{"type":"Point","coordinates":[129.67575073242188,49.74311905282357]},"properties":{"wikidata":"Q2003829","display_name":"进步","display_name_en":"Progress","kind_detail":"town","population":9892,"sort_key":-740024,"match_type":"machine-transliterated"}},{"type":"Feature","geometry":{"type":"Point","coordinates":[32.949371337890625,24.475900136285446]},"properties":{"wikidata":"Q138833","display_name":"卡姆翁布","display_name_en":"Kawm Ombo","kind_detail":"town","population":10000,"sort_key":-740024,"match_type":"machine-transliterated"}},{"type":"Feature","geometry":{"type":"Point","coordinates":[115.72036743164062,-32.53060504985311]},"properties":{"wikidata":"Q595542","display_name":"曼杜拉","display_name_en":"Mandurah","kind_detail":"city","population":11777,"sort_key":-740024,"geonames_id":"2067119","match_type":"name+coordinate","match_distance_km":0.431}},{"type":"Feature","geometry":{"type":"Point","coordinates":[-58.739776611328125,-38.55460931253295]},"properties":{"wikidata":"Q1022275","display_name":"內科切阿","display_name_en":"Necochea","kind_detail":"town","population":10000,"sort_key":-740024,"geonames_id":"3430443","match_type":"name+coordinate","match_distance_km":0.019}},{"type":"Feature","geometry":{"type":"Point","coordinates":[17.9461669921875,-32.99829825477534]},"properties":{"wikidata":"Q1643816","display_name":"萨尔达尼亚","display_name_en":"Saldanha","kind_detail":"town","population":10000,"sort_key":-740024,"match_type":"machine-transliterated"}},{"type":"Feature","geometry":{"type":"Point","coordinates":[-61.637420654296875,6.715073367093709]},"properties":{"wikidata":"Q5351162","display_name":"埃尔多拉多","display_name_en":"El Dorado","kind_detail":"town","population":10000,"sort_key":-740023,"match_type":"machine-transliterated"}},{"type":"Feature","geometry":{"type":"Point","coordinates":[121.893310546875,-33.857871948188674]},"properties":{"wikidata":"Q1007665","display_name":"埃斯佩兰斯","display_name_en":"Esperance","kind_detail":"city","population":10218,"sort_key":-740023,"match_type":"machine-transliterated"}},{"type":"Feature","geometry":{"type":"Point","coordinates":[27.235107421875,-27.653121688456565]},"properties":{"wikidata":"Q264014","display_name":"克龍斯塔德","display_name_en":"Kroonstad","kind_detail":"town","population":10000,"sort_key":-740023,"geonames_id":"986846","match_type":"name+coordinate","match_distance_km":0.308}},{"type":"Feature","geometry":{"type":"Point","coordinates":[114.84832763671875,-3.4092413377323965]},"properties":{"wikidata":"Q2358819","display_name":"马塔普拉","display_name_en":"Martapura","kind_detail":"town","population":10000,"sort_key":-740023,"match_type":"machine-transliterated"}},{"type":"Feature","geometry":{"type":"Point","coordinates":[17.88299560546875,-29.66657599315664]},"properties":{"wikidata":"Q2301363","display_name":"斯普林博克","display_name_en":"Springbok","kind_detail":"town","population":10000,"sort_key":-740023,"geonames_id":"3361142","match_type":"name+coordinate","match_distance_km":0.42}},{"type":"Feature","geometry":{"type":"Point","coordinates":[-60.0347900390625,-22.352616035512142]},"properties":{"wikidata":"Q733744","display_name":"菲拉德尔菲亚","display_name_en":"Filadelfia","kind_detail":"town","population":9713,"sort_key":-740022,"match_type":"machine-transliterated"}},{"type":"Feature","geometry":{"type":"Point","coordinates":[-9.03900146484375,5.011602642331368]},"properties":{"wikidata":"Q1022899","display_name":"格林维尔","display_name_en":"Greenville","kind_detail":"town","population":10000,"sort_key":-740022,"match_type":"machine-transliterated"}},{"type":"Feature","geometry":{"type":"Point","coordinates":[-62.77587890625,8.666560394037433]},"properties":{"wikidata":"Q1058829","display_name":"查瓜拉马斯","display_name_en":"Chaguaramas","kind_detail":"town","population":10000,"sort_key":-740021,"match_type":"machine-transliterated"}},{"type":"Feature","geometry":{"type":"Point","coordinates":[-11.366729736328125,6.7518964648433695]},"properties":{"wikidata":"Q1024892","display_name":"罗伯茨波特","display_name_en":"Robertsport","kind_detail":"town","population":10000,"sort_key":-740021,"match_type":"machine-transliterated"}},{"type":"Feature","geometry":{"type":"Point","coordinates":[-128.70620727539062,60.062099149602886]},"properties":{"wikidata":"Q1025947","display_name":"沃森湖","display_name_en":"Watson Lake","kind_detail":"town","population":10000,"sort_key":-740021,"match_type":"machine-transliterated"}},{"type":"Feature","geometry":{"type":"Point","coordinates":[20.928955078125,14.5250977010989]},"properties":{"wikidata":"Q1809024","display_name":"比尔廷","display_name_en":"Biltine","kind_detail":"city","population":11840,"sort_key":-740020,"match_type":"machine-transliterated"}},{"type":"Feature","geometry":{"type":"Point","coordinates":[18.741302490234375,-31.608948861695666]},"properties":{"wikidata":"Q943414","display_name":"范伦斯多普","display_name_en":"Vanrhynsdorp","kind_detail":"town","population":10000,"sort_key":-740020,"match_type":"machine-transliterated"}},{"type":"Feature","geometry":{"type":"Point","coordinates":[-97.833251953125,53.96658887738181]},"properties":{"wikidata":"Q1020012","display_name":"挪威 房屋","display_name_en":"Norway House","kind_detail":"town","population":10000,"sort_key":-740020,"match_type":"machine-transliterated"}},{"type":"Feature","geometry":{"type":"Point","coordinates":[-50.69091796875,67.0085009091425]},"properties":{"wikidata":"Q1007098","display_name":"康克魯斯瓦格","display_name_en":"Kangerlussuaq","kind_detail":"town","population":10000,"sort_key":-740019,"geonames_id":"3419714","match_type":"name+coordinate","match_distance_km":0.073}},{"type":"Feature","geometry":{"type":"Point","coordinates":[-122.13912963867188,52.12927304719676]},"properties":{"wikidata":"Q2039207","display_name":"威廉姆斯湖","display_name_en":"Williams Lake","kind_detail":"city","population":10753,"sort_key":-740019,"geonames_id":"6182212","match_type":"name+coordinate","match_distance_km":1.412}},{"type":"Feature","geometry":{"type":"Point","coordinates":[23.29376220703125,24.198121550219]},"properties":{"wikidata":"Q134086","display_name":"焦夫","display_name_en":"Al Jawf","kind_detail":"town","population":10000,"sort_key":-740014,"geonames_id":"88962","match_type":"name+coordinate","match_distance_km":0.3}},{"type":"Feature","geometry":{"type":"Point","coordinates":[-1.248321533203125,32.04998888314202]},"properties":{"wikidata":"Q1648984","display_name":"贝尼乌尼夫","display_name_en":"Beni Ounif","kind_detail":"town","population":11209,"sort_key":-740013,"match_type":"machine-transliterated"}},{"type":"Feature","geometry":{"type":"Point","coordinates":[24.53521728515625,-32.24881301769014]},"properties":{"wikidata":"Q1004667","display_name":"格拉夫-里內特","display_name_en":"Robert Sobukwe Town","kind_detail":"town","population":10000,"sort_key":-740013,"geonames_id":"1000543","match_type":"coordinate","match_distance_km":0.561}},{"type":"Feature","geometry":{"type":"Point","coordinates":[-11.580963134765625,25.23103170537317]},"properties":{"wikidata":"Q94910","display_name":"比尔莫赖因","display_name_en":"Bir Moghrein","kind_detail":"town","population":10000,"sort_key":-740008,"match_type":"machine-transliterated"}},{"type":"Feature","geometry":{"type":"Point","coordinates":[89.96292114257812,54.48759113734096]},"properties":{"wikidata":"Q2236301","display_name":"希拉","display_name_en":"Shira","kind_detail":"town","population":9448,"sort_key":-739996,"match_type":"machine-transliterated"}},{"type":"Feature","geometry":{"type":"Point","coordinates":[75.45822143554688,53.332513191143505]},"properties":{"wikidata":"Q1047734","display_name":"埃尔蒂斯","display_name_en":"Ertis","kind_detail":"town","population":7965,"sort_key":-739995,"match_type":"machine-transliterated"}},{"type":"Feature","geometry":{"type":"Point","coordinates":[-115.57205200195312,51.175038302372144]},"properties":{"wikidata":"Q58337","display_name":"班夫","display_name_en":"Banff","kind_detail":"town","population":7847,"sort_key":-739995,"geonames_id":"5892532","match_type":"name+coordinate","match_distance_km":0.204}},{"type":"Feature","geometry":{"type":"Point","coordinates":[-109.67788696289062,48.55388717497783]},"properties":{"wikidata":"Q959425","display_name":"哈佛","display_name_en":"Havre","kind_detail":"city","population":9362,"sort_key":-739995,"geonames_id":"5656497","match_type":"name+coordinate","match_distance_km":0.629}},{"type":"Feature","geometry":{"type":"Point","coordinates":[-92.83584594726562,49.785697576291454]},"properties":{"wikidata":"Q3040214","display_name":"德莱顿","display_name_en":"Dryden","kind_detail":"city","population":7617,"sort_key":-739994,"match_type":"machine-transliterated"}},{"type":"Feature","geometry":{"type":"Point","coordinates":[80.2825927734375,55.192980254063826]},"properties":{"wikidata":"Q145187","display_name":"卡加特","display_name_en":"Kargat","kind_detail":"town","population":9163,"sort_key":-739994,"match_type":"machine-transliterated"}},{"type":"Feature","geometry":{"type":"Point","coordinates":[62.101593017578125,45.762732914105925]},"properties":{"wikidata":"Q1557559","display_name":"卡扎利","display_name_en":"Kazaly","kind_detail":"city","population":7462,"sort_key":-739994,"match_type":"machine-transliterated"}},{"type":"Feature","geometry":{"type":"Point","coordinates":[25.154571533203125,31.551622958913143]},"properties":{"wikidata":"Q1245502","display_name":"作为塞勒姆","display_name_en":"As Sallum","kind_detail":"town","population":8445,"sort_key":-739994,"match_type":"machine-transliterated"}},{"type":"Feature","geometry":{"type":"Point","coordinates":[-100.05111694335938,51.14834033402121]},"properties":{"wikidata":"Q1173008","display_name":"多芬","display_name_en":"Dauphin","kind_detail":"town","population":8368,"sort_key":-739993,"geonames_id":"5935341","match_type":"name+coordinate","match_distance_km":0.134}},{"type":"Feature","geometry":{"type":"Point","coordinates":[114.83596801757812,56.3614466408913]},"properties":{"wikidata":"Q14208650","display_name":"塔克西莫","display_name_en":"Taksimo","kind_detail":"town","population":8114,"sort_key":-739993,"geonames_id":"2015701","match_type":"name+coordinate","match_distance_km":4.01}},{"type":"Feature","geometry":{"type":"Point","coordinates":[1.012115478515625,20.201634822332963]},"properties":{"wikidata":"Q1025926","display_name":"泰薩利","display_name_en":"Tessalit","kind_detail":"town","population":8700,"sort_key":-739992,"geonames_id":"2449893","match_type":"name+coordinate","match_distance_km":0.049}},{"type":"Feature","geometry":{"type":"Point","coordinates":[27.432861328125,66.71602802843086]},"properties":{"wikidata":"Q744704","display_name":"凱米耶爾維","display_name_en":"Kemijärvi","kind_detail":"town","population":8145,"sort_key":-739991,"geonames_id":"653272","match_type":"name+coordinate","match_distance_km":0.342}},{"type":"Feature","geometry":{"type":"Point","coordinates":[-131.64642333984375,55.34320373068866]},"properties":{"wikidata":"Q43981","display_name":"克奇坎","display_name_en":"Ketchikan","kind_detail":"town","population":7446,"sort_key":-739991,"geonames_id":"5554428","match_type":"name+coordinate","match_distance_km":0.172}},{"type":"Feature","geometry":{"type":"Point","coordinates":[75.4705810546875,49.412760172515675]},"properties":{"wikidata":"Q1025808","display_name":"夸夸拉利","display_name_en":"Qarqaraly","kind_detail":"town","population":9134,"sort_key":-739991,"match_type":"machine-transliterated"}},{"type":"Feature","geometry":{"type":"Point","coordinates":[26.58966064453125,67.41909126143588]},"properties":{"wikidata":"Q502175","display_name":"索丹屈莱","display_name_en":"Sodankylä","kind_detail":"town","population":8809,"sort_key":-739991,"geonames_id":"636464","match_type":"name+coordinate","match_distance_km":0.517}},{"type":"Feature","geometry":{"type":"Point","coordinates":[-58.40057373046875,-16.359674148368015]},"properties":{"wikidata":"Q176823","display_name":"圣马蒂亚斯","display_name_en":"San Matías","kind_detail":"town","population":7990,"sort_key":-739990,"match_type":"machine-transliterated"}},{"type":"Feature","geometry":{"type":"Point","coordinates":[-124.19769287109375,41.751848668093714]},"properties":{"wikidata":"Q166866","display_name":"克雷森特城","display_name_en":"Crescent City","kind_detail":"town","population":7860,"sort_key":-739987,"geonames_id":"5562087","match_type":"name+coordinate","match_distance_km":0.567}},{"type":"Feature","geometry":{"type":"Point","coordinates":[-66.917724609375,52.94201777829491]},"properties":{"wikidata":"Q767147","display_name":"拉布拉多市","display_name_en":"Labrador City","kind_detail":"town","population":7367,"sort_key":-739987,"geonames_id":"5994839","match_type":"name+coordinate","match_distance_km":0.635}},{"type":"Feature","geometry":{"type":"Point","coordinates":[148.78646850585938,-26.571333057252062]},"properties":{"wikidata":"Q2063327","display_name":"罗马","display_name_en":"Roma","kind_detail":"town","population":6522,"sort_key":-739964,"geonames_id":"2151187","match_type":"name+coordinate","match_distance_km":0.448}},{"type":"Feature","geometry":{"type":"Point","coordinates":[149.84115600585938,-29.461122634021216]},"properties":{"wikidata":"Q187859","display_name":"莫里","display_name_en":"Moree","kind_detail":"town","population":7070,"sort_key":-739963,"match_type":"machine-transliterated"}},{"type":"Feature","geometry":{"type":"Point","coordinates":[51.2457275390625,15.20998780073036]},"properties":{"wikidata":"Q12217525","display_name":"赛胡特","display_name_en":"Sayhut","kind_detail":"town","population":6562,"sort_key":-739963,"match_type":"machine-transliterated"}},{"type":"Feature","geometry":{"type":"Point","coordinates":[135.57540893554688,62.647654285818845]},"properties":{"wikidata":"Q2619416","display_name":"汉德加","display_name_en":"Khandyga","kind_detail":"town","population":6095,"sort_key":-739961,"geonames_id":"2022773","match_type":"name+coordinate","match_distance_km":0.751}},{"type":"Feature","geometry":{"type":"Point","coordinates":[-1.142578125,60.15312568607084]},"properties":{"wikidata":"Q213485","display_name":"勒威克","display_name_en":"Lerwick","kind_detail":"town","population":6709,"sort_key":-739961,"geonames_id":"2644605","match_type":"name+coordinate","match_distance_km":0.098}},{"type":"Feature","geometry":{"type":"Point","coordinates":[116.67205810546875,-31.653381399663985]},"properties":{"wikidata":"Q478147","display_name":"诺瑟姆","display_name_en":"Northam","kind_detail":"town","population":6679,"sort_key":-739961,"match_type":"machine-transliterated"}},{"type":"Feature","geometry":{"type":"Point","coordinates":[-66.11572265625,43.83749854985163]},"properties":{"wikidata":"Q864688","display_name":"雅茅斯","display_name_en":"Yarmouth","kind_detail":"town","population":6518,"sort_key":-739960,"match_type":"machine-transliterated"}},{"type":"Feature","geometry":{"type":"Point","coordinates":[78.71429443359375,67.47334405941118]},"properties":{"wikidata":"Q1420679","display_name":"塔佐夫斯基","display_name_en":"Tazovsky","kind_detail":"town","population":7201,"sort_key":-739959,"match_type":"machine-transliterated"}},{"type":"Feature","geometry":{"type":"Point","coordinates":[146.03164672851562,-17.52358250680976]},"properties":{"wikidata":"Q690795","display_name":"因尼斯费尔","display_name_en":"Innisfail","kind_detail":"town","population":7173,"sort_key":-739959,"match_type":"machine-transliterated"}},{"type":"Feature","geometry":{"type":"Point","coordinates":[66.3134765625,51.09921018969155]},"properties":{"wikidata":"Q2374413","display_name":"杰尔扎文斯克","display_name_en":"Державинск","kind_detail":"city","population":7097,"sort_key":-739958,"match_type":"machine-transliterated"}},{"type":"Feature","geometry":{"type":"Point","coordinates":[-117.29141235351562,56.23342844135121]},"properties":{"wikidata":"Q1743985","display_name":"皮斯里弗","display_name_en":"Peace River","kind_detail":"town","population":6729,"sort_key":-739957,"geonames_id":"6100069","match_type":"name+coordinate","match_distance_km":0.414}},{"type":"Feature","geometry":{"type":"Point","coordinates":[6.414642333984375,60.628754688035514]},"properties":{"wikidata":"Q2715598","display_name":"沃斯","display_name_en":"Vossavangen","kind_detail":"town","population":7165,"sort_key":-739957,"geonames_id":"3131329","match_type":"name+coordinate","match_distance_km":0.009}},{"type":"Feature","geometry":{"type":"Point","coordinates":[-11.73614501953125,7.962677471899198]},"properties":{"wikidata":"Q844878","display_name":"博城","display_name_en":"Bo","kind_detail":"city","population":5000,"sort_key":-739934,"geonames_id":"2410048","match_type":"name+coordinate","match_distance_km":0.331}},{"type":"Feature","geometry":{"type":"Point","coordinates":[75.21652221679688,43.53660274231029]},"properties":{"wikidata":"Q12557815","display_name":"奥塔尔","display_name_en":"Otar","kind_detail":"town","population":4540,"sort_key":-739932,"match_type":"machine-transliterated"}},{"type":"Feature","geometry":{"type":"Point","coordinates":[-14.2767333984375,10.951978221389624]},"properties":{"wikidata":"Q891240","display_name":"博凯","display_name_en":"Boké","kind_detail":"city","population":5000,"sort_key":-739932,"match_type":"machine-transliterated"}},{"type":"Feature","geometry":{"type":"Point","coordinates":[33.432769775390625,16.68881695618083]},"properties":{"wikidata":"Q997838","display_name":"沉迪","display_name_en":"Shendi","kind_detail":"city","population":5000,"sort_key":-739932,"geonames_id":"367308","match_type":"name+coordinate","match_distance_km":0.33}},{"type":"Feature","geometry":{"type":"Point","coordinates":[-109.54605102539062,38.57393751557592]},"properties":{"wikidata":"Q130134","display_name":"摩押","display_name_en":"Moab","kind_detail":"city","population":4875,"sort_key":-739932,"geonames_id":"5543307","match_type":"name+coordinate","match_distance_km":0.336}},{"type":"Feature","geometry":{"type":"Point","coordinates":[10.01953125,-2.719467857078243]},"properties":{"wikidata":"Q1492877","display_name":"岗巴","display_name_en":"Gamba","kind_detail":"city","population":5000,"sort_key":-739931,"match_type":"machine-transliterated"}},{"type":"Feature","geometry":{"type":"Point","coordinates":[20.58837890625,-4.331348368202981]},"properties":{"wikidata":"Q848403","display_name":"伊莱博","display_name_en":"Ilebo","kind_detail":"city","population":5000,"sort_key":-739931,"match_type":"machine-transliterated"}},{"type":"Feature","geometry":{"type":"Point","coordinates":[7.719268798828125,11.11372728217276]},"properties":{"wikidata":"Q147975","display_name":"扎里亚","display_name_en":"Zaria","kind_detail":"city","population":5000,"sort_key":-739931,"geonames_id":"2317765","match_type":"name+coordinate","match_distance_km":0.463}},{"type":"Feature","geometry":{"type":"Point","coordinates":[28.421630859375,12.692593207536717]},"properties":{"wikidata":"Q287343","display_name":"恩纳胡德","display_name_en":"En Nahud","kind_detail":"city","population":5000,"sort_key":-739930,"geonames_id":"378699","match_type":"name+coordinate","match_distance_km":1.513}},{"type":"Feature","geometry":{"type":"Point","coordinates":[25.003509521484375,-8.735792150582725]},"properties":{"wikidata":"Q581179","display_name":"卡米纳","display_name_en":"Kamina","kind_detail":"city","population":5000,"sort_key":-739930,"match_type":"machine-transliterated"}},{"type":"Feature","geometry":{"type":"Point","coordinates":[26.739349365234375,-10.98972762237102]},"properties":{"wikidata":"Q18780","display_name":"利卡西","display_name_en":"Likasi","kind_detail":"city","population":5000,"sort_key":-739930,"geonames_id":"922741","match_type":"name+coordinate","match_distance_km":0.752}},{"type":"Feature","geometry":{"type":"Point","coordinates":[27.39715576171875,-7.298449730693065]},"properties":{"wikidata":"Q3286489","display_name":"马诺诺","display_name_en":"Manono","kind_detail":"city","population":5000,"sort_key":-739930,"match_type":"machine-transliterated"}},{"type":"Feature","geometry":{"type":"Point","coordinates":[119.73312377929688,-23.357385691338706]},"properties":{"wikidata":"Q651074","display_name":"纽曼","display_name_en":"Newman","kind_detail":"town","population":4239,"sort_key":-739930,"match_type":"machine-transliterated"}},{"type":"Feature","geometry":{"type":"Point","coordinates":[26.703643798828125,-22.39833224151137]},"properties":{"wikidata":"Q855634","display_name":"塞罗韦","display_name_en":"Serowe","kind_detail":"city","population":5000,"sort_key":-739930,"geonames_id":"933088","match_type":"name+coordinate","match_distance_km":1.406}},{"type":"Feature","geometry":{"type":"Point","coordinates":[27.80914306640625,11.330599555184392]},"properties":{"wikidata":"Q4116057","display_name":"巴巴努萨","display_name_en":"Babanusah","kind_detail":"city","population":5000,"sort_key":-739929,"match_type":"machine-transliterated"}},{"type":"Feature","geometry":{"type":"Point","coordinates":[29.29229736328125,0.12496938333529783]},"properties":{"wikidata":"Q518785","display_name":"布滕博","display_name_en":"Butembo","kind_detail":"city","population":5000,"sort_key":-739929,"match_type":"machine-transliterated"}},{"type":"Feature","geometry":{"type":"Point","coordinates":[22.407989501953125,-5.89472470475981]},"properties":{"wikidata":"Q205327","display_name":"卡南加","display_name_en":"Kananga","kind_detail":"city","population":5000,"sort_key":-739929,"geonames_id":"214481","match_type":"name+coordinate","match_distance_km":0.966}},{"type":"Feature","geometry":{"type":"Point","coordinates":[-79.95849609375,-3.258435020254467]},"properties":{"wikidata":"Q215080","display_name":"馬查拉","display_name_en":"Machala","kind_detail":"city","population":5000,"sort_key":-739929,"geonames_id":"3654533","match_type":"name+coordinate","match_distance_km":0.056}},{"type":"Feature","geometry":{"type":"Point","coordinates":[15.310821533203125,14.123258234950853]},"properties":{"wikidata":"Q1786045","display_name":"茂","display_name_en":"Mao","kind_detail":"city","population":5000,"sort_key":-739929,"match_type":"machine-transliterated"}},{"type":"Feature","geometry":{"type":"Point","coordinates":[-101.24038696289062,53.82254375222334]},"properties":{"wikidata":"Q61422","display_name":"帕斯","display_name_en":"The Pas","kind_detail":"town","population":5513,"sort_key":-739929,"match_type":"machine-transliterated"}},{"type":"Feature","geometry":{"type":"Point","coordinates":[113.59039306640625,54.4436931986574]},"properties":{"wikidata":"Q799866","display_name":"巴格达林","display_name_en":"Bagdarin","kind_detail":"town","population":4735,"sort_key":-739928,"match_type":"machine-transliterated"}},{"type":"Feature","geometry":{"type":"Point","coordinates":[37.992095947265625,2.338065435774581]},"properties":{"wikidata":"Q1709128","display_name":"马萨比特","display_name_en":"Marsabit","kind_detail":"town","population":5000,"sort_key":-739928,"match_type":"machine-transliterated"}},{"type":"Feature","geometry":{"type":"Point","coordinates":[20.78887939453125,-6.42311887733409]},"properties":{"wikidata":"Q277966","display_name":"奇卡帕","display_name_en":"Tshikapa","kind_detail":"city","population":5000,"sort_key":-739928,"geonames_id":"204953","match_type":"name+coordinate","match_distance_km":1.445}},{"type":"Feature","geometry":{"type":"Point","coordinates":[14.975738525390625,-16.74405769553786]},"properties":{"wikidata":"Q1458892","display_name":"尚贡戈","display_name_en":"Xangongo","kind_detail":"town","population":5000,"sort_key":-739928,"match_type":"machine-transliterated"}},{"type":"Feature","geometry":{"type":"Point","coordinates":[-127.17636108398438,54.7793061260862]},"properties":{"wikidata":"Q1009247","display_name":"史密瑟斯","display_name_en":"Smithers","kind_detail":"town","population":5404,"sort_key":-739928,"match_type":"machine-transliterated"}},{"type":"Feature","geometry":{"type":"Point","coordinates":[-166.53350830078125,53.8735827879826]},"properties":{"wikidata":"Q79982","display_name":"乌纳拉斯卡","display_name_en":"Unalaska","kind_detail":"city","population":4254,"sort_key":-739928,"geonames_id":"5877208","match_type":"name+coordinate","match_distance_km":0.071}},{"type":"Feature","geometry":{"type":"Point","coordinates":[171.60369873046875,-41.75389768415883]},"properties":{"wikidata":"Q1349217","display_name":"西港","display_name_en":"Westport","kind_detail":"town","population":4280,"sort_key":-739928,"match_type":"machine-transliterated"}},{"type":"Feature","geometry":{"type":"Point","coordinates":[-101.87896728515625,54.76980083457323]},"properties":{"wikidata":"Q666831","display_name":"弗林弗伦","display_name_en":"Flin Flon","kind_detail":"town","population":5363,"sort_key":-739927,"match_type":"machine-transliterated"}},{"type":"Feature","geometry":{"type":"Point","coordinates":[25.20538330078125,0.5177236674784353]},"properties":{"wikidata":"Q146723","display_name":"基桑加尼","display_name_en":"Kisangani","kind_detail":"city","population":5000,"sort_key":-739927,"geonames_id":"212730","match_type":"name+coordinate","match_distance_km":1.623}},{"type":"Feature","geometry":{"type":"Point","coordinates":[128.73916625976562,-15.77375234376143]},"properties":{"wikidata":"Q1110973","display_name":"库努纳拉","display_name_en":"Kununurra","kind_detail":"town","population":4515,"sort_key":-739927,"match_type":"machine-transliterated"}},{"type":"Feature","geometry":{"type":"Point","coordinates":[-7.55584716796875,12.864020841931762]},"properties":{"wikidata":"Q740974","display_name":"庫利科羅","display_name_en":"Koulikoro","kind_detail":"city","population":5000,"sort_key":-739927,"geonames_id":"2454530","match_type":"name+coordinate","match_distance_km":0.457}},{"type":"Feature","geometry":{"type":"Point","coordinates":[-51.098785400390625,69.2196380379109]},"properties":{"wikidata":"Q191047","display_name":"伊卢利萨特","display_name_en":"Ilulissat","kind_detail":"town","population":4905,"sort_key":-739927,"geonames_id":"3423146","match_type":"name+coordinate","match_distance_km":0.02}},{"type":"Feature","geometry":{"type":"Point","coordinates":[38.60870361328125,7.204450551811746]},"properties":{"wikidata":"Q731020","display_name":"沙沙马内","display_name_en":"Shashamane","kind_detail":"city","population":5000,"sort_key":-739926,"match_type":"machine-transliterated"}},{"type":"Feature","geometry":{"type":"Point","coordinates":[21.2969970703125,29.140167233044266]},"properties":{"wikidata":"Q137320","display_name":"奥吉拉","display_name_en":"Awjilah","kind_detail":"town","population":4756,"sort_key":-739925,"match_type":"machine-transliterated"}},{"type":"Feature","geometry":{"type":"Point","coordinates":[150.30670166015625,-28.547132062341163]},"properties":{"wikidata":"Q1021725","display_name":"贡迪温迪","display_name_en":"Goondiwindi","kind_detail":"town","population":5439,"sort_key":-739925,"match_type":"machine-transliterated"}},{"type":"Feature","geometry":{"type":"Point","coordinates":[-115.938720703125,30.56107843380603]},"properties":{"wikidata":"Q2249597","display_name":"圣金廷","display_name_en":"San Quintín","kind_detail":"town","population":4754,"sort_key":-739925,"match_type":"machine-transliterated"}},{"type":"Feature","geometry":{"type":"Point","coordinates":[-13.503570556640625,16.152687618984956]},"properties":{"wikidata":"Q524984","display_name":"卡埃迪","display_name_en":"Kaédi","kind_detail":"city","population":5000,"sort_key":-739924,"geonames_id":"2378736","match_type":"name+coordinate","match_distance_km":0.326}},{"type":"Feature","geometry":{"type":"Point","coordinates":[79.91043090820312,27.882783884259112]},"properties":{"wikidata":"Q2078241","display_name":"沙贾汉普尔","display_name_en":"Shahjahanpur","kind_detail":"town","population":5000,"sort_key":-739924,"match_type":"machine-transliterated"}},{"type":"Feature","geometry":{"type":"Point","coordinates":[48.482666015625,8.40580962752307]},"properties":{"wikidata":"Q822679","display_name":"加罗韦","display_name_en":"Garoowe","kind_detail":"city","population":5000,"sort_key":-739923,"geonames_id":"58933","match_type":"name+coordinate","match_distance_km":0.416}},{"type":"Feature","geometry":{"type":"Point","coordinates":[-57.51617431640625,6.242950762610704]},"properties":{"wikidata":"Q923811","display_name":"新阿姆斯特丹","display_name_en":"New Amsterdam","kind_detail":"city","population":5000,"sort_key":-739923,"geonames_id":"3376762","match_type":"name+coordinate","match_distance_km":0.701}},{"type":"Feature","geometry":{"type":"Point","coordinates":[42.75054931640625,0.07278440425235999]},"properties":{"wikidata":"Q1017154","display_name":"詹姆","display_name_en":"Jamame","kind_detail":"city","population":5000,"sort_key":-739923,"match_type":"machine-transliterated"}},{"type":"Feature","geometry":{"type":"Point","coordinates":[43.644561767578125,3.119947473175671]},"properties":{"wikidata":"Q506578","display_name":"拜多亞","display_name_en":"Baidoa","kind_detail":"city","population":5000,"sort_key":-739922,"geonames_id":"64536","match_type":"name+coordinate","match_distance_km":0.895}},{"type":"Feature","geometry":{"type":"Point","coordinates":[49.1802978515625,11.27808024952212]},"properties":{"wikidata":"Q331556","display_name":"博萨索","display_name_en":"Bosaso","kind_detail":"city","population":5000,"sort_key":-739921,"geonames_id":"64013","match_type":"name+coordinate","match_distance_km":0.696}},{"type":"Feature","geometry":{"type":"Point","coordinates":[47.43072509765625,6.769625106228673]},"properties":{"wikidata":"Q865586","display_name":"加勒卡約","display_name_en":"Galkayo","kind_detail":"city","population":5000,"sort_key":-739919,"geonames_id":"59611","match_type":"name+coordinate","match_distance_km":0.016}},{"type":"Feature","geometry":{"type":"Point","coordinates":[45.2032470703125,4.736569593761303]},"properties":{"wikidata":"Q815370","display_name":"貝蘭德文","display_name_en":"Beledweyne","kind_detail":"city","population":5000,"sort_key":-739918,"geonames_id":"64460","match_type":"name+coordinate","match_distance_km":0.092}},{"type":"Feature","geometry":{"type":"Point","coordinates":[-9.6185302734375,16.65987495357861]},"properties":{"wikidata":"Q175596","display_name":"阿尤恩阿特鲁斯","display_name_en":"Ayoun el Atrous","kind_detail":"city","population":5000,"sort_key":-739913,"match_type":"machine-transliterated"}},{"type":"Feature","geometry":{"type":"Point","coordinates":[-114.89227294921875,39.248207360641544]},"properties":{"wikidata":"Q844042","display_name":"伊利","display_name_en":"Ely","kind_detail":"city","population":3924,"sort_key":-739901,"geonames_id":"5503694","match_type":"name+coordinate","match_distance_km":0.325}},{"type":"Feature","geometry":{"type":"Point","coordinates":[141.87057495117188,-12.638998296854751]},"properties":{"wikidata":"Q1026439","display_name":"韦帕","display_name_en":"Weipa","kind_detail":"town","population":4097,"sort_key":-739899,"match_type":"machine-transliterated"}},{"type":"Feature","geometry":{"type":"Point","coordinates":[150.93704223632812,60.10251038990617]},"properties":{"wikidata":"Q958263","display_name":"帕拉特卡","display_name_en":"Palatka","kind_detail":"town","population":4159,"sort_key":-739897,"match_type":"machine-transliterated"}},{"type":"Feature","geometry":{"type":"Point","coordinates":[116.14608764648438,-34.24132422972855]},"properties":{"wikidata":"Q1890499","display_name":"曼吉马普","display_name_en":"Manjimup","kind_detail":"town","population":4138,"sort_key":-739896,"match_type":"machine-transliterated"}},{"type":"Feature","geometry":{"type":"Point","coordinates":[113.65768432617188,-24.883944921181765]},"properties":{"wikidata":"Q1021880","display_name":"卡那封","display_name_en":"Carnarvon","kind_detail":"city","population":4162,"sort_key":-739895,"match_type":"machine-transliterated"}},{"type":"Feature","geometry":{"type":"Point","coordinates":[-127.49771118164062,50.724285597374234]},"properties":{"wikidata":"Q655823","display_name":"哈迪港","display_name_en":"Port Hardy","kind_detail":"town","population":4008,"sort_key":-739894,"match_type":"machine-transliterated"}},{"type":"Feature","geometry":{"type":"Point","coordinates":[-75.69305419921875,36.066862132578876]},"properties":{"wikidata":"Q628311","display_name":"基蒂霍克","display_name_en":"Kitty Hawk","kind_detail":"town","population":3332,"sort_key":-739894,"match_type":"machine-transliterated"}},{"type":"Feature","geometry":{"type":"Point","coordinates":[111.72958374023438,56.14707955010056]},"properties":{"wikidata":"Q910276","display_name":"新乌扬","display_name_en":"Novy Uoyan","kind_detail":"town","population":3351,"sort_key":-739894,"match_type":"machine-transliterated"}},{"type":"Feature","geometry":{"type":"Point","coordinates":[114.1259765625,-21.9328547363353]},"properties":{"wikidata":"Q1383990","display_name":"埃克斯茅斯","display_name_en":"Exmouth","kind_detail":"town","population":2806,"sort_key":-739865,"match_type":"machine-transliterated"}},{"type":"Feature","geometry":{"type":"Point","coordinates":[170.96511840820312,-42.71775914791179]},"properties":{"wikidata":"Q1549557","display_name":"霍基蒂卡","display_name_en":"Hokitika","kind_detail":"town","population":2910,"sort_key":-739864,"match_type":"machine-transliterated"}},{"type":"Feature","geometry":{"type":"Point","coordinates":[140.50552368164062,-20.704738720055502]},"properties":{"wikidata":"Q664060","display_name":"吉朗卡列","display_name_en":"Cloncurry","kind_detail":"town","population":2524,"sort_key":-739863,"geonames_id":"2171306","match_type":"name+coordinate","match_distance_km":0.827}},{"type":"Feature","geometry":{"type":"Point","coordinates":[146.24176025390625,-26.406630642556784]},"properties":{"wikidata":"Q656048","display_name":"查尔维尔","display_name_en":"Charleville","kind_detail":"town","population":2551,"sort_key":-739861,"match_type":"machine-transliterated"}},{"type":"Feature","geometry":{"type":"Point","coordinates":[-122.7008056640625,58.80449592237136]},"properties":{"wikidata":"Q606045","display_name":"纳尔逊堡","display_name_en":"Fort Nelson","kind_detail":"town","population":2611,"sort_key":-739861,"geonames_id":"5955902","match_type":"name+coordinate","match_distance_km":0.099}},{"type":"Feature","geometry":{"type":"Point","coordinates":[134.18975830078125,-19.64776095569735]},"properties":{"wikidata":"Q18015","display_name":"坦南特克里克","display_name_en":"Tennant Creek","kind_detail":"town","population":2949,"sort_key":-739859,"match_type":"machine-transliterated"}},{"type":"Feature","geometry":{"type":"Point","coordinates":[133.67477416992188,-32.12677940089152]},"properties":{"wikidata":"Q200777","display_name":"塞杜纳","display_name_en":"Ceduna","kind_detail":"town","population":2290,"sort_key":-739834,"match_type":"machine-transliterated"}},{"type":"Feature","geometry":{"type":"Point","coordinates":[-145.75973510742188,60.54445056159639]},"properties":{"wikidata":"Q79607","display_name":"科尔多瓦","display_name_en":"Cordova","kind_detail":"town","population":2339,"sort_key":-739833,"geonames_id":"5859888","match_type":"name+coordinate","match_distance_km":0.151}},{"type":"Feature","geometry":{"type":"Point","coordinates":[147.90069580078125,70.6189953899725]},"properties":{"wikidata":"Q2312088","display_name":"喬庫爾達赫","display_name_en":"Chokurdakh","kind_detail":"town","population":2111,"sort_key":-739832,"geonames_id":"2126123","match_type":"name+coordinate","match_distance_km":0.16}},{"type":"Feature","geometry":{"type":"Point","coordinates":[19.2041015625,29.222897664495264]},"properties":{"wikidata":"Q3646468","display_name":"马拉达","display_name_en":"Maradah","kind_detail":"town","population":2229,"sort_key":-739829,"match_type":"machine-transliterated"}},{"type":"Feature","geometry":{"type":"Point","coordinates":[-94.05670166015625,61.10742484333383]},"properties":{"wikidata":"Q643346","display_name":"亞懷亞特","display_name_en":"Arviat","kind_detail":"town","population":2060,"sort_key":-739828,"geonames_id":"5887448","match_type":"name+coordinate","match_distance_km":0.183}},{"type":"Feature","geometry":{"type":"Point","coordinates":[-81.79458618164062,69.37886180057771]},"properties":{"wikidata":"Q999339","display_name":"伊格卢利克","display_name_en":"Igloolik","kind_detail":"town","population":2000,"sort_key":-739826,"match_type":"machine-transliterated"}},{"type":"Feature","geometry":{"type":"Point","coordinates":[-15.20782470703125,64.25354436572269]},"properties":{"wikidata":"Q817118","display_name":"赫本","display_name_en":"Höfn","kind_detail":"town","population":1813,"sort_key":-739804,"geonames_id":"2630299","match_type":"name+coordinate","match_distance_km":0.211}},{"type":"Feature","geometry":{"type":"Point","coordinates":[-76.54312133789062,64.23206046160135]},"properties":{"wikidata":"Q665280","display_name":"金盖特","display_name_en":"Kinngait","kind_detail":"town","population":1441,"sort_key":-739804,"match_type":"machine-transliterated"}},{"type":"Feature","geometry":{"type":"Point","coordinates":[-115.10787963867188,67.82583637985661]},"properties":{"wikidata":"Q719707","display_name":"库格鲁克图克","display_name_en":"Kugluktuk","kind_detail":"town","population":1491,"sort_key":-739799,"geonames_id":"5994339","match_type":"name+coordinate","match_distance_km":0.51}},{"type":"Feature","geometry":{"type":"Point","coordinates":[-80.650634765625,51.267070677950585]},"properties":{"wikidata":"Q1736159","display_name":"穆索尼","display_name_en":"Moosonee","kind_detail":"town","population":1725,"sort_key":-739795,"match_type":"machine-transliterated"}},{"type":"Feature","geometry":{"type":"Point","coordinates":[-78.11279296875,58.45348121776237]},"properties":{"wikidata":"Q991143","display_name":"因纽特","display_name_en":"Inukjuak","kind_detail":"town","population":1683,"sort_key":-739793,"match_type":"machine-transliterated"}},{"type":"Feature","geometry":{"type":"Point","coordinates":[-77.95761108398438,72.69761354154272]},"properties":{"wikidata":"Q1017702","display_name":"庞德因莱特 (Mittimatalik)","display_name_en":"Pond Inlet (Mittimatalik)","kind_detail":"town","population":1617,"sort_key":-739790,"match_type":"machine-transliterated"}},{"type":"Feature","geometry":{"type":"Point","coordinates":[-65.71746826171875,66.14829649281396]},"properties":{"wikidata":"Q631747","display_name":"庞纳东","display_name_en":"Pangnirtung","kind_detail":"town","population":1481,"sort_key":-739790,"match_type":"machine-transliterated"}},{"type":"Feature","geometry":{"type":"Point","coordinates":[159.23583984375,61.918917466564494]},"properties":{"wikidata":"Q1024738","display_name":"埃文斯克","display_name_en":"Evensk","kind_detail":"town","population":1243,"sort_key":-739770,"geonames_id":"2125693","match_type":"name+coordinate","match_distance_km":0.231}},{"type":"Feature","geometry":{"type":"Point","coordinates":[-94.70626831054688,56.34470674977314]},"properties":{"wikidata":"Q118259","display_name":"吉拉姆","display_name_en":"Gillam","kind_detail":"town","population":1317,"sort_key":-739770,"match_type":"machine-transliterated"}},{"type":"Feature","geometry":{"type":"Point","coordinates":[-59.786224365234375,8.201975728982461]},"properties":{"wikidata":"Q597458","display_name":"马原间","display_name_en":"Mabaruma","kind_detail":"city","population":1254,"sort_key":-739768,"match_type":"machine-transliterated"}},{"type":"Feature","geometry":{"type":"Point","coordinates":[-52.12738037109375,70.67451714998779]},"properties":{"wikidata":"Q747898","display_name":"烏瑪納克","display_name_en":"Uummannaq","kind_detail":"town","population":1299,"sort_key":-739767,"geonames_id":"3426193","match_type":"name+coordinate","match_distance_km":0.072}},{"type":"Feature","geometry":{"type":"Point","coordinates":[-135.31585693359375,59.45554545594348]},"properties":{"wikidata":"Q615975","display_name":"史凯威","display_name_en":"Skagway","kind_detail":"town","population":920,"sort_key":-739737,"geonames_id":"5557317","match_type":"name+coordinate","match_distance_km":0.329}},{"type":"Feature","geometry":{"type":"Point","coordinates":[144.19967651367188,-20.84212814167131]},"properties":{"wikidata":"Q1019361","display_name":"休恩登","display_name_en":"Hughenden","kind_detail":"town","population":1004,"sort_key":-739735,"match_type":"machine-transliterated"}},{"type":"Feature","geometry":{"type":"Point","coordinates":[-133.03207397460938,69.44405646953442]},"properties":{"wikidata":"Q719547","display_name":"图克托亚图克","display_name_en":"Tuktoyaktuk","kind_detail":"town","population":1050,"sort_key":-739733,"geonames_id":"6170031","match_type":"name+coordinate","match_distance_km":0.112}},{"type":"Feature","geometry":{"type":"Point","coordinates":[-95.86807250976562,68.62804712948838]},"properties":{"wikidata":"Q719585","display_name":"乔阿港","display_name_en":"Gjoa Haven","kind_detail":"town","population":900,"sort_key":-739727,"match_type":"machine-transliterated"}},{"type":"Feature","geometry":{"type":"Point","coordinates":[115.11337280273438,-21.638281732382865]},"properties":{"wikidata":"Q2024620","display_name":"昂斯洛","display_name_en":"Onslow","kind_detail":"town","population":813,"sort_key":-739706,"match_type":"machine-transliterated"}},{"type":"Feature","geometry":{"type":"Point","coordinates":[-69.22210693359375,77.46871045970278]},"properties":{"wikidata":"Q223314","display_name":"卡纳克","display_name_en":"Thule","kind_detail":"town","population":652,"sort_key":-739705,"geonames_id":"3831208","match_type":"name+coordinate","match_distance_km":0.322}},{"type":"Feature","geometry":{"type":"Point","coordinates":[-101.04537963867188,56.852726697905126]},"properties":{"wikidata":"Q402571","display_name":"林恩湖","display_name_en":"Lynn Lake","kind_detail":"town","population":673,"sort_key":-739703,"match_type":"machine-transliterated"}},{"type":"Feature","geometry":{"type":"Point","coordinates":[118.49578857421875,-26.592211259271508]},"properties":{"wikidata":"Q581029","display_name":"米卡萨拉","display_name_en":"Meekatharra","kind_detail":"town","population":675,"sort_key":-739701,"match_type":"machine-transliterated"}},{"type":"Feature","geometry":{"type":"Point","coordinates":[-53.535003662109375,69.24641891331365]},"properties":{"wikidata":"Q847668","display_name":"凯凯尔塔苏阿克","display_name_en":"Qeqertarsuaq","kind_detail":"town","population":793,"sort_key":-739700,"match_type":"machine-transliterated"}},{"type":"Feature","geometry":{"type":"Point","coordinates":[121.33026123046875,-28.88436206495141]},"properties":{"wikidata":"Q985161","display_name":"利奥诺拉","display_name_en":"Leonora","kind_detail":"town","population":567,"sort_key":-739673,"match_type":"machine-transliterated"}},{"type":"Feature","geometry":{"type":"Point","coordinates":[121.77932739257812,-32.19885712788488]},"properties":{"wikidata":"Q1016823","display_name":"诺斯曼","display_name_en":"Norseman","kind_detail":"town","population":555,"sort_key":-739672,"match_type":"machine-transliterated"}},{"type":"Feature","geometry":{"type":"Point","coordinates":[-57.020416259765625,53.706462184547775]},"properties":{"wikidata":"Q2940694","display_name":"卡特赖特","display_name_en":"Cartwright","kind_detail":"town","population":516,"sort_key":-739670,"match_type":"machine-transliterated"}},{"type":"Feature","geometry":{"type":"Point","coordinates":[-93.53485107421875,69.53499778701465]},"properties":{"wikidata":"Q719605","display_name":"塔洛奥克","display_name_en":"Taloyoak","kind_detail":"town","population":500,"sort_key":-739664,"match_type":"machine-transliterated"}},{"type":"Feature","geometry":{"type":"Point","coordinates":[140.84060668945312,-17.488220921313257]},"properties":{"wikidata":"Q678093","display_name":"卡伦巴","display_name_en":"Karumba","kind_detail":"town","population":487,"sort_key":-739641,"match_type":"machine-transliterated"}},{"type":"Feature","geometry":{"type":"Point","coordinates":[144.26971435546875,-26.615541214194344]},"properties":{"wikidata":"Q985751","display_name":"奎尔皮","display_name_en":"Quilpie","kind_detail":"town","population":451,"sort_key":-739641,"match_type":"machine-transliterated"}},{"type":"Feature","geometry":{"type":"Point","coordinates":[122.40280151367188,-28.62671987510933]},"properties":{"wikidata":"Q1002750","display_name":"拉弗顿","display_name_en":"Laverton","kind_detail":"town","population":407,"sort_key":-739640,"match_type":"machine-transliterated"}},{"type":"Feature","geometry":{"type":"Point","coordinates":[-69.87442016601562,62.84762594435065]},"properties":{"wikidata":"Q284160","display_name":"金米鲁特","display_name_en":"Kimmirut","kind_detail":"town","population":480,"sort_key":-739634,"match_type":"machine-transliterated"}},{"type":"Feature","geometry":{"type":"Point","coordinates":[-77.9095458984375,62.41327269451551]},"properties":{"wikidata":"Q1013360","display_name":"伊武吉维克","display_name_en":"Ivujivik","kind_detail":"town","population":414,"sort_key":-739634,"match_type":"machine-transliterated"}},{"type":"Feature","geometry":{"type":"Point","coordinates":[115.76156616210938,-29.532839863453397]},"properties":{"wikidata":"Q3990873","display_name":"三泉","display_name_en":"Three Springs","kind_detail":"town","population":356,"sort_key":-739603,"match_type":"machine-transliterated"}},{"type":"Feature","geometry":{"type":"Point","coordinates":[-58.4307861328125,54.17770804557844]},"properties":{"wikidata":"Q15068820","display_name":"弄臣","display_name_en":"Rigolet","kind_detail":"town","population":310,"sort_key":-739595,"match_type":"machine-transliterated"}},{"type":"Feature","geometry":{"type":"Point","coordinates":[-90.70999145507812,63.33980806067484]},"properties":{"wikidata":"Q1070783","display_name":"切斯特菲尔德湾","display_name_en":"Chesterfield Inlet","kind_detail":"town","population":360,"sort_key":-739589,"match_type":"machine-transliterated"}},{"type":"Feature","geometry":{"type":"Point","coordinates":[143.54736328125,-18.289341917831052]},"properties":{"wikidata":"Q182262","display_name":"乔治敦","display_name_en":"Georgetown","kind_detail":"town","population":222,"sort_key":-739574,"match_type":"machine-transliterated"}},{"type":"Feature","geometry":{"type":"Point","coordinates":[143.82064819335938,-27.99561401121381]},"properties":{"wikidata":"Q7710771","display_name":"塔戈明达","display_name_en":"Thargomindah","kind_detail":"town","population":194,"sort_key":-739540,"match_type":"machine-transliterated"}},{"type":"Feature","geometry":{"type":"Point","coordinates":[26.398773193359375,-12.181649710171726]},"properties":{"wikidata":"Q871209","display_name":"索盧韋齊","display_name_en":"Solwezi","kind_detail":"town","population":1000000,"sort_key":-470169,"geonames_id":"897045","match_type":"name+coordinate","match_distance_km":1.756}},{"type":"Feature","geometry":{"type":"Point","coordinates":[3.931732177734375,7.841615185204702]},"properties":{"wikidata":"Q1023703","display_name":"奥约","display_name_en":"Oyo","kind_detail":"city","population":736100,"sort_key":-470139,"match_type":"machine-transliterated"}},{"type":"Feature","geometry":{"type":"Point","coordinates":[13.58734130859375,7.3216059263424995]},"properties":{"wikidata":"Q745906","display_name":"恩冈代雷","display_name_en":"Ngaoundéré","kind_detail":"city","population":903000,"sort_key":-470134,"geonames_id":"2224827","match_type":"name+coordinate","match_distance_km":0.732}},{"type":"Feature","geometry":{"type":"Point","coordinates":[-46.528472900390625,-23.653329937833263]},"properties":{"wikidata":"Q191652","display_name":"圣安德烈","display_name_en":"Santo André","kind_detail":"city","population":748919,"sort_key":-470133,"match_type":"machine-transliterated"}},{"type":"Feature","geometry":{"type":"Point","coordinates":[49.689788818359375,34.086786655718456]},"properties":{"wikidata":"Q212628","display_name":"阿拉克","display_name_en":"Arak","kind_detail":"city","population":591756,"sort_key":-470108,"match_type":"machine-transliterated"}},{"type":"Feature","geometry":{"type":"Point","coordinates":[-98.2781982421875,26.092554970388335]},"properties":{"wikidata":"Q738303","display_name":"雷諾薩","display_name_en":"Reynosa","kind_detail":"city","population":691557,"sort_key":-470105,"geonames_id":"3520339","match_type":"name+coordinate","match_distance_km":1.529}},{"type":"Feature","geometry":{"type":"Point","coordinates":[-45.885772705078125,-23.187075543565854]},"properties":{"wikidata":"Q191642","display_name":"聖若澤多斯坎波斯","display_name_en":"São José dos Campos","kind_detail":"city","population":697054,"sort_key":-470093,"geonames_id":"3448636","match_type":"name+coordinate","match_distance_km":0.857}},{"type":"Feature","geometry":{"type":"Point","coordinates":[-111.83120727539062,33.41539481578252]},"properties":{"wikidata":"Q49261","display_name":"梅薩","display_name_en":"Mesa","kind_detail":"city","population":515486,"sort_key":-470076,"geonames_id":"5304391","match_type":"name+coordinate","match_distance_km":1.103}},{"type":"Feature","geometry":{"type":"Point","coordinates":[4.560699462890625,7.482303825232975]},"properties":{"wikidata":"Q180084","display_name":"伊费","display_name_en":"Ife","kind_detail":"city","population":501952,"sort_key":-470076,"match_type":"machine-transliterated"}},{"type":"Feature","geometry":{"type":"Point","coordinates":[8.514404296875,8.495462762625976]},"properties":{"wikidata":"Q1023721","display_name":"拉菲亚","display_name_en":"Lafia","kind_detail":"city","population":509300,"sort_key":-470075,"match_type":"machine-transliterated"}},{"type":"Feature","geometry":{"type":"Point","coordinates":[-96.91452026367188,19.54037833840576]},"properties":{"wikidata":"Q221051","display_name":"哈拉帕","display_name_en":"Xalapa","kind_detail":"city","population":443063,"sort_key":-470074,"match_type":"machine-transliterated"}},{"type":"Feature","geometry":{"type":"Point","coordinates":[32.600555419921875,-3.8286294794997815]},"properties":{"wikidata":"Q6346798","display_name":"卡哈馬","display_name_en":"Kahama","kind_detail":"city","population":453654,"sort_key":-470074,"geonames_id":"158597","match_type":"name+coordinate","match_distance_km":0.526}},{"type":"Feature","geometry":{"type":"Point","coordinates":[-75.69442749023438,4.81457543050584]},"properties":{"wikidata":"Q51111","display_name":"佩雷拉","display_name_en":"Pereira","kind_detail":"city","population":477027,"sort_key":-470073,"match_type":"machine-transliterated"}},{"type":"Feature","geometry":{"type":"Point","coordinates":[32.6458740234375,-13.639314092068389]},"properties":{"wikidata":"Q856151","display_name":"奇帕塔","display_name_en":"Chipata","kind_detail":"city","population":455783,"sort_key":-470073,"geonames_id":"918702","match_type":"name+coordinate","match_distance_km":0.801}},{"type":"Feature","geometry":{"type":"Point","coordinates":[-46.8841552734375,-23.188337899915624]},"properties":{"wikidata":"Q275109","display_name":"容迪亞伊","display_name_en":"Jundiaí","kind_detail":"city","population":443221,"sort_key":-470073,"geonames_id":"3459462","match_type":"name+coordinate","match_distance_km":0.217}},{"type":"Feature","geometry":{"type":"Point","coordinates":[-101.35162353515625,20.676474958588855]},"properties":{"wikidata":"Q816845","display_name":"伊拉普阿托","display_name_en":"Irapuato","kind_detail":"city","population":452090,"sort_key":-470072,"geonames_id":"4004330","match_type":"name+coordinate","match_distance_km":0.746}},{"type":"Feature","geometry":{"type":"Point","coordinates":[5.222625732421875,7.623886853120055]},"properties":{"wikidata":"Q359955","display_name":"阿多埃基蒂","display_name_en":"Ado Ekiti","kind_detail":"city","population":446749,"sort_key":-470071,"match_type":"machine-transliterated"}},{"type":"Feature","geometry":{"type":"Point","coordinates":[-47.649078369140625,-22.725523811089417]},"properties":{"wikidata":"Q330175","display_name":"皮拉西卡巴","display_name_en":"Piracicaba","kind_detail":"city","population":423323,"sort_key":-470070,"geonames_id":"3453643","match_type":"name+coordinate","match_distance_km":0.029}},{"type":"Feature","geometry":{"type":"Point","coordinates":[-57.509307861328125,-25.34278490565454]},"properties":{"wikidata":"Q938739","display_name":"聖洛倫索","display_name_en":"San Lorenzo","kind_detail":"city","population":489000,"sort_key":-470069,"geonames_id":"3437056","match_type":"name+coordinate","match_distance_km":0.349}},{"type":"Feature","geometry":{"type":"Point","coordinates":[-49.38079833984375,-20.81260638575408]},"properties":{"wikidata":"Q192181","display_name":"普雷图河畔圣若泽","display_name_en":"São José do Rio Preto","kind_detail":"city","population":480393,"sort_key":-470059,"geonames_id":"3448639","match_type":"name+coordinate","match_distance_km":0.803}},{"type":"Feature","geometry":{"type":"Point","coordinates":[74.44747924804688,31.117618717560987]},"properties":{"wikidata":"Q989283","display_name":"卡苏尔","display_name_en":"Kasur","kind_detail":"city","population":358409,"sort_key":-470044,"match_type":"machine-transliterated"}},{"type":"Feature","geometry":{"type":"Point","coordinates":[32.23388671875,-2.870350132791657]},"properties":{"wikidata":"Q4622385","display_name":"盖塔","display_name_en":"Geita","kind_detail":"city","population":318006,"sort_key":-470043,"match_type":"machine-transliterated"}},{"type":"Feature","geometry":{"type":"Point","coordinates":[6.66046142578125,12.165540789425222]},"properties":{"wikidata":"Q600405","display_name":"姑绍","display_name_en":"Gusau","kind_detail":"town","population":383162,"sort_key":-470043,"match_type":"machine-transliterated"}},{"type":"Feature","geometry":{"type":"Point","coordinates":[-75.289306640625,2.9252115310996487]},"properties":{"wikidata":"Q638260","display_name":"内瓦","display_name_en":"Neiva","kind_detail":"city","population":362163,"sort_key":-470043,"match_type":"machine-transliterated"}},{"type":"Feature","geometry":{"type":"Point","coordinates":[34.676971435546875,37.97018468810549]},"properties":{"wikidata":"Q194146","display_name":"尼代","display_name_en":"Niğde","kind_detail":"city","population":351468,"sort_key":-470043,"geonames_id":"303827","match_type":"name+coordinate","match_distance_km":0.527}},{"type":"Feature","geometry":{"type":"Point","coordinates":[-104.8919677734375,21.51185148258817]},"properties":{"wikidata":"Q207972","display_name":"特皮克","display_name_en":"Tepic","kind_detail":"city","population":371387,"sort_key":-470043,"geonames_id":"3981941","match_type":"name+coordinate","match_distance_km":0.522}},{"type":"Feature","geometry":{"type":"Point","coordinates":[73.4490966796875,30.809090178937993]},"properties":{"wikidata":"Q968211","display_name":"奥卡拉","display_name_en":"Okara","kind_detail":"city","population":357935,"sort_key":-470042,"match_type":"machine-transliterated"}},{"type":"Feature","geometry":{"type":"Point","coordinates":[9.845123291015625,10.314919285813161]},"properties":{"wikidata":"Q811144","display_name":"包奇","display_name_en":"Bauchi","kind_detail":"city","population":316173,"sort_key":-470042,"geonames_id":"2347470","match_type":"name+coordinate","match_distance_km":0.529}},{"type":"Feature","geometry":{"type":"Point","coordinates":[-51.1798095703125,-29.92161331969558]},"properties":{"wikidata":"Q194325","display_name":"卡諾阿斯","display_name_en":"Canoas","kind_detail":"city","population":347657,"sort_key":-470042,"geonames_id":"3467467","match_type":"name+coordinate","match_distance_km":0.562}},{"type":"Feature","geometry":{"type":"Point","coordinates":[76.5802001953125,28.901194981794944]},"properties":{"wikidata":"Q1453180","display_name":"罗赫塔克","display_name_en":"Rohtak","kind_detail":"city","population":373133,"sort_key":-470042,"geonames_id":"1258076","match_type":"name+coordinate","match_distance_km":1.15}},{"type":"Feature","geometry":{"type":"Point","coordinates":[12.19207763671875,-5.557214791321982]},"properties":{"wikidata":"Q459360","display_name":"卡宾达","display_name_en":"Cabinda","kind_detail":"city","population":377931,"sort_key":-470041,"match_type":"machine-transliterated"}},{"type":"Feature","geometry":{"type":"Point","coordinates":[8.337249755859375,4.980136944111521]},"properties":{"wikidata":"Q844091","display_name":"卡拉巴尔","display_name_en":"Calabar","kind_detail":"city","population":371022,"sort_key":-470041,"geonames_id":"2346229","match_type":"name+coordinate","match_distance_km":2.62}},{"type":"Feature","geometry":{"type":"Point","coordinates":[-102.052001953125,19.414792438099553]},"properties":{"wikidata":"Q399270","display_name":"烏魯阿潘","display_name_en":"Uruapan","kind_detail":"city","population":356786,"sort_key":-470041,"geonames_id":"3980760","match_type":"name+coordinate","match_distance_km":0.708}},{"type":"Feature","geometry":{"type":"Point","coordinates":[12.73590087890625,32.759562025650126]},"properties":{"wikidata":"Q221503","display_name":"扎维耶","display_name_en":"Al Zawiyah","kind_detail":"city","population":318726,"sort_key":-470041,"match_type":"machine-transliterated"}},{"type":"Feature","geometry":{"type":"Point","coordinates":[88.385009765625,22.84707068783908]},"properties":{"wikidata":"Q854914","display_name":"巴特帕拉","display_name_en":"Bhatpara","kind_detail":"city","population":390467,"sort_key":-470040,"match_type":"machine-transliterated"}},{"type":"Feature","geometry":{"type":"Point","coordinates":[48.35357666015625,33.48414472606365]},"properties":{"wikidata":"Q502212","display_name":"霍拉马巴德","display_name_en":"Khorramabad","kind_detail":"city","population":328544,"sort_key":-470040,"match_type":"machine-transliterated"}},{"type":"Feature","geometry":{"type":"Point","coordinates":[-53.45672607421875,-24.954934945908434]},"properties":{"wikidata":"Q205681","display_name":"卡斯卡韋爾","display_name_en":"Cascavel","kind_detail":"city","population":348051,"sort_key":-470040,"geonames_id":"3466779","match_type":"name+coordinate","match_distance_km":0.177}},{"type":"Feature","geometry":{"type":"Point","coordinates":[73.11126708984375,30.67099079077917]},"properties":{"wikidata":"Q523778","display_name":"薩希瓦爾","display_name_en":"Sahiwal","kind_detail":"city","population":389605,"sort_key":-470040,"geonames_id":"1166548","match_type":"name+coordinate","match_distance_km":1.06}},{"type":"Feature","geometry":{"type":"Point","coordinates":[8.5308837890625,52.01869808104436]},"properties":{"wikidata":"Q2112","display_name":"比勒费尔德","display_name_en":"Bielefeld","kind_detail":"city","population":328864,"sort_key":-470039,"geonames_id":"2949186","match_type":"name+coordinate","match_distance_km":1.636}},{"type":"Feature","geometry":{"type":"Point","coordinates":[32.276458740234375,30.60482195075798]},"properties":{"wikidata":"Q217156","display_name":"伊斯梅利亚","display_name_en":"Al Ismailiyya","kind_detail":"city","population":352000,"sort_key":-470037,"geonames_id":"361055","match_type":"coordinate","match_distance_km":0.407}},{"type":"Feature","geometry":{"type":"Point","coordinates":[-72.68829345703125,19.44587429821594]},"properties":{"wikidata":"Q852550","display_name":"戈纳伊夫","display_name_en":"Gonaïves","kind_detail":"city","population":324000,"sort_key":-470036,"match_type":"machine-transliterated"}},{"type":"Feature","geometry":{"type":"Point","coordinates":[70.64071655273438,30.032244351965687]},"properties":{"wikidata":"Q999076","display_name":"德拉加齊汗","display_name_en":"Dera Ghazi Khan","kind_detail":"city","population":399064,"sort_key":-470035,"geonames_id":"1180289","match_type":"name+coordinate","match_distance_km":1.516}},{"type":"Feature","geometry":{"type":"Point","coordinates":[81.78085327148438,17.005575036548322]},"properties":{"wikidata":"Q1639492","display_name":"拉贾马亨德拉瓦拉姆","display_name_en":"Rajamahendravaram","kind_detail":"city","population":341831,"sort_key":-470031,"match_type":"machine-transliterated"}},{"type":"Feature","geometry":{"type":"Point","coordinates":[-49.207763671875,-25.533767638544532]},"properties":{"wikidata":"Q478818","display_name":"聖若澤杜斯皮尼艾斯","display_name_en":"São José dos Pinhais","kind_detail":"city","population":329628,"sort_key":-470028,"geonames_id":"3448632","match_type":"name+coordinate","match_distance_km":0.401}},{"type":"Feature","geometry":{"type":"Point","coordinates":[-7.55035400390625,7.410133201401408]},"properties":{"wikidata":"Q1191011","display_name":"曼","display_name_en":"Man","kind_detail":"city","population":241969,"sort_key":-470013,"match_type":"machine-transliterated"}},{"type":"Feature","geometry":{"type":"Point","coordinates":[-5.354461669921875,5.840080845546439]},"properties":{"wikidata":"Q1530295","display_name":"迪沃","display_name_en":"Divo","kind_detail":"city","population":294559,"sort_key":-470012,"geonames_id":"2289887","match_type":"name+coordinate","match_distance_km":0.428}},{"type":"Feature","geometry":{"type":"Point","coordinates":[53.059844970703125,36.55377524336089]},"properties":{"wikidata":"Q168843","display_name":"薩里市","display_name_en":"Sari","kind_detail":"city","population":309820,"sort_key":-470012,"geonames_id":"116996","match_type":"name+coordinate","match_distance_km":1.062}},{"type":"Feature","geometry":{"type":"Point","coordinates":[4.833984375,7.099529908714828]},"properties":{"wikidata":"Q1853310","display_name":"翁多","display_name_en":"Ondo","kind_detail":"town","population":275000,"sort_key":-470012,"match_type":"machine-transliterated"}},{"type":"Feature","geometry":{"type":"Point","coordinates":[31.8218994140625,31.416944229585397]},"properties":{"wikidata":"Q189383","display_name":"杜姆亚特","display_name_en":"Damietta","kind_detail":"city","population":267000,"sort_key":-470011,"geonames_id":"358048","match_type":"name+coordinate","match_distance_km":0.816}},{"type":"Feature","geometry":{"type":"Point","coordinates":[-41.7864990234375,-22.371666279509526]},"properties":{"wikidata":"Q473250","display_name":"马卡埃","display_name_en":"Macaé","kind_detail":"city","population":246391,"sort_key":-470011,"geonames_id":"3458266","match_type":"name+coordinate","match_distance_km":1.503}},{"type":"Feature","geometry":{"type":"Point","coordinates":[75.728759765625,29.155759225356263]},"properties":{"wikidata":"Q1772825","display_name":"希萨尔","display_name_en":"Hisar","kind_detail":"city","population":301240,"sort_key":-470011,"geonames_id":"1270022","match_type":"name+coordinate","match_distance_km":0.6}},{"type":"Feature","geometry":{"type":"Point","coordinates":[-70.7574462890625,7.084539283445068]},"properties":{"wikidata":"Q626543","display_name":"阿劳卡","display_name_en":"Arauca","kind_detail":"city","population":294206,"sort_key":-470010,"geonames_id":"3689718","match_type":"name+coordinate","match_distance_km":0.181}},{"type":"Feature","geometry":{"type":"Point","coordinates":[-70.60775756835938,9.314924669358092]},"properties":{"wikidata":"Q1010367","display_name":"巴莱拉","display_name_en":"Valera","kind_detail":"city","population":250000,"sort_key":-470010,"geonames_id":"3625542","match_type":"name+coordinate","match_distance_km":0.555}},{"type":"Feature","geometry":{"type":"Point","coordinates":[18.540802001953125,54.5162988390112]},"properties":{"wikidata":"Q385","display_name":"格丁尼亚","display_name_en":"Gdynia","kind_detail":"city","population":245222,"sort_key":-470010,"geonames_id":"3099424","match_type":"name+coordinate","match_distance_km":0.644}},{"type":"Feature","geometry":{"type":"Point","coordinates":[-5.950469970703125,6.133727680053852]},"properties":{"wikidata":"Q18592055","display_name":"加尼奧阿","display_name_en":"Gagnoa","kind_detail":"city","population":277044,"sort_key":-470010,"geonames_id":"2288829","match_type":"name+coordinate","match_distance_km":0.2}},{"type":"Feature","geometry":{"type":"Point","coordinates":[27.060699462890625,-14.984586356558808]},"properties":{"wikidata":"Q1952600","display_name":"蒙布瓦","display_name_en":"Mumbwa","kind_detail":"town","population":273869,"sort_key":-470010,"match_type":"machine-transliterated"}},{"type":"Feature","geometry":{"type":"Point","coordinates":[13.690338134765625,-15.184807769127545]},"properties":{"wikidata":"Q2346746","display_name":"奇比亚","display_name_en":"Chibia","kind_detail":"town","population":243136,"sort_key":-470010,"match_type":"machine-transliterated"}},{"type":"Feature","geometry":{"type":"Point","coordinates":[-6.593170166015625,5.785431655361862]},"properties":{"wikidata":"Q1587131","display_name":"苏布雷","display_name_en":"Soubré","kind_detail":"city","population":272773,"sort_key":-470010,"match_type":"machine-transliterated"}},{"type":"Feature","geometry":{"type":"Point","coordinates":[9.77783203125,7.870183640039613]},"properties":{"wikidata":"Q3509190","display_name":"乌卡里","display_name_en":"Wukari","kind_detail":"city","population":241546,"sort_key":-470010,"match_type":"machine-transliterated"}},{"type":"Feature","geometry":{"type":"Point","coordinates":[-48.65570068359375,-26.904926201064498]},"properties":{"wikidata":"Q842713","display_name":"伊達賈伊","display_name_en":"Itajaí","kind_detail":"city","population":264054,"sort_key":-470010,"geonames_id":"3460845","match_type":"name+coordinate","match_distance_km":0.695}},{"type":"Feature","geometry":{"type":"Point","coordinates":[43.737945556640625,37.57723579111111]},"properties":{"wikidata":"Q206895","display_name":"哈卡里","display_name_en":"Hakkâri","kind_detail":"city","population":267813,"sort_key":-470009,"match_type":"machine-transliterated"}},{"type":"Feature","geometry":{"type":"Point","coordinates":[-47.401885986328125,-22.562025064735252]},"properties":{"wikidata":"Q841241","display_name":"利梅拉","display_name_en":"Limeira","kind_detail":"city","population":291869,"sort_key":-470009,"geonames_id":"3458575","match_type":"name+coordinate","match_distance_km":0.3}},{"type":"Feature","geometry":{"type":"Point","coordinates":[1.665802001953125,9.71041068700724]},"properties":{"wikidata":"Q868198","display_name":"朱古","display_name_en":"Djougou","kind_detail":"city","population":260000,"sort_key":-470009,"match_type":"machine-transliterated"}},{"type":"Feature","geometry":{"type":"Point","coordinates":[12.918548583984375,50.83196297053502]},"properties":{"wikidata":"Q2795","display_name":"开姆尼茨","display_name_en":"Chemnitz","kind_detail":"city","population":243089,"sort_key":-470008,"geonames_id":"2940132","match_type":"name+coordinate","match_distance_km":0.857}},{"type":"Feature","geometry":{"type":"Point","coordinates":[76.7724609375,19.261886990981665]},"properties":{"wikidata":"Q1920284","display_name":"帕尔巴尼","display_name_en":"Parbhani","kind_detail":"town","population":307100,"sort_key":-470008,"geonames_id":"1260341","match_type":"name+coordinate","match_distance_km":0.761}},{"type":"Feature","geometry":{"type":"Point","coordinates":[-4.141845703125,50.37174439592903]},"properties":{"wikidata":"Q43382","display_name":"普利茅斯","display_name_en":"Plymouth","kind_detail":"city","population":264695,"sort_key":-470008,"geonames_id":"2640194","match_type":"name+coordinate","match_distance_km":0.089}},{"type":"Feature","geometry":{"type":"Point","coordinates":[-97.38967895507812,18.460070752671413]},"properties":{"wikidata":"Q842261","display_name":"提瓦坎","display_name_en":"Tehuacán","kind_detail":"city","population":293825,"sort_key":-470008,"geonames_id":"3516109","match_type":"name+coordinate","match_distance_km":0.931}},{"type":"Feature","geometry":{"type":"Point","coordinates":[78.39981079101562,27.153254699292106]},"properties":{"wikidata":"Q1452991","display_name":"菲罗扎巴德","display_name_en":"Firozabad","kind_detail":"town","population":278000,"sort_key":-470007,"match_type":"machine-transliterated"}},{"type":"Feature","geometry":{"type":"Point","coordinates":[-1.132965087890625,52.63639665997181]},"properties":{"wikidata":"Q83065","display_name":"莱斯特","display_name_en":"Leicester","kind_detail":"city","population":305700,"sort_key":-470007,"geonames_id":"2644668","match_type":"name+coordinate","match_distance_km":0.26}},{"type":"Feature","geometry":{"type":"Point","coordinates":[-13.080596923828125,9.432805545760885]},"properties":{"wikidata":"Q3077142","display_name":"福雷卡里亚","display_name_en":"Forécariah","kind_detail":"town","population":288000,"sort_key":-470006,"match_type":"machine-transliterated"}},{"type":"Feature","geometry":{"type":"Point","coordinates":[-1.382904052734375,54.90583005701643]},"properties":{"wikidata":"Q188304","display_name":"桑德兰","display_name_en":"Sunderland","kind_detail":"city","population":275300,"sort_key":-470006,"geonames_id":"2636531","match_type":"name+coordinate","match_distance_km":0.138}},{"type":"Feature","geometry":{"type":"Point","coordinates":[-47.890777587890625,-22.018180094457847]},"properties":{"wikidata":"Q194338","display_name":"聖卡洛斯","display_name_en":"São Carlos","kind_detail":"city","population":254857,"sort_key":-470006,"geonames_id":"3449319","match_type":"name+coordinate","match_distance_km":0.076}},{"type":"Feature","geometry":{"type":"Point","coordinates":[-111.92596435546875,33.49445251114959]},"properties":{"wikidata":"Q49221","display_name":"斯科茨代爾","display_name_en":"Scottsdale","kind_detail":"city","population":246068,"sort_key":-470006,"geonames_id":"5313457","match_type":"name+coordinate","match_distance_km":2.988}},{"type":"Feature","geometry":{"type":"Point","coordinates":[90.49850463867188,23.62313636516903]},"properties":{"wikidata":"Q1990163","display_name":"纳拉扬甘杰","display_name_en":"Narayanganj","kind_detail":"city","population":286330,"sort_key":-470005,"match_type":"machine-transliterated"}},{"type":"Feature","geometry":{"type":"Point","coordinates":[10.523529052734375,52.26479561297205]},"properties":{"wikidata":"Q2773","display_name":"不伦瑞克","display_name_en":"Brunswick","kind_detail":"city","population":248023,"sort_key":-470004,"geonames_id":"2945024","match_type":"name+coordinate","match_distance_km":0.252}},{"type":"Feature","geometry":{"type":"Point","coordinates":[-44.1046142578125,-22.521437150561482]},"properties":{"wikidata":"Q276176","display_name":"沃尔塔雷东达","display_name_en":"Volta Redonda","kind_detail":"city","population":261563,"sort_key":-470003,"geonames_id":"3444876","match_type":"name+coordinate","match_distance_km":0.186}},{"type":"Feature","geometry":{"type":"Point","coordinates":[-64.63119506835938,10.202758372479735]},"properties":{"wikidata":"Q379509","display_name":"拉克魯斯港","display_name_en":"Puerto La Cruz","kind_detail":"city","population":272231,"sort_key":-470002,"geonames_id":"3629672","match_type":"name+coordinate","match_distance_km":1.242}},{"type":"Feature","geometry":{"type":"Point","coordinates":[73.32687377929688,25.767740402713358]},"properties":{"wikidata":"Q6634626","display_name":"巴利","display_name_en":"Pali","kind_detail":"city","population":230000,"sort_key":-469980,"match_type":"machine-transliterated"}},{"type":"Feature","geometry":{"type":"Point","coordinates":[89.208984375,23.166876222118248]},"properties":{"wikidata":"Q1688300","display_name":"贾肖尔","display_name_en":"Jashore","kind_detail":"city","population":237478,"sort_key":-469980,"match_type":"machine-transliterated"}},{"type":"Feature","geometry":{"type":"Point","coordinates":[13.264617919921875,10.267627361917462]},"properties":{"wikidata":"Q1951627","display_name":"木壁","display_name_en":"Mubi","kind_detail":"city","population":225705,"sort_key":-469980,"match_type":"machine-transliterated"}},{"type":"Feature","geometry":{"type":"Point","coordinates":[-81.5185546875,41.083491767508235]},"properties":{"wikidata":"Q163132","display_name":"阿克伦","display_name_en":"Akron","kind_detail":"city","population":189423,"sort_key":-469979,"geonames_id":"5145476","match_type":"name+coordinate","match_distance_km":0.231}},{"type":"Feature","geometry":{"type":"Point","coordinates":[34.767608642578125,-0.6687775379129306]},"properties":{"wikidata":"Q1007719","display_name":"基西","display_name_en":"Kisii","kind_detail":"town","population":200000,"sort_key":-469979,"geonames_id":"191299","match_type":"name+coordinate","match_distance_km":1.445}},{"type":"Feature","geometry":{"type":"Point","coordinates":[37.343902587890625,-3.3489215895699402]},"properties":{"wikidata":"Q271733","display_name":"莫希","display_name_en":"Moshi","kind_detail":"city","population":221733,"sort_key":-469979,"geonames_id":"153209","match_type":"name+coordinate","match_distance_km":1.18}},{"type":"Feature","geometry":{"type":"Point","coordinates":[31.699676513671875,26.54799409266603]},"properties":{"wikidata":"Q388108","display_name":"索哈傑","display_name_en":"Suhaj","kind_detail":"city","population":189695,"sort_key":-469979,"geonames_id":"347796","match_type":"name+coordinate","match_distance_km":1.109}},{"type":"Feature","geometry":{"type":"Point","coordinates":[-73.3612060546875,5.5326112204570705]},"properties":{"wikidata":"Q236744","display_name":"通哈","display_name_en":"Tunja","kind_detail":"city","population":200000,"sort_key":-469979,"geonames_id":"3666608","match_type":"name+coordinate","match_distance_km":1.415}},{"type":"Feature","geometry":{"type":"Point","coordinates":[-76.19705200195312,4.08619237689247]},"properties":{"wikidata":"Q1002577","display_name":"图卢阿","display_name_en":"Tuluá","kind_detail":"city","population":199244,"sort_key":-469979,"geonames_id":"3666645","match_type":"name+coordinate","match_distance_km":0.253}},{"type":"Feature","geometry":{"type":"Point","coordinates":[75.13961791992188,27.609321622948173]},"properties":{"wikidata":"Q33334","display_name":"西卡","display_name_en":"Sikar","kind_detail":"city","population":237500,"sort_key":-469979,"match_type":"machine-transliterated"}},{"type":"Feature","geometry":{"type":"Point","coordinates":[-79.69070434570312,44.38963563430923]},"properties":{"wikidata":"Q34183","display_name":"巴里","display_name_en":"Barrie","kind_detail":"city","population":197059,"sort_key":-469978,"geonames_id":"5894171","match_type":"name+coordinate","match_distance_km":2.259}},{"type":"Feature","geometry":{"type":"Point","coordinates":[57.3321533203125,37.47594794878128]},"properties":{"wikidata":"Q317946","display_name":"博因努尔德","display_name_en":"Bojnurd","kind_detail":"city","population":207196,"sort_key":-469978,"match_type":"machine-transliterated"}},{"type":"Feature","geometry":{"type":"Point","coordinates":[30.4705810546875,31.037638436134372]},"properties":{"wikidata":"Q328153","display_name":"达曼胡尔","display_name_en":"Damanhur","kind_detail":"city","population":227943,"sort_key":-469978,"match_type":"machine-transliterated"}},{"type":"Feature","geometry":{"type":"Point","coordinates":[-11.18682861328125,7.886507587818585]},"properties":{"wikidata":"Q634698","display_name":"凯内马","display_name_en":"Kenema","kind_detail":"city","population":188463,"sort_key":-469978,"geonames_id":"2407790","match_type":"name+coordinate","match_distance_km":1.136}},{"type":"Feature","geometry":{"type":"Point","coordinates":[31.073455810546875,-6.342596964836275]},"properties":{"wikidata":"Q391599","display_name":"姆潘达","display_name_en":"Mpanda","kind_detail":"city","population":204338,"sort_key":-469978,"match_type":"machine-transliterated"}},{"type":"Feature","geometry":{"type":"Point","coordinates":[-40.356903076171875,-3.683373343187853]},"properties":{"wikidata":"Q1815899","display_name":"索布拉尔","display_name_en":"Sobral","kind_detail":"city","population":203023,"sort_key":-469978,"match_type":"machine-transliterated"}},{"type":"Feature","geometry":{"type":"Point","coordinates":[-99.656982421875,19.292997997680246]},"properties":{"wikidata":"Q209034","display_name":"托卢卡","display_name_en":"Toluca","kind_detail":"city","population":223876,"sort_key":-469978,"geonames_id":"3515302","match_type":"name+coordinate","match_distance_km":0.693}},{"type":"Feature","geometry":{"type":"Point","coordinates":[76.13937377929688,28.792935787338692]},"properties":{"wikidata":"Q796669","display_name":"比瓦尼","display_name_en":"Bhiwani","kind_detail":"city","population":196100,"sort_key":-469977,"match_type":"machine-transliterated"}},{"type":"Feature","geometry":{"type":"Point","coordinates":[80.14938354492188,17.24705575390162]},"properties":{"wikidata":"Q1921496","display_name":"卡姆马姆","display_name_en":"Khammam","kind_detail":"city","population":184200,"sort_key":-469977,"geonames_id":"1267076","match_type":"name+coordinate","match_distance_km":0.61}},{"type":"Feature","geometry":{"type":"Point","coordinates":[-70.53085327148438,19.224286647729016]},"properties":{"wikidata":"Q538953","display_name":"拉維加","display_name_en":"La Vega","kind_detail":"city","population":221572,"sort_key":-469977,"geonames_id":"3509382","match_type":"name+coordinate","match_distance_km":0.442}},{"type":"Feature","geometry":{"type":"Point","coordinates":[77.35336303710938,16.198849978758147]},"properties":{"wikidata":"Q916838","display_name":"赖丘尔","display_name_en":"Raichur","kind_detail":"city","population":200000,"sort_key":-469977,"match_type":"machine-transliterated"}},{"type":"Feature","geometry":{"type":"Point","coordinates":[30.653228759765625,-0.6111029152760494]},"properties":{"wikidata":"Q731039","display_name":"姆巴拉拉","display_name_en":"Mbarara","kind_detail":"city","population":195013,"sort_key":-469977,"match_type":"machine-transliterated"}},{"type":"Feature","geometry":{"type":"Point","coordinates":[78.4808349609375,15.473533892493364]},"properties":{"wikidata":"Q1772751","display_name":"南迪亚尔","display_name_en":"Nandyal","kind_detail":"town","population":200516,"sort_key":-469977,"match_type":"machine-transliterated"}},{"type":"Feature","geometry":{"type":"Point","coordinates":[-80.68771362304688,-4.889835742990698]},"properties":{"wikidata":"Q510413","display_name":"蘇亞納","display_name_en":"Sullana","kind_detail":"city","population":184910,"sort_key":-469977,"geonames_id":"3691674","match_type":"name+coordinate","match_distance_km":1.586}},{"type":"Feature","geometry":{"type":"Point","coordinates":[32.768096923828125,-9.309503898370039]},"properties":{"wikidata":"Q7852915","display_name":"通杜马","display_name_en":"Tunduma","kind_detail":"city","population":219309,"sort_key":-469977,"match_type":"machine-transliterated"}},{"type":"Feature","geometry":{"type":"Point","coordinates":[-9.174957275390625,11.41945638671595]},"properties":{"wikidata":"Q1100303","display_name":"西吉里","display_name_en":"Siguiri","kind_detail":"city","population":196308,"sort_key":-469977,"match_type":"machine-transliterated"}},{"type":"Feature","geometry":{"type":"Point","coordinates":[-5.67718505859375,11.317133984291345]},"properties":{"wikidata":"Q722827","display_name":"錫卡索","display_name_en":"Sikasso","kind_detail":"city","population":226000,"sort_key":-469977,"geonames_id":"2451185","match_type":"name+coordinate","match_distance_km":1.162}},{"type":"Feature","geometry":{"type":"Point","coordinates":[36.684722900390625,-8.132648254494]},"properties":{"wikidata":"Q995454","display_name":"伊法卡拉","display_name_en":"Ifakara","kind_detail":"city","population":205843,"sort_key":-469977,"match_type":"machine-transliterated"}},{"type":"Feature","geometry":{"type":"Point","coordinates":[-39.274749755859375,-14.793472080214343]},"properties":{"wikidata":"Q460750","display_name":"伊塔布纳","display_name_en":"Itabuna","kind_detail":"city","population":186708,"sort_key":-469977,"geonames_id":"3460949","match_type":"name+coordinate","match_distance_km":1.062}},{"type":"Feature","geometry":{"type":"Point","coordinates":[34.365234375,11.806866971578742]},"properties":{"wikidata":"Q311307","display_name":"阿达马津","display_name_en":"Ad-Damazin","kind_detail":"city","population":213000,"sort_key":-469976,"match_type":"machine-transliterated"}},{"type":"Feature","geometry":{"type":"Point","coordinates":[-69.202880859375,9.55064614281001]},"properties":{"wikidata":"Q338059","display_name":"阿卡里瓜","display_name_en":"Acarigua","kind_detail":"city","population":205933,"sort_key":-469976,"geonames_id":"3649833","match_type":"name+coordinate","match_distance_km":0.903}},{"type":"Feature","geometry":{"type":"Point","coordinates":[31.098175048828125,29.072974690644912]},"properties":{"wikidata":"Q394080","display_name":"贝尼苏韦夫","display_name_en":"Beni Suef","kind_detail":"city","population":219754,"sort_key":-469976,"match_type":"machine-transliterated"}},{"type":"Feature","geometry":{"type":"Point","coordinates":[11.075592041015625,11.712754331857553]},"properties":{"wikidata":"Q3309364","display_name":"波蒂斯库姆","display_name_en":"Potiskum","kind_detail":"city","population":205876,"sort_key":-469976,"match_type":"machine-transliterated"}},{"type":"Feature","geometry":{"type":"Point","coordinates":[14.54864501953125,-14.825336214398732]},"properties":{"wikidata":"Q774789","display_name":"基蓬戈","display_name_en":"Quipungo","kind_detail":"town","population":221502,"sort_key":-469976,"match_type":"machine-transliterated"}},{"type":"Feature","geometry":{"type":"Point","coordinates":[-42.526702880859375,-19.478244906718302]},"properties":{"wikidata":"Q318314","display_name":"伊帕廷加","display_name_en":"Ipatinga","kind_detail":"city","population":227731,"sort_key":-469976,"geonames_id":"3461144","match_type":"name+coordinate","match_distance_km":1.519}},{"type":"Feature","geometry":{"type":"Point","coordinates":[-42.018585205078125,-22.87997097321511]},"properties":{"wikidata":"Q735025","display_name":"卡波弗里奧","display_name_en":"Cabo Frio","kind_detail":"city","population":222161,"sort_key":-469975,"geonames_id":"3468615","match_type":"name+coordinate","match_distance_km":1.119}},{"type":"Feature","geometry":{"type":"Point","coordinates":[-47.92236328125,-1.2921572975992035]},"properties":{"wikidata":"Q984581","display_name":"卡斯塔尼亞爾","display_name_en":"Castanhal","kind_detail":"city","population":192256,"sort_key":-469975,"geonames_id":"3402591","match_type":"name+coordinate","match_distance_km":0.487}},{"type":"Feature","geometry":{"type":"Point","coordinates":[-47.559814453125,-22.409758945751022]},"properties":{"wikidata":"Q291277","display_name":"里奥克拉罗","display_name_en":"Rio Claro","kind_detail":"city","population":201418,"sort_key":-469975,"match_type":"machine-transliterated"}},{"type":"Feature","geometry":{"type":"Point","coordinates":[-50.91888427734375,-17.79184300887134]},"properties":{"wikidata":"Q942064","display_name":"里奥韦尔迪","display_name_en":"Rio Verde","kind_detail":"city","population":225696,"sort_key":-469975,"geonames_id":"3451055","match_type":"name+coordinate","match_distance_km":1.192}},{"type":"Feature","geometry":{"type":"Point","coordinates":[-71.80252075195312,42.26206551074392]},"properties":{"wikidata":"Q49179","display_name":"伍斯特","display_name_en":"Worcester","kind_detail":"city","population":206518,"sort_key":-469975,"geonames_id":"4956184","match_type":"name+coordinate","match_distance_km":0.061}},{"type":"Feature","geometry":{"type":"Point","coordinates":[-52.098541259765625,-32.0336916919389]},"properties":{"wikidata":"Q869571","display_name":"里奥格兰德","display_name_en":"Rio Grande","kind_detail":"city","population":191900,"sort_key":-469974,"match_type":"machine-transliterated"}},{"type":"Feature","geometry":{"type":"Point","coordinates":[-1.880035400390625,50.71993856703989]},"properties":{"wikidata":"Q170478","display_name":"伯恩茅斯","display_name_en":"Bournemouth","kind_detail":"town","population":183491,"sort_key":-469973,"geonames_id":"2655095","match_type":"name+coordinate","match_distance_km":0.071}},{"type":"Feature","geometry":{"type":"Point","coordinates":[77.8546142578125,28.405896722414823]},"properties":{"wikidata":"Q861248","display_name":"布兰德舍赫尔","display_name_en":"Bulandshahr","kind_detail":"city","population":222500,"sort_key":-469973,"geonames_id":"1275120","match_type":"name+coordinate","match_distance_km":0.376}},{"type":"Feature","geometry":{"type":"Point","coordinates":[-44.8736572265625,-20.160387427543867]},"properties":{"wikidata":"Q926606","display_name":"迪维诺波利斯","display_name_en":"Divinópolis","kind_detail":"city","population":231091,"sort_key":-469973,"geonames_id":"3464688","match_type":"name+coordinate","match_distance_km":2.579}},{"type":"Feature","geometry":{"type":"Point","coordinates":[72.64984130859375,23.223679038929404]},"properties":{"wikidata":"Q11910","display_name":"甘地讷格尔","display_name_en":"Gandhinagar","kind_detail":"city","population":206200,"sort_key":-469973,"match_type":"machine-transliterated"}},{"type":"Feature","geometry":{"type":"Point","coordinates":[-44.2474365234375,-19.466592232207603]},"properties":{"wikidata":"Q841226","display_name":"塞特拉戈斯","display_name_en":"Sete Lagoas","kind_detail":"city","population":227397,"sort_key":-469973,"match_type":"machine-transliterated"}},{"type":"Feature","geometry":{"type":"Point","coordinates":[-99.50454711914062,17.553699905094973]},"properties":{"wikidata":"Q207935","display_name":"奇尔潘辛戈","display_name_en":"Chilpancingo","kind_detail":"city","population":225728,"sort_key":-469972,"match_type":"machine-transliterated"}},{"type":"Feature","geometry":{"type":"Point","coordinates":[-94.43435668945312,18.14063172231272]},"properties":{"wikidata":"Q502023","display_name":"夸察夸爾科斯","display_name_en":"Coatzacoalcos","kind_detail":"city","population":212540,"sort_key":-469971,"geonames_id":"3530517","match_type":"name+coordinate","match_distance_km":1.439}},{"type":"Feature","geometry":{"type":"Point","coordinates":[-92.63809204101562,16.73485201678639]},"properties":{"wikidata":"Q524894","display_name":"圣克里斯托瓦尔","display_name_en":"San Cristóbal","kind_detail":"city","population":183509,"sort_key":-469971,"match_type":"machine-transliterated"}},{"type":"Feature","geometry":{"type":"Point","coordinates":[-105.22018432617188,20.640495287785967]},"properties":{"wikidata":"Q853258","display_name":"巴亚尔塔港","display_name_en":"Puerto Vallarta","kind_detail":"city","population":224166,"sort_key":-469969,"geonames_id":"3991328","match_type":"name+coordinate","match_distance_km":2.812}},{"type":"Feature","geometry":{"type":"Point","coordinates":[70.90850830078125,31.82739871832875]},"properties":{"wikidata":"Q1249888","display_name":"德拉伊斯梅尔汗","display_name_en":"Dera Ismail Khan","kind_detail":"city","population":217457,"sort_key":-469968,"match_type":"machine-transliterated"}},{"type":"Feature","geometry":{"type":"Point","coordinates":[-46.542205810546875,-22.952070618482665]},"properties":{"wikidata":"Q897232","display_name":"布拉干薩-保利斯塔","display_name_en":"Bragança Paulista","kind_detail":"city","population":184634,"sort_key":-469967,"geonames_id":"3469092","match_type":"name+coordinate","match_distance_km":0.214}},{"type":"Feature","geometry":{"type":"Point","coordinates":[-91.81549072265625,18.651449894396634]},"properties":{"wikidata":"Q991435","display_name":"卡門城","display_name_en":"Ciudad del Carmen","kind_detail":"city","population":191238,"sort_key":-469967,"geonames_id":"3530599","match_type":"name+coordinate","match_distance_km":1.639}},{"type":"Feature","geometry":{"type":"Point","coordinates":[-51.3885498046875,-22.122538241274427]},"properties":{"wikidata":"Q525618","display_name":"普鲁登特总统城","display_name_en":"Presidente Prudente","kind_detail":"city","population":225668,"sort_key":-469965,"geonames_id":"3452324","match_type":"name+coordinate","match_distance_km":0.338}},{"type":"Feature","geometry":{"type":"Point","coordinates":[-69.30313110351562,18.461373375441454]},"properties":{"wikidata":"Q680596","display_name":"圣佩德罗-德马科里斯","display_name_en":"San Pedro de Macorís","kind_detail":"city","population":217141,"sort_key":-469964,"match_type":"machine-transliterated"}},{"type":"Feature","geometry":{"type":"Point","coordinates":[-8.499298095703125,33.24328185847948]},"properties":{"wikidata":"Q219583","display_name":"杰迪代","display_name_en":"El Jadida","kind_detail":"city","population":194934,"sort_key":-469961,"geonames_id":"2550078","match_type":"name+coordinate","match_distance_km":1.746}},{"type":"Feature","geometry":{"type":"Point","coordinates":[-41.11358642578125,-20.848545148787238]},"properties":{"wikidata":"Q1439193","display_name":"卡舒埃罗德伊塔佩米林","display_name_en":"Cachoeiro de Itapemirim","kind_detail":"city","population":185786,"sort_key":-469961,"match_type":"machine-transliterated"}},{"type":"Feature","geometry":{"type":"Point","coordinates":[-35.03265380859375,-8.283521978975244]},"properties":{"wikidata":"Q1637538","display_name":"圣托角阿戈斯蒂尼奥","display_name_en":"Cabo de Santo Agostinho","kind_detail":"city","population":203440,"sort_key":-469961,"match_type":"machine-transliterated"}},{"type":"Feature","geometry":{"type":"Point","coordinates":[-0.63446044921875,35.19064466671118]},"properties":{"wikidata":"Q852276","display_name":"西迪贝勒阿巴斯","display_name_en":"Sidi Bel Abbes","kind_detail":"city","population":212935,"sort_key":-469953,"geonames_id":"2481007","match_type":"name+coordinate","match_distance_km":0.337}},{"type":"Feature","geometry":{"type":"Point","coordinates":[-47.300262451171875,-23.264057460884302]},"properties":{"wikidata":"Q957653","display_name":"伊图","display_name_en":"Itu","kind_detail":"city","population":168240,"sort_key":-469949,"geonames_id":"3460535","match_type":"name+coordinate","match_distance_km":0.112}},{"type":"Feature","geometry":{"type":"Point","coordinates":[21.3189697265625,46.175075887712296]},"properties":{"wikidata":"Q173591","display_name":"阿拉德","display_name_en":"Arad","kind_detail":"city","population":159074,"sort_key":-469948,"match_type":"machine-transliterated"}},{"type":"Feature","geometry":{"type":"Point","coordinates":[30.84136962890625,27.73216070958091]},"properties":{"wikidata":"Q393498","display_name":"马拉维","display_name_en":"Mallawi","kind_detail":"town","population":142504,"sort_key":-469948,"match_type":"machine-transliterated"}},{"type":"Feature","geometry":{"type":"Point","coordinates":[-64.46640014648438,9.432805545760885]},"properties":{"wikidata":"Q1897488","display_name":"阿纳科","display_name_en":"Anaco","kind_detail":"city","population":149380,"sort_key":-469947,"match_type":"machine-transliterated"}},{"type":"Feature","geometry":{"type":"Point","coordinates":[-42.831573486328125,-5.10051921837983]},"properties":{"wikidata":"Q1017101","display_name":"丁满","display_name_en":"Timon","kind_detail":"city","population":174465,"sort_key":-469947,"match_type":"machine-transliterated"}},{"type":"Feature","geometry":{"type":"Point","coordinates":[123.3050537109375,10.956023030580496]},"properties":{"wikidata":"Q1020688","display_name":"加的斯","display_name_en":"Cadiz","kind_detail":"city","population":161558,"sort_key":-469947,"match_type":"machine-transliterated"}},{"type":"Feature","geometry":{"type":"Point","coordinates":[2.931976318359375,11.131244737050949]},"properties":{"wikidata":"Q845666","display_name":"康迪","display_name_en":"Kandi","kind_detail":"city","population":180000,"sort_key":-469947,"geonames_id":"2393693","match_type":"name+coordinate","match_distance_km":0.793}},{"type":"Feature","geometry":{"type":"Point","coordinates":[-50.32562255859375,-27.816000991661582]},"properties":{"wikidata":"Q762009","display_name":"拉热斯","display_name_en":"Lages","kind_detail":"city","population":164981,"sort_key":-469947,"geonames_id":"3458930","match_type":"name+coordinate","match_distance_km":0.049}},{"type":"Feature","geometry":{"type":"Point","coordinates":[23.13720703125,-15.26696307293507]},"properties":{"wikidata":"Q644799","display_name":"芒古","display_name_en":"Mongu","kind_detail":"town","population":179585,"sort_key":-469947,"match_type":"machine-transliterated"}},{"type":"Feature","geometry":{"type":"Point","coordinates":[89.24468994140625,24.006326198751125]},"properties":{"wikidata":"Q1004048","display_name":"帕布纳","display_name_en":"Pabna","kind_detail":"city","population":144442,"sort_key":-469947,"match_type":"machine-transliterated"}},{"type":"Feature","geometry":{"type":"Point","coordinates":[24.152069091796875,45.79721207992185]},"properties":{"wikidata":"Q83324","display_name":"錫比烏","display_name_en":"Sibiu","kind_detail":"city","population":147245,"sort_key":-469947,"geonames_id":"667268","match_type":"name+coordinate","match_distance_km":0.349}},{"type":"Feature","geometry":{"type":"Point","coordinates":[46.41998291015625,33.63748924317082]},"properties":{"wikidata":"Q499470","display_name":"伊拉姆","display_name_en":"Ilam","kind_detail":"city","population":172213,"sort_key":-469947,"match_type":"machine-transliterated"}},{"type":"Feature","geometry":{"type":"Point","coordinates":[-78.629150390625,-1.2427309182355515]},"properties":{"wikidata":"Q210161","display_name":"安巴托","display_name_en":"Ambato","kind_detail":"city","population":165185,"sort_key":-469946,"geonames_id":"3660689","match_type":"name+coordinate","match_distance_km":1.549}},{"type":"Feature","geometry":{"type":"Point","coordinates":[-1.68914794921875,6.211551441519987]},"properties":{"wikidata":"Q1020901","display_name":"奥布阿西","display_name_en":"Obuasi","kind_detail":"city","population":175000,"sort_key":-469946,"match_type":"machine-transliterated"}},{"type":"Feature","geometry":{"type":"Point","coordinates":[-88.31497192382812,41.75697108561417]},"properties":{"wikidata":"Q22595","display_name":"奥罗拉","display_name_en":"Aurora","kind_detail":"city","population":180542,"sort_key":-469946,"match_type":"machine-transliterated"}},{"type":"Feature","geometry":{"type":"Point","coordinates":[4.5538330078125,7.779029819064988]},"properties":{"wikidata":"Q868203","display_name":"奥舒博","display_name_en":"Oshogbo","kind_detail":"city","population":156694,"sort_key":-469946,"match_type":"machine-transliterated"}},{"type":"Feature","geometry":{"type":"Point","coordinates":[-78.86398315429688,43.89789239125798]},"properties":{"wikidata":"Q211867","display_name":"奧沙華","display_name_en":"Oshawa","kind_detail":"city","population":175383,"sort_key":-469946,"geonames_id":"6094578","match_type":"name+coordinate","match_distance_km":1.181}},{"type":"Feature","geometry":{"type":"Point","coordinates":[31.812286376953125,-1.3305993740875408]},"properties":{"wikidata":"Q654259","display_name":"布科巴","display_name_en":"Bukoba","kind_detail":"city","population":144938,"sort_key":-469946,"geonames_id":"160961","match_type":"name+coordinate","match_distance_km":0.119}},{"type":"Feature","geometry":{"type":"Point","coordinates":[-2.970428466796875,56.46097301429077]},"properties":{"wikidata":"Q123709","display_name":"登地","display_name_en":"Dundee","kind_detail":"city","population":147345,"sort_key":-469946,"geonames_id":"2650752","match_type":"name+coordinate","match_distance_km":0.948}},{"type":"Feature","geometry":{"type":"Point","coordinates":[-7.49542236328125,6.548652994833617]},"properties":{"wikidata":"Q1553776","display_name":"吉格洛","display_name_en":"Guiglo","kind_detail":"city","population":171454,"sort_key":-469946,"match_type":"machine-transliterated"}},{"type":"Feature","geometry":{"type":"Point","coordinates":[40.178375244140625,-10.283842534088876]},"properties":{"wikidata":"Q646684","display_name":"姆特瓦拉","display_name_en":"Mtwara","kind_detail":"city","population":140793,"sort_key":-469946,"match_type":"machine-transliterated"}},{"type":"Feature","geometry":{"type":"Point","coordinates":[-88.08425903320312,41.5260577016148]},"properties":{"wikidata":"Q40345","display_name":"乔利埃特","display_name_en":"Joliet","kind_detail":"city","population":150362,"sort_key":-469946,"match_type":"machine-transliterated"}},{"type":"Feature","geometry":{"type":"Point","coordinates":[-102.28408813476562,19.982383355589747]},"properties":{"wikidata":"Q145865","display_name":"萨莫拉","display_name_en":"Zamora","kind_detail":"city","population":154546,"sort_key":-469946,"match_type":"machine-transliterated"}},{"type":"Feature","geometry":{"type":"Point","coordinates":[-6.9488525390625,37.2576591253159]},"properties":{"wikidata":"Q12246","display_name":"韦尔瓦","display_name_en":"Huelva","kind_detail":"city","population":143409,"sort_key":-469946,"match_type":"machine-transliterated"}},{"type":"Feature","geometry":{"type":"Point","coordinates":[20.477142333984375,53.776311940324035]},"properties":{"wikidata":"Q82765","display_name":"奥尔什丁","display_name_en":"Olsztyn","kind_detail":"city","population":170225,"sort_key":-469945,"match_type":"machine-transliterated"}},{"type":"Feature","geometry":{"type":"Point","coordinates":[-97.72750854492188,31.117618717560987]},"properties":{"wikidata":"Q128228","display_name":"基林","display_name_en":"Killeen","kind_detail":"city","population":153095,"sort_key":-469945,"geonames_id":"4703223","match_type":"name+coordinate","match_distance_km":0.062}},{"type":"Feature","geometry":{"type":"Point","coordinates":[35.283966064453125,-0.36666619840407577]},"properties":{"wikidata":"Q996730","display_name":"凯里乔","display_name_en":"Kericho","kind_detail":"town","population":150000,"sort_key":-469945,"match_type":"machine-transliterated"}},{"type":"Feature","geometry":{"type":"Point","coordinates":[-2.440338134765625,42.466018925787495]},"properties":{"wikidata":"Q14325","display_name":"洛格罗尼奥","display_name_en":"Logroño","kind_detail":"city","population":149336,"sort_key":-469945,"geonames_id":"3118150","match_type":"name+coordinate","match_distance_km":0.887}},{"type":"Feature","geometry":{"type":"Point","coordinates":[-79.59320068359375,-2.1294839357161663]},"properties":{"wikidata":"Q773238","display_name":"米拉格罗","display_name_en":"Milagro","kind_detail":"city","population":140103,"sort_key":-469945,"geonames_id":"3654215","match_type":"name+coordinate","match_distance_km":0.498}},{"type":"Feature","geometry":{"type":"Point","coordinates":[34.749755859375,-4.820049190128572]},"properties":{"wikidata":"Q153331","display_name":"辛吉达","display_name_en":"Singida","kind_detail":"city","population":165492,"sort_key":-469945,"match_type":"machine-transliterated"}},{"type":"Feature","geometry":{"type":"Point","coordinates":[-77.6348876953125,0.8239462091017629]},"properties":{"wikidata":"Q1010094","display_name":"伊皮亞萊斯","display_name_en":"Ipiales","kind_detail":"town","population":169864,"sort_key":-469945,"geonames_id":"3680539","match_type":"name+coordinate","match_distance_km":0.544}},{"type":"Feature","geometry":{"type":"Point","coordinates":[-1.855316162109375,38.9946393946787]},"properties":{"wikidata":"Q15095","display_name":"阿尔瓦塞特","display_name_en":"Albacete","kind_detail":"city","population":167350,"sort_key":-469944,"geonames_id":"2522258","match_type":"name+coordinate","match_distance_km":0.106}},{"type":"Feature","geometry":{"type":"Point","coordinates":[-48.44146728515625,-22.887562215174498]},"properties":{"wikidata":"Q1625598","display_name":"博图卡图","display_name_en":"Botucatu","kind_detail":"city","population":145155,"sort_key":-469944,"geonames_id":"3469136","match_type":"name+coordinate","match_distance_km":0.41}},{"type":"Feature","geometry":{"type":"Point","coordinates":[95.39291381835938,21.458181127146062]},"properties":{"wikidata":"Q974965","display_name":"敏建","display_name_en":"Myingyan","kind_detail":"town","population":141713,"sort_key":-469944,"geonames_id":"1307835","match_type":"name+coordinate","match_distance_km":0.51}},{"type":"Feature","geometry":{"type":"Point","coordinates":[88.8958740234375,25.780107118422237]},"properties":{"wikidata":"Q3347049","display_name":"赛义德布尔","display_name_en":"Saidpur","kind_detail":"city","population":143538,"sort_key":-469944,"match_type":"machine-transliterated"}},{"type":"Feature","geometry":{"type":"Point","coordinates":[89.91485595703125,24.250720932344834]},"properties":{"wikidata":"Q2306321","display_name":"坦盖尔","display_name_en":"Tangail","kind_detail":"city","population":167412,"sort_key":-469944,"match_type":"machine-transliterated"}},{"type":"Feature","geometry":{"type":"Point","coordinates":[-86.00372314453125,13.09151695787915]},"properties":{"wikidata":"Q1026296","display_name":"希诺特加","display_name_en":"Jinotega","kind_detail":"city","population":150146,"sort_key":-469944,"match_type":"machine-transliterated"}},{"type":"Feature","geometry":{"type":"Point","coordinates":[-48.522491455078125,-25.51517874439851]},"properties":{"wikidata":"Q503852","display_name":"巴拉那瓜","display_name_en":"Paranaguá","kind_detail":"city","population":145829,"sort_key":-469943,"geonames_id":"3455070","match_type":"name+coordinate","match_distance_km":0.313}},{"type":"Feature","geometry":{"type":"Point","coordinates":[-2.79876708984375,8.040192988623247]},"properties":{"wikidata":"Q892276","display_name":"邦杜庫","display_name_en":"Bondoukou","kind_detail":"city","population":141568,"sort_key":-469943,"geonames_id":"2291136","match_type":"name+coordinate","match_distance_km":0.139}},{"type":"Feature","geometry":{"type":"Point","coordinates":[-102.87322998046875,23.180763583129448]},"properties":{"wikidata":"Q1816543","display_name":"弗雷斯尼約","display_name_en":"Fresnillo","kind_detail":"city","population":143281,"sort_key":-469943,"geonames_id":"4006163","match_type":"name+coordinate","match_distance_km":0.853}},{"type":"Feature","geometry":{"type":"Point","coordinates":[-75.61477661132812,1.6161491700973016]},"properties":{"wikidata":"Q849859","display_name":"佛罗伦萨","display_name_en":"Florencia","kind_detail":"city","population":168346,"sort_key":-469943,"match_type":"machine-transliterated"}},{"type":"Feature","geometry":{"type":"Point","coordinates":[-89.55642700195312,13.995371504580604]},"properties":{"wikidata":"Q739664","display_name":"聖安娜","display_name_en":"Santa Ana","kind_detail":"city","population":167200,"sort_key":-469943,"geonames_id":"3583334","match_type":"name+coordinate","match_distance_km":0.791}},{"type":"Feature","geometry":{"type":"Point","coordinates":[-3.49639892578125,6.727348043372672]},"properties":{"wikidata":"Q1044225","display_name":"阿本古鲁","display_name_en":"Abengourou","kind_detail":"city","population":164424,"sort_key":-469942,"geonames_id":"2293549","match_type":"name+coordinate","match_distance_km":0.264}},{"type":"Feature","geometry":{"type":"Point","coordinates":[55.166473388671875,37.24891436763244]},"properties":{"wikidata":"Q1975291","display_name":"贡巴德卡布斯","display_name_en":"Gonbad-e Qabus","kind_detail":"city","population":151910,"sort_key":-469942,"match_type":"machine-transliterated"}},{"type":"Feature","geometry":{"type":"Point","coordinates":[-51.46270751953125,-25.39490112303193]},"properties":{"wikidata":"Q326354","display_name":"瓜拉普阿瓦","display_name_en":"Guarapuava","kind_detail":"city","population":182093,"sort_key":-469942,"geonames_id":"3461879","match_type":"name+coordinate","match_distance_km":0.562}},{"type":"Feature","geometry":{"type":"Point","coordinates":[-1.241455078125,5.108726284726913]},"properties":{"wikidata":"Q221283","display_name":"海岸角","display_name_en":"Cape Coast","kind_detail":"city","population":155000,"sort_key":-469942,"geonames_id":"2302357","match_type":"name+coordinate","match_distance_km":0.682}},{"type":"Feature","geometry":{"type":"Point","coordinates":[-81.94427490234375,26.56273504427179]},"properties":{"wikidata":"Q462789","display_name":"開普科勒爾","display_name_en":"Cape Coral","kind_detail":"city","population":154305,"sort_key":-469942,"geonames_id":"4149962","match_type":"name+coordinate","match_distance_km":0.523}},{"type":"Feature","geometry":{"type":"Point","coordinates":[77.4920654296875,13.83007920700993]},"properties":{"wikidata":"Q760056","display_name":"兴都布尔","display_name_en":"Hindupur","kind_detail":"town","population":151677,"sort_key":-469942,"match_type":"machine-transliterated"}},{"type":"Feature","geometry":{"type":"Point","coordinates":[-122.33001708984375,49.05227025601607]},"properties":{"wikidata":"Q271730","display_name":"亞博斯福","display_name_en":"Abbotsford","kind_detail":"city","population":153524,"sort_key":-469942,"geonames_id":"5881791","match_type":"name+coordinate","match_distance_km":5.679}},{"type":"Feature","geometry":{"type":"Point","coordinates":[79.705810546875,12.83590398363556]},"properties":{"wikidata":"Q212332","display_name":"黃支","display_name_en":"Kanchipuram","kind_detail":"city","population":164400,"sort_key":-469941,"geonames_id":"1268159","match_type":"name+coordinate","match_distance_km":0.629}},{"type":"Feature","geometry":{"type":"Point","coordinates":[-87.35916137695312,36.52729481454624]},"properties":{"wikidata":"Q328941","display_name":"克拉克斯维尔","display_name_en":"Clarksville","kind_detail":"city","population":180716,"sort_key":-469941,"geonames_id":"4613868","match_type":"name+coordinate","match_distance_km":0.276}},{"type":"Feature","geometry":{"type":"Point","coordinates":[-45.932464599609375,-22.234446448737287]},"properties":{"wikidata":"Q949798","display_name":"波苏阿莱格里","display_name_en":"Pouso Alegre","kind_detail":"city","population":152217,"sort_key":-469940,"geonames_id":"3452525","match_type":"name+coordinate","match_distance_km":0.639}},{"type":"Feature","geometry":{"type":"Point","coordinates":[-72.83111572265625,19.9384963123927]},"properties":{"wikidata":"Q951602","display_name":"和平港","display_name_en":"Port-de-Paix","kind_detail":"city","population":180500,"sort_key":-469940,"geonames_id":"3718420","match_type":"name+coordinate","match_distance_km":0.169}},{"type":"Feature","geometry":{"type":"Point","coordinates":[25.6256103515625,42.42447024463857]},"properties":{"wikidata":"Q170415","display_name":"舊扎戈拉","display_name_en":"Stara Zagora","kind_detail":"city","population":149266,"sort_key":-469940,"geonames_id":"726848","match_type":"name+coordinate","match_distance_km":1.631}},{"type":"Feature","geometry":{"type":"Point","coordinates":[15.50445556640625,51.93833874494655]},"properties":{"wikidata":"Q104720","display_name":"綠山城","display_name_en":"Zielona Góra","kind_detail":"city","population":140002,"sort_key":-469940,"geonames_id":"3080165","match_type":"name+coordinate","match_distance_km":0.345}},{"type":"Feature","geometry":{"type":"Point","coordinates":[-39.06463623046875,-16.44398805113181]},"properties":{"wikidata":"Q499922","display_name":"塞古鲁港","display_name_en":"Porto Seguro","kind_detail":"city","population":168326,"sort_key":-469940,"geonames_id":"3452640","match_type":"name+coordinate","match_distance_km":0.637}},{"type":"Feature","geometry":{"type":"Point","coordinates":[125.49407958984375,9.790264460914443]},"properties":{"wikidata":"Q1019949","display_name":"苏里高","display_name_en":"Surigao City","kind_detail":"city","population":171107,"sort_key":-469940,"geonames_id":"1685218","match_type":"name+coordinate","match_distance_km":0.173}},{"type":"Feature","geometry":{"type":"Point","coordinates":[-48.0487060546875,-23.589160275994914]},"properties":{"wikidata":"Q942071","display_name":"伊塔佩蒂宁加","display_name_en":"Itapetininga","kind_detail":"city","population":157790,"sort_key":-469940,"geonames_id":"3460728","match_type":"name+coordinate","match_distance_km":0.524}},{"type":"Feature","geometry":{"type":"Point","coordinates":[5.247344970703125,13.791405140110726]},"properties":{"wikidata":"Q865804","display_name":"比尔尼康尼","display_name_en":"Birni N'Konni","kind_detail":"city","population":143530,"sort_key":-469939,"match_type":"machine-transliterated"}},{"type":"Feature","geometry":{"type":"Point","coordinates":[-100.54000854492188,28.691792332587482]},"properties":{"wikidata":"Q1856408","display_name":"彼德拉斯内格拉斯","display_name_en":"Piedras Negras","kind_detail":"city","population":173959,"sort_key":-469938,"match_type":"machine-transliterated"}},{"type":"Feature","geometry":{"type":"Point","coordinates":[88.27102661132812,24.595831455956528]},"properties":{"wikidata":"Q7223092","display_name":"查帕伊纳瓦布甘吉","display_name_en":"Chapainawabganj","kind_detail":"city","population":180731,"sort_key":-469938,"match_type":"machine-transliterated"}},{"type":"Feature","geometry":{"type":"Point","coordinates":[79.07684326171875,12.233996944452656]},"properties":{"wikidata":"Q162830","display_name":"蒂鲁文纳马莱","display_name_en":"Tiruvannamalai","kind_detail":"town","population":145200,"sort_key":-469938,"match_type":"machine-transliterated"}},{"type":"Feature","geometry":{"type":"Point","coordinates":[-5.197906494140625,9.593979582094619]},"properties":{"wikidata":"Q2855736","display_name":"费凯塞杜古","display_name_en":"Ferkéssédougou","kind_detail":"city","population":160267,"sort_key":-469938,"match_type":"machine-transliterated"}},{"type":"Feature","geometry":{"type":"Point","coordinates":[-4.010009765625,34.22997081127308]},"properties":{"wikidata":"Q574469","display_name":"塔扎","display_name_en":"Taza","kind_detail":"city","population":160000,"sort_key":-469938,"geonames_id":"2529317","match_type":"name+coordinate","match_distance_km":2.221}},{"type":"Feature","geometry":{"type":"Point","coordinates":[0.712738037109375,51.53864817973766]},"properties":{"wikidata":"Q203995","display_name":"滨海绍森德","display_name_en":"Southend-on-Sea","kind_detail":"city","population":183125,"sort_key":-469937,"match_type":"machine-transliterated"}},{"type":"Feature","geometry":{"type":"Point","coordinates":[-46.564178466796875,-21.790107059807866]},"properties":{"wikidata":"Q817216","display_name":"波苏斯－迪卡尔达斯","display_name_en":"Poços de Caldas","kind_detail":"city","population":163742,"sort_key":-469937,"geonames_id":"3453303","match_type":"name+coordinate","match_distance_km":0.387}},{"type":"Feature","geometry":{"type":"Point","coordinates":[15.640411376953125,38.10322464859826]},"properties":{"wikidata":"Q8471","display_name":"雷焦卡拉布里亚","display_name_en":"Reggio Calabria","kind_detail":"city","population":183035,"sort_key":-469937,"geonames_id":"2523630","match_type":"name+coordinate","match_distance_km":1.997}},{"type":"Feature","geometry":{"type":"Point","coordinates":[-45.462799072265625,-22.936894933952217]},"properties":{"wikidata":"Q974642","display_name":"平达莫尼扬加巴","display_name_en":"Pindamonhangaba","kind_detail":"city","population":165428,"sort_key":-469937,"geonames_id":"3453837","match_type":"name+coordinate","match_distance_km":1.451}},{"type":"Feature","geometry":{"type":"Point","coordinates":[-99.98519897460938,20.394836073770264]},"properties":{"wikidata":"Q1815099","display_name":"圣胡安德尔里奥","display_name_en":"San Juan del Río","kind_detail":"city","population":177719,"sort_key":-469936,"match_type":"machine-transliterated"}},{"type":"Feature","geometry":{"type":"Point","coordinates":[41.4898681640625,38.732661120482334]},"properties":{"wikidata":"Q118995","display_name":"穆什","display_name_en":"Muş","kind_detail":"city","population":116707,"sort_key":-469917,"geonames_id":"304081","match_type":"name+coordinate","match_distance_km":0.453}},{"type":"Feature","geometry":{"type":"Point","coordinates":[43.0499267578125,39.718807172090635]},"properties":{"wikidata":"Q199575","display_name":"阿勒","display_name_en":"Ağrı","kind_detail":"city","population":120390,"sort_key":-469916,"geonames_id":"309647","match_type":"name+coordinate","match_distance_km":0.954}},{"type":"Feature","geometry":{"type":"Point","coordinates":[-3.788909912109375,37.77288579232439]},"properties":{"wikidata":"Q15681","display_name":"哈恩","display_name_en":"Jaén","kind_detail":"city","population":107161,"sort_key":-469916,"match_type":"machine-transliterated"}},{"type":"Feature","geometry":{"type":"Point","coordinates":[8.784942626953125,34.42277053587108]},"properties":{"wikidata":"Q466006","display_name":"加夫薩","display_name_en":"Gafsa","kind_detail":"city","population":111170,"sort_key":-469916,"geonames_id":"2468353","match_type":"name+coordinate","match_distance_km":0.258}},{"type":"Feature","geometry":{"type":"Point","coordinates":[-8.068084716796875,12.739479495567892]},"properties":{"wikidata":"Q771251","display_name":"卡蒂","display_name_en":"Kati","kind_detail":"city","population":114983,"sort_key":-469916,"geonames_id":"2455558","match_type":"name+coordinate","match_distance_km":0.707}},{"type":"Feature","geometry":{"type":"Point","coordinates":[-43.891754150390625,-4.4559505716470795]},"properties":{"wikidata":"Q2013225","display_name":"科多","display_name_en":"Codó","kind_detail":"city","population":114275,"sort_key":-469916,"match_type":"machine-transliterated"}},{"type":"Feature","geometry":{"type":"Point","coordinates":[40.52032470703125,41.02446333535116]},"properties":{"wikidata":"Q201101","display_name":"里澤","display_name_en":"Rize","kind_detail":"city","population":119828,"sort_key":-469916,"geonames_id":"740483","match_type":"name+coordinate","match_distance_km":0.426}},{"type":"Feature","geometry":{"type":"Point","coordinates":[-1.0821533203125,53.95931761174563]},"properties":{"wikidata":"Q42462","display_name":"約克","display_name_en":"York","kind_detail":"city","population":137000,"sort_key":-469916,"geonames_id":"2633352","match_type":"name+coordinate","match_distance_km":0.191}},{"type":"Feature","geometry":{"type":"Point","coordinates":[-46.940460205078125,-19.60119416126315]},"properties":{"wikidata":"Q586057","display_name":"阿拉沙","display_name_en":"Araxá","kind_detail":"city","population":111691,"sort_key":-469915,"geonames_id":"3471691","match_type":"name+coordinate","match_distance_km":0.875}},{"type":"Feature","geometry":{"type":"Point","coordinates":[10.191192626953125,11.672410514863515]},"properties":{"wikidata":"Q793588","display_name":"阿扎雷","display_name_en":"Azare","kind_detail":"town","population":110452,"sort_key":-469915,"match_type":"machine-transliterated"}},{"type":"Feature","geometry":{"type":"Point","coordinates":[-88.2806396484375,42.03705430188381]},"properties":{"wikidata":"Q499887","display_name":"埃尔金","display_name_en":"Elgin","kind_detail":"city","population":114797,"sort_key":-469915,"geonames_id":"4890864","match_type":"name+coordinate","match_distance_km":0.05}},{"type":"Feature","geometry":{"type":"Point","coordinates":[-4.37255859375,5.323440001568102]},"properties":{"wikidata":"Q1588249","display_name":"达布","display_name_en":"Dabou","kind_detail":"city","population":138083,"sort_key":-469915,"match_type":"machine-transliterated"}},{"type":"Feature","geometry":{"type":"Point","coordinates":[-10.971221923828125,8.642122606444815]},"properties":{"wikidata":"Q1002580","display_name":"考度","display_name_en":"Koidu","kind_detail":"city","population":124662,"sort_key":-469915,"geonames_id":"2407656","match_type":"name+coordinate","match_distance_km":0.195}},{"type":"Feature","geometry":{"type":"Point","coordinates":[26.978302001953125,-16.813743380771157]},"properties":{"wikidata":"Q1076003","display_name":"乔马","display_name_en":"Choma","kind_detail":"town","population":122480,"sort_key":-469915,"match_type":"machine-transliterated"}},{"type":"Feature","geometry":{"type":"Point","coordinates":[51.865081787109375,32.01156943544821]},"properties":{"wikidata":"Q765571","display_name":"沙赫雷扎","display_name_en":"Shahreza","kind_detail":"town","population":134952,"sort_key":-469915,"match_type":"machine-transliterated"}},{"type":"Feature","geometry":{"type":"Point","coordinates":[-47.849578857421875,-23.348560151487092]},"properties":{"wikidata":"Q1795613","display_name":"塔图伊","display_name_en":"Tatuí","kind_detail":"city","population":123942,"sort_key":-469915,"geonames_id":"3446692","match_type":"name+coordinate","match_distance_km":1.082}},{"type":"Feature","geometry":{"type":"Point","coordinates":[-76.728515625,8.09594061366424]},"properties":{"wikidata":"Q727559","display_name":"涡轮","display_name_en":"Turbo","kind_detail":"city","population":126025,"sort_key":-469915,"match_type":"machine-transliterated"}},{"type":"Feature","geometry":{"type":"Point","coordinates":[-72.39303588867188,5.335746188274385]},"properties":{"wikidata":"Q13591","display_name":"約帕爾","display_name_en":"Yopal","kind_detail":"city","population":133220,"sort_key":-469915,"geonames_id":"3665688","match_type":"name+coordinate","match_distance_km":0.096}},{"type":"Feature","geometry":{"type":"Point","coordinates":[19.40460205078125,54.156001090284946]},"properties":{"wikidata":"Q104712","display_name":"埃爾布隆格","display_name_en":"Elbląg","kind_detail":"city","population":115220,"sort_key":-469914,"geonames_id":"3099759","match_type":"name+coordinate","match_distance_km":0.505}},{"type":"Feature","geometry":{"type":"Point","coordinates":[-86.35665893554688,13.092854552762688]},"properties":{"wikidata":"Q1007634","display_name":"埃斯特利","display_name_en":"Estelí","kind_detail":"city","population":108138,"sort_key":-469914,"geonames_id":"3619194","match_type":"name+coordinate","match_distance_km":0.084}},{"type":"Feature","geometry":{"type":"Point","coordinates":[50.24322509765625,30.594183452544698]},"properties":{"wikidata":"Q643207","display_name":"贝巴汉","display_name_en":"Behbahan","kind_detail":"town","population":122604,"sort_key":-469914,"match_type":"machine-transliterated"}},{"type":"Feature","geometry":{"type":"Point","coordinates":[-97.13287353515625,33.21456332952903]},"properties":{"wikidata":"Q128306","display_name":"登頓","display_name_en":"Denton","kind_detail":"city","population":109561,"sort_key":-469914,"geonames_id":"4685907","match_type":"name+coordinate","match_distance_km":0.036}},{"type":"Feature","geometry":{"type":"Point","coordinates":[-76.65298461914062,5.691149416443778]},"properties":{"wikidata":"Q816420","display_name":"基布多","display_name_en":"Quibdó","kind_detail":"city","population":116087,"sort_key":-469914,"geonames_id":"3671116","match_type":"name+coordinate","match_distance_km":0.599}},{"type":"Feature","geometry":{"type":"Point","coordinates":[39.85015869140625,-3.6326650994760996]},"properties":{"wikidata":"Q1009199","display_name":"基利菲","display_name_en":"Kilifi","kind_detail":"town","population":122899,"sort_key":-469914,"geonames_id":"192067","match_type":"name+coordinate","match_distance_km":0.248}},{"type":"Feature","geometry":{"type":"Point","coordinates":[34.99969482421875,1.017555147774388]},"properties":{"wikidata":"Q523000","display_name":"基塔萊","display_name_en":"Kitale","kind_detail":"town","population":107806,"sort_key":-469914,"geonames_id":"191220","match_type":"name+coordinate","match_distance_km":0.754}},{"type":"Feature","geometry":{"type":"Point","coordinates":[-49.497528076171875,-2.2433840889054864]},"properties":{"wikidata":"Q1805206","display_name":"卡梅塔","display_name_en":"Cametá","kind_detail":"city","population":134184,"sort_key":-469914,"match_type":"machine-transliterated"}},{"type":"Feature","geometry":{"type":"Point","coordinates":[20.740814208984375,-8.419394773978468]},"properties":{"wikidata":"Q620866","display_name":"卢卡帕","display_name_en":"Lucapa","kind_detail":"city","population":125000,"sort_key":-469914,"match_type":"machine-transliterated"}},{"type":"Feature","geometry":{"type":"Point","coordinates":[-75.81390380859375,9.239026242090063]},"properties":{"wikidata":"Q775761","display_name":"洛里卡","display_name_en":"Lorica","kind_detail":"town","population":113909,"sort_key":-469914,"match_type":"machine-transliterated"}},{"type":"Feature","geometry":{"type":"Point","coordinates":[76.89605712890625,12.523731220862132]},"properties":{"wikidata":"Q1006277","display_name":"曼迪亚","display_name_en":"Mandya","kind_detail":"city","population":137400,"sort_key":-469914,"geonames_id":"1263814","match_type":"name+coordinate","match_distance_km":0.22}},{"type":"Feature","geometry":{"type":"Point","coordinates":[-46.616363525390625,-20.71629964969395]},"properties":{"wikidata":"Q985579","display_name":"帕苏斯","display_name_en":"Passos","kind_detail":"city","population":111939,"sort_key":-469914,"geonames_id":"3454847","match_type":"name+coordinate","match_distance_km":0.749}},{"type":"Feature","geometry":{"type":"Point","coordinates":[24.61761474609375,43.40903821777056]},"properties":{"wikidata":"Q165420","display_name":"普列文","display_name_en":"Pleven","kind_detail":"city","population":111567,"sort_key":-469914,"geonames_id":"728203","match_type":"name+coordinate","match_distance_km":0.99}},{"type":"Feature","geometry":{"type":"Point","coordinates":[-77.61016845703125,-11.108337084308147]},"properties":{"wikidata":"Q1002052","display_name":"瓦喬","display_name_en":"Huacho","kind_detail":"city","population":132122,"sort_key":-469914,"geonames_id":"3940002","match_type":"name+coordinate","match_distance_km":1.091}},{"type":"Feature","geometry":{"type":"Point","coordinates":[-72.5372314453125,18.23587305703856]},"properties":{"wikidata":"Q923362","display_name":"雅克梅勒","display_name_en":"Jacmel","kind_detail":"city","population":107578,"sort_key":-469914,"geonames_id":"3723779","match_type":"name+coordinate","match_distance_km":0.044}},{"type":"Feature","geometry":{"type":"Point","coordinates":[-99.53750610351562,18.346704792867186]},"properties":{"wikidata":"Q607167","display_name":"伊瓜拉自治市","display_name_en":"Iguala","kind_detail":"city","population":132854,"sort_key":-469914,"geonames_id":"3526798","match_type":"name+coordinate","match_distance_km":0.427}},{"type":"Feature","geometry":{"type":"Point","coordinates":[-78.11965942382812,0.3515602939922644]},"properties":{"wikidata":"Q946384","display_name":"伊瓦拉","display_name_en":"Ibarra","kind_detail":"city","population":108666,"sort_key":-469914,"match_type":"machine-transliterated"}},{"type":"Feature","geometry":{"type":"Point","coordinates":[-6.969451904296875,38.87820499706149]},"properties":{"wikidata":"Q15679","display_name":"巴达霍斯","display_name_en":"Badajoz","kind_detail":"city","population":124459,"sort_key":-469913,"match_type":"machine-transliterated"}},{"type":"Feature","geometry":{"type":"Point","coordinates":[14.714813232421875,13.467092893859657]},"properties":{"wikidata":"Q891241","display_name":"波尔","display_name_en":"Bol","kind_detail":"city","population":112490,"sort_key":-469913,"match_type":"machine-transliterated"}},{"type":"Feature","geometry":{"type":"Point","coordinates":[96.43386840820312,18.940062328191402]},"properties":{"wikidata":"Q1193412","display_name":"东吁","display_name_en":"Taungoo","kind_detail":"town","population":106945,"sort_key":-469913,"match_type":"machine-transliterated"}},{"type":"Feature","geometry":{"type":"Point","coordinates":[12.679595947265625,-4.199877651526748]},"properties":{"wikidata":"Q246554","display_name":"多利西","display_name_en":"Dolisie","kind_detail":"city","population":117920,"sort_key":-469913,"geonames_id":"2258261","match_type":"name+coordinate","match_distance_km":1.447}},{"type":"Feature","geometry":{"type":"Point","coordinates":[-47.330474853515625,-15.548960445891225]},"properties":{"wikidata":"Q1003392","display_name":"福莫薩","display_name_en":"Formosa","kind_detail":"city","population":115901,"sort_key":-469913,"geonames_id":"3463140","match_type":"name+coordinate","match_distance_km":1.373}},{"type":"Feature","geometry":{"type":"Point","coordinates":[-76.343994140625,37.0266767305112]},"properties":{"wikidata":"Q342043","display_name":"漢普頓","display_name_en":"Hampton","kind_detail":"city","population":137315,"sort_key":-469913,"geonames_id":"4762894","match_type":"name+coordinate","match_distance_km":0.371}},{"type":"Feature","geometry":{"type":"Point","coordinates":[27.236480712890625,-11.759814674441927]},"properties":{"wikidata":"Q1081284","display_name":"基普希","display_name_en":"Kipushi","kind_detail":"city","population":132861,"sort_key":-469913,"geonames_id":"922806","match_type":"name+coordinate","match_distance_km":1.624}},{"type":"Feature","geometry":{"type":"Point","coordinates":[-47.9443359375,-18.17064487711704]},"properties":{"wikidata":"Q35135","display_name":"加泰罗尼亚","display_name_en":"Catalão","kind_detail":"city","population":114427,"sort_key":-469913,"match_type":"machine-transliterated"}},{"type":"Feature","geometry":{"type":"Point","coordinates":[11.35986328125,8.894569222392462]},"properties":{"wikidata":"Q1023720","display_name":"贾林戈","display_name_en":"Jalingo","kind_detail":"city","population":118000,"sort_key":-469913,"match_type":"machine-transliterated"}},{"type":"Feature","geometry":{"type":"Point","coordinates":[125.101318359375,8.822653022233055]},"properties":{"wikidata":"Q1525029","display_name":"金古","display_name_en":"Gingoog","kind_detail":"city","population":136698,"sort_key":-469913,"match_type":"machine-transliterated"}},{"type":"Feature","geometry":{"type":"Point","coordinates":[-83.92044067382812,9.864687131513534]},"properties":{"wikidata":"Q30617","display_name":"卡塔戈","display_name_en":"Cartago","kind_detail":"city","population":110000,"sort_key":-469913,"geonames_id":"3624370","match_type":"name+coordinate","match_distance_km":0.15}},{"type":"Feature","geometry":{"type":"Point","coordinates":[-96.93511962890625,18.894593271963217]},"properties":{"wikidata":"Q989492","display_name":"科爾多瓦","display_name_en":"Córdoba","kind_detail":"city","population":139075,"sort_key":-469913,"geonames_id":"3530240","match_type":"name+coordinate","match_distance_km":1.53}},{"type":"Feature","geometry":{"type":"Point","coordinates":[1.71661376953125,6.645511036096465]},"properties":{"wikidata":"Q219058","display_name":"洛科萨","display_name_en":"Lokossa","kind_detail":"city","population":110000,"sort_key":-469913,"match_type":"machine-transliterated"}},{"type":"Feature","geometry":{"type":"Point","coordinates":[5.955963134765625,14.071312874397549]},"properties":{"wikidata":"Q1883198","display_name":"马达瓦","display_name_en":"Madaoua","kind_detail":"city","population":114603,"sort_key":-469913,"match_type":"machine-transliterated"}},{"type":"Feature","geometry":{"type":"Point","coordinates":[-63.255157470703125,-17.341462525637667]},"properties":{"wikidata":"Q990706","display_name":"蒙特羅","display_name_en":"Montero","kind_detail":"city","population":126093,"sort_key":-469913,"geonames_id":"3910027","match_type":"name+coordinate","match_distance_km":0.541}},{"type":"Feature","geometry":{"type":"Point","coordinates":[30.3387451171875,-2.8456616412253055]},"properties":{"wikidata":"Q2006076","display_name":"穆因加","display_name_en":"Muyinga","kind_detail":"city","population":138227,"sort_key":-469913,"match_type":"machine-transliterated"}},{"type":"Feature","geometry":{"type":"Point","coordinates":[-74.11376953125,18.644943929808775]},"properties":{"wikidata":"Q986301","display_name":"熱雷米","display_name_en":"Jérémie","kind_detail":"city","population":122149,"sort_key":-469913,"geonames_id":"3723593","match_type":"name+coordinate","match_distance_km":0.64}},{"type":"Feature","geometry":{"type":"Point","coordinates":[-49.014129638671875,-28.471105728831816]},"properties":{"wikidata":"Q1815730","display_name":"图巴朗","display_name_en":"Tubarão","kind_detail":"city","population":110088,"sort_key":-469913,"geonames_id":"3445993","match_type":"name+coordinate","match_distance_km":0.859}},{"type":"Feature","geometry":{"type":"Point","coordinates":[-74.2510986328125,11.011296541429488]},"properties":{"wikidata":"Q1092797","display_name":"谢纳加","display_name_en":"Ciénaga","kind_detail":"city","population":118604,"sort_key":-469913,"match_type":"machine-transliterated"}},{"type":"Feature","geometry":{"type":"Point","coordinates":[1.152191162109375,52.05755713235365]},"properties":{"wikidata":"Q184775","display_name":"伊普斯威奇","display_name_en":"Ipswich","kind_detail":"town","population":120000,"sort_key":-469913,"geonames_id":"2646057","match_type":"name+coordinate","match_distance_km":0.286}},{"type":"Feature","geometry":{"type":"Point","coordinates":[-52.20977783203125,-3.203590700904954]},"properties":{"wikidata":"Q434285","display_name":"阿爾塔米拉","display_name_en":"Altamira","kind_detail":"city","population":126279,"sort_key":-469912,"geonames_id":"3407882","match_type":"name+coordinate","match_distance_km":0.377}},{"type":"Feature","geometry":{"type":"Point","coordinates":[-48.569183349609375,-20.553080670625107]},"properties":{"wikidata":"Q1637488","display_name":"巴雷图斯","display_name_en":"Barretos","kind_detail":"city","population":122485,"sort_key":-469912,"geonames_id":"3470451","match_type":"name+coordinate","match_distance_km":0.483}},{"type":"Feature","geometry":{"type":"Point","coordinates":[-94.097900390625,30.083354648756156]},"properties":{"wikidata":"Q128282","display_name":"博蒙特","display_name_en":"Beaumont","kind_detail":"city","population":115282,"sort_key":-469912,"geonames_id":"4672989","match_type":"name+coordinate","match_distance_km":0.484}},{"type":"Feature","geometry":{"type":"Point","coordinates":[-74.80316162109375,4.303960496615204]},"properties":{"wikidata":"Q186193","display_name":"吉拉尔多特","display_name_en":"Girardot","kind_detail":"city","population":112425,"sort_key":-469912,"match_type":"machine-transliterated"}},{"type":"Feature","geometry":{"type":"Point","coordinates":[37.265625,-1.521427617964136]},"properties":{"wikidata":"Q693093","display_name":"马查科斯","display_name_en":"Machakos","kind_detail":"town","population":114109,"sort_key":-469912,"geonames_id":"188492","match_type":"name+coordinate","match_distance_km":0.11}},{"type":"Feature","geometry":{"type":"Point","coordinates":[30.977325439453125,-25.47303326127951]},"properties":{"wikidata":"Q170313","display_name":"内尔斯普雷特","display_name_en":"Mbombela (Nelspruit)","kind_detail":"city","population":110159,"sort_key":-469912,"geonames_id":"971534","match_type":"name+coordinate","match_distance_km":0.834}},{"type":"Feature","geometry":{"type":"Point","coordinates":[-73.53836059570312,41.05346637675038]},"properties":{"wikidata":"Q49169","display_name":"斯坦福","display_name_en":"Stamford","kind_detail":"city","population":129000,"sort_key":-469912,"geonames_id":"4843564","match_type":"name+coordinate","match_distance_km":0.031}},{"type":"Feature","geometry":{"type":"Point","coordinates":[-72.92861938476562,5.71437981923529]},"properties":{"wikidata":"Q989996","display_name":"索加莫索","display_name_en":"Sogamoso","kind_detail":"city","population":137000,"sort_key":-469912,"geonames_id":"3667873","match_type":"name+coordinate","match_distance_km":0.585}},{"type":"Feature","geometry":{"type":"Point","coordinates":[102.78671264648438,17.40830462902467]},"properties":{"wikidata":"Q816331","display_name":"乌隆他尼","display_name_en":"Udon Thani","kind_detail":"city","population":130531,"sort_key":-469912,"geonames_id":"1605239","match_type":"name+coordinate","match_distance_km":0.824}},{"type":"Feature","geometry":{"type":"Point","coordinates":[-46.789398193359375,-24.18308916650004]},"properties":{"wikidata":"Q983491","display_name":"伊塔尼亚恩","display_name_en":"Itanhaem","kind_detail":"city","population":112476,"sort_key":-469912,"geonames_id":"3460791","match_type":"name+coordinate","match_distance_km":0.052}},{"type":"Feature","geometry":{"type":"Point","coordinates":[-4.2132568359375,5.9302403312193235]},"properties":{"wikidata":"Q2080938","display_name":"阿博維爾","display_name_en":"Agboville","kind_detail":"city","population":135082,"sort_key":-469911,"geonames_id":"2293268","match_type":"name+coordinate","match_distance_km":0.248}},{"type":"Feature","geometry":{"type":"Point","coordinates":[-51.42974853515625,-23.41536748402241]},"properties":{"wikidata":"Q1650073","display_name":"阿拉蓬加斯","display_name_en":"Arapongas","kind_detail":"city","population":119138,"sort_key":-469911,"geonames_id":"3471798","match_type":"name+coordinate","match_distance_km":0.706}},{"type":"Feature","geometry":{"type":"Point","coordinates":[-43.773651123046875,-21.22538166372226]},"properties":{"wikidata":"Q807311","display_name":"巴巴塞纳","display_name_en":"Barbacena","kind_detail":"city","population":125317,"sort_key":-469911,"match_type":"machine-transliterated"}},{"type":"Feature","geometry":{"type":"Point","coordinates":[23.572540283203125,47.656137982226795]},"properties":{"wikidata":"Q185280","display_name":"巴亚马雷","display_name_en":"Baia Mare","kind_detail":"city","population":123738,"sort_key":-469911,"match_type":"machine-transliterated"}},{"type":"Feature","geometry":{"type":"Point","coordinates":[-48.9715576171875,-21.13318341683521]},"properties":{"wikidata":"Q983683","display_name":"卡坦杜瓦","display_name_en":"Catanduva","kind_detail":"city","population":115791,"sort_key":-469911,"match_type":"machine-transliterated"}},{"type":"Feature","geometry":{"type":"Point","coordinates":[-0.26092529296875,6.100956373325033]},"properties":{"wikidata":"Q406358","display_name":"科福里杜亞","display_name_en":"Koforidua","kind_detail":"city","population":130000,"sort_key":-469911,"geonames_id":"2299522","match_type":"name+coordinate","match_distance_km":0.79}},{"type":"Feature","geometry":{"type":"Point","coordinates":[-92.46368408203125,44.02343405525542]},"properties":{"wikidata":"Q486479","display_name":"羅徹斯特","display_name_en":"Rochester","kind_detail":"city","population":119756,"sort_key":-469911,"geonames_id":"5043473","match_type":"name+coordinate","match_distance_km":0.536}},{"type":"Feature","geometry":{"type":"Point","coordinates":[-68.9666748046875,18.422290394255953]},"properties":{"wikidata":"Q40508","display_name":"羅馬納","display_name_en":"La Romana","kind_detail":"city","population":139238,"sort_key":-469911,"geonames_id":"3500957","match_type":"name+coordinate","match_distance_km":0.12}},{"type":"Feature","geometry":{"type":"Point","coordinates":[-72.92449951171875,41.30772920834801]},"properties":{"wikidata":"Q49145","display_name":"纽黑文","display_name_en":"New Haven","kind_detail":"city","population":124001,"sort_key":-469911,"geonames_id":"4839366","match_type":"name+coordinate","match_distance_km":0.309}},{"type":"Feature","geometry":{"type":"Point","coordinates":[-102.57247924804688,22.774915291708027]},"properties":{"wikidata":"Q139242","display_name":"萨卡特卡斯","display_name_en":"Zacatecas City","kind_detail":"city","population":138444,"sort_key":-469911,"geonames_id":"3979844","match_type":"name+coordinate","match_distance_km":1.166}},{"type":"Feature","geometry":{"type":"Point","coordinates":[-89.72808837890625,13.720708401412068]},"properties":{"wikidata":"Q1014248","display_name":"松索納特","display_name_en":"Sonsonate","kind_detail":"city","population":110501,"sort_key":-469911,"geonames_id":"3583102","match_type":"name+coordinate","match_distance_km":0.667}},{"type":"Feature","geometry":{"type":"Point","coordinates":[-73.04397583007812,41.55381099217959]},"properties":{"wikidata":"Q49178","display_name":"沃特伯里","display_name_en":"Waterbury","kind_detail":"city","population":110366,"sort_key":-469911,"geonames_id":"4845193","match_type":"name+coordinate","match_distance_km":0.79}},{"type":"Feature","geometry":{"type":"Point","coordinates":[33.427276611328125,-3.6559638379377617]},"properties":{"wikidata":"Q818765","display_name":"欣延加","display_name_en":"Shinyanga","kind_detail":"city","population":139727,"sort_key":-469911,"geonames_id":"150006","match_type":"name+coordinate","match_distance_km":1.115}},{"type":"Feature","geometry":{"type":"Point","coordinates":[-43.846435546875,-19.984964566023535]},"properties":{"wikidata":"Q1642662","display_name":"新利马","display_name_en":"Nova Lima","kind_detail":"city","population":111697,"sort_key":-469911,"match_type":"machine-transliterated"}},{"type":"Feature","geometry":{"type":"Point","coordinates":[-39.565887451171875,-3.481894187561082]},"properties":{"wikidata":"Q1797985","display_name":"伊塔皮波卡","display_name_en":"Itapipoca","kind_detail":"city","population":131123,"sort_key":-469911,"match_type":"machine-transliterated"}},{"type":"Feature","geometry":{"type":"Point","coordinates":[-49.217376708984375,-18.413169753365068]},"properties":{"wikidata":"Q193350","display_name":"伊通比亚拉","display_name_en":"Itumbiara","kind_detail":"city","population":107970,"sort_key":-469911,"geonames_id":"3460522","match_type":"name+coordinate","match_distance_km":0.703}},{"type":"Feature","geometry":{"type":"Point","coordinates":[1.38153076171875,10.305461468297196]},"properties":{"wikidata":"Q994125","display_name":"纳蒂廷古","display_name_en":"Natitingou","kind_detail":"city","population":110000,"sort_key":-469910,"match_type":"machine-transliterated"}},{"type":"Feature","geometry":{"type":"Point","coordinates":[123.41903686523438,10.486461530774505]},"properties":{"wikidata":"Q1025390","display_name":"圣卡洛斯","display_name_en":"San Carlos","kind_detail":"city","population":133175,"sort_key":-469910,"match_type":"machine-transliterated"}},{"type":"Feature","geometry":{"type":"Point","coordinates":[-39.854278564453125,-18.71519514033571]},"properties":{"wikidata":"Q1763574","display_name":"圣马特乌斯","display_name_en":"São Mateus","kind_detail":"city","population":123752,"sort_key":-469910,"match_type":"machine-transliterated"}},{"type":"Feature","geometry":{"type":"Point","coordinates":[-57.086334228515625,-29.75603219748296]},"properties":{"wikidata":"Q622823","display_name":"乌鲁瓜亚纳","display_name_en":"Uruguaiana","kind_detail":"city","population":117210,"sort_key":-469910,"geonames_id":"3445679","match_type":"name+coordinate","match_distance_km":0.242}},{"type":"Feature","geometry":{"type":"Point","coordinates":[174.90509033203125,-41.21275460194712]},"properties":{"wikidata":"Q1015681","display_name":"下哈特","display_name_en":"Lower Hutt","kind_detail":"city","population":111800,"sort_key":-469910,"geonames_id":"2188164","match_type":"name+coordinate","match_distance_km":1.062}},{"type":"Feature","geometry":{"type":"Point","coordinates":[11.424407958984375,48.76343113791796]},"properties":{"wikidata":"Q3004","display_name":"因戈尔施塔特","display_name_en":"Ingolstadt","kind_detail":"city","population":127886,"sort_key":-469910,"match_type":"machine-transliterated"}},{"type":"Feature","geometry":{"type":"Point","coordinates":[77.55386352539062,9.444997828512896]},"properties":{"wikidata":"Q2237707","display_name":"拉贾帕拉耶姆","display_name_en":"Rajapalayam","kind_detail":"town","population":130400,"sort_key":-469909,"match_type":"machine-transliterated"}},{"type":"Feature","geometry":{"type":"Point","coordinates":[-120.43624877929688,34.95349314197422]},"properties":{"wikidata":"Q643953","display_name":"圣玛丽亚","display_name_en":"Santa Maria","kind_detail":"city","population":107408,"sort_key":-469909,"geonames_id":"5393180","match_type":"name+coordinate","match_distance_km":0.071}},{"type":"Feature","geometry":{"type":"Point","coordinates":[-117.29141235351562,34.53597500508991]},"properties":{"wikidata":"Q495353","display_name":"维克多维尔","display_name_en":"Victorville","kind_detail":"city","population":122225,"sort_key":-469909,"geonames_id":"5406222","match_type":"name+coordinate","match_distance_km":0.028}},{"type":"Feature","geometry":{"type":"Point","coordinates":[-38.217315673828125,-9.400290685848105]},"properties":{"wikidata":"Q956008","display_name":"保罗·阿方索城","display_name_en":"Paulo Afonso","kind_detail":"city","population":112870,"sort_key":-469908,"geonames_id":"3392734","match_type":"name+coordinate","match_distance_km":0.707}},{"type":"Feature","geometry":{"type":"Point","coordinates":[4.200897216796875,12.45669176027819]},"properties":{"wikidata":"Q865828","display_name":"伯宁凯比","display_name_en":"Birnin Kebbi","kind_detail":"town","population":125594,"sort_key":-469908,"match_type":"machine-transliterated"}},{"type":"Feature","geometry":{"type":"Point","coordinates":[-67.57553100585938,-39.02665200282546]},"properties":{"wikidata":"Q52506","display_name":"羅卡將軍市","display_name_en":"General Roca","kind_detail":"city","population":108680,"sort_key":-469908,"geonames_id":"3855065","match_type":"name+coordinate","match_distance_km":1.003}},{"type":"Feature","geometry":{"type":"Point","coordinates":[95.46157836914062,17.6453307118703]},"properties":{"wikidata":"Q1185131","display_name":"興實達","display_name_en":"Hinthada","kind_detail":"city","population":134947,"sort_key":-469908,"geonames_id":"1325211","match_type":"name+coordinate","match_distance_km":0.663}},{"type":"Feature","geometry":{"type":"Point","coordinates":[-99.01016235351562,21.991441843595666]},"properties":{"wikidata":"Q1002537","display_name":"巴列斯","display_name_en":"Ciudad Valles","kind_detail":"city","population":136351,"sort_key":-469907,"match_type":"machine-transliterated"}},{"type":"Feature","geometry":{"type":"Point","coordinates":[-103.4637451171875,19.700778906132967]},"properties":{"wikidata":"Q1094355","display_name":"古斯曼城","display_name_en":"Ciudad Guzmán","kind_detail":"city","population":111975,"sort_key":-469907,"geonames_id":"4013714","match_type":"name+coordinate","match_distance_km":0.373}},{"type":"Feature","geometry":{"type":"Point","coordinates":[-45.190887451171875,-22.805301169011756]},"properties":{"wikidata":"Q905157","display_name":"瓜拉廷格塔","display_name_en":"Guaratinguetá","kind_detail":"city","population":118044,"sort_key":-469907,"match_type":"machine-transliterated"}},{"type":"Feature","geometry":{"type":"Point","coordinates":[-65.4620361328125,-33.674068533741966]},"properties":{"wikidata":"Q1756745","display_name":"梅塞德斯鎮","display_name_en":"Villa Mercedes","kind_detail":"city","population":111391,"sort_key":-469906,"geonames_id":"7116866","match_type":"name+coordinate","match_distance_km":0.43}},{"type":"Feature","geometry":{"type":"Point","coordinates":[102.9693603515625,13.588595242295824]},"properties":{"wikidata":"Q855717","display_name":"塞雷绍普安","display_name_en":"Serei Saophoan","kind_detail":"city","population":132264,"sort_key":-469906,"match_type":"machine-transliterated"}},{"type":"Feature","geometry":{"type":"Point","coordinates":[-51.5203857421875,-29.16535312124266]},"properties":{"wikidata":"Q548652","display_name":"本托贡萨尔维斯","display_name_en":"Bento Gonçalves","kind_detail":"city","population":123151,"sort_key":-469905,"match_type":"machine-transliterated"}},{"type":"Feature","geometry":{"type":"Point","coordinates":[-101.93527221679688,21.357176213952016]},"properties":{"wikidata":"Q1962295","display_name":"拉各斯德莫雷诺","display_name_en":"Lagos de Moreno","kind_detail":"city","population":111569,"sort_key":-469905,"match_type":"machine-transliterated"}},{"type":"Feature","geometry":{"type":"Point","coordinates":[39.13330078125,7.950436835029379]},"properties":{"wikidata":"Q740236","display_name":"阿塞拉","display_name_en":"Asella","kind_detail":"city","population":110088,"sort_key":-469903,"match_type":"machine-transliterated"}},{"type":"Feature","geometry":{"type":"Point","coordinates":[-52.428131103515625,-29.714295887474783]},"properties":{"wikidata":"Q781510","display_name":"南圣克鲁斯","display_name_en":"Santa Cruz do Sul","kind_detail":"city","population":133246,"sort_key":-469903,"geonames_id":"3450269","match_type":"name+coordinate","match_distance_km":0.42}},{"type":"Feature","geometry":{"type":"Point","coordinates":[-7.620391845703125,33.00290517837733]},"properties":{"wikidata":"Q818019","display_name":"塞塔特","display_name_en":"Settat","kind_detail":"city","population":116570,"sort_key":-469903,"geonames_id":"2537406","match_type":"name+coordinate","match_distance_km":0.409}},{"type":"Feature","geometry":{"type":"Point","coordinates":[0.149688720703125,34.83071390101432]},"properties":{"wikidata":"Q401452","display_name":"塞伊达","display_name_en":"Saida","kind_detail":"city","population":128413,"sort_key":-469903,"geonames_id":"2482572","match_type":"name+coordinate","match_distance_km":0.189}},{"type":"Feature","geometry":{"type":"Point","coordinates":[-105.66787719726562,26.92819204119361]},"properties":{"wikidata":"Q771214","display_name":"帕拉爾","display_name_en":"Hidalgo del Parral","kind_detail":"city","population":113843,"sort_key":-469902,"geonames_id":"4004867","match_type":"name+coordinate","match_distance_km":0.251}},{"type":"Feature","geometry":{"type":"Point","coordinates":[-43.7860107421875,-20.659771170869334]},"properties":{"wikidata":"Q570312","display_name":"拉法耶蒂顾问城","display_name_en":"Conselheiro Lafaiete","kind_detail":"city","population":131621,"sort_key":-469900,"geonames_id":"3465644","match_type":"name+coordinate","match_distance_km":0.058}},{"type":"Feature","geometry":{"type":"Point","coordinates":[-55.737762451171875,-22.54934262365113]},"properties":{"wikidata":"Q849292","display_name":"佩德罗胡安卡瓦列罗","display_name_en":"Pedro Juan Caballero","kind_detail":"city","population":120576,"sort_key":-469900,"geonames_id":"3437547","match_type":"name+coordinate","match_distance_km":0.097}},{"type":"Feature","geometry":{"type":"Point","coordinates":[-71.10076904296875,18.209784715739474]},"properties":{"wikidata":"Q958586","display_name":"圣克鲁斯巴拉奥纳","display_name_en":"Santa Cruz de Barahona","kind_detail":"city","population":138159,"sort_key":-469898,"match_type":"machine-transliterated"}},{"type":"Feature","geometry":{"type":"Point","coordinates":[-60.216064453125,-33.32823340910777]},"properties":{"wikidata":"Q377965","display_name":"圣尼古拉斯","display_name_en":"San Nicolás de los Arroyos","kind_detail":"city","population":133602,"sort_key":-469894,"geonames_id":"3836846","match_type":"name+coordinate","match_distance_km":0.829}},{"type":"Feature","geometry":{"type":"Point","coordinates":[0.468292236328125,6.612772410085242]},"properties":{"wikidata":"Q615006","display_name":"何","display_name_en":"Ho","kind_detail":"city","population":83715,"sort_key":-469886,"match_type":"machine-transliterated"}},{"type":"Feature","geometry":{"type":"Point","coordinates":[-2.5048828125,10.062163647896995]},"properties":{"wikidata":"Q250733","display_name":"佤邦","display_name_en":"Wa","kind_detail":"city","population":105000,"sort_key":-469886,"match_type":"machine-transliterated"}},{"type":"Feature","geometry":{"type":"Point","coordinates":[47.066802978515625,38.477244528955595]},"properties":{"wikidata":"Q911727","display_name":"阿哈尔","display_name_en":"Ahar","kind_detail":"town","population":100641,"sort_key":-469885,"geonames_id":"144616","match_type":"name+coordinate","match_distance_km":0.27}},{"type":"Feature","geometry":{"type":"Point","coordinates":[-42.94281005859375,-21.120373561794864]},"properties":{"wikidata":"Q922944","display_name":"乌巴","display_name_en":"Ubá","kind_detail":"city","population":103365,"sort_key":-469885,"geonames_id":"3445859","match_type":"name+coordinate","match_distance_km":0.042}},{"type":"Feature","geometry":{"type":"Point","coordinates":[12.083587646484375,50.87617769471231]},"properties":{"wikidata":"Q3750","display_name":"格拉","display_name_en":"Gera","kind_detail":"town","population":93125,"sort_key":-469884,"geonames_id":"2921232","match_type":"name+coordinate","match_distance_km":0.473}},{"type":"Feature","geometry":{"type":"Point","coordinates":[22.22808837890625,-10.70244231222857]},"properties":{"wikidata":"Q1872804","display_name":"宴会","display_name_en":"Luau","kind_detail":"town","population":90000,"sort_key":-469884,"match_type":"machine-transliterated"}},{"type":"Feature","geometry":{"type":"Point","coordinates":[-53.919525146484375,-28.387775979348923]},"properties":{"wikidata":"Q194374","display_name":"伊茹伊","display_name_en":"Ijuí","kind_detail":"city","population":84780,"sort_key":-469884,"geonames_id":"3461444","match_type":"name+coordinate","match_distance_km":0.47}},{"type":"Feature","geometry":{"type":"Point","coordinates":[-48.926239013671875,-23.104996849988794]},"properties":{"wikidata":"Q782812","display_name":"阿瓦雷","display_name_en":"Avaré","kind_detail":"town","population":92805,"sort_key":-469883,"match_type":"machine-transliterated"}},{"type":"Feature","geometry":{"type":"Point","coordinates":[-50.420379638671875,-22.662175307872076]},"properties":{"wikidata":"Q742227","display_name":"阿西斯","display_name_en":"Assis","kind_detail":"city","population":101409,"sort_key":-469883,"match_type":"machine-transliterated"}},{"type":"Feature","geometry":{"type":"Point","coordinates":[-73.35433959960938,8.235955375848448]},"properties":{"wikidata":"Q2283773","display_name":"奧卡尼亞","display_name_en":"Ocaña","kind_detail":"city","population":90037,"sort_key":-469883,"geonames_id":"3673662","match_type":"name+coordinate","match_distance_km":0.272}},{"type":"Feature","geometry":{"type":"Point","coordinates":[-60.9466552734375,-34.59365010878254]},"properties":{"wikidata":"Q1020277","display_name":"胡寧","display_name_en":"Junín","kind_detail":"city","population":101500,"sort_key":-469883,"geonames_id":"3853354","match_type":"name+coordinate","match_distance_km":0.035}},{"type":"Feature","geometry":{"type":"Point","coordinates":[-51.72088623046875,-17.88596610374492]},"properties":{"wikidata":"Q963195","display_name":"贾泰","display_name_en":"Jataí","kind_detail":"city","population":105729,"sort_key":-469883,"match_type":"machine-transliterated"}},{"type":"Feature","geometry":{"type":"Point","coordinates":[-16.222686767578125,15.61245612714906]},"properties":{"wikidata":"Q280243","display_name":"洛加","display_name_en":"Louga","kind_detail":"city","population":82884,"sort_key":-469883,"match_type":"machine-transliterated"}},{"type":"Feature","geometry":{"type":"Point","coordinates":[-37.276611328125,-7.025934898660893]},"properties":{"wikidata":"Q1966384","display_name":"帕图斯","display_name_en":"Patos","kind_detail":"city","population":103165,"sort_key":-469883,"geonames_id":"3392887","match_type":"name+coordinate","match_distance_km":0.409}},{"type":"Feature","geometry":{"type":"Point","coordinates":[26.92474365234375,43.27020619076862]},"properties":{"wikidata":"Q181830","display_name":"舒门","display_name_en":"Shumen","kind_detail":"city","population":85504,"sort_key":-469883,"match_type":"machine-transliterated"}},{"type":"Feature","geometry":{"type":"Point","coordinates":[22.940826416015625,39.36297059491875]},"properties":{"wikidata":"Q200036","display_name":"沃洛斯","display_name_en":"Volos","kind_detail":"city","population":82439,"sort_key":-469883,"match_type":"machine-transliterated"}},{"type":"Feature","geometry":{"type":"Point","coordinates":[79.02191162109375,26.77749145995061]},"properties":{"wikidata":"Q878237","display_name":"奥赖耶","display_name_en":"Etawah","kind_detail":"town","population":100000,"sort_key":-469882,"geonames_id":"1278152","match_type":"name+coordinate","match_distance_km":59.601}},{"type":"Feature","geometry":{"type":"Point","coordinates":[29.619140625,-3.9450906997920328]},"properties":{"wikidata":"Q992247","display_name":"布鲁里","display_name_en":"Bururi","kind_detail":"city","population":83614,"sort_key":-469882,"geonames_id":"423328","match_type":"name+coordinate","match_distance_km":0.711}},{"type":"Feature","geometry":{"type":"Point","coordinates":[-14.582977294921875,10.66465669161316]},"properties":{"wikidata":"Q1723411","display_name":"卡姆萨尔","display_name_en":"Kamsar","kind_detail":"town","population":88222,"sort_key":-469882,"match_type":"machine-transliterated"}},{"type":"Feature","geometry":{"type":"Point","coordinates":[-95.45608520507812,30.31243115410375]},"properties":{"wikidata":"Q260282","display_name":"康罗","display_name_en":"Conroe","kind_detail":"town","population":89956,"sort_key":-469882,"match_type":"machine-transliterated"}},{"type":"Feature","geometry":{"type":"Point","coordinates":[29.81414794921875,-18.928371466469684]},"properties":{"wikidata":"Q399083","display_name":"奎奎市","display_name_en":"Kwekwe","kind_detail":"city","population":93072,"sort_key":-469882,"geonames_id":"888710","match_type":"name+coordinate","match_distance_km":0.081}},{"type":"Feature","geometry":{"type":"Point","coordinates":[-44.998626708984375,-21.242022437967037]},"properties":{"wikidata":"Q1638425","display_name":"拉夫拉斯","display_name_en":"Lavras","kind_detail":"city","population":104761,"sort_key":-469882,"geonames_id":"3458696","match_type":"name+coordinate","match_distance_km":0.38}},{"type":"Feature","geometry":{"type":"Point","coordinates":[75.03662109375,23.330907311336475]},"properties":{"wikidata":"Q652376","display_name":"拉特兰","display_name_en":"Ratlam","kind_detail":"city","population":100000,"sort_key":-469882,"match_type":"machine-transliterated"}},{"type":"Feature","geometry":{"type":"Point","coordinates":[-98.39492797851562,34.60495426151628]},"properties":{"wikidata":"Q503336","display_name":"劳顿","display_name_en":"Lawton","kind_detail":"city","population":87540,"sort_key":-469882,"geonames_id":"4540737","match_type":"name+coordinate","match_distance_km":0.591}},{"type":"Feature","geometry":{"type":"Point","coordinates":[-55.5413818359375,-30.89986798527889]},"properties":{"wikidata":"Q646498","display_name":"里韦拉","display_name_en":"Rivera","kind_detail":"city","population":84775,"sort_key":-469882,"geonames_id":"3440781","match_type":"name+coordinate","match_distance_km":1.082}},{"type":"Feature","geometry":{"type":"Point","coordinates":[6.74285888671875,7.802160285513338]},"properties":{"wikidata":"Q994085","display_name":"洛科贾","display_name_en":"Lokoja","kind_detail":"town","population":90000,"sort_key":-469882,"match_type":"machine-transliterated"}},{"type":"Feature","geometry":{"type":"Point","coordinates":[31.746368408203125,-0.3392008994314608]},"properties":{"wikidata":"Q956659","display_name":"马萨卡","display_name_en":"Masaka","kind_detail":"city","population":103829,"sort_key":-469882,"match_type":"machine-transliterated"}},{"type":"Feature","geometry":{"type":"Point","coordinates":[38.805084228515625,-10.728079873904903]},"properties":{"wikidata":"Q1003089","display_name":"马萨西","display_name_en":"Masasi","kind_detail":"town","population":89700,"sort_key":-469882,"match_type":"machine-transliterated"}},{"type":"Feature","geometry":{"type":"Point","coordinates":[-42.36328125,-21.131902481133494]},"properties":{"wikidata":"Q1637446","display_name":"穆里亚埃","display_name_en":"Muriaé","kind_detail":"city","population":104108,"sort_key":-469882,"geonames_id":"3456500","match_type":"name+coordinate","match_distance_km":0.355}},{"type":"Feature","geometry":{"type":"Point","coordinates":[21.23931884765625,49.00004203215394]},"properties":{"wikidata":"Q26119","display_name":"普雷绍夫","display_name_en":"Prešov","kind_detail":"city","population":91498,"sort_key":-469882,"match_type":"machine-transliterated"}},{"type":"Feature","geometry":{"type":"Point","coordinates":[-59.0240478515625,-34.095884929552085]},"properties":{"wikidata":"Q246956","display_name":"萨拉特","display_name_en":"Zárate","kind_detail":"city","population":98522,"sort_key":-469882,"geonames_id":"3427213","match_type":"name+coordinate","match_distance_km":0.018}},{"type":"Feature","geometry":{"type":"Point","coordinates":[75.77133178710938,23.18833789991561]},"properties":{"wikidata":"Q200119","display_name":"乌贾因","display_name_en":"Ujjain","kind_detail":"city","population":100000,"sort_key":-469882,"geonames_id":"1253914","match_type":"name+coordinate","match_distance_km":0.842}},{"type":"Feature","geometry":{"type":"Point","coordinates":[-39.296722412109375,-6.361705003612812]},"properties":{"wikidata":"Q931326","display_name":"伊瓜图","display_name_en":"Iguatu","kind_detail":"city","population":98064,"sort_key":-469882,"match_type":"machine-transliterated"}},{"type":"Feature","geometry":{"type":"Point","coordinates":[-3.206634521484375,5.466996706994792]},"properties":{"wikidata":"Q521322","display_name":"阿博伊索","display_name_en":"Aboisso","kind_detail":"town","population":100903,"sort_key":-469881,"geonames_id":"2293507","match_type":"name+coordinate","match_distance_km":0.103}},{"type":"Feature","geometry":{"type":"Point","coordinates":[-98.4375,18.908884879146953]},"properties":{"wikidata":"Q757401","display_name":"阿特利斯科","display_name_en":"Atlixco","kind_detail":"town","population":86690,"sort_key":-469881,"geonames_id":"3532592","match_type":"name+coordinate","match_distance_km":0.166}},{"type":"Feature","geometry":{"type":"Point","coordinates":[-52.274322509765625,-27.63487379134252]},"properties":{"wikidata":"Q642088","display_name":"埃雷欣","display_name_en":"Erechim","kind_detail":"city","population":105705,"sort_key":-469881,"geonames_id":"3464073","match_type":"name+coordinate","match_distance_km":0.11}},{"type":"Feature","geometry":{"type":"Point","coordinates":[-7.56134033203125,9.504598321425846]},"properties":{"wikidata":"Q506811","display_name":"奧迭內","display_name_en":"Odienné","kind_detail":"town","population":86279,"sort_key":-469881,"geonames_id":"2283016","match_type":"name+coordinate","match_distance_km":0.333}},{"type":"Feature","geometry":{"type":"Point","coordinates":[27.1856689453125,45.697547426107576]},"properties":{"wikidata":"Q192265","display_name":"福克沙尼","display_name_en":"Focșani","kind_detail":"city","population":97186,"sort_key":-469881,"match_type":"machine-transliterated"}},{"type":"Feature","geometry":{"type":"Point","coordinates":[56.33514404296875,25.12414925398859]},"properties":{"wikidata":"Q4045","display_name":"富吉拉","display_name_en":"Fujairah","kind_detail":"city","population":93673,"sort_key":-469881,"geonames_id":"292878","match_type":"name+coordinate","match_distance_km":1.067}},{"type":"Feature","geometry":{"type":"Point","coordinates":[-85.95291137695312,11.930508703668053]},"properties":{"wikidata":"Q205648","display_name":"格拉纳达","display_name_en":"Granada","kind_detail":"city","population":102872,"sort_key":-469881,"geonames_id":"3619136","match_type":"name+coordinate","match_distance_km":0.085}},{"type":"Feature","geometry":{"type":"Point","coordinates":[-104.70932006835938,40.422905827972556]},"properties":{"wikidata":"Q94274","display_name":"格里利","display_name_en":"Greeley","kind_detail":"city","population":103990,"sort_key":-469881,"geonames_id":"5577592","match_type":"name+coordinate","match_distance_km":0.048}},{"type":"Feature","geometry":{"type":"Point","coordinates":[-39.011077880859375,-4.965087599019938]},"properties":{"wikidata":"Q2013932","display_name":"基沙达","display_name_en":"Quixadá","kind_detail":"town","population":84168,"sort_key":-469881,"match_type":"machine-transliterated"}},{"type":"Feature","geometry":{"type":"Point","coordinates":[-57.687835693359375,-16.06428964198858]},"properties":{"wikidata":"Q986526","display_name":"卡塞雷斯","display_name_en":"Cáceres","kind_detail":"town","population":91626,"sort_key":-469881,"geonames_id":"3468551","match_type":"name+coordinate","match_distance_km":1.183}},{"type":"Feature","geometry":{"type":"Point","coordinates":[33.2061767578125,51.23956626148356]},"properties":{"wikidata":"Q162083","display_name":"科諾托普","display_name_en":"Konotop","kind_detail":"town","population":87881,"sort_key":-469881,"geonames_id":"705135","match_type":"name+coordinate","match_distance_km":0.882}},{"type":"Feature","geometry":{"type":"Point","coordinates":[-8.42926025390625,40.21139198843866]},"properties":{"wikidata":"Q45412","display_name":"科英布拉","display_name_en":"Coimbra","kind_detail":"city","population":105842,"sort_key":-469881,"geonames_id":"2740637","match_type":"name+coordinate","match_distance_km":0.937}},{"type":"Feature","geometry":{"type":"Point","coordinates":[-61.491851806640625,-31.25272619683681]},"properties":{"wikidata":"Q259498","display_name":"拉斐拉","display_name_en":"Rafaela","kind_detail":"city","population":101471,"sort_key":-469881,"geonames_id":"3839479","match_type":"name+coordinate","match_distance_km":0.103}},{"type":"Feature","geometry":{"type":"Point","coordinates":[15.058135986328125,50.770339328979986]},"properties":{"wikidata":"Q146351","display_name":"利贝雷茨","display_name_en":"Liberec","kind_detail":"city","population":102951,"sort_key":-469881,"geonames_id":"3071961","match_type":"name+coordinate","match_distance_km":0.384}},{"type":"Feature","geometry":{"type":"Point","coordinates":[-99.56771850585938,24.859026461549746]},"properties":{"wikidata":"Q991413","display_name":"利纳雷斯","display_name_en":"Linares","kind_detail":"town","population":84666,"sort_key":-469881,"match_type":"machine-transliterated"}},{"type":"Feature","geometry":{"type":"Point","coordinates":[31.72027587890625,1.684785230136967]},"properties":{"wikidata":"Q1907120","display_name":"马辛迪","display_name_en":"Masindi","kind_detail":"city","population":94622,"sort_key":-469881,"match_type":"machine-transliterated"}},{"type":"Feature","geometry":{"type":"Point","coordinates":[-123.93814086914062,49.163746759588975]},"properties":{"wikidata":"Q16461","display_name":"纳奈莫","display_name_en":"Nanaimo","kind_detail":"city","population":99863,"sort_key":-469881,"geonames_id":"6085772","match_type":"name+coordinate","match_distance_km":0.323}},{"type":"Feature","geometry":{"type":"Point","coordinates":[-6.670074462890625,7.961317419188958]},"properties":{"wikidata":"Q952665","display_name":"塞盖拉","display_name_en":"Séguéla","kind_detail":"town","population":103980,"sort_key":-469881,"match_type":"machine-transliterated"}},{"type":"Feature","geometry":{"type":"Point","coordinates":[-8.8934326171875,38.524532887486885]},"properties":{"wikidata":"Q173699","display_name":"塞图巴尔","display_name_en":"Setúbal","kind_detail":"city","population":88646,"sort_key":-469881,"geonames_id":"2262963","match_type":"name+coordinate","match_distance_km":0.455}},{"type":"Feature","geometry":{"type":"Point","coordinates":[50.15533447265625,-14.25506623662848]},"properties":{"wikidata":"Q254480","display_name":"桑巴瓦","display_name_en":"Sambava","kind_detail":"town","population":84039,"sort_key":-469881,"geonames_id":"1056899","match_type":"name+coordinate","match_distance_km":1.777}},{"type":"Feature","geometry":{"type":"Point","coordinates":[26.2518310546875,47.646886969413]},"properties":{"wikidata":"Q46400","display_name":"蘇恰瓦","display_name_en":"Suceava","kind_detail":"city","population":92121,"sort_key":-469881,"geonames_id":"665850","match_type":"name+coordinate","match_distance_km":1.514}},{"type":"Feature","geometry":{"type":"Point","coordinates":[-39.068756103515625,-13.372251459272817]},"properties":{"wikidata":"Q1010498","display_name":"瓦伦萨","display_name_en":"Valença","kind_detail":"town","population":85655,"sort_key":-469881,"match_type":"machine-transliterated"}},{"type":"Feature","geometry":{"type":"Point","coordinates":[-48.88092041015625,-23.984997895974715]},"properties":{"wikidata":"Q1808590","display_name":"伊塔佩瓦","display_name_en":"Itapeva","kind_detail":"town","population":89728,"sort_key":-469881,"match_type":"machine-transliterated"}},{"type":"Feature","geometry":{"type":"Point","coordinates":[11.96136474609375,11.74636968191102]},"properties":{"wikidata":"Q1023722","display_name":"达马图鲁","display_name_en":"Damaturu","kind_detail":"town","population":88014,"sort_key":-469880,"match_type":"machine-transliterated"}},{"type":"Feature","geometry":{"type":"Point","coordinates":[-42.779388427734375,-14.223119826861733]},"properties":{"wikidata":"Q786924","display_name":"瓜南比","display_name_en":"Guanambi","kind_detail":"town","population":93065,"sort_key":-469880,"geonames_id":"3461973","match_type":"name+coordinate","match_distance_km":0.217}},{"type":"Feature","geometry":{"type":"Point","coordinates":[-95.01937866210938,16.433450811660506]},"properties":{"wikidata":"Q1710837","display_name":"胡奇坦","display_name_en":"Juchitán","kind_detail":"city","population":88280,"sort_key":-469880,"match_type":"machine-transliterated"}},{"type":"Feature","geometry":{"type":"Point","coordinates":[-5.460205078125,12.386952336673133]},"properties":{"wikidata":"Q281000","display_name":"庫佳拉","display_name_en":"Koutiala","kind_detail":"city","population":99000,"sort_key":-469880,"geonames_id":"2454268","match_type":"name+coordinate","match_distance_km":0.529}},{"type":"Feature","geometry":{"type":"Point","coordinates":[-95.23635864257812,38.97222194853654]},"properties":{"wikidata":"Q493840","display_name":"勞倫斯","display_name_en":"Lawrence","kind_detail":"city","population":95358,"sort_key":-469880,"geonames_id":"4274277","match_type":"name+coordinate","match_distance_km":0.114}},{"type":"Feature","geometry":{"type":"Point","coordinates":[-74.7564697265625,9.24173718265061]},"properties":{"wikidata":"Q1011196","display_name":"馬甘格","display_name_en":"Magangué","kind_detail":"city","population":98923,"sort_key":-469880,"geonames_id":"3675692","match_type":"name+coordinate","match_distance_km":0.2}},{"type":"Feature","geometry":{"type":"Point","coordinates":[151.5509033203125,-32.73184089686568]},"properties":{"wikidata":"Q606900","display_name":"梅特兰","display_name_en":"Maitland","kind_detail":"town","population":89597,"sort_key":-469880,"geonames_id":"2159045","match_type":"name+coordinate","match_distance_km":0.623}},{"type":"Feature","geometry":{"type":"Point","coordinates":[-49.868316650390625,-22.977359643321563]},"properties":{"wikidata":"Q985605","display_name":"欧里尼奥斯","display_name_en":"Ourinhos","kind_detail":"city","population":103970,"sort_key":-469880,"geonames_id":"3455729","match_type":"name+coordinate","match_distance_km":0.286}},{"type":"Feature","geometry":{"type":"Point","coordinates":[-46.87042236328125,-17.2168878415186]},"properties":{"wikidata":"Q1755739","display_name":"帕拉卡图","display_name_en":"Paracatu","kind_detail":"town","population":94023,"sort_key":-469880,"geonames_id":"3455168","match_type":"name+coordinate","match_distance_km":0.748}},{"type":"Feature","geometry":{"type":"Point","coordinates":[-45.086517333984375,-2.527408708031132]},"properties":{"wikidata":"Q1796449","display_name":"皮涅罗","display_name_en":"Pinheiro","kind_detail":"town","population":84621,"sort_key":-469880,"match_type":"machine-transliterated"}},{"type":"Feature","geometry":{"type":"Point","coordinates":[60.626678466796875,35.24337596896174]},"properties":{"wikidata":"Q765715","display_name":"托巴特果酱","display_name_en":"Torbat-e Jam","kind_detail":"town","population":95000,"sort_key":-469880,"match_type":"machine-transliterated"}},{"type":"Feature","geometry":{"type":"Point","coordinates":[76.95510864257812,10.328429960752771]},"properties":{"wikidata":"Q282137","display_name":"瓦尔帕莱","display_name_en":"Valparai","kind_detail":"town","population":100000,"sort_key":-469880,"match_type":"machine-transliterated"}},{"type":"Feature","geometry":{"type":"Point","coordinates":[-63.032684326171875,-9.907979868547685]},"properties":{"wikidata":"Q1646975","display_name":"阿里克梅斯","display_name_en":"Ariquemes","kind_detail":"city","population":96833,"sort_key":-469879,"match_type":"machine-transliterated"}},{"type":"Feature","geometry":{"type":"Point","coordinates":[18.75640869140625,53.488045536056205]},"properties":{"wikidata":"Q123511","display_name":"格魯瓊茲","display_name_en":"Grudziądz","kind_detail":"city","population":90890,"sort_key":-469879,"geonames_id":"3098218","match_type":"name+coordinate","match_distance_km":0.474}},{"type":"Feature","geometry":{"type":"Point","coordinates":[-42.14080810546875,-19.789964572087456]},"properties":{"wikidata":"Q905175","display_name":"卡拉廷加","display_name_en":"Caratinga","kind_detail":"town","population":87360,"sort_key":-469879,"geonames_id":"3466988","match_type":"name+coordinate","match_distance_km":0.174}},{"type":"Feature","geometry":{"type":"Point","coordinates":[-2.36480712890625,12.251443720597464]},"properties":{"wikidata":"Q460697","display_name":"库杜古","display_name_en":"Koudougou","kind_detail":"city","population":91981,"sort_key":-469879,"geonames_id":"2358946","match_type":"name+coordinate","match_distance_km":0.237}},{"type":"Feature","geometry":{"type":"Point","coordinates":[-100.64300537109375,23.6470401845486]},"properties":{"wikidata":"Q665723","display_name":"马特瓦拉","display_name_en":"Matehuala","kind_detail":"city","population":86686,"sort_key":-469879,"match_type":"machine-transliterated"}},{"type":"Feature","geometry":{"type":"Point","coordinates":[78.09768676757812,18.673568308428443]},"properties":{"wikidata":"Q41473","display_name":"尼扎马巴德","display_name_en":"Nizamabad","kind_detail":"city","population":100000,"sort_key":-469879,"match_type":"machine-transliterated"}},{"type":"Feature","geometry":{"type":"Point","coordinates":[15.77911376953125,50.03861982057643]},"properties":{"wikidata":"Q36989","display_name":"帕尔杜比采","display_name_en":"Pardubice","kind_detail":"city","population":88520,"sort_key":-469879,"geonames_id":"3068582","match_type":"name+coordinate","match_distance_km":0.298}},{"type":"Feature","geometry":{"type":"Point","coordinates":[-60.574493408203125,-33.897777013859475]},"properties":{"wikidata":"Q921239","display_name":"佩尔加米诺","display_name_en":"Pergamino","kind_detail":"city","population":104086,"sort_key":-469879,"match_type":"machine-transliterated"}},{"type":"Feature","geometry":{"type":"Point","coordinates":[-87.19573974609375,13.306775722376102]},"properties":{"wikidata":"Q1773148","display_name":"乔卢特卡","display_name_en":"Choluteca","kind_detail":"city","population":86179,"sort_key":-469879,"match_type":"machine-transliterated"}},{"type":"Feature","geometry":{"type":"Point","coordinates":[-6.0919189453125,4.948669740022709]},"properties":{"wikidata":"Q586448","display_name":"薩桑德拉","display_name_en":"Sassandra","kind_detail":"town","population":87945,"sort_key":-469879,"geonames_id":"2281951","match_type":"name+coordinate","match_distance_km":0.931}},{"type":"Feature","geometry":{"type":"Point","coordinates":[23.273162841796875,45.04247805089153]},"properties":{"wikidata":"Q202357","display_name":"特爾古日烏","display_name_en":"Târgu Jiu","kind_detail":"city","population":82504,"sort_key":-469879,"geonames_id":"665010","match_type":"name+coordinate","match_distance_km":1.157}},{"type":"Feature","geometry":{"type":"Point","coordinates":[-102.3541259765625,19.09196888835102]},"properties":{"wikidata":"Q94758","display_name":"阿帕欽甘","display_name_en":"Apatzingán","kind_detail":"city","population":102362,"sort_key":-469878,"geonames_id":"4018400","match_type":"name+coordinate","match_distance_km":0.48}},{"type":"Feature","geometry":{"type":"Point","coordinates":[-79.65225219726562,0.9667509997666457]},"properties":{"wikidata":"Q149955","display_name":"埃斯梅拉达斯","display_name_en":"Esmeraldas","kind_detail":"city","population":95216,"sort_key":-469878,"match_type":"machine-transliterated"}},{"type":"Feature","geometry":{"type":"Point","coordinates":[-77.37258911132812,35.61376725839669]},"properties":{"wikidata":"Q1989904","display_name":"格林维尔","display_name_en":"Greenville","kind_detail":"city","population":87521,"sort_key":-469878,"match_type":"machine-transliterated"}},{"type":"Feature","geometry":{"type":"Point","coordinates":[-112.83370971679688,49.694285181479216]},"properties":{"wikidata":"Q270887","display_name":"萊斯布里奇","display_name_en":"Lethbridge","kind_detail":"city","population":83517,"sort_key":-469878,"geonames_id":"6053154","match_type":"name+coordinate","match_distance_km":1.261}},{"type":"Feature","geometry":{"type":"Point","coordinates":[-60.621185302734375,-3.2995663012178937]},"properties":{"wikidata":"Q983526","display_name":"马纳卡普鲁","display_name_en":"Manacapuru","kind_detail":"city","population":101883,"sort_key":-469878,"match_type":"machine-transliterated"}},{"type":"Feature","geometry":{"type":"Point","coordinates":[29.455718994140625,-25.767740402713358]},"properties":{"wikidata":"Q1931836","display_name":"米德爾堡","display_name_en":"Middelburg","kind_detail":"town","population":87348,"sort_key":-469878,"geonames_id":"976361","match_type":"name+coordinate","match_distance_km":1.223}},{"type":"Feature","geometry":{"type":"Point","coordinates":[-121.95236206054688,49.170930192449106]},"properties":{"wikidata":"Q983026","display_name":"奇利瓦克","display_name_en":"Chilliwack","kind_detail":"city","population":93203,"sort_key":-469878,"match_type":"machine-transliterated"}},{"type":"Feature","geometry":{"type":"Point","coordinates":[-80.16036987304688,-5.096415645847088]},"properties":{"wikidata":"Q1089449","display_name":"丘卢卡纳斯","display_name_en":"Chulucanas","kind_detail":"town","population":82521,"sort_key":-469878,"match_type":"machine-transliterated"}},{"type":"Feature","geometry":{"type":"Point","coordinates":[-45.383148193359375,-3.6641867777704817]},"properties":{"wikidata":"Q2469099","display_name":"圣伊内斯","display_name_en":"Santa Inês","kind_detail":"city","population":85014,"sort_key":-469878,"match_type":"machine-transliterated"}},{"type":"Feature","geometry":{"type":"Point","coordinates":[-100.44113159179688,31.4649823609505]},"properties":{"wikidata":"Q925598","display_name":"聖安吉洛","display_name_en":"San Angelo","kind_detail":"city","population":99893,"sort_key":-469878,"geonames_id":"5530022","match_type":"name+coordinate","match_distance_km":0.411}},{"type":"Feature","geometry":{"type":"Point","coordinates":[-94.42611694335938,35.387930399448095]},"properties":{"wikidata":"Q79535","display_name":"史密斯堡","display_name_en":"Fort Smith","kind_detail":"city","population":89142,"sort_key":-469878,"geonames_id":"4111410","match_type":"name+coordinate","match_distance_km":2.509}},{"type":"Feature","geometry":{"type":"Point","coordinates":[-96.40640258789062,42.49640294093706]},"properties":{"wikidata":"Q489255","display_name":"蘇城","display_name_en":"Sioux City","kind_detail":"city","population":85797,"sort_key":-469878,"geonames_id":"4876523","match_type":"name+coordinate","match_distance_km":0.639}},{"type":"Feature","geometry":{"type":"Point","coordinates":[-86.5338134765625,39.167335277100705]},"properties":{"wikidata":"Q490385","display_name":"布卢明顿","display_name_en":"Bloomington","kind_detail":"city","population":83307,"sort_key":-469877,"geonames_id":"4254679","match_type":"name+coordinate","match_distance_km":0.678}},{"type":"Feature","geometry":{"type":"Point","coordinates":[-82.53616333007812,28.46386226886912]},"properties":{"wikidata":"Q2321558","display_name":"春山","display_name_en":"Spring Hill","kind_detail":"town","population":98621,"sort_key":-469877,"match_type":"machine-transliterated"}},{"type":"Feature","geometry":{"type":"Point","coordinates":[-3.1640625,40.63271449655062]},"properties":{"wikidata":"Q11953","display_name":"瓜达拉哈拉","display_name_en":"Guadalajara","kind_detail":"city","population":90312,"sort_key":-469877,"match_type":"machine-transliterated"}},{"type":"Feature","geometry":{"type":"Point","coordinates":[-47.355194091796875,-2.995155914460014]},"properties":{"wikidata":"Q935005","display_name":"帕拉戈米纳斯","display_name_en":"Paragominas","kind_detail":"city","population":105550,"sort_key":-469877,"match_type":"machine-transliterated"}},{"type":"Feature","geometry":{"type":"Point","coordinates":[-74.9212646484375,10.630915564033586]},"properties":{"wikidata":"Q1027007","display_name":"萨瓦纳拉尔加","display_name_en":"Sabanalarga","kind_detail":"town","population":93261,"sort_key":-469877,"match_type":"machine-transliterated"}},{"type":"Feature","geometry":{"type":"Point","coordinates":[-71.61300659179688,-33.58030298537653]},"properties":{"wikidata":"Q56135","display_name":"聖安東尼奧","display_name_en":"San Antonio","kind_detail":"city","population":86239,"sort_key":-469877,"geonames_id":"3872395","match_type":"name+coordinate","match_distance_km":1.684}},{"type":"Feature","geometry":{"type":"Point","coordinates":[-70.93460083007812,41.63597302844411]},"properties":{"wikidata":"Q49147","display_name":"新贝德福德","display_name_en":"New Bedford","kind_detail":"city","population":92538,"sort_key":-469877,"geonames_id":"4945121","match_type":"name+coordinate","match_distance_km":0.636}},{"type":"Feature","geometry":{"type":"Point","coordinates":[-52.378692626953125,-24.04646399966657]},"properties":{"wikidata":"Q1773327","display_name":"坎普莫朗","display_name_en":"Campo Mourão","kind_detail":"city","population":99432,"sort_key":-469876,"match_type":"machine-transliterated"}},{"type":"Feature","geometry":{"type":"Point","coordinates":[-93.21762084960938,30.23059456493219]},"properties":{"wikidata":"Q864106","display_name":"莱克查尔斯","display_name_en":"Lake Charles","kind_detail":"city","population":84872,"sort_key":-469876,"geonames_id":"4330236","match_type":"name+coordinate","match_distance_km":2.324}},{"type":"Feature","geometry":{"type":"Point","coordinates":[-61.9683837890625,-33.746038553255126]},"properties":{"wikidata":"Q1889146","display_name":"貝納多圖埃托","display_name_en":"Venado Tuerto","kind_detail":"town","population":81969,"sort_key":-469875,"geonames_id":"3833062","match_type":"name+coordinate","match_distance_km":0.12}},{"type":"Feature","geometry":{"type":"Point","coordinates":[38.453521728515625,15.780360118526076]},"properties":{"wikidata":"Q534409","display_name":"克伦","display_name_en":"Keren","kind_detail":"city","population":86438,"sort_key":-469875,"geonames_id":"333287","match_type":"name+coordinate","match_distance_km":0.377}},{"type":"Feature","geometry":{"type":"Point","coordinates":[14.242401123046875,-6.267522831839372]},"properties":{"wikidata":"Q500189","display_name":"姆班扎刚果","display_name_en":"M'banza Congo","kind_detail":"city","population":83400,"sort_key":-469875,"match_type":"machine-transliterated"}},{"type":"Feature","geometry":{"type":"Point","coordinates":[27.835235595703125,-12.368173147750483]},"properties":{"wikidata":"Q993200","display_name":"奇利拉邦布韦","display_name_en":"Chililabombwe","kind_detail":"town","population":90530,"sort_key":-469875,"match_type":"machine-transliterated"}},{"type":"Feature","geometry":{"type":"Point","coordinates":[-98.12576293945312,29.702368038541763]},"properties":{"wikidata":"Q574612","display_name":"新布朗費爾斯","display_name_en":"New Braunfels","kind_detail":"city","population":90403,"sort_key":-469875,"geonames_id":"4714131","match_type":"name+coordinate","match_distance_km":0.145}},{"type":"Feature","geometry":{"type":"Point","coordinates":[-102.19894409179688,17.959138486783928]},"properties":{"wikidata":"Q1785340","display_name":"拉萨罗卡德纳斯","display_name_en":"Lázaro Cárdenas","kind_detail":"city","population":83637,"sort_key":-469873,"match_type":"machine-transliterated"}},{"type":"Feature","geometry":{"type":"Point","coordinates":[14.26849365234375,32.652094628339384]},"properties":{"wikidata":"Q310381","display_name":"胡姆斯","display_name_en":"Khoms","kind_detail":"city","population":103743,"sort_key":-469872,"geonames_id":"2219905","match_type":"name+coordinate","match_distance_km":0.728}},{"type":"Feature","geometry":{"type":"Point","coordinates":[-44.2584228515625,-21.13318341683521]},"properties":{"wikidata":"Q740965","display_name":"圣若昂-德雷","display_name_en":"São João del-Rei","kind_detail":"town","population":90225,"sort_key":-469872,"geonames_id":"3448879","match_type":"name+coordinate","match_distance_km":0.428}},{"type":"Feature","geometry":{"type":"Point","coordinates":[10.982208251953125,31.863562548378965]},"properties":{"wikidata":"Q132409","display_name":"纳鲁特","display_name_en":"Nalut","kind_detail":"city","population":99256,"sort_key":-469871,"match_type":"machine-transliterated"}},{"type":"Feature","geometry":{"type":"Point","coordinates":[-66.005859375,9.213271266974516]},"properties":{"wikidata":"Q1308292","display_name":"巴耶德拉帕斯卡","display_name_en":"Valle de La Pascua","kind_detail":"town","population":96016,"sort_key":-469870,"match_type":"machine-transliterated"}},{"type":"Feature","geometry":{"type":"Point","coordinates":[14.335784912109375,51.756790351060346]},"properties":{"wikidata":"Q3214","display_name":"科特布斯","display_name_en":"Cottbus - Chóśebuz","kind_detail":"city","population":98693,"sort_key":-469870,"geonames_id":"2939811","match_type":"coordinate","match_distance_km":0.486}},{"type":"Feature","geometry":{"type":"Point","coordinates":[36.54876708984375,9.08989254354313]},"properties":{"wikidata":"Q376295","display_name":"那卡姆特","display_name_en":"Naqamte","kind_detail":"city","population":92700,"sort_key":-469870,"match_type":"machine-transliterated"}},{"type":"Feature","geometry":{"type":"Point","coordinates":[-9.73114013671875,29.698789407596593]},"properties":{"wikidata":"Q587107","display_name":"提茲尼特","display_name_en":"Tiznit","kind_detail":"city","population":86595,"sort_key":-469869,"geonames_id":"2527089","match_type":"name+coordinate","match_distance_km":0.159}},{"type":"Feature","geometry":{"type":"Point","coordinates":[22.65380859375,44.62566377574353]},"properties":{"wikidata":"Q193890","display_name":"德羅貝塔-塞維林堡","display_name_en":"Drobeta-Turnu Severin","kind_detail":"city","population":92617,"sort_key":-469867,"geonames_id":"678817","match_type":"name+coordinate","match_distance_km":0.159}},{"type":"Feature","geometry":{"type":"Point","coordinates":[-46.7962646484375,-21.968519331082305]},"properties":{"wikidata":"Q925419","display_name":"圣若昂达博阿维斯塔","display_name_en":"São João da Boa Vista","kind_detail":"town","population":92547,"sort_key":-469867,"match_type":"machine-transliterated"}},{"type":"Feature","geometry":{"type":"Point","coordinates":[-58.231658935546875,-32.485438427431504]},"properties":{"wikidata":"Q727464","display_name":"乌拉圭河畔康塞普西翁","display_name_en":"Concepción del Uruguay","kind_detail":"town","population":82729,"sort_key":-469866,"geonames_id":"3435264","match_type":"name+coordinate","match_distance_km":0.102}},{"type":"Feature","geometry":{"type":"Point","coordinates":[-60.4412841796875,-26.790976914493847]},"properties":{"wikidata":"Q1656936","display_name":"羅克薩恩斯培尼亞總統城","display_name_en":"Presidencia Roque Sáenz Peña","kind_detail":"town","population":101086,"sort_key":-469860,"geonames_id":"3840300","match_type":"name+coordinate","match_distance_km":0.005}},{"type":"Feature","geometry":{"type":"Point","coordinates":[30.9100341796875,3.0225838706983694]},"properties":{"wikidata":"Q500111","display_name":"阿鲁阿","display_name_en":"Arua","kind_detail":"town","population":62657,"sort_key":-469852,"geonames_id":"235039","match_type":"name+coordinate","match_distance_km":0.295}},{"type":"Feature","geometry":{"type":"Point","coordinates":[-93.61724853515625,42.026853887189816]},"properties":{"wikidata":"Q470273","display_name":"艾姆斯","display_name_en":"Ames","kind_detail":"city","population":66427,"sort_key":-469852,"geonames_id":"4846834","match_type":"name+coordinate","match_distance_km":0.901}},{"type":"Feature","geometry":{"type":"Point","coordinates":[143.20953369140625,-9.069551294233221]},"properties":{"wikidata":"Q499375","display_name":"達魯","display_name_en":"Daru","kind_detail":"city","population":75788,"sort_key":-469852,"geonames_id":"2098329","match_type":"name+coordinate","match_distance_km":0.926}},{"type":"Feature","geometry":{"type":"Point","coordinates":[-78.80767822265625,-5.708913926756637]},"properties":{"wikidata":"Q1229885","display_name":"哈恩","display_name_en":"Jaén","kind_detail":"city","population":80553,"sort_key":-469852,"match_type":"machine-transliterated"}},{"type":"Feature","geometry":{"type":"Point","coordinates":[3.459320068359375,11.88482155512392]},"properties":{"wikidata":"Q766896","display_name":"加雅","display_name_en":"Gaya","kind_detail":"city","population":63815,"sort_key":-469852,"match_type":"machine-transliterated"}},{"type":"Feature","geometry":{"type":"Point","coordinates":[-50.513763427734375,-21.935402504050302]},"properties":{"wikidata":"Q961143","display_name":"图庞","display_name_en":"Tupã","kind_detail":"town","population":63928,"sort_key":-469852,"geonames_id":"3445942","match_type":"name+coordinate","match_distance_km":0.078}},{"type":"Feature","geometry":{"type":"Point","coordinates":[56.515045166015625,23.21610672456478]},"properties":{"wikidata":"Q225376","display_name":"伊卜里","display_name_en":"Ibri","kind_detail":"city","population":70967,"sort_key":-469852,"match_type":"machine-transliterated"}},{"type":"Feature","geometry":{"type":"Point","coordinates":[17.667388916015625,49.22656646440612]},"properties":{"wikidata":"Q171018","display_name":"兹林","display_name_en":"Zlín","kind_detail":"city","population":72973,"sort_key":-469852,"match_type":"machine-transliterated"}},{"type":"Feature","geometry":{"type":"Point","coordinates":[-75.7232666015625,20.961439614096832]},"properties":{"wikidata":"Q806424","display_name":"贝恩斯","display_name_en":"Banes","kind_detail":"city","population":78000,"sort_key":-469851,"match_type":"machine-transliterated"}},{"type":"Feature","geometry":{"type":"Point","coordinates":[12.940521240234375,57.721019259592055]},"properties":{"wikidata":"Q26040","display_name":"布羅斯","display_name_en":"Borås","kind_detail":"city","population":66273,"sort_key":-469851,"geonames_id":"2720501","match_type":"name+coordinate","match_distance_km":0.025}},{"type":"Feature","geometry":{"type":"Point","coordinates":[10.26397705078125,13.986043638716552]},"properties":{"wikidata":"Q986061","display_name":"古雷","display_name_en":"Gouré","kind_detail":"city","population":68148,"sort_key":-469851,"match_type":"machine-transliterated"}},{"type":"Feature","geometry":{"type":"Point","coordinates":[69.22348022460938,33.6008944080788]},"properties":{"wikidata":"Q467632","display_name":"加德兹","display_name_en":"Gardez","kind_detail":"city","population":70000,"sort_key":-469851,"match_type":"machine-transliterated"}},{"type":"Feature","geometry":{"type":"Point","coordinates":[11.10992431640625,33.503613956705365]},"properties":{"wikidata":"Q148142","display_name":"傑爾吉斯","display_name_en":"Zarzis","kind_detail":"town","population":70895,"sort_key":-469851,"geonames_id":"2470173","match_type":"name+coordinate","match_distance_km":0.21}},{"type":"Feature","geometry":{"type":"Point","coordinates":[33.2061767578125,0.43532906341242494]},"properties":{"wikidata":"Q501709","display_name":"金賈","display_name_en":"Jinja","kind_detail":"city","population":72931,"sort_key":-469851,"geonames_id":"233114","match_type":"name+coordinate","match_distance_km":0.529}},{"type":"Feature","geometry":{"type":"Point","coordinates":[8.7066650390625,36.17889958109954]},"properties":{"wikidata":"Q27155","display_name":"卡夫","display_name_en":"Al-Kaf","kind_detail":"city","population":73710,"sort_key":-469851,"match_type":"machine-transliterated"}},{"type":"Feature","geometry":{"type":"Point","coordinates":[-14.940032958984375,12.892134549572603]},"properties":{"wikidata":"Q1011890","display_name":"科尔达","display_name_en":"Kolda","kind_detail":"city","population":63000,"sort_key":-469851,"match_type":"machine-transliterated"}},{"type":"Feature","geometry":{"type":"Point","coordinates":[-75.23300170898438,43.10098287618854]},"properties":{"wikidata":"Q2495519","display_name":"由提卡","display_name_en":"Utica","kind_detail":"city","population":65283,"sort_key":-469851,"geonames_id":"5142056","match_type":"name+coordinate","match_distance_km":0.029}},{"type":"Feature","geometry":{"type":"Point","coordinates":[-40.11932373046875,-2.8868088311318587]},"properties":{"wikidata":"Q1796706","display_name":"阿卡拉乌","display_name_en":"Acaraú","kind_detail":"town","population":65264,"sort_key":-469850,"match_type":"machine-transliterated"}},{"type":"Feature","geometry":{"type":"Point","coordinates":[35.74951171875,-4.2094648151634715]},"properties":{"wikidata":"Q276746","display_name":"巴巴蒂","display_name_en":"Babati","kind_detail":"town","population":67445,"sort_key":-469850,"geonames_id":"161312","match_type":"name+coordinate","match_distance_km":0.803}},{"type":"Feature","geometry":{"type":"Point","coordinates":[-68.42010498046875,18.686577792556392]},"properties":{"wikidata":"Q2425675","display_name":"巴瓦罗","display_name_en":"Bávaro","kind_detail":"town","population":79367,"sort_key":-469850,"match_type":"machine-transliterated"}},{"type":"Feature","geometry":{"type":"Point","coordinates":[-68.302001953125,-16.653296615241572]},"properties":{"wikidata":"Q1002035","display_name":"比亞查","display_name_en":"Viacha","kind_detail":"city","population":62979,"sort_key":-469850,"geonames_id":"3901742","match_type":"name+coordinate","match_distance_km":0.424}},{"type":"Feature","geometry":{"type":"Point","coordinates":[-50.82275390625,-1.938716855057308]},"properties":{"wikidata":"Q2089210","display_name":"波特尔","display_name_en":"Portel","kind_detail":"town","population":62503,"sort_key":-469850,"match_type":"machine-transliterated"}},{"type":"Feature","geometry":{"type":"Point","coordinates":[-85.39398193359375,31.22337141316801]},"properties":{"wikidata":"Q79519","display_name":"多森","display_name_en":"Dothan","kind_detail":"city","population":71072,"sort_key":-469850,"geonames_id":"4059102","match_type":"name+coordinate","match_distance_km":0.332}},{"type":"Feature","geometry":{"type":"Point","coordinates":[-37.978363037109375,-4.9349878796306115]},"properties":{"wikidata":"Q1806654","display_name":"俄罗斯","display_name_en":"Russas","kind_detail":"town","population":72928,"sort_key":-469850,"match_type":"machine-transliterated"}},{"type":"Feature","geometry":{"type":"Point","coordinates":[-34.995574951171875,-7.561269314400292]},"properties":{"wikidata":"Q1767210","display_name":"戈亚纳","display_name_en":"Goiana","kind_detail":"town","population":81055,"sort_key":-469850,"geonames_id":"3398904","match_type":"name+coordinate","match_distance_km":0.767}},{"type":"Feature","geometry":{"type":"Point","coordinates":[-46.135711669921875,-5.815489366728741]},"properties":{"wikidata":"Q2043418","display_name":"格拉贾乌","display_name_en":"Grajaú","kind_detail":"town","population":73872,"sort_key":-469850,"match_type":"machine-transliterated"}},{"type":"Feature","geometry":{"type":"Point","coordinates":[-75.62713623046875,2.1953549593370525]},"properties":{"wikidata":"Q1970613","display_name":"加尔松","display_name_en":"Garzón","kind_detail":"town","population":72382,"sort_key":-469850,"match_type":"machine-transliterated"}},{"type":"Feature","geometry":{"type":"Point","coordinates":[-49.997406005859375,-24.794214972389483]},"properties":{"wikidata":"Q2077411","display_name":"卡斯特罗","display_name_en":"Castro","kind_detail":"town","population":73075,"sort_key":-469850,"match_type":"machine-transliterated"}},{"type":"Feature","geometry":{"type":"Point","coordinates":[26.871185302734375,-31.896214463351427]},"properties":{"wikidata":"Q610600","display_name":"昆士敦","display_name_en":"Komani","kind_detail":"town","population":68872,"sort_key":-469850,"geonames_id":"963516","match_type":"coordinate","match_distance_km":0.419}},{"type":"Feature","geometry":{"type":"Point","coordinates":[-87.78350830078125,42.73087427928485]},"properties":{"wikidata":"Q40340","display_name":"拉辛","display_name_en":"Racine","kind_detail":"city","population":77816,"sort_key":-469850,"geonames_id":"5268249","match_type":"name+coordinate","match_distance_km":0.53}},{"type":"Feature","geometry":{"type":"Point","coordinates":[21.88751220703125,45.28938048643329]},"properties":{"wikidata":"Q75634","display_name":"雷希察","display_name_en":"Reșița","kind_detail":"city","population":73282,"sort_key":-469850,"match_type":"machine-transliterated"}},{"type":"Feature","geometry":{"type":"Point","coordinates":[-85.38711547851562,40.193561098156124]},"properties":{"wikidata":"Q932981","display_name":"曼西","display_name_en":"Muncie","kind_detail":"city","population":65287,"sort_key":-469850,"match_type":"machine-transliterated"}},{"type":"Feature","geometry":{"type":"Point","coordinates":[36.9854736328125,-16.838718812281115]},"properties":{"wikidata":"Q520687","display_name":"莫庫巴","display_name_en":"Mocuba","kind_detail":"town","population":69045,"sort_key":-469850,"geonames_id":"1024694","match_type":"name+coordinate","match_distance_km":0.136}},{"type":"Feature","geometry":{"type":"Point","coordinates":[-85.48049926757812,32.6093028087336]},"properties":{"wikidata":"Q79728","display_name":"歐本","display_name_en":"Auburn","kind_detail":"city","population":76143,"sort_key":-469850,"geonames_id":"4830796","match_type":"name+coordinate","match_distance_km":0.067}},{"type":"Feature","geometry":{"type":"Point","coordinates":[26.31500244140625,42.68142585311821]},"properties":{"wikidata":"Q178385","display_name":"斯利文","display_name_en":"Sliven","kind_detail":"city","population":77832,"sort_key":-469850,"geonames_id":"727079","match_type":"name+coordinate","match_distance_km":1.007}},{"type":"Feature","geometry":{"type":"Point","coordinates":[38.544158935546875,35.83117495624653]},"properties":{"wikidata":"Q1822804","display_name":"塔布卡","display_name_en":"Al-Tabqah","kind_detail":"city","population":69425,"sort_key":-469850,"match_type":"machine-transliterated"}},{"type":"Feature","geometry":{"type":"Point","coordinates":[17.58636474609375,48.37632112598021]},"properties":{"wikidata":"Q26175","display_name":"特爾納瓦","display_name_en":"Trnava","kind_detail":"city","population":68038,"sort_key":-469850,"geonames_id":"3057124","match_type":"name+coordinate","match_distance_km":0.159}},{"type":"Feature","geometry":{"type":"Point","coordinates":[141.3006591796875,-2.685173760857282]},"properties":{"wikidata":"Q1017354","display_name":"瓦尼莫","display_name_en":"Vanimo","kind_detail":"city","population":73689,"sort_key":-469850,"match_type":"machine-transliterated"}},{"type":"Feature","geometry":{"type":"Point","coordinates":[-72.87918090820312,-13.637979524875519]},"properties":{"wikidata":"Q215238","display_name":"阿班凯","display_name_en":"Abancay","kind_detail":"city","population":72277,"sort_key":-469849,"geonames_id":"3948642","match_type":"name+coordinate","match_distance_km":0.648}},{"type":"Feature","geometry":{"type":"Point","coordinates":[-88.54019165039062,44.02047156335411]},"properties":{"wikidata":"Q936741","display_name":"奥什科什","display_name_en":"Oshkosh","kind_detail":"city","population":66816,"sort_key":-469849,"match_type":"machine-transliterated"}},{"type":"Feature","geometry":{"type":"Point","coordinates":[14.3646240234375,4.435413184507567]},"properties":{"wikidata":"Q673185","display_name":"巴图里","display_name_en":"Batouri","kind_detail":"city","population":67000,"sort_key":-469849,"match_type":"machine-transliterated"}},{"type":"Feature","geometry":{"type":"Point","coordinates":[115.6365966796875,-33.32708596648146]},"properties":{"wikidata":"Q256711","display_name":"班伯利","display_name_en":"Bunbury","kind_detail":"city","population":75196,"sort_key":-469849,"geonames_id":"2075432","match_type":"name+coordinate","match_distance_km":0.443}},{"type":"Feature","geometry":{"type":"Point","coordinates":[-4.752960205078125,10.643062800255748]},"properties":{"wikidata":"Q639674","display_name":"邦福拉","display_name_en":"Banfora","kind_detail":"city","population":75917,"sort_key":-469849,"geonames_id":"2362909","match_type":"name+coordinate","match_distance_km":0.27}},{"type":"Feature","geometry":{"type":"Point","coordinates":[-94.976806640625,29.73576244444908]},"properties":{"wikidata":"Q812646","display_name":"貝敦","display_name_en":"Baytown","kind_detail":"town","population":75418,"sort_key":-469849,"geonames_id":"4672731","match_type":"name+coordinate","match_distance_km":0.067}},{"type":"Feature","geometry":{"type":"Point","coordinates":[-41.669769287109375,-14.203151027136585]},"properties":{"wikidata":"Q1808298","display_name":"布鲁马杜","display_name_en":"Brumado","kind_detail":"town","population":70510,"sort_key":-469849,"geonames_id":"3468893","match_type":"name+coordinate","match_distance_km":0.487}},{"type":"Feature","geometry":{"type":"Point","coordinates":[-88.95217895507812,39.84544923128723]},"properties":{"wikidata":"Q506325","display_name":"迪凯特","display_name_en":"Decatur","kind_detail":"city","population":77047,"sort_key":-469849,"geonames_id":"4236895","match_type":"name+coordinate","match_distance_km":0.614}},{"type":"Feature","geometry":{"type":"Point","coordinates":[-45.427093505859375,-20.464329403154096]},"properties":{"wikidata":"Q1791720","display_name":"福米加","display_name_en":"Formiga","kind_detail":"town","population":68248,"sort_key":-469849,"geonames_id":"3463174","match_type":"name+coordinate","match_distance_km":0.074}},{"type":"Feature","geometry":{"type":"Point","coordinates":[-108.468017578125,25.57341431679579]},"properties":{"wikidata":"Q588515","display_name":"瓜薩維","display_name_en":"Guasave","kind_detail":"city","population":71196,"sort_key":-469849,"geonames_id":"4005219","match_type":"name+coordinate","match_distance_km":0.629}},{"type":"Feature","geometry":{"type":"Point","coordinates":[25.555572509765625,41.93497650054661]},"properties":{"wikidata":"Q186254","display_name":"哈斯科沃","display_name_en":"Haskovo","kind_detail":"city","population":76587,"sort_key":-469849,"geonames_id":"730435","match_type":"name+coordinate","match_distance_km":0.092}},{"type":"Feature","geometry":{"type":"Point","coordinates":[-39.313201904296875,-4.35051928872258]},"properties":{"wikidata":"Q1008278","display_name":"卡宁德","display_name_en":"Canindé","kind_detail":"city","population":74174,"sort_key":-469849,"geonames_id":"3403353","match_type":"name+coordinate","match_distance_km":0.946}},{"type":"Feature","geometry":{"type":"Point","coordinates":[-35.253753662109375,-7.845696513319936]},"properties":{"wikidata":"Q1993877","display_name":"卡皮纳","display_name_en":"Carpina","kind_detail":"town","population":79293,"sort_key":-469849,"match_type":"machine-transliterated"}},{"type":"Feature","geometry":{"type":"Point","coordinates":[-51.013641357421875,-26.77381333066645]},"properties":{"wikidata":"Q986540","display_name":"卡萨多尔","display_name_en":"Caçador","kind_detail":"town","population":73720,"sort_key":-469849,"geonames_id":"3468570","match_type":"name+coordinate","match_distance_km":0.212}},{"type":"Feature","geometry":{"type":"Point","coordinates":[-40.670013427734375,-5.17848208852287]},"properties":{"wikidata":"Q2021123","display_name":"克拉图斯","display_name_en":"Crateús","kind_detail":"city","population":76390,"sort_key":-469849,"match_type":"machine-transliterated"}},{"type":"Feature","geometry":{"type":"Point","coordinates":[-44.430084228515625,-18.756811729151977]},"properties":{"wikidata":"Q1749748","display_name":"库尔韦卢","display_name_en":"Curvelo","kind_detail":"town","population":80665,"sort_key":-469849,"geonames_id":"3464891","match_type":"name+coordinate","match_distance_km":0.091}},{"type":"Feature","geometry":{"type":"Point","coordinates":[-6.046600341796875,54.51151562248606]},"properties":{"wikidata":"Q1828035","display_name":"利斯本","display_name_en":"Lisburn","kind_detail":"city","population":71403,"sort_key":-469849,"geonames_id":"2644411","match_type":"name+coordinate","match_distance_km":1.507}},{"type":"Feature","geometry":{"type":"Point","coordinates":[73.19915771484375,34.32869425037187]},"properties":{"wikidata":"Q2662991","display_name":"曼塞赫拉","display_name_en":"Mansehra","kind_detail":"city","population":80653,"sort_key":-469849,"match_type":"machine-transliterated"}},{"type":"Feature","geometry":{"type":"Point","coordinates":[23.302001953125,-16.10387569493564]},"properties":{"wikidata":"Q569090","display_name":"塞南加","display_name_en":"Senanga","kind_detail":"town","population":81676,"sort_key":-469849,"geonames_id":"898947","match_type":"name+coordinate","match_distance_km":4.034}},{"type":"Feature","geometry":{"type":"Point","coordinates":[-50.93536376953125,-28.509729126769038]},"properties":{"wikidata":"Q941580","display_name":"王不留行","display_name_en":"Vacaria","kind_detail":"town","population":64197,"sort_key":-469849,"match_type":"machine-transliterated"}},{"type":"Feature","geometry":{"type":"Point","coordinates":[-43.30535888671875,-15.81075310746715]},"properties":{"wikidata":"Q1791340","display_name":"雅瑙巴","display_name_en":"Janaúba","kind_detail":"town","population":70699,"sort_key":-469849,"match_type":"machine-transliterated"}},{"type":"Feature","geometry":{"type":"Point","coordinates":[-63.678131103515625,-22.013087483107284]},"properties":{"wikidata":"Q990743","display_name":"亚库巴","display_name_en":"Yacuiba","kind_detail":"city","population":72246,"sort_key":-469849,"match_type":"machine-transliterated"}},{"type":"Feature","geometry":{"type":"Point","coordinates":[-73.97369384765625,9.004451561672099]},"properties":{"wikidata":"Q2330760","display_name":"埃尔班科","display_name_en":"El Banco","kind_detail":"city","population":72131,"sort_key":-469848,"match_type":"machine-transliterated"}},{"type":"Feature","geometry":{"type":"Point","coordinates":[-54.62677001953125,-26.40540063376062]},"properties":{"wikidata":"Q1325690","display_name":"埃尔多拉多","display_name_en":"Eldorado","kind_detail":"town","population":63931,"sort_key":-469848,"match_type":"machine-transliterated"}},{"type":"Feature","geometry":{"type":"Point","coordinates":[-37.437286376953125,-11.268652689854136]},"properties":{"wikidata":"Q1005942","display_name":"埃斯坦西亚","display_name_en":"Estância","kind_detail":"town","population":65078,"sort_key":-469848,"match_type":"machine-transliterated"}},{"type":"Feature","geometry":{"type":"Point","coordinates":[30.80291748046875,28.49645392766587]},"properties":{"wikidata":"Q951324","display_name":"贝尼马扎尔","display_name_en":"Beni Mazar","kind_detail":"town","population":79553,"sort_key":-469848,"match_type":"machine-transliterated"}},{"type":"Feature","geometry":{"type":"Point","coordinates":[-4.703521728515625,6.649603211327928]},"properties":{"wikidata":"Q678980","display_name":"丁博克罗","display_name_en":"Dimbokro","kind_detail":"town","population":70198,"sort_key":-469848,"match_type":"machine-transliterated"}},{"type":"Feature","geometry":{"type":"Point","coordinates":[-92.33322143554688,42.498428017321544]},"properties":{"wikidata":"Q496381","display_name":"滑铁卢","display_name_en":"Waterloo","kind_detail":"city","population":67314,"sort_key":-469848,"match_type":"machine-transliterated"}},{"type":"Feature","geometry":{"type":"Point","coordinates":[-71.24771118164062,-32.8795871730663]},"properties":{"wikidata":"Q56108","display_name":"基約塔","display_name_en":"Quillota","kind_detail":"city","population":73261,"sort_key":-469848,"geonames_id":"3874119","match_type":"name+coordinate","match_distance_km":0.438}},{"type":"Feature","geometry":{"type":"Point","coordinates":[-47.18353271484375,-1.1933036139061812]},"properties":{"wikidata":"Q1947031","display_name":"卡帕内玛","display_name_en":"Capanema","kind_detail":"town","population":70394,"sort_key":-469848,"match_type":"machine-transliterated"}},{"type":"Feature","geometry":{"type":"Point","coordinates":[-94.7406005859375,32.500496489244824]},"properties":{"wikidata":"Q852645","display_name":"朗維尤","display_name_en":"Longview","kind_detail":"city","population":81638,"sort_key":-469848,"geonames_id":"4707814","match_type":"name+coordinate","match_distance_km":0.025}},{"type":"Feature","geometry":{"type":"Point","coordinates":[30.834503173828125,-20.071410649317997]},"properties":{"wikidata":"Q601142","display_name":"马斯温戈","display_name_en":"Masvingo","kind_detail":"city","population":72527,"sort_key":-469848,"match_type":"machine-transliterated"}},{"type":"Feature","geometry":{"type":"Point","coordinates":[-52.5531005859375,-17.565483611431773]},"properties":{"wikidata":"Q1795244","display_name":"米内罗斯","display_name_en":"Mineiros","kind_detail":"town","population":70081,"sort_key":-469848,"match_type":"machine-transliterated"}},{"type":"Feature","geometry":{"type":"Point","coordinates":[-41.77825927734375,-4.273832700074507]},"properties":{"wikidata":"Q996763","display_name":"皮里皮里","display_name_en":"Piripiri","kind_detail":"city","population":65538,"sort_key":-469848,"match_type":"machine-transliterated"}},{"type":"Feature","geometry":{"type":"Point","coordinates":[-39.002838134765625,-11.661651171584865]},"properties":{"wikidata":"Q1008215","display_name":"塞林哈","display_name_en":"Serrinha","kind_detail":"town","population":80435,"sort_key":-469848,"match_type":"machine-transliterated"}},{"type":"Feature","geometry":{"type":"Point","coordinates":[-63.798980712890625,-22.518900009781632]},"properties":{"wikidata":"Q106115","display_name":"塔塔加爾","display_name_en":"Tartagal","kind_detail":"town","population":79990,"sort_key":-469848,"geonames_id":"3834601","match_type":"name+coordinate","match_distance_km":0.718}},{"type":"Feature","geometry":{"type":"Point","coordinates":[-37.05413818359375,-8.42075326241509]},"properties":{"wikidata":"Q637902","display_name":"阿尔卡沃德","display_name_en":"Arcoverde","kind_detail":"city","population":77742,"sort_key":-469847,"match_type":"machine-transliterated"}},{"type":"Feature","geometry":{"type":"Point","coordinates":[-82.55126953125,35.595902354416566]},"properties":{"wikidata":"Q648501","display_name":"阿什维尔","display_name_en":"Asheville","kind_detail":"city","population":72789,"sort_key":-469847,"geonames_id":"4453066","match_type":"name+coordinate","match_distance_km":0.614}},{"type":"Feature","geometry":{"type":"Point","coordinates":[-91.52984619140625,41.661627214308055]},"properties":{"wikidata":"Q487977","display_name":"艾奥瓦城","display_name_en":"Iowa City","kind_detail":"city","population":74828,"sort_key":-469847,"geonames_id":"4862034","match_type":"name+coordinate","match_distance_km":0.061}},{"type":"Feature","geometry":{"type":"Point","coordinates":[-55.86822509765625,-1.7671453013427367]},"properties":{"wikidata":"Q2011919","display_name":"奥里希米纳","display_name_en":"Oriximiná","kind_detail":"town","population":68294,"sort_key":-469847,"match_type":"machine-transliterated"}},{"type":"Feature","geometry":{"type":"Point","coordinates":[-49.115753173828125,-15.31200234570565]},"properties":{"wikidata":"Q988771","display_name":"戈亚内西亚","display_name_en":"Goianésia","kind_detail":"town","population":73707,"sort_key":-469847,"match_type":"machine-transliterated"}},{"type":"Feature","geometry":{"type":"Point","coordinates":[-108.07525634765625,25.458154856592074]},"properties":{"wikidata":"Q1552698","display_name":"瓜穆奇尔","display_name_en":"Guamúchil","kind_detail":"city","population":63743,"sort_key":-469847,"match_type":"machine-transliterated"}},{"type":"Feature","geometry":{"type":"Point","coordinates":[-97.6959228515625,26.191179863921278]},"properties":{"wikidata":"Q868869","display_name":"哈靈根","display_name_en":"Harlingen","kind_detail":"city","population":71829,"sort_key":-469847,"geonames_id":"4696233","match_type":"name+coordinate","match_distance_km":0.064}},{"type":"Feature","geometry":{"type":"Point","coordinates":[-80.47622680664062,25.471793464503634]},"properties":{"wikidata":"Q280557","display_name":"霍姆斯特德","display_name_en":"Homestead","kind_detail":"city","population":80737,"sort_key":-469847,"geonames_id":"4159050","match_type":"name+coordinate","match_distance_km":0.367}},{"type":"Feature","geometry":{"type":"Point","coordinates":[-81.40731811523438,28.292288977397078]},"properties":{"wikidata":"Q583894","display_name":"基西米","display_name_en":"Kissimmee","kind_detail":"city","population":79226,"sort_key":-469847,"geonames_id":"4160983","match_type":"name+coordinate","match_distance_km":1.654}},{"type":"Feature","geometry":{"type":"Point","coordinates":[-52.02301025390625,-27.23143141915171]},"properties":{"wikidata":"Q749798","display_name":"康科迪亚","display_name_en":"Concórdia","kind_detail":"town","population":81646,"sort_key":-469847,"match_type":"machine-transliterated"}},{"type":"Feature","geometry":{"type":"Point","coordinates":[-73.751220703125,18.194129834636655]},"properties":{"wikidata":"Q984786","display_name":"萊凱","display_name_en":"Les Cayes","kind_detail":"city","population":70000,"sort_key":-469847,"geonames_id":"3728097","match_type":"name+coordinate","match_distance_km":0.301}},{"type":"Feature","geometry":{"type":"Point","coordinates":[-79.14276123046875,37.413800350662896]},"properties":{"wikidata":"Q844012","display_name":"林奇堡","display_name_en":"Lynchburg","kind_detail":"city","population":79009,"sort_key":-469847,"geonames_id":"4771075","match_type":"name+coordinate","match_distance_km":0.045}},{"type":"Feature","geometry":{"type":"Point","coordinates":[39.00146484375,-13.124954649619099]},"properties":{"wikidata":"Q1027174","display_name":"蒙特普埃茲","display_name_en":"Montepuez","kind_detail":"city","population":76139,"sort_key":-469847,"geonames_id":"1037125","match_type":"name+coordinate","match_distance_km":0.201}},{"type":"Feature","geometry":{"type":"Point","coordinates":[-80.60806274414062,28.07803879633701]},"properties":{"wikidata":"Q949779","display_name":"墨爾本","display_name_en":"Melbourne","kind_detail":"city","population":76068,"sort_key":-469847,"geonames_id":"4163971","match_type":"name+coordinate","match_distance_km":0.622}},{"type":"Feature","geometry":{"type":"Point","coordinates":[-90.70449829101562,35.834515054150756]},"properties":{"wikidata":"Q61455","display_name":"琼斯伯勒","display_name_en":"Jonesboro","kind_detail":"city","population":78576,"sort_key":-469847,"geonames_id":"4116834","match_type":"name+coordinate","match_distance_km":0.866}},{"type":"Feature","geometry":{"type":"Point","coordinates":[-81.02554321289062,34.92534898410142]},"properties":{"wikidata":"Q960774","display_name":"石山","display_name_en":"Rock Hill","kind_detail":"city","population":74102,"sort_key":-469847,"match_type":"machine-transliterated"}},{"type":"Feature","geometry":{"type":"Point","coordinates":[-40.30609130859375,-12.523731220862132]},"properties":{"wikidata":"Q1800730","display_name":"伊塔贝拉巴","display_name_en":"Itaberaba","kind_detail":"town","population":65073,"sort_key":-469847,"match_type":"machine-transliterated"}},{"type":"Feature","geometry":{"type":"Point","coordinates":[-121.61727905273438,39.14071226655258]},"properties":{"wikidata":"Q169948","display_name":"尤巴城","display_name_en":"Yuba City","kind_detail":"city","population":66941,"sort_key":-469847,"geonames_id":"5411015","match_type":"name+coordinate","match_distance_km":0.043}},{"type":"Feature","geometry":{"type":"Point","coordinates":[-43.35479736328125,-3.7423009130707783]},"properties":{"wikidata":"Q746060","display_name":"查帕迪尼亚","display_name_en":"Chapadinha","kind_detail":"city","population":81386,"sort_key":-469846,"match_type":"machine-transliterated"}},{"type":"Feature","geometry":{"type":"Point","coordinates":[-89.022216796875,42.683444927250264]},"properties":{"wikidata":"Q257536","display_name":"简斯维尔","display_name_en":"Janesville","kind_detail":"city","population":65615,"sort_key":-469846,"match_type":"machine-transliterated"}},{"type":"Feature","geometry":{"type":"Point","coordinates":[-84.83505249023438,9.976965850016057]},"properties":{"wikidata":"Q30687","display_name":"蓬塔雷納斯","display_name_en":"Puntarenas","kind_detail":"city","population":70000,"sort_key":-469846,"geonames_id":"3622228","match_type":"name+coordinate","match_distance_km":0.312}},{"type":"Feature","geometry":{"type":"Point","coordinates":[91.3128662109375,53.82821782952169]},"properties":{"wikidata":"Q126758","display_name":"切尔诺戈尔斯克","display_name_en":"Chernogorsk","kind_detail":"town","population":75042,"sort_key":-469846,"match_type":"machine-transliterated"}},{"type":"Feature","geometry":{"type":"Point","coordinates":[-54.47845458984375,-27.86457444726355]},"properties":{"wikidata":"Q995326","display_name":"圣罗莎","display_name_en":"Santa Rosa","kind_detail":"town","population":76963,"sort_key":-469846,"match_type":"machine-transliterated"}},{"type":"Feature","geometry":{"type":"Point","coordinates":[-66.06216430664062,45.272953617361225]},"properties":{"wikidata":"Q203403","display_name":"圣约翰","display_name_en":"Saint John","kind_detail":"city","population":69895,"sort_key":-469846,"geonames_id":"6138517","match_type":"name+coordinate","match_distance_km":0.529}},{"type":"Feature","geometry":{"type":"Point","coordinates":[-2.418365478515625,13.580586009652322]},"properties":{"wikidata":"Q569904","display_name":"瓦希古亞","display_name_en":"Ouahigouya","kind_detail":"city","population":73153,"sort_key":-469846,"geonames_id":"2357043","match_type":"name+coordinate","match_distance_km":0.413}},{"type":"Feature","geometry":{"type":"Point","coordinates":[29.782562255859375,-28.559194693397508]},"properties":{"wikidata":"Q874262","display_name":"乌姆南比蒂","display_name_en":"uMnambithi","kind_detail":"city","population":64855,"sort_key":-469846,"match_type":"machine-transliterated"}},{"type":"Feature","geometry":{"type":"Point","coordinates":[18.25927734375,52.795288633127484]},"properties":{"wikidata":"Q378821","display_name":"伊诺弗罗茨瓦夫","display_name_en":"Inowrocław","kind_detail":"town","population":69576,"sort_key":-469846,"geonames_id":"3097872","match_type":"name+coordinate","match_distance_km":0.503}},{"type":"Feature","geometry":{"type":"Point","coordinates":[68.99551391601562,39.90762941952988]},"properties":{"wikidata":"Q936510","display_name":"伊斯塔拉夫尚","display_name_en":"Istaravshan","kind_detail":"city","population":63078,"sort_key":-469846,"geonames_id":"1220253","match_type":"name+coordinate","match_distance_km":0.986}},{"type":"Feature","geometry":{"type":"Point","coordinates":[-40.24566650390625,-15.245764774920588]},"properties":{"wikidata":"Q921827","display_name":"伊塔佩廷加","display_name_en":"Itapetinga","kind_detail":"town","population":65897,"sort_key":-469846,"match_type":"machine-transliterated"}},{"type":"Feature","geometry":{"type":"Point","coordinates":[-81.22055053710938,29.55434512574827]},"properties":{"wikidata":"Q610463","display_name":"棕榈海岸","display_name_en":"Palm Coast","kind_detail":"city","population":68013,"sort_key":-469846,"geonames_id":"4167538","match_type":"name+coordinate","match_distance_km":3.62}},{"type":"Feature","geometry":{"type":"Point","coordinates":[-88.1982421875,17.50000888125446]},"properties":{"wikidata":"Q108223","display_name":"伯利兹市","display_name_en":"Belize City","kind_detail":"city","population":63999,"sort_key":-469845,"geonames_id":"3582677","match_type":"name+coordinate","match_distance_km":0.09}},{"type":"Feature","geometry":{"type":"Point","coordinates":[-88.99337768554688,40.47933685694761]},"properties":{"wikidata":"Q577802","display_name":"布卢明顿","display_name_en":"Bloomington","kind_detail":"city","population":76610,"sort_key":-469845,"geonames_id":"4885164","match_type":"name+coordinate","match_distance_km":0.541}},{"type":"Feature","geometry":{"type":"Point","coordinates":[153.54629516601562,-28.182191374336973]},"properties":{"wikidata":"Q606344","display_name":"堤維德岬","display_name_en":"Tweed Heads","kind_detail":"town","population":63721,"sort_key":-469845,"geonames_id":"2145765","match_type":"name+coordinate","match_distance_km":0.619}},{"type":"Feature","geometry":{"type":"Point","coordinates":[-111.75430297851562,32.8772805268554]},"properties":{"wikidata":"Q79889","display_name":"卡萨格兰德","display_name_en":"Casa Grande","kind_detail":"city","population":70156,"sort_key":-469845,"geonames_id":"5288636","match_type":"name+coordinate","match_distance_km":0.377}},{"type":"Feature","geometry":{"type":"Point","coordinates":[-63.244171142578125,-32.410110328024494]},"properties":{"wikidata":"Q2525523","display_name":"瑪麗亞鎮","display_name_en":"Villa María","kind_detail":"town","population":80006,"sort_key":-469845,"geonames_id":"3832694","match_type":"name+coordinate","match_distance_km":0.475}},{"type":"Feature","geometry":{"type":"Point","coordinates":[-95.19515991210938,16.183024099477564]},"properties":{"wikidata":"Q1640261","display_name":"萨利纳克鲁斯","display_name_en":"Salina Cruz","kind_detail":"city","population":76660,"sort_key":-469845,"geonames_id":"3520064","match_type":"name+coordinate","match_distance_km":0.859}},{"type":"Feature","geometry":{"type":"Point","coordinates":[95.679931640625,16.28850594396306]},"properties":{"wikidata":"Q3411169","display_name":"豎榜","display_name_en":"Pyapon","kind_detail":"town","population":65601,"sort_key":-469845,"geonames_id":"1299237","match_type":"name+coordinate","match_distance_km":0.362}},{"type":"Feature","geometry":{"type":"Point","coordinates":[-13.668365478515625,13.76873115471102]},"properties":{"wikidata":"Q977305","display_name":"坦巴昆達","display_name_en":"Tambacounda","kind_detail":"city","population":78800,"sort_key":-469845,"geonames_id":"2244991","match_type":"name+coordinate","match_distance_km":0.248}},{"type":"Feature","geometry":{"type":"Point","coordinates":[-76.00067138671875,-9.298662104222686]},"properties":{"wikidata":"Q1974467","display_name":"廷戈瑪麗亞","display_name_en":"Tingo María","kind_detail":"town","population":64964,"sort_key":-469845,"geonames_id":"3691348","match_type":"name+coordinate","match_distance_km":0.656}},{"type":"Feature","geometry":{"type":"Point","coordinates":[-48.324737548828125,-21.252261980810374]},"properties":{"wikidata":"Q938162","display_name":"雅博蒂卡巴尔","display_name_en":"Jaboticabal","kind_detail":"town","population":71821,"sort_key":-469845,"geonames_id":"3460441","match_type":"name+coordinate","match_distance_km":0.378}},{"type":"Feature","geometry":{"type":"Point","coordinates":[-78.32015991210938,44.30517845579422]},"properties":{"wikidata":"Q776930","display_name":"彼得堡","display_name_en":"Peterborough","kind_detail":"city","population":81032,"sort_key":-469844,"geonames_id":"6101645","match_type":"name+coordinate","match_distance_km":0.644}},{"type":"Feature","geometry":{"type":"Point","coordinates":[39.532928466796875,9.67521483254319]},"properties":{"wikidata":"Q1181637","display_name":"德保贝尔韩","display_name_en":"Debre Birhan","kind_detail":"city","population":73697,"sort_key":-469844,"geonames_id":"339734","match_type":"name+coordinate","match_distance_km":0.482}},{"type":"Feature","geometry":{"type":"Point","coordinates":[-77.431640625,34.7506398050501]},"properties":{"wikidata":"Q986369","display_name":"杰克逊维尔","display_name_en":"Jacksonville","kind_detail":"city","population":72723,"sort_key":-469844,"match_type":"machine-transliterated"}},{"type":"Feature","geometry":{"type":"Point","coordinates":[-98.97171020507812,22.740723091194724]},"properties":{"wikidata":"Q736594","display_name":"曼特","display_name_en":"Ciudad Mante","kind_detail":"city","population":79515,"sort_key":-469844,"match_type":"machine-transliterated"}},{"type":"Feature","geometry":{"type":"Point","coordinates":[-63.757781982421875,-35.65952786487722]},"properties":{"wikidata":"Q58349","display_name":"皮科將軍鎮","display_name_en":"General Pico","kind_detail":"town","population":67138,"sort_key":-469844,"geonames_id":"3855075","match_type":"name+coordinate","match_distance_km":0.027}},{"type":"Feature","geometry":{"type":"Point","coordinates":[-73.82125854492188,5.622819276089743]},"properties":{"wikidata":"Q951897","display_name":"奇金基拉","display_name_en":"Chiquinquirá","kind_detail":"town","population":66203,"sort_key":-469844,"match_type":"machine-transliterated"}},{"type":"Feature","geometry":{"type":"Point","coordinates":[-54.2669677734375,-28.299544165609092]},"properties":{"wikidata":"Q824031","display_name":"圣安热卢","display_name_en":"Santo Ângelo","kind_detail":"city","population":76917,"sort_key":-469844,"geonames_id":"3449696","match_type":"name+coordinate","match_distance_km":0.385}},{"type":"Feature","geometry":{"type":"Point","coordinates":[-74.00390625,45.77805962008006]},"properties":{"wikidata":"Q141724","display_name":"圣热罗姆","display_name_en":"Saint-Jérôme","kind_detail":"city","population":68456,"sort_key":-469844,"match_type":"machine-transliterated"}},{"type":"Feature","geometry":{"type":"Point","coordinates":[-94.84634399414062,39.76843641083843]},"properties":{"wikidata":"Q745120","display_name":"圣约瑟夫","display_name_en":"Saint Joseph","kind_detail":"city","population":76780,"sort_key":-469844,"match_type":"machine-transliterated"}},{"type":"Feature","geometry":{"type":"Point","coordinates":[-82.353515625,36.31623169903713]},"properties":{"wikidata":"Q770571","display_name":"約翰遜城","display_name_en":"Johnson City","kind_detail":"city","population":71046,"sort_key":-469844,"geonames_id":"4633419","match_type":"name+coordinate","match_distance_km":0.31}},{"type":"Feature","geometry":{"type":"Point","coordinates":[-86.44317626953125,36.99268153210721]},"properties":{"wikidata":"Q694545","display_name":"鮑靈格林","display_name_en":"Bowling Green","kind_detail":"city","population":72294,"sort_key":-469843,"geonames_id":"4285268","match_type":"name+coordinate","match_distance_km":0.265}},{"type":"Feature","geometry":{"type":"Point","coordinates":[-72.50152587890625,45.88618457602257]},"properties":{"wikidata":"Q141940","display_name":"德拉蒙市","display_name_en":"Drummondville","kind_detail":"city","population":79258,"sort_key":-469843,"geonames_id":"5942845","match_type":"name+coordinate","match_distance_km":1.513}},{"type":"Feature","geometry":{"type":"Point","coordinates":[-50.250091552734375,-20.28280869133006]},"properties":{"wikidata":"Q1648179","display_name":"费尔南多波利斯","display_name_en":"Fernandópolis","kind_detail":"town","population":71186,"sort_key":-469843,"match_type":"machine-transliterated"}},{"type":"Feature","geometry":{"type":"Point","coordinates":[-90.48202514648438,38.7840634951429]},"properties":{"wikidata":"Q773432","display_name":"圣查尔斯","display_name_en":"Saint Charles","kind_detail":"city","population":70329,"sort_key":-469843,"match_type":"machine-transliterated"}},{"type":"Feature","geometry":{"type":"Point","coordinates":[-50.631866455078125,-24.328327888566776]},"properties":{"wikidata":"Q391843","display_name":"特莱马库博尔巴","display_name_en":"Telêmaco Borba","kind_detail":"town","population":75042,"sort_key":-469842,"geonames_id":"3446652","match_type":"name+coordinate","match_distance_km":1.724}},{"type":"Feature","geometry":{"type":"Point","coordinates":[39.461517333984375,14.277692206432476]},"properties":{"wikidata":"Q357101","display_name":"阿迪格拉特","display_name_en":"Adigrat","kind_detail":"town","population":71453,"sort_key":-469841,"match_type":"machine-transliterated"}},{"type":"Feature","geometry":{"type":"Point","coordinates":[-52.261962890625,-15.891338471591837]},"properties":{"wikidata":"Q577720","display_name":"巴拉-杜加萨斯","display_name_en":"Barra do Garças","kind_detail":"city","population":69210,"sort_key":-469841,"geonames_id":"3470709","match_type":"name+coordinate","match_distance_km":0.585}},{"type":"Feature","geometry":{"type":"Point","coordinates":[19.145050048828125,48.73536111738082]},"properties":{"wikidata":"Q144983","display_name":"班斯卡-比斯特里察","display_name_en":"Banská Bystrica","kind_detail":"city","population":80466,"sort_key":-469841,"geonames_id":"3061186","match_type":"name+coordinate","match_distance_km":0.554}},{"type":"Feature","geometry":{"type":"Point","coordinates":[-40.189361572265625,-10.460803738006561]},"properties":{"wikidata":"Q1808316","display_name":"邦芬市参议员","display_name_en":"Senhor do Bonfim","kind_detail":"city","population":74523,"sort_key":-469840,"match_type":"machine-transliterated"}},{"type":"Feature","geometry":{"type":"Point","coordinates":[-52.889556884765625,-30.047699084516942]},"properties":{"wikidata":"Q166378","display_name":"南卡舒埃拉","display_name_en":"Cachoeira do Sul","kind_detail":"town","population":80070,"sort_key":-469840,"match_type":"machine-transliterated"}},{"type":"Feature","geometry":{"type":"Point","coordinates":[-43.406982421875,-13.257323125615727]},"properties":{"wikidata":"Q891727","display_name":"仁慈达拉帕","display_name_en":"Bom Jesus da Lapa","kind_detail":"city","population":65550,"sort_key":-469839,"match_type":"machine-transliterated"}},{"type":"Feature","geometry":{"type":"Point","coordinates":[-64.86740112304688,-24.23193793300139]},"properties":{"wikidata":"Q1020263","display_name":"圣佩德罗德胡胡伊","display_name_en":"San Pedro de Jujuy","kind_detail":"town","population":71000,"sort_key":-469838,"match_type":"machine-transliterated"}},{"type":"Feature","geometry":{"type":"Point","coordinates":[42.703857421875,11.155497934661454]},"properties":{"wikidata":"Q842854","display_name":"阿里萨比耶","display_name_en":"Ali Sabieh","kind_detail":"town","population":71230,"sort_key":-469837,"match_type":"machine-transliterated"}},{"type":"Feature","geometry":{"type":"Point","coordinates":[-75.12176513671875,9.717178696853324]},"properties":{"wikidata":"Q1323930","display_name":"埃尔卡门玻利瓦尔","display_name_en":"El Carmen de Bolívar","kind_detail":"city","population":79131,"sort_key":-469836,"match_type":"machine-transliterated"}},{"type":"Feature","geometry":{"type":"Point","coordinates":[68.8128662109375,42.432579468147054]},"properties":{"wikidata":"Q718108","display_name":"阿雷西","display_name_en":"Arys","kind_detail":"city","population":52123,"sort_key":-469820,"geonames_id":"1526168","match_type":"name+coordinate","match_distance_km":0.436}},{"type":"Feature","geometry":{"type":"Point","coordinates":[-36.9140625,-5.583184111989695]},"properties":{"wikidata":"Q1788873","display_name":"阿苏","display_name_en":"Assu","kind_detail":"city","population":56496,"sort_key":-469820,"match_type":"machine-transliterated"}},{"type":"Feature","geometry":{"type":"Point","coordinates":[-59.863128662109375,-36.77739245078275]},"properties":{"wikidata":"Q54118","display_name":"阿蘇爾","display_name_en":"Azul","kind_detail":"town","population":55728,"sort_key":-469820,"geonames_id":"3436199","match_type":"name+coordinate","match_distance_km":0.42}},{"type":"Feature","geometry":{"type":"Point","coordinates":[9.185943603515625,36.72347538145932]},"properties":{"wikidata":"Q814982","display_name":"巴杰","display_name_en":"Béja","kind_detail":"city","population":57000,"sort_key":-469820,"geonames_id":"2472774","match_type":"name+coordinate","match_distance_km":0.449}},{"type":"Feature","geometry":{"type":"Point","coordinates":[-9.48944091796875,13.040682977573553]},"properties":{"wikidata":"Q578014","display_name":"北区","display_name_en":"Kita","kind_detail":"city","population":54548,"sort_key":-469820,"match_type":"machine-transliterated"}},{"type":"Feature","geometry":{"type":"Point","coordinates":[22.9010009765625,45.881404727599374]},"properties":{"wikidata":"Q204850","display_name":"德瓦","display_name_en":"Deva","kind_detail":"city","population":61123,"sort_key":-469820,"geonames_id":"679452","match_type":"name+coordinate","match_distance_km":0.228}},{"type":"Feature","geometry":{"type":"Point","coordinates":[-13.58184814453125,10.363554996652653]},"properties":{"wikidata":"Q1456064","display_name":"弗里亚","display_name_en":"Fria","kind_detail":"city","population":61582,"sort_key":-469820,"match_type":"machine-transliterated"}},{"type":"Feature","geometry":{"type":"Point","coordinates":[-1.083526611328125,13.08616650573326]},"properties":{"wikidata":"Q766464","display_name":"卡亞","display_name_en":"Kaya","kind_detail":"city","population":54365,"sort_key":-469820,"geonames_id":"2359608","match_type":"name+coordinate","match_distance_km":0.238}},{"type":"Feature","geometry":{"type":"Point","coordinates":[23.4228515625,-19.98625515538231]},"properties":{"wikidata":"Q170732","display_name":"馬翁","display_name_en":"Maun","kind_detail":"city","population":55784,"sort_key":-469820,"geonames_id":"933366","match_type":"name+coordinate","match_distance_km":0.723}},{"type":"Feature","geometry":{"type":"Point","coordinates":[-54.169464111328125,-32.368363067704706]},"properties":{"wikidata":"Q738250","display_name":"梅洛","display_name_en":"Melo","kind_detail":"city","population":55985,"sort_key":-469820,"geonames_id":"3441702","match_type":"name+coordinate","match_distance_km":0.505}},{"type":"Feature","geometry":{"type":"Point","coordinates":[-40.29510498046875,-6.001264710802943]},"properties":{"wikidata":"Q2021015","display_name":"陶阿","display_name_en":"Tauá","kind_detail":"city","population":61227,"sort_key":-469820,"match_type":"machine-transliterated"}},{"type":"Feature","geometry":{"type":"Point","coordinates":[-97.87857055664062,36.39696752441776]},"properties":{"wikidata":"Q984361","display_name":"伊妮德","display_name_en":"Enid","kind_detail":"city","population":49379,"sort_key":-469820,"match_type":"machine-transliterated"}},{"type":"Feature","geometry":{"type":"Point","coordinates":[7.205657958984375,53.36694299516134]},"properties":{"wikidata":"Q4174","display_name":"埃姆登","display_name_en":"Emden","kind_detail":"town","population":50535,"sort_key":-469819,"geonames_id":"2930596","match_type":"name+coordinate","match_distance_km":0.218}},{"type":"Feature","geometry":{"type":"Point","coordinates":[-72.70889282226562,-37.79893346559686]},"properties":{"wikidata":"Q3608","display_name":"安戈爾","display_name_en":"Angol","kind_detail":"city","population":48608,"sort_key":-469819,"geonames_id":"3899629","match_type":"name+coordinate","match_distance_km":0.777}},{"type":"Feature","geometry":{"type":"Point","coordinates":[-82.14065551757812,29.186936109035273]},"properties":{"wikidata":"Q918195","display_name":"奥卡拉","display_name_en":"Ocala","kind_detail":"city","population":60786,"sort_key":-469819,"geonames_id":"4166673","match_type":"name+coordinate","match_distance_km":0.062}},{"type":"Feature","geometry":{"type":"Point","coordinates":[-0.24169921875,11.061168610937472]},"properties":{"wikidata":"Q812036","display_name":"巴乌库","display_name_en":"Bawku","kind_detail":"town","population":61000,"sort_key":-469819,"match_type":"machine-transliterated"}},{"type":"Feature","geometry":{"type":"Point","coordinates":[12.613677978515625,13.313457732365691]},"properties":{"wikidata":"Q990527","display_name":"迪法","display_name_en":"Diffa","kind_detail":"city","population":48005,"sort_key":-469819,"match_type":"machine-transliterated"}},{"type":"Feature","geometry":{"type":"Point","coordinates":[23.547821044921875,43.20317378210581]},"properties":{"wikidata":"Q189502","display_name":"弗拉察","display_name_en":"Vratsa","kind_detail":"city","population":60877,"sort_key":-469819,"geonames_id":"725712","match_type":"name+coordinate","match_distance_km":1.485}},{"type":"Feature","geometry":{"type":"Point","coordinates":[78.08120727539062,10.96006778449538]},"properties":{"wikidata":"Q817218","display_name":"卡鲁尔","display_name_en":"Karur","kind_detail":"city","population":50000,"sort_key":-469819,"geonames_id":"1267648","match_type":"name+coordinate","match_distance_km":0.264}},{"type":"Feature","geometry":{"type":"Point","coordinates":[-37.096710205078125,-6.459963649324919]},"properties":{"wikidata":"Q1751350","display_name":"凯科","display_name_en":"Caicó","kind_detail":"city","population":61146,"sort_key":-469819,"geonames_id":"3404117","match_type":"name+coordinate","match_distance_km":0.217}},{"type":"Feature","geometry":{"type":"Point","coordinates":[24.88677978515625,41.13833032693901]},"properties":{"wikidata":"Q210296","display_name":"克桑西","display_name_en":"Xanthi","kind_detail":"city","population":52000,"sort_key":-469819,"match_type":"machine-transliterated"}},{"type":"Feature","geometry":{"type":"Point","coordinates":[-111.8353271484375,41.73135491005644]},"properties":{"wikidata":"Q482657","display_name":"洛根","display_name_en":"Logan","kind_detail":"city","population":54680,"sort_key":-469819,"geonames_id":"5777544","match_type":"name+coordinate","match_distance_km":0.466}},{"type":"Feature","geometry":{"type":"Point","coordinates":[-57.71942138671875,-3.3790819323419754]},"properties":{"wikidata":"Q1808581","display_name":"莫埃斯","display_name_en":"Maués","kind_detail":"town","population":61204,"sort_key":-469819,"match_type":"machine-transliterated"}},{"type":"Feature","geometry":{"type":"Point","coordinates":[-76.64886474609375,1.1466214547504308]},"properties":{"wikidata":"Q579803","display_name":"莫科阿","display_name_en":"Mocoa","kind_detail":"town","population":56398,"sort_key":-469819,"geonames_id":"3674654","match_type":"name+coordinate","match_distance_km":0.778}},{"type":"Feature","geometry":{"type":"Point","coordinates":[-78.62640380859375,22.107271133355596]},"properties":{"wikidata":"Q959528","display_name":"莫隆","display_name_en":"Morón","kind_detail":"city","population":59371,"sort_key":-469819,"geonames_id":"3546434","match_type":"name+coordinate","match_distance_km":0.177}},{"type":"Feature","geometry":{"type":"Point","coordinates":[-71.42074584960938,18.479609055831972]},"properties":{"wikidata":"Q2107258","display_name":"内场","display_name_en":"Neiba","kind_detail":"city","population":53605,"sort_key":-469819,"match_type":"machine-transliterated"}},{"type":"Feature","geometry":{"type":"Point","coordinates":[48.79302978515625,15.944163832440665]},"properties":{"wikidata":"Q2320876","display_name":"赛云","display_name_en":"Say'un","kind_detail":"city","population":48037,"sort_key":-469819,"match_type":"machine-transliterated"}},{"type":"Feature","geometry":{"type":"Point","coordinates":[143.72177124023438,-5.491602996978486]},"properties":{"wikidata":"Q2482803","display_name":"瓦巴格","display_name_en":"Wabag","kind_detail":"city","population":55489,"sort_key":-469819,"match_type":"machine-transliterated"}},{"type":"Feature","geometry":{"type":"Point","coordinates":[-46.13983154296875,-1.2042875373651754]},"properties":{"wikidata":"Q772569","display_name":"维塞乌","display_name_en":"Viseu","kind_detail":"town","population":58692,"sort_key":-469819,"match_type":"machine-transliterated"}},{"type":"Feature","geometry":{"type":"Point","coordinates":[-45,-3.210446402552293]},"properties":{"wikidata":"Q2106072","display_name":"维亚纳","display_name_en":"Viana","kind_detail":"town","population":51442,"sort_key":-469819,"match_type":"machine-transliterated"}},{"type":"Feature","geometry":{"type":"Point","coordinates":[42.180633544921875,55.31898735045462]},"properties":{"wikidata":"Q134163","display_name":"維克薩","display_name_en":"Vyksa","kind_detail":"town","population":53628,"sort_key":-469819,"geonames_id":"470444","match_type":"name+coordinate","match_distance_km":0.454}},{"type":"Feature","geometry":{"type":"Point","coordinates":[-0.004119873046875,9.446352499964974]},"properties":{"wikidata":"Q639066","display_name":"延迪","display_name_en":"Yendi","kind_detail":"city","population":52008,"sort_key":-469819,"match_type":"machine-transliterated"}},{"type":"Feature","geometry":{"type":"Point","coordinates":[-50.64971923828125,-25.46931383261247]},"properties":{"wikidata":"Q2064763","display_name":"伊拉蒂","display_name_en":"Irati","kind_detail":"town","population":59250,"sort_key":-469819,"match_type":"machine-transliterated"}},{"type":"Feature","geometry":{"type":"Point","coordinates":[-8.653106689453125,40.64000942809261]},"properties":{"wikidata":"Q485581","display_name":"阿威罗","display_name_en":"Aveiro","kind_detail":"city","population":60058,"sort_key":-469818,"match_type":"machine-transliterated"}},{"type":"Feature","geometry":{"type":"Point","coordinates":[-123.10592651367188,44.63641403674046]},"properties":{"wikidata":"Q516817","display_name":"奥尔巴尼","display_name_en":"Albany","kind_detail":"city","population":54453,"sort_key":-469818,"geonames_id":"5710756","match_type":"name+coordinate","match_distance_km":0.011}},{"type":"Feature","geometry":{"type":"Point","coordinates":[-42.2918701171875,-4.245073244271893]},"properties":{"wikidata":"Q808836","display_name":"巴拉斯","display_name_en":"Barras","kind_detail":"city","population":47938,"sort_key":-469818,"match_type":"machine-transliterated"}},{"type":"Feature","geometry":{"type":"Point","coordinates":[29.466705322265625,-26.457049709336474]},"properties":{"wikidata":"Q747174","display_name":"贝瑟尔","display_name_en":"Bethal","kind_detail":"town","population":60779,"sort_key":-469818,"match_type":"machine-transliterated"}},{"type":"Feature","geometry":{"type":"Point","coordinates":[-48.9276123046875,-20.022387362780307]},"properties":{"wikidata":"Q1790819","display_name":"残酷的","display_name_en":"Frutal","kind_detail":"town","population":58588,"sort_key":-469818,"match_type":"machine-transliterated"}},{"type":"Feature","geometry":{"type":"Point","coordinates":[-119.24697875976562,35.7688006602384]},"properties":{"wikidata":"Q775868","display_name":"德拉诺","display_name_en":"Delano","kind_detail":"city","population":53819,"sort_key":-469818,"geonames_id":"5342485","match_type":"name+coordinate","match_distance_km":0.008}},{"type":"Feature","geometry":{"type":"Point","coordinates":[-40.82794189453125,-3.1213187277805474]},"properties":{"wikidata":"Q2028672","display_name":"格兰哈","display_name_en":"Granja","kind_detail":"town","population":53344,"sort_key":-469818,"match_type":"machine-transliterated"}},{"type":"Feature","geometry":{"type":"Point","coordinates":[24.41162109375,40.93737754505716]},"properties":{"wikidata":"Q187352","display_name":"卡瓦拉","display_name_en":"Kavala","kind_detail":"city","population":54027,"sort_key":-469818,"geonames_id":"735861","match_type":"name+coordinate","match_distance_km":0.469}},{"type":"Feature","geometry":{"type":"Point","coordinates":[145.7720947265625,-7.959957361963703]},"properties":{"wikidata":"Q1280242","display_name":"凯雷马","display_name_en":"Kerema","kind_detail":"city","population":55689,"sort_key":-469818,"match_type":"machine-transliterated"}},{"type":"Feature","geometry":{"type":"Point","coordinates":[23.047943115234375,-34.03559064991931]},"properties":{"wikidata":"Q251137","display_name":"克尼斯納","display_name_en":"Knysna","kind_detail":"town","population":51078,"sort_key":-469818,"geonames_id":"988698","match_type":"name+coordinate","match_distance_km":0.106}},{"type":"Feature","geometry":{"type":"Point","coordinates":[-8.806915283203125,39.74415422820843]},"properties":{"wikidata":"Q206933","display_name":"莱里亚","display_name_en":"Leiria","kind_detail":"city","population":55074,"sort_key":-469818,"match_type":"machine-transliterated"}},{"type":"Feature","geometry":{"type":"Point","coordinates":[-6.3446044921875,38.91775003153069]},"properties":{"wikidata":"Q14323","display_name":"梅里达","display_name_en":"Mérida","kind_detail":"city","population":58862,"sort_key":-469818,"match_type":"machine-transliterated"}},{"type":"Feature","geometry":{"type":"Point","coordinates":[-51.988677978515625,-26.48409474624507]},"properties":{"wikidata":"Q928397","display_name":"帕尔马斯","display_name_en":"Palmas","kind_detail":"town","population":48247,"sort_key":-469818,"geonames_id":"3455459","match_type":"name+coordinate","match_distance_km":0.187}},{"type":"Feature","geometry":{"type":"Point","coordinates":[13.46099853515625,48.57478991092887]},"properties":{"wikidata":"Q4190","display_name":"帕绍","display_name_en":"Passau","kind_detail":"town","population":54401,"sort_key":-469818,"geonames_id":"2855328","match_type":"name+coordinate","match_distance_km":2.377}},{"type":"Feature","geometry":{"type":"Point","coordinates":[-36.58172607421875,-10.28789619708894]},"properties":{"wikidata":"Q1772658","display_name":"佩内多","display_name_en":"Penedo","kind_detail":"town","population":58593,"sort_key":-469818,"match_type":"machine-transliterated"}},{"type":"Feature","geometry":{"type":"Point","coordinates":[-94.51400756835938,37.083666782415534]},"properties":{"wikidata":"Q317865","display_name":"乔普林","display_name_en":"Joplin","kind_detail":"city","population":51762,"sort_key":-469818,"geonames_id":"4392768","match_type":"name+coordinate","match_distance_km":0.09}},{"type":"Feature","geometry":{"type":"Point","coordinates":[-97.61077880859375,38.840777266716515]},"properties":{"wikidata":"Q1650620","display_name":"萨利纳","display_name_en":"Salina","kind_detail":"city","population":47707,"sort_key":-469818,"match_type":"machine-transliterated"}},{"type":"Feature","geometry":{"type":"Point","coordinates":[23.5491943359375,41.09073722135946]},"properties":{"wikidata":"Q206957","display_name":"塞雷","display_name_en":"Serres","kind_detail":"city","population":56000,"sort_key":-469818,"geonames_id":"734330","match_type":"name+coordinate","match_distance_km":0.653}},{"type":"Feature","geometry":{"type":"Point","coordinates":[33.6456298828125,-9.255291572276604]},"properties":{"wikidata":"Q995249","display_name":"图库尤","display_name_en":"Tukuyu","kind_detail":"town","population":50000,"sort_key":-469818,"match_type":"machine-transliterated"}},{"type":"Feature","geometry":{"type":"Point","coordinates":[-38.788604736328125,-10.969505328558824]},"properties":{"wikidata":"Q22062855","display_name":"圖卡諾","display_name_en":"Tucano","kind_detail":"town","population":48736,"sort_key":-469818,"geonames_id":"3445983","match_type":"name+coordinate","match_distance_km":1.284}},{"type":"Feature","geometry":{"type":"Point","coordinates":[21.40960693359375,38.62438108975155]},"properties":{"wikidata":"Q396807","display_name":"阿格里尼奥","display_name_en":"Agrinio","kind_detail":"city","population":54253,"sort_key":-469817,"match_type":"machine-transliterated"}},{"type":"Feature","geometry":{"type":"Point","coordinates":[-85.97625732421875,41.6821432072565]},"properties":{"wikidata":"Q2008706","display_name":"埃尔克哈特","display_name_en":"Elkhart","kind_detail":"city","population":53923,"sort_key":-469817,"geonames_id":"4919987","match_type":"name+coordinate","match_distance_km":0.038}},{"type":"Feature","geometry":{"type":"Point","coordinates":[48.45245361328125,-13.682016255861555]},"properties":{"wikidata":"Q456642","display_name":"安巴尼亚","display_name_en":"Ambanja","kind_detail":"town","population":60321,"sort_key":-469817,"match_type":"machine-transliterated"}},{"type":"Feature","geometry":{"type":"Point","coordinates":[34.56024169921875,0.5699063737152983]},"properties":{"wikidata":"Q996851","display_name":"邦戈玛","display_name_en":"Bungoma","kind_detail":"town","population":60000,"sort_key":-469817,"match_type":"machine-transliterated"}},{"type":"Feature","geometry":{"type":"Point","coordinates":[-90.6646728515625,42.50045302812558]},"properties":{"wikidata":"Q493794","display_name":"迪比克","display_name_en":"Dubuque","kind_detail":"city","population":59667,"sort_key":-469817,"match_type":"machine-transliterated"}},{"type":"Feature","geometry":{"type":"Point","coordinates":[-88.15292358398438,21.14343050391291]},"properties":{"wikidata":"Q2085590","display_name":"蒂济明","display_name_en":"Tizimín","kind_detail":"city","population":52593,"sort_key":-469817,"match_type":"machine-transliterated"}},{"type":"Feature","geometry":{"type":"Point","coordinates":[-0.770416259765625,6.552745970448981]},"properties":{"wikidata":"Q1025019","display_name":"恩考考","display_name_en":"Nkawkaw","kind_detail":"town","population":61785,"sort_key":-469817,"match_type":"machine-transliterated"}},{"type":"Feature","geometry":{"type":"Point","coordinates":[-46.7193603515625,-21.308566738068066]},"properties":{"wikidata":"Q1791417","display_name":"瓜苏佩","display_name_en":"Guaxupé","kind_detail":"town","population":50911,"sort_key":-469817,"match_type":"machine-transliterated"}},{"type":"Feature","geometry":{"type":"Point","coordinates":[23.594512939453125,38.46219172306829]},"properties":{"wikidata":"Q200133","display_name":"哈尔基斯","display_name_en":"Chalkida","kind_detail":"city","population":59125,"sort_key":-469817,"match_type":"machine-transliterated"}},{"type":"Feature","geometry":{"type":"Point","coordinates":[-51.807403564453125,-30.85272140721844]},"properties":{"wikidata":"Q986275","display_name":"卡马宽","display_name_en":"Camaquã","kind_detail":"town","population":62200,"sort_key":-469817,"match_type":"machine-transliterated"}},{"type":"Feature","geometry":{"type":"Point","coordinates":[-40.843048095703125,-2.9005242310204977]},"properties":{"wikidata":"Q1807057","display_name":"卡莫辛","display_name_en":"Camocim","kind_detail":"town","population":62326,"sort_key":-469817,"match_type":"machine-transliterated"}},{"type":"Feature","geometry":{"type":"Point","coordinates":[-44.136199951171875,-4.128655051615894]},"properties":{"wikidata":"Q967552","display_name":"科罗阿塔","display_name_en":"Coroatá","kind_detail":"town","population":59566,"sort_key":-469817,"match_type":"machine-transliterated"}},{"type":"Feature","geometry":{"type":"Point","coordinates":[-83.29147338867188,42.63901013966964]},"properties":{"wikidata":"Q847596","display_name":"庞蒂亚克","display_name_en":"Pontiac","kind_detail":"city","population":61606,"sort_key":-469817,"geonames_id":"5006166","match_type":"name+coordinate","match_distance_km":0.036}},{"type":"Feature","geometry":{"type":"Point","coordinates":[59.777984619140625,42.93330147830858]},"properties":{"wikidata":"Q1073108","display_name":"钦贝","display_name_en":"Chimbay","kind_detail":"town","population":53301,"sort_key":-469817,"match_type":"machine-transliterated"}},{"type":"Feature","geometry":{"type":"Point","coordinates":[77.02377319335938,28.994928377910725]},"properties":{"wikidata":"Q41561","display_name":"索尼帕特","display_name_en":"Sonipat","kind_detail":"city","population":50000,"sort_key":-469817,"match_type":"machine-transliterated"}},{"type":"Feature","geometry":{"type":"Point","coordinates":[37.335662841796875,-11.04229909402936]},"properties":{"wikidata":"Q1514015","display_name":"通杜鲁","display_name_en":"Tunduru","kind_detail":"town","population":50054,"sort_key":-469817,"match_type":"machine-transliterated"}},{"type":"Feature","geometry":{"type":"Point","coordinates":[-71.22711181640625,-14.272368653250624]},"properties":{"wikidata":"Q4419079","display_name":"西瓜尼","display_name_en":"Sicuani","kind_detail":"town","population":55269,"sort_key":-469817,"match_type":"machine-transliterated"}},{"type":"Feature","geometry":{"type":"Point","coordinates":[15.590972900390625,49.39578130416868]},"properties":{"wikidata":"Q183111","display_name":"伊赫拉瓦","display_name_en":"Jihlava","kind_detail":"city","population":50108,"sort_key":-469817,"match_type":"machine-transliterated"}},{"type":"Feature","geometry":{"type":"Point","coordinates":[-49.500274658203125,-16.360991833752678]},"properties":{"wikidata":"Q986245","display_name":"因胡马斯","display_name_en":"Inhumas","kind_detail":"town","population":52204,"sort_key":-469817,"match_type":"machine-transliterated"}},{"type":"Feature","geometry":{"type":"Point","coordinates":[-82.76275634765625,22.812896580140574]},"properties":{"wikidata":"Q115006","display_name":"阿尔特米萨","display_name_en":"Artemisa","kind_detail":"city","population":48897,"sort_key":-469816,"match_type":"machine-transliterated"}},{"type":"Feature","geometry":{"type":"Point","coordinates":[-84.21432495117188,10.016186663919896]},"properties":{"wikidata":"Q37104","display_name":"阿拉胡埃拉","display_name_en":"Alajuela","kind_detail":"city","population":50000,"sort_key":-469816,"geonames_id":"3624955","match_type":"name+coordinate","match_distance_km":0.208}},{"type":"Feature","geometry":{"type":"Point","coordinates":[-57.052001953125,-23.344777597600157]},"properties":{"wikidata":"Q2639236","display_name":"奥尔克塔","display_name_en":"Horqueta","kind_detail":"town","population":55882,"sort_key":-469816,"match_type":"machine-transliterated"}},{"type":"Feature","geometry":{"type":"Point","coordinates":[-47.5927734375,-20.893456531410706]},"properties":{"wikidata":"Q650500","display_name":"巴塔泰斯","display_name_en":"Batatais","kind_detail":"town","population":58402,"sort_key":-469816,"match_type":"machine-transliterated"}},{"type":"Feature","geometry":{"type":"Point","coordinates":[-89.8736572265625,35.2041112343242]},"properties":{"wikidata":"Q809451","display_name":"巴特利特","display_name_en":"Bartlett","kind_detail":"town","population":58579,"sort_key":-469816,"match_type":"machine-transliterated"}},{"type":"Feature","geometry":{"type":"Point","coordinates":[-43.812103271484375,-17.115855131948692]},"properties":{"wikidata":"Q1756928","display_name":"博卡尤瓦","display_name_en":"Bocaiuva","kind_detail":"town","population":48032,"sort_key":-469816,"match_type":"machine-transliterated"}},{"type":"Feature","geometry":{"type":"Point","coordinates":[-7.483062744140625,11.41945638671595]},"properties":{"wikidata":"Q848574","display_name":"布古尼","display_name_en":"Bougouni","kind_detail":"city","population":59679,"sort_key":-469816,"match_type":"machine-transliterated"}},{"type":"Feature","geometry":{"type":"Point","coordinates":[-43.0224609375,-6.766897665279359]},"properties":{"wikidata":"Q2008644","display_name":"弗洛里亚努","display_name_en":"Floriano","kind_detail":"city","population":62036,"sort_key":-469816,"geonames_id":"3399506","match_type":"name+coordinate","match_distance_km":0.006}},{"type":"Feature","geometry":{"type":"Point","coordinates":[-85.36514282226562,12.106466402018583]},"properties":{"wikidata":"Q1025801","display_name":"胡加尔帕","display_name_en":"Juigalpa","kind_detail":"city","population":52596,"sort_key":-469816,"match_type":"machine-transliterated"}},{"type":"Feature","geometry":{"type":"Point","coordinates":[22.50823974609375,40.2711436860842]},"properties":{"wikidata":"Q210470","display_name":"卡泰里尼","display_name_en":"Katerini","kind_detail":"city","population":56000,"sort_key":-469816,"match_type":"machine-transliterated"}},{"type":"Feature","geometry":{"type":"Point","coordinates":[17.788238525390625,46.35640647967247]},"properties":{"wikidata":"Q184998","display_name":"考波什堡","display_name_en":"Kaposvár","kind_detail":"city","population":58830,"sort_key":-469816,"geonames_id":"3050616","match_type":"name+coordinate","match_distance_km":1.455}},{"type":"Feature","geometry":{"type":"Point","coordinates":[-47.845458984375,-24.498395984362517]},"properties":{"wikidata":"Q1798084","display_name":"雷吉斯特罗","display_name_en":"Registro","kind_detail":"town","population":59947,"sort_key":-469816,"match_type":"machine-transliterated"}},{"type":"Feature","geometry":{"type":"Point","coordinates":[-99.99343872070312,21.93158083537034]},"properties":{"wikidata":"Q1925390","display_name":"里奥韦尔德","display_name_en":"Rioverde","kind_detail":"town","population":53128,"sort_key":-469816,"match_type":"machine-transliterated"}},{"type":"Feature","geometry":{"type":"Point","coordinates":[-84.54940795898438,33.95247360616284]},"properties":{"wikidata":"Q852684","display_name":"玛丽埃塔","display_name_en":"Marietta","kind_detail":"city","population":61048,"sort_key":-469816,"geonames_id":"4207783","match_type":"name+coordinate","match_distance_km":0.05}},{"type":"Feature","geometry":{"type":"Point","coordinates":[35.2606201171875,-14.479893564168464]},"properties":{"wikidata":"Q1890257","display_name":"曼戈切","display_name_en":"Mangochi","kind_detail":"town","population":51429,"sort_key":-469816,"match_type":"machine-transliterated"}},{"type":"Feature","geometry":{"type":"Point","coordinates":[-72.64846801757812,7.376086342962893]},"properties":{"wikidata":"Q997796","display_name":"潘普洛纳","display_name_en":"Pamplona","kind_detail":"city","population":50025,"sort_key":-469816,"match_type":"machine-transliterated"}},{"type":"Feature","geometry":{"type":"Point","coordinates":[30.19317626953125,-17.361124500056235]},"properties":{"wikidata":"Q782743","display_name":"奇諾伊","display_name_en":"Chinhoyi","kind_detail":"town","population":56794,"sort_key":-469816,"geonames_id":"893697","match_type":"name+coordinate","match_distance_km":0.951}},{"type":"Feature","geometry":{"type":"Point","coordinates":[-83.27911376953125,30.832677089226507]},"properties":{"wikidata":"Q1010240","display_name":"瓦尔多斯塔","display_name_en":"Valdosta","kind_detail":"city","population":56426,"sort_key":-469816,"match_type":"machine-transliterated"}},{"type":"Feature","geometry":{"type":"Point","coordinates":[-49.94110107421875,-7.099529908714814]},"properties":{"wikidata":"Q2008249","display_name":"辛瓜拉","display_name_en":"Xinguara","kind_detail":"town","population":52893,"sort_key":-469816,"match_type":"machine-transliterated"}},{"type":"Feature","geometry":{"type":"Point","coordinates":[-48.6639404296875,-28.241488817301658]},"properties":{"wikidata":"Q986545","display_name":"因比图巴","display_name_en":"Imbituba","kind_detail":"town","population":52579,"sort_key":-469816,"match_type":"machine-transliterated"}},{"type":"Feature","geometry":{"type":"Point","coordinates":[18.0615234375,1.6243856217332535]},"properties":{"wikidata":"Q1142926","display_name":"因丰多","display_name_en":"Impfondo","kind_detail":"city","population":47719,"sort_key":-469816,"match_type":"machine-transliterated"}},{"type":"Feature","geometry":{"type":"Point","coordinates":[-51.37481689453125,-20.89602249058146]},"properties":{"wikidata":"Q1646937","display_name":"安德拉迪纳","display_name_en":"Andradina","kind_detail":"town","population":59783,"sort_key":-469815,"match_type":"machine-transliterated"}},{"type":"Feature","geometry":{"type":"Point","coordinates":[1.454315185546875,14.208476212735704]},"properties":{"wikidata":"Q1011866","display_name":"蒂拉貝里","display_name_en":"Tillabéri","kind_detail":"city","population":51439,"sort_key":-469815,"geonames_id":"2438678","match_type":"name+coordinate","match_distance_km":0.153}},{"type":"Feature","geometry":{"type":"Point","coordinates":[-97.7783203125,17.80884113584287]},"properties":{"wikidata":"Q1005759","display_name":"花华盘","display_name_en":"Huajuapan","kind_detail":"city","population":56163,"sort_key":-469815,"match_type":"machine-transliterated"}},{"type":"Feature","geometry":{"type":"Point","coordinates":[-82.55950927734375,36.55046568575946]},"properties":{"wikidata":"Q241814","display_name":"金斯波特","display_name_en":"Kingsport","kind_detail":"city","population":53014,"sort_key":-469815,"geonames_id":"4634662","match_type":"name+coordinate","match_distance_km":0.306}},{"type":"Feature","geometry":{"type":"Point","coordinates":[-50.394287109375,-26.175158990178126]},"properties":{"wikidata":"Q1799304","display_name":"卡诺伊尼亚斯","display_name_en":"Canoinhas","kind_detail":"town","population":55016,"sort_key":-469815,"match_type":"machine-transliterated"}},{"type":"Feature","geometry":{"type":"Point","coordinates":[-87.637939453125,14.453298590545614]},"properties":{"wikidata":"Q679169","display_name":"科马亚瓜","display_name_en":"Comayagua","kind_detail":"city","population":58600,"sort_key":-469815,"match_type":"machine-transliterated"}},{"type":"Feature","geometry":{"type":"Point","coordinates":[70.42510986328125,40.29104919850653]},"properties":{"wikidata":"Q1015752","display_name":"科尼博多姆","display_name_en":"Konibodom","kind_detail":"city","population":53909,"sort_key":-469815,"geonames_id":"1514891","match_type":"name+coordinate","match_distance_km":0.622}},{"type":"Feature","geometry":{"type":"Point","coordinates":[-91.25106811523438,43.8127292976109]},"properties":{"wikidata":"Q936780","display_name":"拉克罗斯","display_name_en":"La Crosse","kind_detail":"city","population":52680,"sort_key":-469815,"geonames_id":"5258957","match_type":"name+coordinate","match_distance_km":1.565}},{"type":"Feature","geometry":{"type":"Point","coordinates":[-93.24371337890625,44.650093307210966]},"properties":{"wikidata":"Q983776","display_name":"雷克維","display_name_en":"Lakeville","kind_detail":"town","population":53074,"sort_key":-469815,"geonames_id":"5034059","match_type":"name+coordinate","match_distance_km":0.09}},{"type":"Feature","geometry":{"type":"Point","coordinates":[-70.59814453125,-32.83344284664949]},"properties":{"wikidata":"Q16903","display_name":"洛斯安第斯","display_name_en":"Los Andes","kind_detail":"city","population":59388,"sort_key":-469815,"geonames_id":"3882434","match_type":"name+coordinate","match_distance_km":0.03}},{"type":"Feature","geometry":{"type":"Point","coordinates":[-96.57119750976562,39.1833042481843]},"properties":{"wikidata":"Q856841","display_name":"曼哈頓","display_name_en":"Manhattan","kind_detail":"city","population":50689,"sort_key":-469815,"geonames_id":"4274994","match_type":"name+coordinate","match_distance_km":0.053}},{"type":"Feature","geometry":{"type":"Point","coordinates":[-82.51556396484375,40.75870037916101]},"properties":{"wikidata":"Q983698","display_name":"曼斯菲尔德","display_name_en":"Mansfield","kind_detail":"city","population":50212,"sort_key":-469815,"match_type":"machine-transliterated"}},{"type":"Feature","geometry":{"type":"Point","coordinates":[-49.10614013671875,-17.73299084954023]},"properties":{"wikidata":"Q1025767","display_name":"莫里尼奥斯","display_name_en":"Morrinhos","kind_detail":"town","population":51351,"sort_key":-469815,"match_type":"machine-transliterated"}},{"type":"Feature","geometry":{"type":"Point","coordinates":[-76.97433471679688,-6.035407759648521]},"properties":{"wikidata":"Q285672","display_name":"莫約班巴","display_name_en":"Moyobamba","kind_detail":"town","population":50073,"sort_key":-469815,"geonames_id":"3694564","match_type":"name+coordinate","match_distance_km":0.112}},{"type":"Feature","geometry":{"type":"Point","coordinates":[-87.11334228515625,37.773971295333254]},"properties":{"wikidata":"Q494295","display_name":"欧文斯伯勒","display_name_en":"Owensboro","kind_detail":"city","population":55525,"sort_key":-469815,"geonames_id":"4303436","match_type":"name+coordinate","match_distance_km":0.028}},{"type":"Feature","geometry":{"type":"Point","coordinates":[-50.077056884765625,-21.41983305349349]},"properties":{"wikidata":"Q986508","display_name":"佩纳波利斯","display_name_en":"Penápolis","kind_detail":"town","population":61679,"sort_key":-469815,"match_type":"machine-transliterated"}},{"type":"Feature","geometry":{"type":"Point","coordinates":[-60.019683837890625,-34.89719516961728]},"properties":{"wikidata":"Q686736","display_name":"奇維爾科伊","display_name_en":"Chivilcoy","kind_detail":"town","population":58152,"sort_key":-469815,"geonames_id":"3861344","match_type":"name+coordinate","match_distance_km":0.063}},{"type":"Feature","geometry":{"type":"Point","coordinates":[-39.126434326171875,-8.072826678012888]},"properties":{"wikidata":"Q2102772","display_name":"萨尔盖罗","display_name_en":"Salgueiro","kind_detail":"city","population":62372,"sort_key":-469815,"match_type":"machine-transliterated"}},{"type":"Feature","geometry":{"type":"Point","coordinates":[-56.004180908203125,-28.659261153016082]},"properties":{"wikidata":"Q385327","display_name":"圣博尔哈","display_name_en":"São Borja","kind_detail":"city","population":59676,"sort_key":-469815,"match_type":"machine-transliterated"}},{"type":"Feature","geometry":{"type":"Point","coordinates":[-87.71484375,43.75125720420175]},"properties":{"wikidata":"Q984834","display_name":"希博伊根","display_name_en":"Sheboygan","kind_detail":"city","population":49929,"sort_key":-469815,"match_type":"machine-transliterated"}},{"type":"Feature","geometry":{"type":"Point","coordinates":[-39.53155517578125,-17.034464212059802]},"properties":{"wikidata":"Q943536","display_name":"伊塔马拉朱","display_name_en":"Itamaraju","kind_detail":"town","population":59605,"sort_key":-469815,"match_type":"machine-transliterated"}},{"type":"Feature","geometry":{"type":"Point","coordinates":[37.854766845703125,8.982749041623833]},"properties":{"wikidata":"Q1266796","display_name":"安博","display_name_en":"Ambo","kind_detail":"city","population":54211,"sort_key":-469814,"match_type":"machine-transliterated"}},{"type":"Feature","geometry":{"type":"Point","coordinates":[-88.20236206054688,20.690607497544562]},"properties":{"wikidata":"Q1024731","display_name":"巴利亚多利德","display_name_en":"Valladolid","kind_detail":"city","population":56494,"sort_key":-469814,"geonames_id":"3514876","match_type":"name+coordinate","match_distance_km":0.417}},{"type":"Feature","geometry":{"type":"Point","coordinates":[-75.91278076171875,42.09822241118974]},"properties":{"wikidata":"Q213814","display_name":"賓罕頓","display_name_en":"Binghamton","kind_detail":"city","population":47969,"sort_key":-469814,"geonames_id":"5109177","match_type":"name+coordinate","match_distance_km":0.431}},{"type":"Feature","geometry":{"type":"Point","coordinates":[-14.26025390625,16.595397504516058]},"properties":{"wikidata":"Q890721","display_name":"博格","display_name_en":"Bogué","kind_detail":"city","population":49089,"sort_key":-469814,"match_type":"machine-transliterated"}},{"type":"Feature","geometry":{"type":"Point","coordinates":[-43.600616455078125,-18.24369879657627]},"properties":{"wikidata":"Q34028","display_name":"迪亚曼蒂纳","display_name_en":"Diamantina","kind_detail":"town","population":47702,"sort_key":-469814,"match_type":"machine-transliterated"}},{"type":"Feature","geometry":{"type":"Point","coordinates":[-82.44552612304688,38.41916639395373]},"properties":{"wikidata":"Q241808","display_name":"亨廷顿","display_name_en":"Huntington","kind_detail":"city","population":49138,"sort_key":-469814,"geonames_id":"4809537","match_type":"name+coordinate","match_distance_km":0.034}},{"type":"Feature","geometry":{"type":"Point","coordinates":[-45.27740478515625,-20.89730545371515]},"properties":{"wikidata":"Q595804","display_name":"坎普贝卢","display_name_en":"Campo Belo","kind_detail":"town","population":52277,"sort_key":-469814,"geonames_id":"3467796","match_type":"name+coordinate","match_distance_km":0.021}},{"type":"Feature","geometry":{"type":"Point","coordinates":[-47.613372802734375,-16.767727397190626]},"properties":{"wikidata":"Q1012541","display_name":"克里斯塔利娜","display_name_en":"Cristalina","kind_detail":"town","population":62337,"sort_key":-469814,"geonames_id":"3465164","match_type":"name+coordinate","match_distance_km":0.205}},{"type":"Feature","geometry":{"type":"Point","coordinates":[-42.64068603515625,-21.531014668261562]},"properties":{"wikidata":"Q1805359","display_name":"利奥波尔迪纳","display_name_en":"Leopoldina","kind_detail":"town","population":51145,"sort_key":-469814,"match_type":"machine-transliterated"}},{"type":"Feature","geometry":{"type":"Point","coordinates":[100.77896118164062,-0.6811362994451144]},"properties":{"wikidata":"Q7263","display_name":"萨瓦伦托","display_name_en":"Sawahlunto","kind_detail":"city","population":61427,"sort_key":-469814,"match_type":"machine-transliterated"}},{"type":"Feature","geometry":{"type":"Point","coordinates":[-68.47091674804688,-33.080035372994026]},"properties":{"wikidata":"Q1806934","display_name":"聖馬丁","display_name_en":"San Martín","kind_detail":"town","population":49491,"sort_key":-469814,"geonames_id":"3836992","match_type":"name+coordinate","match_distance_km":0.425}},{"type":"Feature","geometry":{"type":"Point","coordinates":[-55.979461669921875,-31.710644644544445]},"properties":{"wikidata":"Q833016","display_name":"塔夸伦博","display_name_en":"Tacuarembó","kind_detail":"city","population":60581,"sort_key":-469814,"geonames_id":"3440034","match_type":"name+coordinate","match_distance_km":0.909}},{"type":"Feature","geometry":{"type":"Point","coordinates":[-42.908477783203125,-20.416716988945694]},"properties":{"wikidata":"Q999139","display_name":"新桥","display_name_en":"Ponte Nova","kind_detail":"town","population":57776,"sort_key":-469814,"match_type":"machine-transliterated"}},{"type":"Feature","geometry":{"type":"Point","coordinates":[-49.332733154296875,-5.13334685251732]},"properties":{"wikidata":"Q2008167","display_name":"伊图皮兰加","display_name_en":"Itupiranga","kind_detail":"town","population":49754,"sort_key":-469814,"match_type":"machine-transliterated"}},{"type":"Feature","geometry":{"type":"Point","coordinates":[38.7322998046875,14.121926450447901]},"properties":{"wikidata":"Q5832","display_name":"阿克苏姆","display_name_en":"Axum","kind_detail":"town","population":51790,"sort_key":-469813,"match_type":"machine-transliterated"}},{"type":"Feature","geometry":{"type":"Point","coordinates":[16.651153564453125,-20.46046948663077]},"properties":{"wikidata":"Q993149","display_name":"奧奇瓦龍戈","display_name_en":"Otjiwarongo","kind_detail":"city","population":49022,"sort_key":-469813,"geonames_id":"3353811","match_type":"name+coordinate","match_distance_km":0.506}},{"type":"Feature","geometry":{"type":"Point","coordinates":[30.2783203125,0.6564187452630819]},"properties":{"wikidata":"Q500107","display_name":"波特尔堡","display_name_en":"Fort Portal","kind_detail":"city","population":54275,"sort_key":-469813,"match_type":"machine-transliterated"}},{"type":"Feature","geometry":{"type":"Point","coordinates":[39.769134521484375,-5.244127581489522]},"properties":{"wikidata":"Q993159","display_name":"查克查克","display_name_en":"Chake-Chake","kind_detail":"town","population":52047,"sort_key":-469813,"match_type":"machine-transliterated"}},{"type":"Feature","geometry":{"type":"Point","coordinates":[104.78347778320312,10.987031396553107]},"properties":{"wikidata":"Q1195207","display_name":"敦卡耶夫","display_name_en":"Doun Kaev","kind_detail":"city","population":52000,"sort_key":-469813,"match_type":"machine-transliterated"}},{"type":"Feature","geometry":{"type":"Point","coordinates":[-64.11346435546875,-32.1767748519312]},"properties":{"wikidata":"Q994351","display_name":"里奥特塞罗","display_name_en":"Río Tercero","kind_detail":"town","population":53166,"sort_key":-469813,"match_type":"machine-transliterated"}},{"type":"Feature","geometry":{"type":"Point","coordinates":[-77.79556274414062,35.94243575255426]},"properties":{"wikidata":"Q1021026","display_name":"落基山","display_name_en":"Rocky Mount","kind_detail":"city","population":54341,"sort_key":-469813,"match_type":"machine-transliterated"}},{"type":"Feature","geometry":{"type":"Point","coordinates":[-54.323272705078125,-30.333768604370967]},"properties":{"wikidata":"Q929890","display_name":"圣加布里埃尔","display_name_en":"São Gabriel","kind_detail":"town","population":58487,"sort_key":-469813,"match_type":"machine-transliterated"}},{"type":"Feature","geometry":{"type":"Point","coordinates":[-87.41409301757812,39.46694468838271]},"properties":{"wikidata":"Q492478","display_name":"特雷霍特","display_name_en":"Terre Haute","kind_detail":"city","population":57259,"sort_key":-469813,"geonames_id":"4265737","match_type":"name+coordinate","match_distance_km":0.031}},{"type":"Feature","geometry":{"type":"Point","coordinates":[-47.064056396484375,-1.7451829657932336]},"properties":{"wikidata":"Q955914","display_name":"波苏卡皮唐","display_name_en":"Capitão Poço","kind_detail":"town","population":56506,"sort_key":-469812,"match_type":"machine-transliterated"}},{"type":"Feature","geometry":{"type":"Point","coordinates":[-98.338623046875,40.92388970852946]},"properties":{"wikidata":"Q461826","display_name":"格蘭德艾蘭","display_name_en":"Grand Island","kind_detail":"city","population":52622,"sort_key":-469812,"geonames_id":"5069297","match_type":"name+coordinate","match_distance_km":0.311}},{"type":"Feature","geometry":{"type":"Point","coordinates":[-78.86947631835938,38.44928681715356]},"properties":{"wikidata":"Q511935","display_name":"哈里森堡","display_name_en":"Harrisonburg","kind_detail":"city","population":54215,"sort_key":-469812,"geonames_id":"4763231","match_type":"name+coordinate","match_distance_km":0.058}},{"type":"Feature","geometry":{"type":"Point","coordinates":[-70.98953247070312,-34.583475055991755]},"properties":{"wikidata":"Q187807","display_name":"圣费尔南多","display_name_en":"San Fernando","kind_detail":"city","population":58367,"sort_key":-469812,"match_type":"machine-transliterated"}},{"type":"Feature","geometry":{"type":"Point","coordinates":[-116.78054809570312,47.674635091761616]},"properties":{"wikidata":"Q499681","display_name":"科达伦","display_name_en":"Coeur d'Alene","kind_detail":"city","population":49122,"sort_key":-469811,"match_type":"machine-transliterated"}},{"type":"Feature","geometry":{"type":"Point","coordinates":[153.11370849609375,-30.29583214679043]},"properties":{"wikidata":"Q604283","display_name":"科夫斯港","display_name_en":"Coffs Harbour","kind_detail":"city","population":51069,"sort_key":-469811,"geonames_id":"2171085","match_type":"name+coordinate","match_distance_km":0.051}},{"type":"Feature","geometry":{"type":"Point","coordinates":[-62.083740234375,-31.42514760478918]},"properties":{"wikidata":"Q949535","display_name":"聖弗朗西斯科","display_name_en":"San Francisco","kind_detail":"town","population":58588,"sort_key":-469811,"geonames_id":"3837675","match_type":"name+coordinate","match_distance_km":0.035}},{"type":"Feature","geometry":{"type":"Point","coordinates":[-71.96044921875,46.05512626720187]},"properties":{"wikidata":"Q141731","display_name":"维多利亚维尔","display_name_en":"Victoriaville","kind_detail":"town","population":47760,"sort_key":-469811,"match_type":"machine-transliterated"}},{"type":"Feature","geometry":{"type":"Point","coordinates":[-61.772003173828125,-11.72754559034044]},"properties":{"wikidata":"Q1784242","display_name":"罗利姆德莫拉","display_name_en":"Rolim de Moura","kind_detail":"town","population":56406,"sort_key":-469810,"match_type":"machine-transliterated"}},{"type":"Feature","geometry":{"type":"Point","coordinates":[-82.09121704101562,26.975933204816087]},"properties":{"wikidata":"Q1022776","display_name":"夏洛特港","display_name_en":"Port Charlotte","kind_detail":"town","population":60625,"sort_key":-469810,"match_type":"machine-transliterated"}},{"type":"Feature","geometry":{"type":"Point","coordinates":[25.8782958984375,40.8460215108052]},"properties":{"wikidata":"Q190847","display_name":"亚历山德鲁波利斯","display_name_en":"Alexandroupolis","kind_detail":"city","population":53000,"sort_key":-469810,"match_type":"machine-transliterated"}},{"type":"Feature","geometry":{"type":"Point","coordinates":[-100.55511474609375,19.691728302992516]},"properties":{"wikidata":"Q1962248","display_name":"伊达尔戈","display_name_en":"Ciudad Hidalgo","kind_detail":"town","population":60542,"sort_key":-469810,"match_type":"machine-transliterated"}},{"type":"Feature","geometry":{"type":"Point","coordinates":[-112.15667724609375,30.717045911671008]},"properties":{"wikidata":"Q1024929","display_name":"希罗卡卡博尔卡","display_name_en":"Heroica Caborca","kind_detail":"city","population":59922,"sort_key":-469809,"match_type":"machine-transliterated"}},{"type":"Feature","geometry":{"type":"Point","coordinates":[-44.355926513671875,-3.3969035129965732]},"properties":{"wikidata":"Q2012733","display_name":"伊塔佩库鲁-米林","display_name_en":"Itapecuru-Mirim","kind_detail":"town","population":60440,"sort_key":-469809,"match_type":"machine-transliterated"}},{"type":"Feature","geometry":{"type":"Point","coordinates":[-114.3292236328125,34.47599576755864]},"properties":{"wikidata":"Q79435","display_name":"哈瓦苏湖城","display_name_en":"Lake Havasu City","kind_detail":"city","population":59358,"sort_key":-469808,"geonames_id":"5301388","match_type":"name+coordinate","match_distance_km":1.076}},{"type":"Feature","geometry":{"type":"Point","coordinates":[-59.33441162109375,-15.231189704767246]},"properties":{"wikidata":"Q2011952","display_name":"蓬特斯和拉塞尔达","display_name_en":"Pontes e Lacerda","kind_detail":"town","population":52018,"sort_key":-469808,"match_type":"machine-transliterated"}},{"type":"Feature","geometry":{"type":"Point","coordinates":[-60.330047607421875,-33.22720064403191]},"properties":{"wikidata":"Q2584195","display_name":"孔斯蒂圖西翁鎮","display_name_en":"Villa Constitución","kind_detail":"town","population":52204,"sort_key":-469806,"geonames_id":"3832778","match_type":"name+coordinate","match_distance_km":0.084}},{"type":"Feature","geometry":{"type":"Point","coordinates":[-88.77777099609375,14.766915059254146]},"properties":{"wikidata":"Q954300","display_name":"科潘省聖羅莎","display_name_en":"Santa Rosa de Copán","kind_detail":"city","population":56000,"sort_key":-469805,"geonames_id":"3601494","match_type":"name+coordinate","match_distance_km":0.809}},{"type":"Feature","geometry":{"type":"Point","coordinates":[-107.90634155273438,30.41551908181151]},"properties":{"wikidata":"Q1858936","display_name":"新大卡萨斯","display_name_en":"Nuevo Casas Grandes","kind_detail":"city","population":55553,"sort_key":-469805,"geonames_id":"3994616","match_type":"name+coordinate","match_distance_km":0.51}},{"type":"Feature","geometry":{"type":"Point","coordinates":[-48.6309814453125,-26.249083096330665]},"properties":{"wikidata":"Q986536","display_name":"南圣弗朗西斯科","display_name_en":"São Francisco do Sul","kind_detail":"town","population":52674,"sort_key":-469804,"geonames_id":"3449112","match_type":"name+coordinate","match_distance_km":0.953}},{"type":"Feature","geometry":{"type":"Point","coordinates":[-71.92611694335938,9.000382438291041]},"properties":{"wikidata":"Q1005022","display_name":"圣卡洛斯德尔苏利亚","display_name_en":"San Carlos del Zulia","kind_detail":"town","population":56500,"sort_key":-469804,"match_type":"machine-transliterated"}},{"type":"Feature","geometry":{"type":"Point","coordinates":[-0.578155517578125,32.75725226105409]},"properties":{"wikidata":"Q2745712","display_name":"艾因塞夫拉","display_name_en":"Ain Sefra","kind_detail":"town","population":54229,"sort_key":-469803,"match_type":"machine-transliterated"}},{"type":"Feature","geometry":{"type":"Point","coordinates":[-74.77020263671875,2.113015736410574]},"properties":{"wikidata":"Q1642041","display_name":"聖維森特德爾卡古安","display_name_en":"San Vicente del Caguán","kind_detail":"town","population":50719,"sort_key":-469802,"geonames_id":"3668290","match_type":"name+coordinate","match_distance_km":1.068}},{"type":"Feature","geometry":{"type":"Point","coordinates":[-54.029388427734375,5.497070923612711]},"properties":{"wikidata":"Q319959","display_name":"马罗尼河畔圣洛朗","display_name_en":"Saint-Laurent-du-Maroni","kind_detail":"town","population":49173,"sort_key":-469801,"geonames_id":"3380387","match_type":"name+coordinate","match_distance_km":0.496}},{"type":"Feature","geometry":{"type":"Point","coordinates":[-4.6307373046875,55.46250665090548]},"properties":{"wikidata":"Q654216","display_name":"艾尔","display_name_en":"Ayr","kind_detail":"town","population":46849,"sort_key":-469789,"geonames_id":"2656708","match_type":"name+coordinate","match_distance_km":0.203}},{"type":"Feature","geometry":{"type":"Point","coordinates":[-40.7098388671875,-4.324501493019184]},"properties":{"wikidata":"Q2026922","display_name":"伊普","display_name_en":"Ipu","kind_detail":"town","population":41081,"sort_key":-469789,"match_type":"machine-transliterated"}},{"type":"Feature","geometry":{"type":"Point","coordinates":[37.4578857421875,-0.5383221578577064]},"properties":{"wikidata":"Q186362","display_name":"恩布","display_name_en":"Embu","kind_detail":"town","population":41092,"sort_key":-469788,"geonames_id":"198476","match_type":"name+coordinate","match_distance_km":0.179}},{"type":"Feature","geometry":{"type":"Point","coordinates":[104.18060302734375,10.609319284131658]},"properties":{"wikidata":"Q876549","display_name":"贡布","display_name_en":"Kampot","kind_detail":"city","population":39186,"sort_key":-469788,"geonames_id":"1831112","match_type":"name+coordinate","match_distance_km":0.153}},{"type":"Feature","geometry":{"type":"Point","coordinates":[9.526519775390625,46.854556538855746]},"properties":{"wikidata":"Q69007","display_name":"庫爾","display_name_en":"Chur","kind_detail":"town","population":37082,"sort_key":-469788,"geonames_id":"2661169","match_type":"name+coordinate","match_distance_km":0.711}},{"type":"Feature","geometry":{"type":"Point","coordinates":[-73.15658569335938,-37.09462150015555]},"properties":{"wikidata":"Q16911","display_name":"洛塔","display_name_en":"Lota","kind_detail":"town","population":43272,"sort_key":-469788,"geonames_id":"3881276","match_type":"name+coordinate","match_distance_km":0.53}},{"type":"Feature","geometry":{"type":"Point","coordinates":[-12.295074462890625,12.075581404063769]},"properties":{"wikidata":"Q1019078","display_name":"马里","display_name_en":"Mali","kind_detail":"town","population":39808,"sort_key":-469788,"match_type":"machine-transliterated"}},{"type":"Feature","geometry":{"type":"Point","coordinates":[8.136749267578125,33.92399018008706]},"properties":{"wikidata":"Q504661","display_name":"托泽尔","display_name_en":"Tozeur","kind_detail":"town","population":37365,"sort_key":-469788,"geonames_id":"2464648","match_type":"name+coordinate","match_distance_km":0.564}},{"type":"Feature","geometry":{"type":"Point","coordinates":[-76.72714233398438,39.96238554917605]},"properties":{"wikidata":"Q821105","display_name":"約克","display_name_en":"York","kind_detail":"city","population":44800,"sort_key":-469788,"geonames_id":"4562407","match_type":"name+coordinate","match_distance_km":0.056}},{"type":"Feature","geometry":{"type":"Point","coordinates":[72.24746704101562,42.52171168204376]},"properties":{"wikidata":"Q643955","display_name":"怛罗斯","display_name_en":"Talas","kind_detail":"city","population":40300,"sort_key":-469787,"match_type":"machine-transliterated"}},{"type":"Feature","geometry":{"type":"Point","coordinates":[15.632171630859375,60.607193781777255]},"properties":{"wikidata":"Q26509","display_name":"法倫","display_name_en":"Falun","kind_detail":"city","population":39492,"sort_key":-469787,"geonames_id":"2715459","match_type":"name+coordinate","match_distance_km":0.526}},{"type":"Feature","geometry":{"type":"Point","coordinates":[-58.75762939453125,-11.423494673998746]},"properties":{"wikidata":"Q1880608","display_name":"胡伊纳","display_name_en":"Juína","kind_detail":"town","population":45869,"sort_key":-469787,"match_type":"machine-transliterated"}},{"type":"Feature","geometry":{"type":"Point","coordinates":[-103.13552856445312,32.702955550965584]},"properties":{"wikidata":"Q1010782","display_name":"霍布斯","display_name_en":"Hobbs","kind_detail":"city","population":40508,"sort_key":-469787,"match_type":"machine-transliterated"}},{"type":"Feature","geometry":{"type":"Point","coordinates":[-49.65545654296875,-22.212834764522583]},"properties":{"wikidata":"Q940614","display_name":"加尔萨","display_name_en":"Garça","kind_detail":"town","population":42110,"sort_key":-469787,"match_type":"machine-transliterated"}},{"type":"Feature","geometry":{"type":"Point","coordinates":[150.15289306640625,-5.555847953199205]},"properties":{"wikidata":"Q59718","display_name":"金貝","display_name_en":"Kimbe","kind_detail":"city","population":40377,"sort_key":-469787,"geonames_id":"2093967","match_type":"name+coordinate","match_distance_km":1.775}},{"type":"Feature","geometry":{"type":"Point","coordinates":[25.335845947265625,-24.9760994936954]},"properties":{"wikidata":"Q170730","display_name":"卡內","display_name_en":"Kanye","kind_detail":"city","population":45196,"sort_key":-469787,"geonames_id":"933685","match_type":"name+coordinate","match_distance_km":1.086}},{"type":"Feature","geometry":{"type":"Point","coordinates":[-85.82931518554688,11.43830123518461]},"properties":{"wikidata":"Q1757609","display_name":"里瓦斯","display_name_en":"Rivas","kind_detail":"city","population":42375,"sort_key":-469787,"match_type":"machine-transliterated"}},{"type":"Feature","geometry":{"type":"Point","coordinates":[-55.237884521484375,-34.3774457585774]},"properties":{"wikidata":"Q868205","display_name":"米納斯","display_name_en":"Minas","kind_detail":"city","population":38633,"sort_key":-469787,"geonames_id":"3441665","match_type":"name+coordinate","match_distance_km":0.174}},{"type":"Feature","geometry":{"type":"Point","coordinates":[-75.68756103515625,-11.419456386715936]},"properties":{"wikidata":"Q1759366","display_name":"塔爾馬","display_name_en":"Tarma","kind_detail":"town","population":43042,"sort_key":-469787,"geonames_id":"3927758","match_type":"name+coordinate","match_distance_km":0.262}},{"type":"Feature","geometry":{"type":"Point","coordinates":[49.6087646484375,14.761603265483629]},"properties":{"wikidata":"Q286843","display_name":"希尔","display_name_en":"Shihr","kind_detail":"town","population":47060,"sort_key":-469787,"match_type":"machine-transliterated"}},{"type":"Feature","geometry":{"type":"Point","coordinates":[46.12884521484375,-22.403410892712117]},"properties":{"wikidata":"Q1657947","display_name":"伊霍西","display_name_en":"Ihosy","kind_detail":"town","population":39556,"sort_key":-469787,"match_type":"machine-transliterated"}},{"type":"Feature","geometry":{"type":"Point","coordinates":[150.44677734375,-10.305461468297182]},"properties":{"wikidata":"Q568137","display_name":"阿洛陶","display_name_en":"Alotau","kind_detail":"city","population":47367,"sort_key":-469786,"geonames_id":"2133990","match_type":"name+coordinate","match_distance_km":1.582}},{"type":"Feature","geometry":{"type":"Point","coordinates":[-75.14511108398438,8.312059183575641]},"properties":{"wikidata":"Q2430087","display_name":"阿亚佩尔","display_name_en":"Ayapel","kind_detail":"town","population":46968,"sort_key":-469786,"match_type":"machine-transliterated"}},{"type":"Feature","geometry":{"type":"Point","coordinates":[-50.2734375,-29.8894715675599]},"properties":{"wikidata":"Q983519","display_name":"奥索里乌","display_name_en":"Osório","kind_detail":"town","population":47396,"sort_key":-469786,"geonames_id":"3455769","match_type":"name+coordinate","match_distance_km":0.475}},{"type":"Feature","geometry":{"type":"Point","coordinates":[-88.20785522460938,40.11168866559595]},"properties":{"wikidata":"Q462184","display_name":"厄巴纳","display_name_en":"Urbana","kind_detail":"city","population":41250,"sort_key":-469786,"geonames_id":"4914570","match_type":"name+coordinate","match_distance_km":0.132}},{"type":"Feature","geometry":{"type":"Point","coordinates":[47.7410888671875,40.64938745451835]},"properties":{"wikidata":"Q1822209","display_name":"戈伊恰伊","display_name_en":"Goychay","kind_detail":"town","population":37300,"sort_key":-469786,"match_type":"machine-transliterated"}},{"type":"Feature","geometry":{"type":"Point","coordinates":[15.8697509765625,4.941828845138602]},"properties":{"wikidata":"Q521702","display_name":"卡诺","display_name_en":"Carnot","kind_detail":"town","population":45421,"sort_key":-469786,"match_type":"machine-transliterated"}},{"type":"Feature","geometry":{"type":"Point","coordinates":[-103.20556640625,34.40577662146839]},"properties":{"wikidata":"Q985559","display_name":"克洛维斯","display_name_en":"Clovis","kind_detail":"city","population":38567,"sort_key":-469786,"match_type":"machine-transliterated"}},{"type":"Feature","geometry":{"type":"Point","coordinates":[-91.41036987304688,39.93606595478707]},"properties":{"wikidata":"Q575750","display_name":"昆西","display_name_en":"Quincy","kind_detail":"city","population":40034,"sort_key":-469786,"match_type":"machine-transliterated"}},{"type":"Feature","geometry":{"type":"Point","coordinates":[13.2220458984375,-1.5543747297354287]},"properties":{"wikidata":"Q1015100","display_name":"莫安达","display_name_en":"Moanda","kind_detail":"city","population":39300,"sort_key":-469786,"geonames_id":"2398269","match_type":"name+coordinate","match_distance_km":2.925}},{"type":"Feature","geometry":{"type":"Point","coordinates":[36.57623291015625,53.27917413882756]},"properties":{"wikidata":"Q162698","display_name":"姆岑斯克","display_name_en":"Mtsensk","kind_detail":"town","population":39181,"sort_key":-469786,"geonames_id":"524640","match_type":"name+coordinate","match_distance_km":0.285}},{"type":"Feature","geometry":{"type":"Point","coordinates":[-80.34164428710938,33.92057152867508]},"properties":{"wikidata":"Q1010203","display_name":"萨姆特","display_name_en":"Sumter","kind_detail":"city","population":39159,"sort_key":-469786,"geonames_id":"4597948","match_type":"name+coordinate","match_distance_km":0.022}},{"type":"Feature","geometry":{"type":"Point","coordinates":[-88.70361328125,34.25721644329403]},"properties":{"wikidata":"Q667727","display_name":"图珀洛","display_name_en":"Tupelo","kind_detail":"city","population":38114,"sort_key":-469786,"geonames_id":"4448903","match_type":"name+coordinate","match_distance_km":0.134}},{"type":"Feature","geometry":{"type":"Point","coordinates":[-53.738250732421875,-3.719004437165765]},"properties":{"wikidata":"Q2009083","display_name":"乌鲁拉","display_name_en":"Uruará","kind_detail":"town","population":43558,"sort_key":-469786,"match_type":"machine-transliterated"}},{"type":"Feature","geometry":{"type":"Point","coordinates":[-56.4642333984375,-30.398937557618673]},"properties":{"wikidata":"Q712567","display_name":"阿蒂加斯","display_name_en":"Artigas","kind_detail":"city","population":43843,"sort_key":-469785,"geonames_id":"3443758","match_type":"name+coordinate","match_distance_km":0.768}},{"type":"Feature","geometry":{"type":"Point","coordinates":[-78.39706420898438,40.51901917108279]},"properties":{"wikidata":"Q444210","display_name":"阿尔图纳","display_name_en":"Altoona","kind_detail":"city","population":46954,"sort_key":-469785,"geonames_id":"5178195","match_type":"name+coordinate","match_distance_km":0.2}},{"type":"Feature","geometry":{"type":"Point","coordinates":[102.03140258789062,15.806789063261618]},"properties":{"wikidata":"Q997062","display_name":"猜也蓬","display_name_en":"Chaiyaphum","kind_detail":"town","population":42436,"sort_key":-469785,"match_type":"machine-transliterated"}},{"type":"Feature","geometry":{"type":"Point","coordinates":[-56.21429443359375,-34.101570854106576]},"properties":{"wikidata":"Q842472","display_name":"佛罗里达","display_name_en":"Florida","kind_detail":"city","population":36449,"sort_key":-469785,"match_type":"machine-transliterated"}},{"type":"Feature","geometry":{"type":"Point","coordinates":[-114.05319213867188,35.189522351972585]},"properties":{"wikidata":"Q79733","display_name":"金曼","display_name_en":"Kingman","kind_detail":"city","population":36958,"sort_key":-469785,"geonames_id":"5301067","match_type":"name+coordinate","match_distance_km":0.019}},{"type":"Feature","geometry":{"type":"Point","coordinates":[33.927154541015625,-9.939092995832695]},"properties":{"wikidata":"Q1022512","display_name":"卡龙加","display_name_en":"Karonga","kind_detail":"town","population":42555,"sort_key":-469785,"match_type":"machine-transliterated"}},{"type":"Feature","geometry":{"type":"Point","coordinates":[-105.172119140625,27.678663629123278]},"properties":{"wikidata":"Q2528602","display_name":"卡马戈","display_name_en":"Camargo","kind_detail":"town","population":42019,"sort_key":-469785,"match_type":"machine-transliterated"}},{"type":"Feature","geometry":{"type":"Point","coordinates":[-44.2529296875,-6.0326763947404345]},"properties":{"wikidata":"Q369679","display_name":"科利纳斯","display_name_en":"Colinas","kind_detail":"town","population":40316,"sort_key":-469785,"match_type":"machine-transliterated"}},{"type":"Feature","geometry":{"type":"Point","coordinates":[-42.0831298828125,-9.618352209111464]},"properties":{"wikidata":"Q1794265","display_name":"雷曼索","display_name_en":"Remanso","kind_detail":"town","population":40586,"sort_key":-469785,"match_type":"machine-transliterated"}},{"type":"Feature","geometry":{"type":"Point","coordinates":[-85.43930053710938,10.632265280829245]},"properties":{"wikidata":"Q1387526","display_name":"利韋里亞","display_name_en":"Liberia","kind_detail":"city","population":46000,"sort_key":-469785,"geonames_id":"3623076","match_type":"name+coordinate","match_distance_km":0.363}},{"type":"Feature","geometry":{"type":"Point","coordinates":[-9.46746826171875,8.545713703127959]},"properties":{"wikidata":"Q1032064","display_name":"马森塔","display_name_en":"Macenta","kind_detail":"city","population":43900,"sort_key":-469785,"match_type":"machine-transliterated"}},{"type":"Feature","geometry":{"type":"Point","coordinates":[-94.00314331054688,44.16545956879699]},"properties":{"wikidata":"Q913243","display_name":"曼凯托","display_name_en":"Mankato","kind_detail":"city","population":39309,"sort_key":-469785,"match_type":"machine-transliterated"}},{"type":"Feature","geometry":{"type":"Point","coordinates":[-81.34414672851562,35.733136223133926]},"properties":{"wikidata":"Q2028564","display_name":"希科里","display_name_en":"Hickory","kind_detail":"city","population":40374,"sort_key":-469785,"geonames_id":"4470778","match_type":"name+coordinate","match_distance_km":0.266}},{"type":"Feature","geometry":{"type":"Point","coordinates":[-96.6082763671875,33.63977590432367]},"properties":{"wikidata":"Q982379","display_name":"谢尔曼","display_name_en":"Sherman","kind_detail":"town","population":43645,"sort_key":-469785,"geonames_id":"4728328","match_type":"name+coordinate","match_distance_km":0.461}},{"type":"Feature","geometry":{"type":"Point","coordinates":[-49.115753173828125,-4.446366528877164]},"properties":{"wikidata":"Q1967407","display_name":"雅昆达","display_name_en":"Jacundá","kind_detail":"town","population":37707,"sort_key":-469785,"match_type":"machine-transliterated"}},{"type":"Feature","geometry":{"type":"Point","coordinates":[-75.41702270507812,6.963233657688733]},"properties":{"wikidata":"Q972405","display_name":"亚鲁马尔","display_name_en":"Yarumal","kind_detail":"town","population":41542,"sort_key":-469785,"match_type":"machine-transliterated"}},{"type":"Feature","geometry":{"type":"Point","coordinates":[-50.19378662109375,-19.726634950986693]},"properties":{"wikidata":"Q1780277","display_name":"伊图拉马","display_name_en":"Iturama","kind_detail":"town","population":38295,"sort_key":-469785,"match_type":"machine-transliterated"}},{"type":"Feature","geometry":{"type":"Point","coordinates":[-40.691986083984375,-16.175110684011457]},"properties":{"wikidata":"Q979377","display_name":"阿尔梅纳拉","display_name_en":"Almenara","kind_detail":"town","population":40364,"sort_key":-469784,"geonames_id":"3472520","match_type":"name+coordinate","match_distance_km":0.981}},{"type":"Feature","geometry":{"type":"Point","coordinates":[-65.59524536132812,-22.09072990148904]},"properties":{"wikidata":"Q431553","display_name":"比亞松","display_name_en":"Villazón","kind_detail":"city","population":41504,"sort_key":-469784,"geonames_id":"3901501","match_type":"name+coordinate","match_distance_km":0.472}},{"type":"Feature","geometry":{"type":"Point","coordinates":[-79.39132690429688,36.587965705297165]},"properties":{"wikidata":"Q511922","display_name":"丹維爾","display_name_en":"Danville","kind_detail":"city","population":43055,"sort_key":-469784,"geonames_id":"4755280","match_type":"name+coordinate","match_distance_km":0.397}},{"type":"Feature","geometry":{"type":"Point","coordinates":[-6.35284423828125,53.71459021484387]},"properties":{"wikidata":"Q207223","display_name":"德罗赫达","display_name_en":"Drogheda","kind_detail":"town","population":44135,"sort_key":-469784,"geonames_id":"2964661","match_type":"name+coordinate","match_distance_km":0.583}},{"type":"Feature","geometry":{"type":"Point","coordinates":[-87.67776489257812,34.800272350556824]},"properties":{"wikidata":"Q79743","display_name":"弗洛伦斯","display_name_en":"Florence","kind_detail":"city","population":40184,"sort_key":-469784,"geonames_id":"4062577","match_type":"name+coordinate","match_distance_km":0.07}},{"type":"Feature","geometry":{"type":"Point","coordinates":[-79.76760864257812,34.19817309627726]},"properties":{"wikidata":"Q597842","display_name":"佛罗伦萨","display_name_en":"Florence","kind_detail":"city","population":39899,"sort_key":-469784,"geonames_id":"4578737","match_type":"name+coordinate","match_distance_km":0.556}},{"type":"Feature","geometry":{"type":"Point","coordinates":[-87.03369140625,35.61488368245436]},"properties":{"wikidata":"Q5675279","display_name":"哥伦比亚","display_name_en":"Columbia","kind_detail":"city","population":41690,"sort_key":-469784,"match_type":"machine-transliterated"}},{"type":"Feature","geometry":{"type":"Point","coordinates":[29.076690673828125,-9.791617749668404]},"properties":{"wikidata":"Q1737290","display_name":"卡萬布瓦","display_name_en":"Kawambwa","kind_detail":"town","population":46171,"sort_key":-469784,"geonames_id":"176555","match_type":"name+coordinate","match_distance_km":0.268}},{"type":"Feature","geometry":{"type":"Point","coordinates":[-74.72900390625,45.018214327971066]},"properties":{"wikidata":"Q956690","display_name":"康沃尔","display_name_en":"Cornwall","kind_detail":"city","population":46867,"sort_key":-469784,"geonames_id":"5928065","match_type":"name+coordinate","match_distance_km":0.069}},{"type":"Feature","geometry":{"type":"Point","coordinates":[-68.52996826171875,48.45015476309973]},"properties":{"wikidata":"Q1336","display_name":"里穆斯基","display_name_en":"Rimouski","kind_detail":"city","population":46935,"sort_key":-469784,"match_type":"machine-transliterated"}},{"type":"Feature","geometry":{"type":"Point","coordinates":[-84.88998413085938,39.82857709114202]},"properties":{"wikidata":"Q548664","display_name":"里士满","display_name_en":"Richmond","kind_detail":"city","population":36812,"sort_key":-469784,"geonames_id":"4263681","match_type":"name+coordinate","match_distance_km":0.046}},{"type":"Feature","geometry":{"type":"Point","coordinates":[-86.2481689453125,43.234197943219186]},"properties":{"wikidata":"Q952097","display_name":"马斯基根","display_name_en":"Muskegon","kind_detail":"city","population":39608,"sort_key":-469784,"match_type":"machine-transliterated"}},{"type":"Feature","geometry":{"type":"Point","coordinates":[-55.16510009765625,-21.6165793367406]},"properties":{"wikidata":"Q1792127","display_name":"馬拉卡茹","display_name_en":"Maracaju","kind_detail":"town","population":45047,"sort_key":-469784,"geonames_id":"3457859","match_type":"name+coordinate","match_distance_km":0.41}},{"type":"Feature","geometry":{"type":"Point","coordinates":[46.6424560546875,-16.109153239219467]},"properties":{"wikidata":"Q1902425","display_name":"馬魯武艾","display_name_en":"Marovoay","kind_detail":"town","population":39290,"sort_key":-469784,"geonames_id":"1059507","match_type":"name+coordinate","match_distance_km":0.221}},{"type":"Feature","geometry":{"type":"Point","coordinates":[-95.36956787109375,35.74762682821178]},"properties":{"wikidata":"Q524233","display_name":"馬斯科吉","display_name_en":"Muskogee","kind_detail":"city","population":36878,"sort_key":-469784,"geonames_id":"4543338","match_type":"name+coordinate","match_distance_km":0.03}},{"type":"Feature","geometry":{"type":"Point","coordinates":[-58.02978515625,-33.247875947924385]},"properties":{"wikidata":"Q844914","display_name":"梅塞德斯","display_name_en":"Mercedes","kind_detail":"city","population":43528,"sort_key":-469784,"geonames_id":"3441684","match_type":"name+coordinate","match_distance_km":0.507}},{"type":"Feature","geometry":{"type":"Point","coordinates":[-39.030303955078125,-3.4147247646241112]},"properties":{"wikidata":"Q542347","display_name":"帕拉库鲁","display_name_en":"Paracuru","kind_detail":"town","population":38980,"sort_key":-469784,"match_type":"machine-transliterated"}},{"type":"Feature","geometry":{"type":"Point","coordinates":[-79.65362548828125,22.31450773451182]},"properties":{"wikidata":"Q861701","display_name":"普拉塞塔斯","display_name_en":"Placetas","kind_detail":"town","population":39615,"sort_key":-469784,"match_type":"machine-transliterated"}},{"type":"Feature","geometry":{"type":"Point","coordinates":[-49.8065185546875,-16.020735886067953]},"properties":{"wikidata":"Q527149","display_name":"伊塔贝伊","display_name_en":"Itaberaí","kind_detail":"town","population":44734,"sort_key":-469784,"match_type":"machine-transliterated"}},{"type":"Feature","geometry":{"type":"Point","coordinates":[-122.93426513671875,46.13797652347657]},"properties":{"wikidata":"Q983801","display_name":"長景市","display_name_en":"Longview","kind_detail":"town","population":37818,"sort_key":-469784,"geonames_id":"5801617","match_type":"name+coordinate","match_distance_km":0.302}},{"type":"Feature","geometry":{"type":"Point","coordinates":[-88.70361328125,32.36488325846307]},"properties":{"wikidata":"Q118152","display_name":"子午","display_name_en":"Meridian","kind_detail":"city","population":38200,"sort_key":-469784,"match_type":"machine-transliterated"}},{"type":"Feature","geometry":{"type":"Point","coordinates":[47.986907958984375,-14.877105426100883]},"properties":{"wikidata":"Q609567","display_name":"安索希希","display_name_en":"Antsohihy","kind_detail":"town","population":38253,"sort_key":-469783,"match_type":"machine-transliterated"}},{"type":"Feature","geometry":{"type":"Point","coordinates":[-51.18804931640625,-19.674918682626924]},"properties":{"wikidata":"Q925758","display_name":"巴拉那伊巴","display_name_en":"Paranaíba","kind_detail":"town","population":40957,"sort_key":-469783,"match_type":"machine-transliterated"}},{"type":"Feature","geometry":{"type":"Point","coordinates":[-35.1837158203125,-8.8158677499556]},"properties":{"wikidata":"Q2102404","display_name":"巴雷罗斯","display_name_en":"Barreiros","kind_detail":"town","population":40121,"sort_key":-469783,"match_type":"machine-transliterated"}},{"type":"Feature","geometry":{"type":"Point","coordinates":[-122.62527465820312,47.56540738772853]},"properties":{"wikidata":"Q695417","display_name":"布雷默顿","display_name_en":"Bremerton","kind_detail":"city","population":43505,"sort_key":-469783,"geonames_id":"5788054","match_type":"name+coordinate","match_distance_km":0.592}},{"type":"Feature","geometry":{"type":"Point","coordinates":[-60.47149658203125,-34.64224704776853]},"properties":{"wikidata":"Q2755081","display_name":"查卡布科","display_name_en":"Chacabuco","kind_detail":"town","population":38418,"sort_key":-469783,"match_type":"machine-transliterated"}},{"type":"Feature","geometry":{"type":"Point","coordinates":[-79.7882080078125,-6.638690668382026]},"properties":{"wikidata":"Q2143690","display_name":"费雷纳夫","display_name_en":"Ferreñafe","kind_detail":"town","population":47259,"sort_key":-469783,"match_type":"machine-transliterated"}},{"type":"Feature","geometry":{"type":"Point","coordinates":[-77.99331665039062,35.38457160381763]},"properties":{"wikidata":"Q367400","display_name":"戈尔兹伯勒","display_name_en":"Goldsboro","kind_detail":"city","population":38203,"sort_key":-469783,"match_type":"machine-transliterated"}},{"type":"Feature","geometry":{"type":"Point","coordinates":[-59.311065673828125,-33.15019961880552]},"properties":{"wikidata":"Q52602","display_name":"瓜萊瓜伊","display_name_en":"Gualeguay","kind_detail":"town","population":43009,"sort_key":-469783,"geonames_id":"3433663","match_type":"name+coordinate","match_distance_km":1.042}},{"type":"Feature","geometry":{"type":"Point","coordinates":[-69.22897338867188,-38.9380483825641]},"properties":{"wikidata":"Q970536","display_name":"库特拉尔科","display_name_en":"Cutral Có","kind_detail":"town","population":40344,"sort_key":-469783,"match_type":"machine-transliterated"}},{"type":"Feature","geometry":{"type":"Point","coordinates":[-82.59933471679688,39.713525362373474]},"properties":{"wikidata":"Q986005","display_name":"兰卡斯特","display_name_en":"Lancaster","kind_detail":"city","population":40552,"sort_key":-469783,"match_type":"machine-transliterated"}},{"type":"Feature","geometry":{"type":"Point","coordinates":[14.909820556640625,9.366417791586173]},"properties":{"wikidata":"Q1774419","display_name":"帕拉","display_name_en":"Pala","kind_detail":"city","population":40202,"sort_key":-469783,"match_type":"machine-transliterated"}},{"type":"Feature","geometry":{"type":"Point","coordinates":[-44.600372314453125,-4.568211412681947]},"properties":{"wikidata":"Q1957216","display_name":"佩德雷拉斯","display_name_en":"Pedreiras","kind_detail":"town","population":37050,"sort_key":-469783,"match_type":"machine-transliterated"}},{"type":"Feature","geometry":{"type":"Point","coordinates":[-119.59304809570312,49.50024216453775]},"properties":{"wikidata":"Q935519","display_name":"彭蒂克顿","display_name_en":"Penticton","kind_detail":"city","population":36885,"sort_key":-469783,"geonames_id":"6101141","match_type":"name+coordinate","match_distance_km":2.243}},{"type":"Feature","geometry":{"type":"Point","coordinates":[22.68951416015625,42.28137302193454]},"properties":{"wikidata":"Q189305","display_name":"丘斯滕迪尔","display_name_en":"Kyustendil","kind_detail":"city","population":47640,"sort_key":-469783,"match_type":"machine-transliterated"}},{"type":"Feature","geometry":{"type":"Point","coordinates":[-0.36529541015625,11.782669654074908]},"properties":{"wikidata":"Q621925","display_name":"滕科多戈","display_name_en":"Tenkodogo","kind_detail":"city","population":37123,"sort_key":-469783,"geonames_id":"2354675","match_type":"name+coordinate","match_distance_km":0.738}},{"type":"Feature","geometry":{"type":"Point","coordinates":[-55.781707763671875,-20.473335497651675]},"properties":{"wikidata":"Q1792157","display_name":"阿基达瓦纳","display_name_en":"Aquidauana","kind_detail":"town","population":46803,"sort_key":-469782,"match_type":"machine-transliterated"}},{"type":"Feature","geometry":{"type":"Point","coordinates":[38.686981201171875,50.63030000433213]},"properties":{"wikidata":"Q103427","display_name":"阿列克谢耶夫卡","display_name_en":"Alexeyevka","kind_detail":"town","population":38626,"sort_key":-469782,"match_type":"machine-transliterated"}},{"type":"Feature","geometry":{"type":"Point","coordinates":[-89.9835205078125,38.51378825951164]},"properties":{"wikidata":"Q79892","display_name":"贝尔维尔","display_name_en":"Belleville","kind_detail":"city","population":42404,"sort_key":-469782,"match_type":"machine-transliterated"}},{"type":"Feature","geometry":{"type":"Point","coordinates":[-62.689361572265625,-32.63012300670739]},"properties":{"wikidata":"Q284308","display_name":"貝爾維爾","display_name_en":"Bell Ville","kind_detail":"town","population":37000,"sort_key":-469782,"geonames_id":"3864331","match_type":"name+coordinate","match_distance_km":0.051}},{"type":"Feature","geometry":{"type":"Point","coordinates":[-108.20571899414062,36.72897885891628]},"properties":{"wikidata":"Q1012695","display_name":"法明顿","display_name_en":"Farmington","kind_detail":"city","population":46624,"sort_key":-469782,"match_type":"machine-transliterated"}},{"type":"Feature","geometry":{"type":"Point","coordinates":[-91.06292724609375,33.410809551114326]},"properties":{"wikidata":"Q988112","display_name":"格林维尔","display_name_en":"Greenville","kind_detail":"city","population":37801,"sort_key":-469782,"match_type":"machine-transliterated"}},{"type":"Feature","geometry":{"type":"Point","coordinates":[-97.92938232421875,38.061067413812026]},"properties":{"wikidata":"Q958555","display_name":"哈钦森","display_name_en":"Hutchinson","kind_detail":"city","population":41085,"sort_key":-469782,"match_type":"machine-transliterated"}},{"type":"Feature","geometry":{"type":"Point","coordinates":[-80.41305541992188,37.22923495194678]},"properties":{"wikidata":"Q285816","display_name":"黑堡","display_name_en":"Blacksburg","kind_detail":"city","population":44826,"sort_key":-469782,"geonames_id":"4747845","match_type":"name+coordinate","match_distance_km":0.087}},{"type":"Feature","geometry":{"type":"Point","coordinates":[-77.71865844726562,39.642710095411786]},"properties":{"wikidata":"Q755559","display_name":"黑格斯敦","display_name_en":"Hagerstown","kind_detail":"city","population":39008,"sort_key":-469782,"geonames_id":"4357141","match_type":"name+coordinate","match_distance_km":0.155}},{"type":"Feature","geometry":{"type":"Point","coordinates":[149.23416137695312,-35.352096036596556]},"properties":{"wikidata":"Q606385","display_name":"昆比恩","display_name_en":"Queanbeyan","kind_detail":"city","population":37511,"sort_key":-469782,"geonames_id":"2152286","match_type":"name+coordinate","match_distance_km":0.371}},{"type":"Feature","geometry":{"type":"Point","coordinates":[18.683624267578125,12.18433443528015]},"properties":{"wikidata":"Q540895","display_name":"蒙戈","display_name_en":"Mongo","kind_detail":"city","population":40233,"sort_key":-469782,"match_type":"machine-transliterated"}},{"type":"Feature","geometry":{"type":"Point","coordinates":[-92.0050048828125,34.22315802537976]},"properties":{"wikidata":"Q80012","display_name":"派恩布拉夫","display_name_en":"Pine Bluff","kind_detail":"city","population":41253,"sort_key":-469782,"match_type":"machine-transliterated"}},{"type":"Feature","geometry":{"type":"Point","coordinates":[-73.25408935546875,42.448794767915615]},"properties":{"wikidata":"Q49184","display_name":"皮茨菲尔德","display_name_en":"Pittsfield","kind_detail":"city","population":43927,"sort_key":-469782,"geonames_id":"4947459","match_type":"name+coordinate","match_distance_km":0.729}},{"type":"Feature","geometry":{"type":"Point","coordinates":[-60.884857177734375,-35.4438897315973]},"properties":{"wikidata":"Q579199","display_name":"七月九日","display_name_en":"9 de Julio","kind_detail":"town","population":36494,"sort_key":-469782,"match_type":"machine-transliterated"}},{"type":"Feature","geometry":{"type":"Point","coordinates":[-36.0186767578125,-6.225203550938971]},"properties":{"wikidata":"Q1854793","display_name":"聖克魯斯","display_name_en":"Santa Cruz","kind_detail":"town","population":37313,"sort_key":-469782,"geonames_id":"3389673","match_type":"name+coordinate","match_distance_km":0.654}},{"type":"Feature","geometry":{"type":"Point","coordinates":[-97.0587158203125,36.11569018065339]},"properties":{"wikidata":"Q852714","display_name":"斯蒂尔沃特","display_name_en":"Stillwater","kind_detail":"city","population":44818,"sort_key":-469782,"geonames_id":"4552215","match_type":"name+coordinate","match_distance_km":0.032}},{"type":"Feature","geometry":{"type":"Point","coordinates":[29.244232177734375,-26.94288378418272]},"properties":{"wikidata":"Q742514","display_name":"斯坦德顿","display_name_en":"Standerton","kind_detail":"town","population":43966,"sort_key":-469782,"match_type":"machine-transliterated"}},{"type":"Feature","geometry":{"type":"Point","coordinates":[-78.04824829101562,-7.815765844835553]},"properties":{"wikidata":"Q1632770","display_name":"瓦马丘科","display_name_en":"Huamachuco","kind_detail":"town","population":41613,"sort_key":-469782,"match_type":"machine-transliterated"}},{"type":"Feature","geometry":{"type":"Point","coordinates":[-85.660400390625,30.15818949890796]},"properties":{"wikidata":"Q852591","display_name":"巴拿马城","display_name_en":"Panama City","kind_detail":"city","population":36484,"sort_key":-469781,"geonames_id":"4167694","match_type":"name+coordinate","match_distance_km":0.152}},{"type":"Feature","geometry":{"type":"Point","coordinates":[-89.29000854492188,31.32665977235453]},"properties":{"wikidata":"Q384464","display_name":"哈蒂斯堡","display_name_en":"Hattiesburg","kind_detail":"city","population":45989,"sort_key":-469781,"geonames_id":"4429295","match_type":"name+coordinate","match_distance_km":0.06}},{"type":"Feature","geometry":{"type":"Point","coordinates":[-42.17376708984375,-4.833733396156418]},"properties":{"wikidata":"Q2105005","display_name":"坎普马约尔","display_name_en":"Campo Maior","kind_detail":"city","population":45793,"sort_key":-469781,"geonames_id":"3403566","match_type":"name+coordinate","match_distance_km":0.874}},{"type":"Feature","geometry":{"type":"Point","coordinates":[-47.344207763671875,-0.6262082358143886]},"properties":{"wikidata":"Q1008198","display_name":"萨利诺波利斯","display_name_en":"Salinópolis","kind_detail":"town","population":44772,"sort_key":-469781,"match_type":"machine-transliterated"}},{"type":"Feature","geometry":{"type":"Point","coordinates":[-60.711822509765625,-27.576460076262705]},"properties":{"wikidata":"Q1657303","display_name":"安吉拉鎮","display_name_en":"Villa Ángela","kind_detail":"town","population":41403,"sort_key":-469780,"geonames_id":"3832811","match_type":"name+coordinate","match_distance_km":0.077}},{"type":"Feature","geometry":{"type":"Point","coordinates":[-95.9765625,36.75098882435509]},"properties":{"wikidata":"Q809450","display_name":"巴特尔斯维尔","display_name_en":"Bartlesville","kind_detail":"city","population":37920,"sort_key":-469780,"match_type":"machine-transliterated"}},{"type":"Feature","geometry":{"type":"Point","coordinates":[-99.83001708984375,25.18878705643202]},"properties":{"wikidata":"Q765472","display_name":"蒙特莫雷洛斯","display_name_en":"Montemorelos","kind_detail":"town","population":45108,"sort_key":-469780,"match_type":"machine-transliterated"}},{"type":"Feature","geometry":{"type":"Point","coordinates":[55.713043212890625,-21.033237234467293]},"properties":{"wikidata":"Q478215","display_name":"圣伯努瓦","display_name_en":"Saint-Benoît","kind_detail":"town","population":37023,"sort_key":-469780,"match_type":"machine-transliterated"}},{"type":"Feature","geometry":{"type":"Point","coordinates":[-60.275115966796875,-38.37719201070885]},"properties":{"wikidata":"Q2077013","display_name":"特雷斯阿羅約斯","display_name_en":"Tres Arroyos","kind_detail":"town","population":46867,"sort_key":-469780,"geonames_id":"3833859","match_type":"name+coordinate","match_distance_km":0.053}},{"type":"Feature","geometry":{"type":"Point","coordinates":[-75.88119506835938,41.246837465376245]},"properties":{"wikidata":"Q745594","display_name":"威尔克斯-巴里","display_name_en":"Wilkes-Barre","kind_detail":"city","population":41288,"sort_key":-469780,"geonames_id":"5219488","match_type":"name+coordinate","match_distance_km":0.104}},{"type":"Feature","geometry":{"type":"Point","coordinates":[-101.21841430664062,27.937393821330247]},"properties":{"wikidata":"Q2014880","display_name":"新罗西塔","display_name_en":"Nueva Rosita","kind_detail":"town","population":38158,"sort_key":-469780,"match_type":"machine-transliterated"}},{"type":"Feature","geometry":{"type":"Point","coordinates":[-74.40216064453125,6.489983332670647]},"properties":{"wikidata":"Q1946640","display_name":"贝里奥港","display_name_en":"Puerto Berrío","kind_detail":"town","population":39314,"sort_key":-469779,"match_type":"machine-transliterated"}},{"type":"Feature","geometry":{"type":"Point","coordinates":[27.096405029296875,-26.707586641427348]},"properties":{"wikidata":"Q605167","display_name":"波切夫斯特魯姆","display_name_en":"Potchefstroom","kind_detail":"city","population":43448,"sort_key":-469779,"geonames_id":"964349","match_type":"name+coordinate","match_distance_km":1.071}},{"type":"Feature","geometry":{"type":"Point","coordinates":[0.35980224609375,12.060809058367298]},"properties":{"wikidata":"Q990122","display_name":"法达恩古尔马","display_name_en":"Fada N'Gourma","kind_detail":"city","population":41156,"sort_key":-469779,"match_type":"machine-transliterated"}},{"type":"Feature","geometry":{"type":"Point","coordinates":[-79.02053833007812,48.24205283806717]},"properties":{"wikidata":"Q141804","display_name":"鲁安诺兰达","display_name_en":"Rouyn-Noranda","kind_detail":"city","population":42334,"sort_key":-469779,"match_type":"machine-transliterated"}},{"type":"Feature","geometry":{"type":"Point","coordinates":[-88.62808227539062,13.87674624649901]},"properties":{"wikidata":"Q2335680","display_name":"森松特佩克","display_name_en":"Sensuntepeque","kind_detail":"city","population":41000,"sort_key":-469779,"match_type":"machine-transliterated"}},{"type":"Feature","geometry":{"type":"Point","coordinates":[48.426361083984375,-17.823222901242573]},"properties":{"wikidata":"Q456731","display_name":"安巴通德拉扎卡","display_name_en":"Ambatondrazaka","kind_detail":"town","population":47649,"sort_key":-469778,"geonames_id":"1082639","match_type":"name+coordinate","match_distance_km":1.522}},{"type":"Feature","geometry":{"type":"Point","coordinates":[-89.51797485351562,37.304644804751106]},"properties":{"wikidata":"Q866294","display_name":"开普吉拉多","display_name_en":"Cape Girardeau","kind_detail":"city","population":37941,"sort_key":-469778,"geonames_id":"4379966","match_type":"name+coordinate","match_distance_km":0.138}},{"type":"Feature","geometry":{"type":"Point","coordinates":[-125.244140625,50.0227407426766]},"properties":{"wikidata":"Q1030509","display_name":"坎贝尔里弗","display_name_en":"Campbell River","kind_detail":"city","population":36455,"sort_key":-469778,"geonames_id":"5914132","match_type":"name+coordinate","match_distance_km":0.712}},{"type":"Feature","geometry":{"type":"Point","coordinates":[-54.91790771484375,-30.25313608393673]},"properties":{"wikidata":"Q266960","display_name":"南罗萨里奥","display_name_en":"Rosário do Sul","kind_detail":"town","population":36630,"sort_key":-469778,"match_type":"machine-transliterated"}},{"type":"Feature","geometry":{"type":"Point","coordinates":[-49.222869873046875,-21.467127560273866]},"properties":{"wikidata":"Q1815907","display_name":"新奥里藏特","display_name_en":"Novo Horizonte","kind_detail":"town","population":38324,"sort_key":-469778,"match_type":"machine-transliterated"}},{"type":"Feature","geometry":{"type":"Point","coordinates":[-80.07247924804688,22.806567100271522]},"properties":{"wikidata":"Q5030","display_name":"萨瓜拉格兰德","display_name_en":"Sagua La Grande","kind_detail":"city","population":37713,"sort_key":-469777,"match_type":"machine-transliterated"}},{"type":"Feature","geometry":{"type":"Point","coordinates":[-44.49462890625,-5.289254859069416]},"properties":{"wikidata":"Q637452","display_name":"杜特拉总统","display_name_en":"Presidente Dutra","kind_detail":"town","population":45155,"sort_key":-469776,"match_type":"machine-transliterated"}},{"type":"Feature","geometry":{"type":"Point","coordinates":[-51.9818115234375,-31.36653633110671]},"properties":{"wikidata":"Q326349","display_name":"南圣洛伦索","display_name_en":"São Lourenço do Sul","kind_detail":"town","population":41989,"sort_key":-469773,"match_type":"machine-transliterated"}},{"type":"Feature","geometry":{"type":"Point","coordinates":[-111.65817260742188,25.032105715630962]},"properties":{"wikidata":"Q599087","display_name":"宪法","display_name_en":"Ciudad Constitución","kind_detail":"city","population":43805,"sort_key":-469773,"match_type":"machine-transliterated"}},{"type":"Feature","geometry":{"type":"Point","coordinates":[-58.2550048828125,-37.846663684549135]},"properties":{"wikidata":"Q2365352","display_name":"巴爾卡塞","display_name_en":"San José de Balcarce","kind_detail":"town","population":38376,"sort_key":-469772,"geonames_id":"3436177","match_type":"coordinate","match_distance_km":0.053}},{"type":"Feature","geometry":{"type":"Point","coordinates":[43.606109619140625,15.694442278623256]},"properties":{"wikidata":"Q1770704","display_name":"朝贾","display_name_en":"Hajja","kind_detail":"town","population":34136,"sort_key":-469757,"match_type":"machine-transliterated"}},{"type":"Feature","geometry":{"type":"Point","coordinates":[19.127197265625,47.77809779004784]},"properties":{"wikidata":"Q207408","display_name":"瓦茨","display_name_en":"Vác","kind_detail":"town","population":34001,"sort_key":-469757,"geonames_id":"3043293","match_type":"name+coordinate","match_distance_km":0.71}},{"type":"Feature","geometry":{"type":"Point","coordinates":[59.615936279296875,37.3461426132468]},"properties":{"wikidata":"Q782190","display_name":"卡卡","display_name_en":"Kaka","kind_detail":"city","population":33315,"sort_key":-469756,"match_type":"machine-transliterated"}},{"type":"Feature","geometry":{"type":"Point","coordinates":[-84.10446166992188,40.739973763311866]},"properties":{"wikidata":"Q983974","display_name":"利马","display_name_en":"Lima","kind_detail":"city","population":35868,"sort_key":-469756,"match_type":"machine-transliterated"}},{"type":"Feature","geometry":{"type":"Point","coordinates":[16.05377197265625,3.5230159653948903]},"properties":{"wikidata":"Q522912","display_name":"诺拉","display_name_en":"Nola","kind_detail":"city","population":29181,"sort_key":-469756,"match_type":"machine-transliterated"}},{"type":"Feature","geometry":{"type":"Point","coordinates":[-71.73110961914062,6.461328219085416]},"properties":{"wikidata":"Q2434750","display_name":"塔梅","display_name_en":"Tame","kind_detail":"town","population":29802,"sort_key":-469756,"geonames_id":"3667478","match_type":"name+coordinate","match_distance_km":0.565}},{"type":"Feature","geometry":{"type":"Point","coordinates":[-37.797088623046875,-5.662451740971946]},"properties":{"wikidata":"Q2008084","display_name":"阿波迪","display_name_en":"Apodi","kind_detail":"town","population":35897,"sort_key":-469755,"geonames_id":"3407440","match_type":"name+coordinate","match_distance_km":0.276}},{"type":"Feature","geometry":{"type":"Point","coordinates":[53.01177978515625,51.17417731875821]},"properties":{"wikidata":"Q622760","display_name":"阿克赛","display_name_en":"Aqsai","kind_detail":"city","population":36034,"sort_key":-469755,"match_type":"machine-transliterated"}},{"type":"Feature","geometry":{"type":"Point","coordinates":[-81.7218017578125,33.56199537293027]},"properties":{"wikidata":"Q404887","display_name":"艾肯","display_name_en":"Aiken","kind_detail":"city","population":28829,"sort_key":-469755,"geonames_id":"4569067","match_type":"name+coordinate","match_distance_km":0.272}},{"type":"Feature","geometry":{"type":"Point","coordinates":[36.734161376953125,34.02307136761212]},"properties":{"wikidata":"Q2317068","display_name":"安纳布克","display_name_en":"An-Nabk","kind_detail":"town","population":32548,"sort_key":-469755,"match_type":"machine-transliterated"}},{"type":"Feature","geometry":{"type":"Point","coordinates":[-67.02621459960938,-27.649472352561865]},"properties":{"wikidata":"Q934213","display_name":"貝倫","display_name_en":"Belén","kind_detail":"town","population":27829,"sort_key":-469755,"geonames_id":"3864430","match_type":"name+coordinate","match_distance_km":0.012}},{"type":"Feature","geometry":{"type":"Point","coordinates":[-75.49942016601562,-11.774603407627694]},"properties":{"wikidata":"Q917434","display_name":"豪哈","display_name_en":"Jauja","kind_detail":"town","population":29960,"sort_key":-469755,"match_type":"machine-transliterated"}},{"type":"Feature","geometry":{"type":"Point","coordinates":[-90.7196044921875,29.59614781245692]},"properties":{"wikidata":"Q388503","display_name":"霍玛","display_name_en":"Houma","kind_detail":"city","population":32657,"sort_key":-469755,"geonames_id":"4328010","match_type":"name+coordinate","match_distance_km":0.043}},{"type":"Feature","geometry":{"type":"Point","coordinates":[-78.3050537109375,-9.476153922371239]},"properties":{"wikidata":"Q3236687","display_name":"卡斯马","display_name_en":"Casma","kind_detail":"town","population":31656,"sort_key":-469755,"match_type":"machine-transliterated"}},{"type":"Feature","geometry":{"type":"Point","coordinates":[-90.37353515625,15.469563311134124]},"properties":{"wikidata":"Q867077","display_name":"科萬","display_name_en":"Cobán","kind_detail":"city","population":30748,"sort_key":-469755,"geonames_id":"3598119","match_type":"name+coordinate","match_distance_km":0.133}},{"type":"Feature","geometry":{"type":"Point","coordinates":[-59.09820556640625,-35.186155314744404]},"properties":{"wikidata":"Q1867123","display_name":"洛博斯","display_name_en":"Lobos","kind_detail":"town","population":29868,"sort_key":-469755,"match_type":"machine-transliterated"}},{"type":"Feature","geometry":{"type":"Point","coordinates":[150.6005859375,-34.8746651676126]},"properties":{"wikidata":"Q1343021","display_name":"瑙拉","display_name_en":"Nowra","kind_detail":"town","population":33583,"sort_key":-469755,"geonames_id":"2154787","match_type":"name+coordinate","match_distance_km":1.063}},{"type":"Feature","geometry":{"type":"Point","coordinates":[-73.57406616210938,-4.506607001752769]},"properties":{"wikidata":"Q3309417","display_name":"瑙塔","display_name_en":"Nauta","kind_detail":"town","population":32000,"sort_key":-469755,"match_type":"machine-transliterated"}},{"type":"Feature","geometry":{"type":"Point","coordinates":[-58.303070068359375,-26.85838013872656]},"properties":{"wikidata":"Q135970","display_name":"皮拉爾","display_name_en":"Pilar","kind_detail":"town","population":28716,"sort_key":-469755,"geonames_id":"3437526","match_type":"name+coordinate","match_distance_km":0.332}},{"type":"Feature","geometry":{"type":"Point","coordinates":[33.938140869140625,26.762778228014156]},"properties":{"wikidata":"Q986325","display_name":"塞法杰","display_name_en":"Safaga","kind_detail":"city","population":28261,"sort_key":-469755,"geonames_id":"358620","match_type":"name+coordinate","match_distance_km":1.527}},{"type":"Feature","geometry":{"type":"Point","coordinates":[-7.68218994140625,8.283521978975273]},"properties":{"wikidata":"Q2308752","display_name":"图巴","display_name_en":"Touba","kind_detail":"town","population":30000,"sort_key":-469755,"match_type":"machine-transliterated"}},{"type":"Feature","geometry":{"type":"Point","coordinates":[-51.118011474609375,-16.441353794870707]},"properties":{"wikidata":"Q675142","display_name":"伊波拉","display_name_en":"Iporá","kind_detail":"town","population":35684,"sort_key":-469755,"match_type":"machine-transliterated"}},{"type":"Feature","geometry":{"type":"Point","coordinates":[82.77511596679688,52.49866769844087]},"properties":{"wikidata":"Q102603","display_name":"阿列伊斯克","display_name_en":"Aleysk","kind_detail":"town","population":29249,"sort_key":-469754,"geonames_id":"1511783","match_type":"name+coordinate","match_distance_km":0.264}},{"type":"Feature","geometry":{"type":"Point","coordinates":[15.897216796875,-0.4833927027897005]},"properties":{"wikidata":"Q1201732","display_name":"奥旺多","display_name_en":"Owando","kind_detail":"city","population":34808,"sort_key":-469754,"match_type":"machine-transliterated"}},{"type":"Feature","geometry":{"type":"Point","coordinates":[-14.65576171875,12.1722529584694]},"properties":{"wikidata":"Q799788","display_name":"巴法塔","display_name_en":"Bafatá","kind_detail":"city","population":34760,"sort_key":-469754,"match_type":"machine-transliterated"}},{"type":"Feature","geometry":{"type":"Point","coordinates":[15.371246337890625,10.281140063178341]},"properties":{"wikidata":"Q892441","display_name":"邦戈尔","display_name_en":"Bongor","kind_detail":"city","population":30518,"sort_key":-469754,"match_type":"machine-transliterated"}},{"type":"Feature","geometry":{"type":"Point","coordinates":[16.233673095703125,-2.1665367385781025]},"properties":{"wikidata":"Q2594437","display_name":"波洛波","display_name_en":"Bolobo","kind_detail":"city","population":31366,"sort_key":-469754,"match_type":"machine-transliterated"}},{"type":"Feature","geometry":{"type":"Point","coordinates":[-84.96688842773438,34.770947636586314]},"properties":{"wikidata":"Q996830","display_name":"道尔顿","display_name_en":"Dalton","kind_detail":"city","population":33045,"sort_key":-469754,"match_type":"machine-transliterated"}},{"type":"Feature","geometry":{"type":"Point","coordinates":[-73.76495361328125,-42.48222557002593]},"properties":{"wikidata":"Q3744","display_name":"卡斯特罗市","display_name_en":"Castro","kind_detail":"city","population":33417,"sort_key":-469754,"geonames_id":"3896218","match_type":"name+coordinate","match_distance_km":1.313}},{"type":"Feature","geometry":{"type":"Point","coordinates":[-94.72824096679688,31.338389926758566]},"properties":{"wikidata":"Q975590","display_name":"拉夫金","display_name_en":"Lufkin","kind_detail":"city","population":34143,"sort_key":-469754,"geonames_id":"4708308","match_type":"name+coordinate","match_distance_km":0.083}},{"type":"Feature","geometry":{"type":"Point","coordinates":[-85.65902709960938,40.55867801024263]},"properties":{"wikidata":"Q286068","display_name":"马里恩","display_name_en":"Marion","kind_detail":"city","population":30528,"sort_key":-469754,"match_type":"machine-transliterated"}},{"type":"Feature","geometry":{"type":"Point","coordinates":[-75.30990600585938,5.710280404765271]},"properties":{"wikidata":"Q649293","display_name":"松松","display_name_en":"Sonsón","kind_detail":"town","population":36321,"sort_key":-469754,"match_type":"machine-transliterated"}},{"type":"Feature","geometry":{"type":"Point","coordinates":[-65.72021484375,-21.44412133713132]},"properties":{"wikidata":"Q1014481","display_name":"圖皮薩","display_name_en":"Tupiza","kind_detail":"city","population":28530,"sort_key":-469754,"geonames_id":"3902202","match_type":"name+coordinate","match_distance_km":0.169}},{"type":"Feature","geometry":{"type":"Point","coordinates":[138.74496459960938,-34.59704151614417]},"properties":{"wikidata":"Q1007201","display_name":"威拿士頓","display_name_en":"Gawler","kind_detail":"city","population":28562,"sort_key":-469754,"geonames_id":"2058325","match_type":"coordinate","match_distance_km":1.231}},{"type":"Feature","geometry":{"type":"Point","coordinates":[41.923828125,57.2203519828964]},"properties":{"wikidata":"Q133102","display_name":"维丘加","display_name_en":"Vichuga","kind_detail":"town","population":35792,"sort_key":-469754,"match_type":"machine-transliterated"}},{"type":"Feature","geometry":{"type":"Point","coordinates":[18.340301513671875,13.213208268446678]},"properties":{"wikidata":"Q755791","display_name":"阿蒂","display_name_en":"Ati","kind_detail":"city","population":35311,"sort_key":-469753,"match_type":"machine-transliterated"}},{"type":"Feature","geometry":{"type":"Point","coordinates":[-42.066650390625,-16.84791945679781]},"properties":{"wikidata":"Q1749750","display_name":"阿拉苏伊","display_name_en":"Araçuaí","kind_detail":"town","population":34297,"sort_key":-469753,"match_type":"machine-transliterated"}},{"type":"Feature","geometry":{"type":"Point","coordinates":[-79.41741943359375,44.60904581939582]},"properties":{"wikidata":"Q2373358","display_name":"奧里利亞","display_name_en":"Orillia","kind_detail":"city","population":30546,"sort_key":-469753,"geonames_id":"6094325","match_type":"name+coordinate","match_distance_km":0.261}},{"type":"Feature","geometry":{"type":"Point","coordinates":[-64.34280395507812,-22.73312366231366]},"properties":{"wikidata":"Q634479","display_name":"貝爾梅霍","display_name_en":"Bermejo","kind_detail":"city","population":32913,"sort_key":-469753,"geonames_id":"3923154","match_type":"name+coordinate","match_distance_km":0.583}},{"type":"Feature","geometry":{"type":"Point","coordinates":[-100.8984375,29.357042537552374]},"properties":{"wikidata":"Q970792","display_name":"德尔里奥","display_name_en":"Del Rio","kind_detail":"city","population":34673,"sort_key":-469753,"match_type":"machine-transliterated"}},{"type":"Feature","geometry":{"type":"Point","coordinates":[-57.67547607421875,-36.3151251474805]},"properties":{"wikidata":"Q2024388","display_name":"多洛雷斯","display_name_en":"Dolores","kind_detail":"town","population":32000,"sort_key":-469753,"match_type":"machine-transliterated"}},{"type":"Feature","geometry":{"type":"Point","coordinates":[-76.728515625,-7.179925810121972]},"properties":{"wikidata":"Q2671983","display_name":"胡安惠","display_name_en":"Juanjuí","kind_detail":"town","population":28453,"sort_key":-469753,"geonames_id":"3696057","match_type":"name+coordinate","match_distance_km":0.34}},{"type":"Feature","geometry":{"type":"Point","coordinates":[-86.00234985351562,34.01282694464166]},"properties":{"wikidata":"Q79389","display_name":"加兹登","display_name_en":"Gadsden","kind_detail":"city","population":33945,"sort_key":-469753,"geonames_id":"4063619","match_type":"name+coordinate","match_distance_km":0.409}},{"type":"Feature","geometry":{"type":"Point","coordinates":[70.46493530273438,43.17613987737832]},"properties":{"wikidata":"Q1850973","display_name":"卡拉陶","display_name_en":"Karatau","kind_detail":"city","population":28422,"sort_key":-469753,"match_type":"machine-transliterated"}},{"type":"Feature","geometry":{"type":"Point","coordinates":[-110.28900146484375,30.98702796028033]},"properties":{"wikidata":"Q176924","display_name":"卡納內阿","display_name_en":"Cananea","kind_detail":"town","population":31560,"sort_key":-469753,"geonames_id":"4015700","match_type":"name+coordinate","match_distance_km":0.906}},{"type":"Feature","geometry":{"type":"Point","coordinates":[-99.08157348632812,40.69938133866614]},"properties":{"wikidata":"Q846044","display_name":"卡尼","display_name_en":"Kearney","kind_detail":"city","population":29385,"sort_key":-469753,"geonames_id":"5071348","match_type":"name+coordinate","match_distance_km":0.012}},{"type":"Feature","geometry":{"type":"Point","coordinates":[-7.503662109375,40.28057334359795]},"properties":{"wikidata":"Q849026","display_name":"科维良","display_name_en":"Covilhã","kind_detail":"city","population":34481,"sort_key":-469753,"match_type":"machine-transliterated"}},{"type":"Feature","geometry":{"type":"Point","coordinates":[26.52374267578125,43.52565074189047]},"properties":{"wikidata":"Q189650","display_name":"拉茲格勒","display_name_en":"Razgrad","kind_detail":"city","population":35049,"sort_key":-469753,"geonames_id":"727696","match_type":"name+coordinate","match_distance_km":0.951}},{"type":"Feature","geometry":{"type":"Point","coordinates":[-61.530303955078125,-34.867904962568716]},"properties":{"wikidata":"Q2786965","display_name":"林肯","display_name_en":"Lincoln","kind_detail":"town","population":28051,"sort_key":-469753,"match_type":"machine-transliterated"}},{"type":"Feature","geometry":{"type":"Point","coordinates":[23.443450927734375,-4.973296375343821]},"properties":{"wikidata":"Q3267776","display_name":"卢桑博","display_name_en":"Lusambo","kind_detail":"town","population":28520,"sort_key":-469753,"match_type":"machine-transliterated"}},{"type":"Feature","geometry":{"type":"Point","coordinates":[25.681915283203125,-25.20991121382768]},"properties":{"wikidata":"Q165768","display_name":"洛巴策","display_name_en":"Lobatse","kind_detail":"town","population":29700,"sort_key":-469753,"geonames_id":"933521","match_type":"name+coordinate","match_distance_km":1.672}},{"type":"Feature","geometry":{"type":"Point","coordinates":[41.85791015625,3.938240486945361]},"properties":{"wikidata":"Q949915","display_name":"曼德拉","display_name_en":"Mandera","kind_detail":"town","population":30433,"sort_key":-469753,"match_type":"machine-transliterated"}},{"type":"Feature","geometry":{"type":"Point","coordinates":[-40.35003662109375,-17.838910776229625]},"properties":{"wikidata":"Q83011","display_name":"纳努克","display_name_en":"Nanuque","kind_detail":"town","population":35038,"sort_key":-469753,"match_type":"machine-transliterated"}},{"type":"Feature","geometry":{"type":"Point","coordinates":[37.074737548828125,0.013732910024771172]},"properties":{"wikidata":"Q123160","display_name":"納紐基","display_name_en":"Nanyuki","kind_detail":"town","population":32000,"sort_key":-469753,"geonames_id":"184433","match_type":"name+coordinate","match_distance_km":0.837}},{"type":"Feature","geometry":{"type":"Point","coordinates":[-51.50665283203125,-27.174025734723244]},"properties":{"wikidata":"Q1758467","display_name":"若阿萨巴","display_name_en":"Joaçaba","kind_detail":"town","population":30146,"sort_key":-469753,"geonames_id":"3459869","match_type":"name+coordinate","match_distance_km":0.488}},{"type":"Feature","geometry":{"type":"Point","coordinates":[-80.96649169921875,-2.2077054557054083]},"properties":{"wikidata":"Q1026284","display_name":"薩利納斯","display_name_en":"Salinas","kind_detail":"city","population":29294,"sort_key":-469753,"geonames_id":"3652100","match_type":"name+coordinate","match_distance_km":1.829}},{"type":"Feature","geometry":{"type":"Point","coordinates":[-89.78164672851562,30.275672431597897]},"properties":{"wikidata":"Q988156","display_name":"斯莱德尔","display_name_en":"Slidell","kind_detail":"town","population":28089,"sort_key":-469753,"geonames_id":"4341727","match_type":"name+coordinate","match_distance_km":0.071}},{"type":"Feature","geometry":{"type":"Point","coordinates":[-73.2623291015625,6.470880104310453]},"properties":{"wikidata":"Q979980","display_name":"索科罗","display_name_en":"Socorro","kind_detail":"town","population":32158,"sort_key":-469753,"match_type":"machine-transliterated"}},{"type":"Feature","geometry":{"type":"Point","coordinates":[-69.01473999023438,-33.581447082241716]},"properties":{"wikidata":"Q2290708","display_name":"图努扬","display_name_en":"Tunuyán","kind_detail":"town","population":28859,"sort_key":-469753,"match_type":"machine-transliterated"}},{"type":"Feature","geometry":{"type":"Point","coordinates":[-96.92550659179688,35.32745068492882]},"properties":{"wikidata":"Q843999","display_name":"肖尼","display_name_en":"Shawnee","kind_detail":"city","population":29989,"sort_key":-469753,"geonames_id":"4551177","match_type":"name+coordinate","match_distance_km":0.026}},{"type":"Feature","geometry":{"type":"Point","coordinates":[-38.881988525390625,-4.328609625560517]},"properties":{"wikidata":"Q2021082","display_name":"巴图里特","display_name_en":"Baturité","kind_detail":"town","population":35218,"sort_key":-469752,"match_type":"machine-transliterated"}},{"type":"Feature","geometry":{"type":"Point","coordinates":[-3.460693359375,12.463396487719578]},"properties":{"wikidata":"Q934436","display_name":"代杜古","display_name_en":"Dédougou","kind_detail":"city","population":32050,"sort_key":-469752,"geonames_id":"2361477","match_type":"name+coordinate","match_distance_km":0.023}},{"type":"Feature","geometry":{"type":"Point","coordinates":[-42.9345703125,-18.7750157608219]},"properties":{"wikidata":"Q1756864","display_name":"关哈斯","display_name_en":"Guanhães","kind_detail":"town","population":32244,"sort_key":-469752,"match_type":"machine-transliterated"}},{"type":"Feature","geometry":{"type":"Point","coordinates":[-105.501708984375,44.29043508918883]},"properties":{"wikidata":"Q919040","display_name":"吉列","display_name_en":"Gillette","kind_detail":"city","population":31978,"sort_key":-469752,"geonames_id":"5826027","match_type":"name+coordinate","match_distance_km":0.083}},{"type":"Feature","geometry":{"type":"Point","coordinates":[-9.007415771484375,9.270200797346035]},"properties":{"wikidata":"Q1152900","display_name":"凯鲁瓦内","display_name_en":"Kérouané","kind_detail":"town","population":35738,"sort_key":-469752,"match_type":"machine-transliterated"}},{"type":"Feature","geometry":{"type":"Point","coordinates":[-97.38693237304688,32.347482203218675]},"properties":{"wikidata":"Q534957","display_name":"克利本","display_name_en":"Cleburne","kind_detail":"town","population":29689,"sort_key":-469752,"match_type":"machine-transliterated"}},{"type":"Feature","geometry":{"type":"Point","coordinates":[-85.03143310546875,33.03975190521167]},"properties":{"wikidata":"Q593529","display_name":"拉格兰奇","display_name_en":"LaGrange","kind_detail":"town","population":30452,"sort_key":-469752,"match_type":"machine-transliterated"}},{"type":"Feature","geometry":{"type":"Point","coordinates":[-70.21636962890625,44.0994206852865]},"properties":{"wikidata":"Q501170","display_name":"刘易斯顿","display_name_en":"Lewiston","kind_detail":"city","population":36226,"sort_key":-469752,"geonames_id":"4969398","match_type":"name+coordinate","match_distance_km":0.164}},{"type":"Feature","geometry":{"type":"Point","coordinates":[-58.080596923828125,-29.18333925965321]},"properties":{"wikidata":"Q1783539","display_name":"梅爾塞德斯","display_name_en":"Mercedes","kind_detail":"town","population":33551,"sort_key":-469752,"geonames_id":"3430709","match_type":"name+coordinate","match_distance_km":0.533}},{"type":"Feature","geometry":{"type":"Point","coordinates":[-72.015380859375,-17.029211966401377]},"properties":{"wikidata":"Q2351948","display_name":"莫延多","display_name_en":"Mollendo","kind_detail":"town","population":28953,"sort_key":-469752,"geonames_id":"3934707","match_type":"name+coordinate","match_distance_km":0.688}},{"type":"Feature","geometry":{"type":"Point","coordinates":[-85.95291137695312,15.91775288825896]},"properties":{"wikidata":"Q992173","display_name":"特魯希略","display_name_en":"Trujillo","kind_detail":"city","population":30000,"sort_key":-469752,"geonames_id":"3600591","match_type":"name+coordinate","match_distance_km":0.049}},{"type":"Feature","geometry":{"type":"Point","coordinates":[-60.157012939453125,-32.622026838432575]},"properties":{"wikidata":"Q1905080","display_name":"維多利亞","display_name_en":"Victoria","kind_detail":"town","population":35767,"sort_key":-469752,"geonames_id":"3832934","match_type":"name+coordinate","match_distance_km":0.453}},{"type":"Feature","geometry":{"type":"Point","coordinates":[44.2034912109375,52.456009392640766]},"properties":{"wikidata":"Q194048","display_name":"謝爾多布斯克","display_name_en":"Serdobsk","kind_detail":"town","population":33553,"sort_key":-469752,"geonames_id":"496934","match_type":"name+coordinate","match_distance_km":0.953}},{"type":"Feature","geometry":{"type":"Point","coordinates":[-105.77774047851562,22.8344146114748]},"properties":{"wikidata":"Q7467918","display_name":"埃斯库纳帕","display_name_en":"Escuinapa","kind_detail":"town","population":33924,"sort_key":-469751,"match_type":"machine-transliterated"}},{"type":"Feature","geometry":{"type":"Point","coordinates":[-58.0133056640625,-35.57915038479427]},"properties":{"wikidata":"Q2677190","display_name":"查斯科穆斯","display_name_en":"Chascomús","kind_detail":"town","population":33607,"sort_key":-469751,"match_type":"machine-transliterated"}},{"type":"Feature","geometry":{"type":"Point","coordinates":[-90.37078857421875,40.94775093028346]},"properties":{"wikidata":"Q782574","display_name":"盖尔斯堡","display_name_en":"Galesburg","kind_detail":"city","population":30052,"sort_key":-469751,"geonames_id":"4893392","match_type":"name+coordinate","match_distance_km":0.039}},{"type":"Feature","geometry":{"type":"Point","coordinates":[-86.21932983398438,14.66729737261582]},"properties":{"wikidata":"Q773764","display_name":"胡蒂卡尔帕","display_name_en":"Juticalpa","kind_detail":"city","population":33260,"sort_key":-469751,"match_type":"machine-transliterated"}},{"type":"Feature","geometry":{"type":"Point","coordinates":[-79.23751831054688,42.09618442380295]},"properties":{"wikidata":"Q983861","display_name":"傑姆遜城","display_name_en":"Jamestown","kind_detail":"city","population":28712,"sort_key":-469751,"geonames_id":"5122534","match_type":"name+coordinate","match_distance_km":0.202}},{"type":"Feature","geometry":{"type":"Point","coordinates":[-72.31475830078125,-35.96689214303232]},"properties":{"wikidata":"Q3749","display_name":"考克內斯","display_name_en":"Cauquenes","kind_detail":"city","population":32135,"sort_key":-469751,"geonames_id":"3896105","match_type":"name+coordinate","match_distance_km":0.695}},{"type":"Feature","geometry":{"type":"Point","coordinates":[-49.79827880859375,-26.10488763719995]},"properties":{"wikidata":"Q1878476","display_name":"马夫拉","display_name_en":"Rio Negro","kind_detail":"town","population":31324,"sort_key":-469751,"geonames_id":"3458147","match_type":"coordinate","match_distance_km":1.006}},{"type":"Feature","geometry":{"type":"Point","coordinates":[-67.49588012695312,-29.16535312124266]},"properties":{"wikidata":"Q1072833","display_name":"奇萊西托","display_name_en":"Chilecito","kind_detail":"town","population":33724,"sort_key":-469751,"geonames_id":"3861445","match_type":"name+coordinate","match_distance_km":0.533}},{"type":"Feature","geometry":{"type":"Point","coordinates":[-65.48675537109375,-24.903876070498157]},"properties":{"wikidata":"Q1055688","display_name":"塞里约斯","display_name_en":"Cerrillos","kind_detail":"town","population":35789,"sort_key":-469751,"match_type":"machine-transliterated"}},{"type":"Feature","geometry":{"type":"Point","coordinates":[-90.72372436523438,19.343540769982056]},"properties":{"wikidata":"Q584115","display_name":"尚波通","display_name_en":"Champotón","kind_detail":"town","population":35799,"sort_key":-469751,"match_type":"machine-transliterated"}},{"type":"Feature","geometry":{"type":"Point","coordinates":[78.64837646484375,52.99660336627272]},"properties":{"wikidata":"Q194693","display_name":"斯拉夫戈羅德","display_name_en":"Slavgorod","kind_detail":"town","population":29371,"sort_key":-469751,"geonames_id":"1491706","match_type":"name+coordinate","match_distance_km":0.381}},{"type":"Feature","geometry":{"type":"Point","coordinates":[-80.474853515625,35.67068501330236]},"properties":{"wikidata":"Q2028813","display_name":"索尔兹伯里","display_name_en":"Salisbury","kind_detail":"city","population":28480,"sort_key":-469751,"match_type":"machine-transliterated"}},{"type":"Feature","geometry":{"type":"Point","coordinates":[-91.42135620117188,17.47119251908063]},"properties":{"wikidata":"Q2656511","display_name":"特诺西克","display_name_en":"Tenosique","kind_detail":"town","population":34946,"sort_key":-469751,"match_type":"machine-transliterated"}},{"type":"Feature","geometry":{"type":"Point","coordinates":[-84.26925659179688,36.01022804065674]},"properties":{"wikidata":"Q48809","display_name":"橡树岭","display_name_en":"Oak Ridge","kind_detail":"city","population":29302,"sort_key":-469751,"geonames_id":"4646571","match_type":"name+coordinate","match_distance_km":0.037}},{"type":"Feature","geometry":{"type":"Point","coordinates":[-35.43365478515625,-6.481796323398129]},"properties":{"wikidata":"Q1802859","display_name":"新克鲁斯","display_name_en":"Nova Cruz","kind_detail":"town","population":34204,"sort_key":-469751,"match_type":"machine-transliterated"}},{"type":"Feature","geometry":{"type":"Point","coordinates":[-72.22686767578125,-39.27797886039668]},"properties":{"wikidata":"Q201019","display_name":"比亞里卡","display_name_en":"Villarrica","kind_detail":"town","population":31780,"sort_key":-469750,"geonames_id":"3868158","match_type":"name+coordinate","match_distance_km":0.862}},{"type":"Feature","geometry":{"type":"Point","coordinates":[-77.40142822265625,37.22814150043362]},"properties":{"wikidata":"Q511964","display_name":"彼得斯堡","display_name_en":"Petersburg","kind_detail":"city","population":32420,"sort_key":-469750,"geonames_id":"4778626","match_type":"name+coordinate","match_distance_km":0.05}},{"type":"Feature","geometry":{"type":"Point","coordinates":[-85.85540771484375,31.31492815609502]},"properties":{"wikidata":"Q79260","display_name":"恩特普赖斯","display_name_en":"Enterprise","kind_detail":"town","population":28711,"sort_key":-469750,"geonames_id":"4060791","match_type":"name+coordinate","match_distance_km":0.032}},{"type":"Feature","geometry":{"type":"Point","coordinates":[-79.95574951171875,39.63001909803367]},"properties":{"wikidata":"Q653636","display_name":"摩根敦","display_name_en":"Morgantown","kind_detail":"city","population":30347,"sort_key":-469750,"geonames_id":"4815352","match_type":"name+coordinate","match_distance_km":0.056}},{"type":"Feature","geometry":{"type":"Point","coordinates":[28.88031005859375,61.86974880766016]},"properties":{"wikidata":"Q683512","display_name":"萨翁林纳","display_name_en":"Savonlinna","kind_detail":"town","population":31842,"sort_key":-469750,"geonames_id":"637292","match_type":"name+coordinate","match_distance_km":0.024}},{"type":"Feature","geometry":{"type":"Point","coordinates":[-78.16497802734375,39.185433170302105]},"properties":{"wikidata":"Q492355","display_name":"溫徹斯特","display_name_en":"Winchester","kind_detail":"city","population":28272,"sort_key":-469750,"geonames_id":"4794120","match_type":"name+coordinate","match_distance_km":0.144}},{"type":"Feature","geometry":{"type":"Point","coordinates":[-91.8182373046875,30.003706206185456]},"properties":{"wikidata":"Q991355","display_name":"新伊比利亚","display_name_en":"New Iberia","kind_detail":"town","population":28555,"sort_key":-469750,"geonames_id":"4334971","match_type":"name+coordinate","match_distance_km":0.051}},{"type":"Feature","geometry":{"type":"Point","coordinates":[30.0531005859375,-20.316296643073215]},"properties":{"wikidata":"Q231399","display_name":"兹维沙瓦内","display_name_en":"Zvishavane","kind_detail":"town","population":35229,"sort_key":-469750,"match_type":"machine-transliterated"}},{"type":"Feature","geometry":{"type":"Point","coordinates":[61.89422607421875,57.338381265528966]},"properties":{"wikidata":"Q104030","display_name":"阿尔捷莫夫斯基","display_name_en":"Artemovsky","kind_detail":"town","population":31167,"sort_key":-469749,"match_type":"machine-transliterated"}},{"type":"Feature","geometry":{"type":"Point","coordinates":[-80.09719848632812,43.919658762067655]},"properties":{"wikidata":"Q2470087","display_name":"奥兰治维尔","display_name_en":"Orangeville","kind_detail":"town","population":27975,"sort_key":-469749,"match_type":"machine-transliterated"}},{"type":"Feature","geometry":{"type":"Point","coordinates":[-77.87109375,-6.229299114609276]},"properties":{"wikidata":"Q757133","display_name":"查查波亚斯","display_name_en":"Chachapoyas","kind_detail":"town","population":32026,"sort_key":-469749,"geonames_id":"3698540","match_type":"name+coordinate","match_distance_km":0.35}},{"type":"Feature","geometry":{"type":"Point","coordinates":[-123.3270263671875,42.43967417814943]},"properties":{"wikidata":"Q143405","display_name":"格兰茨帕斯","display_name_en":"Grants Pass","kind_detail":"town","population":34533,"sort_key":-469749,"geonames_id":"5729080","match_type":"name+coordinate","match_distance_km":0.301}},{"type":"Feature","geometry":{"type":"Point","coordinates":[-75.32638549804688,2.685173760857296]},"properties":{"wikidata":"Q2327412","display_name":"坎波阿莱格雷","display_name_en":"Campoalegre","kind_detail":"town","population":31087,"sort_key":-469749,"match_type":"machine-transliterated"}},{"type":"Feature","geometry":{"type":"Point","coordinates":[-73.34609985351562,-37.47594794878126]},"properties":{"wikidata":"Q3892","display_name":"庫拉尼拉韋","display_name_en":"Curanilahue","kind_detail":"town","population":30139,"sort_key":-469749,"geonames_id":"3892892","match_type":"name+coordinate","match_distance_km":0.243}},{"type":"Feature","geometry":{"type":"Point","coordinates":[48.8232421875,-15.843783787395239]},"properties":{"wikidata":"Q1028283","display_name":"曼德里萨拉","display_name_en":"Mandritsara","kind_detail":"town","population":31135,"sort_key":-469749,"match_type":"machine-transliterated"}},{"type":"Feature","geometry":{"type":"Point","coordinates":[-48.456573486328125,-14.465266722790005]},"properties":{"wikidata":"Q1794378","display_name":"尼克兰迪亚","display_name_en":"Niquelândia","kind_detail":"town","population":34964,"sort_key":-469749,"match_type":"machine-transliterated"}},{"type":"Feature","geometry":{"type":"Point","coordinates":[-81.5625,39.26628442213067]},"properties":{"wikidata":"Q329485","display_name":"帕克斯堡","display_name_en":"Parkersburg","kind_detail":"city","population":31755,"sort_key":-469749,"geonames_id":"4817641","match_type":"name+coordinate","match_distance_km":0.099}},{"type":"Feature","geometry":{"type":"Point","coordinates":[175.0067138671875,-40.91455036267718]},"properties":{"wikidata":"Q1115332","display_name":"帕拉帕拉乌姆","display_name_en":"Paraparaumu","kind_detail":"town","population":30600,"sort_key":-469749,"match_type":"machine-transliterated"}},{"type":"Feature","geometry":{"type":"Point","coordinates":[-120.6903076171875,35.62604706595698]},"properties":{"wikidata":"Q586528","display_name":"帕索罗布尔斯","display_name_en":"Paso Robles","kind_detail":"town","population":29793,"sort_key":-469749,"match_type":"machine-transliterated"}},{"type":"Feature","geometry":{"type":"Point","coordinates":[-51.082305908203125,-26.233070192235488]},"properties":{"wikidata":"Q1784679","display_name":"乌尼昂-达维多利亚","display_name_en":"Porto União","kind_detail":"town","population":32970,"sort_key":-469749,"geonames_id":"3445746","match_type":"coordinate","match_distance_km":0.531}},{"type":"Feature","geometry":{"type":"Point","coordinates":[-63.472137451171875,-21.25866133371464]},"properties":{"wikidata":"Q1014504","display_name":"比亞蒙特斯","display_name_en":"Villa Montes","kind_detail":"city","population":33228,"sort_key":-469748,"geonames_id":"3901547","match_type":"name+coordinate","match_distance_km":0.521}},{"type":"Feature","geometry":{"type":"Point","coordinates":[-73.92837524414062,41.70675376722693]},"properties":{"wikidata":"Q178093","display_name":"波啟浦夕","display_name_en":"Poughkeepsie","kind_detail":"city","population":31577,"sort_key":-469748,"geonames_id":"5132143","match_type":"name+coordinate","match_distance_km":0.939}},{"type":"Feature","geometry":{"type":"Point","coordinates":[-72.41226196289062,-35.33193221705639]},"properties":{"wikidata":"Q3862","display_name":"孔斯蒂圖西翁","display_name_en":"Constitución","kind_detail":"city","population":34022,"sort_key":-469748,"geonames_id":"3893726","match_type":"name+coordinate","match_distance_km":0.156}},{"type":"Feature","geometry":{"type":"Point","coordinates":[-48.2794189453125,-17.300821103565568]},"properties":{"wikidata":"Q987688","display_name":"里约皮雷斯","display_name_en":"Pires do Rio","kind_detail":"town","population":32373,"sort_key":-469748,"match_type":"machine-transliterated"}},{"type":"Feature","geometry":{"type":"Point","coordinates":[-72.95883178710938,4.084822575634917]},"properties":{"wikidata":"Q2143650","display_name":"洛佩斯港","display_name_en":"Puerto López","kind_detail":"town","population":30399,"sort_key":-469748,"match_type":"machine-transliterated"}},{"type":"Feature","geometry":{"type":"Point","coordinates":[-98.14773559570312,24.846565348219755]},"properties":{"wikidata":"Q745811","display_name":"圣费尔南多","display_name_en":"San Fernando","kind_detail":"town","population":29665,"sort_key":-469748,"match_type":"machine-transliterated"}},{"type":"Feature","geometry":{"type":"Point","coordinates":[7.321014404296875,45.736859547360496]},"properties":{"wikidata":"Q3367","display_name":"奥斯塔","display_name_en":"Aosta","kind_detail":"city","population":30000,"sort_key":-469747,"match_type":"machine-transliterated"}},{"type":"Feature","geometry":{"type":"Point","coordinates":[-83.65127563476562,41.37474755643598]},"properties":{"wikidata":"Q895459","display_name":"鮑靈格林","display_name_en":"Bowling Green","kind_detail":"town","population":29725,"sort_key":-469747,"geonames_id":"5147968","match_type":"name+coordinate","match_distance_km":0.004}},{"type":"Feature","geometry":{"type":"Point","coordinates":[24.27978515625,-17.507867096450795]},"properties":{"wikidata":"Q864100","display_name":"卡蒂马穆利洛","display_name_en":"Katima Mulilo","kind_detail":"city","population":28362,"sort_key":-469747,"geonames_id":"877178","match_type":"name+coordinate","match_distance_km":0.557}},{"type":"Feature","geometry":{"type":"Point","coordinates":[-61.186981201171875,-11.676445161005404]},"properties":{"wikidata":"Q1803175","display_name":"皮门塔布埃诺","display_name_en":"Pimenta Bueno","kind_detail":"town","population":35079,"sort_key":-469747,"match_type":"machine-transliterated"}},{"type":"Feature","geometry":{"type":"Point","coordinates":[-70.67230224609375,46.12274903582434]},"properties":{"wikidata":"Q143227","display_name":"圣乔治","display_name_en":"Saint-Georges","kind_detail":"city","population":32935,"sort_key":-469747,"match_type":"machine-transliterated"}},{"type":"Feature","geometry":{"type":"Point","coordinates":[16.099090576171875,38.67478920520597]},"properties":{"wikidata":"Q13625","display_name":"维博瓦伦蒂亚","display_name_en":"Vibo Valentia","kind_detail":"town","population":33941,"sort_key":-469747,"match_type":"machine-transliterated"}},{"type":"Feature","geometry":{"type":"Point","coordinates":[-7.491302490234375,39.82646778218742]},"properties":{"wikidata":"Q373720","display_name":"布朗库堡","display_name_en":"Castelo Branco","kind_detail":"city","population":34278,"sort_key":-469746,"match_type":"machine-transliterated"}},{"type":"Feature","geometry":{"type":"Point","coordinates":[-77.45773315429688,38.29963683199301]},"properties":{"wikidata":"Q492342","display_name":"弗雷德里克斯堡","display_name_en":"Fredericksburg","kind_detail":"city","population":30393,"sort_key":-469746,"geonames_id":"4760059","match_type":"name+coordinate","match_distance_km":0.464}},{"type":"Feature","geometry":{"type":"Point","coordinates":[-61.93267822265625,-37.458508220712844]},"properties":{"wikidata":"Q3693997","display_name":"苏亚雷斯上校","display_name_en":"Coronel Suárez","kind_detail":"town","population":32525,"sort_key":-469746,"match_type":"machine-transliterated"}},{"type":"Feature","geometry":{"type":"Point","coordinates":[-57.1783447265625,-15.064167104327268]},"properties":{"wikidata":"Q1805676","display_name":"巴拉杜布格雷斯","display_name_en":"Barra do Bugres","kind_detail":"town","population":29403,"sort_key":-469745,"match_type":"machine-transliterated"}},{"type":"Feature","geometry":{"type":"Point","coordinates":[-100.1788330078125,26.503759870210857]},"properties":{"wikidata":"Q2391830","display_name":"萨比纳斯·伊达尔戈","display_name_en":"Sabinas Hidalgo","kind_detail":"town","population":33068,"sort_key":-469745,"match_type":"machine-transliterated"}},{"type":"Feature","geometry":{"type":"Point","coordinates":[-73.78555297851562,43.08192843736211]},"properties":{"wikidata":"Q1144357","display_name":"萨拉托加温泉市","display_name_en":"Saratoga Springs","kind_detail":"city","population":28741,"sort_key":-469744,"geonames_id":"5136334","match_type":"name+coordinate","match_distance_km":0.156}},{"type":"Feature","geometry":{"type":"Point","coordinates":[-54.960479736328125,-28.407104661781318]},"properties":{"wikidata":"Q647406","display_name":"圣路易斯冈萨加","display_name_en":"São Luiz Gonzaga","kind_detail":"town","population":34752,"sort_key":-469744,"match_type":"machine-transliterated"}},{"type":"Feature","geometry":{"type":"Point","coordinates":[-13.8592529296875,28.49886772445909]},"properties":{"wikidata":"Q540185","display_name":"罗萨里奥港","display_name_en":"Puerto del Rosario","kind_detail":"town","population":34287,"sort_key":-469742,"match_type":"machine-transliterated"}},{"type":"Feature","geometry":{"type":"Point","coordinates":[-88.04580688476562,19.577905706819976]},"properties":{"wikidata":"Q1403187","display_name":"费利佩·卡里略 波多黎各","display_name_en":"Felipe Carrillo Puerto","kind_detail":"town","population":30754,"sort_key":-469738,"match_type":"machine-transliterated"}},{"type":"Feature","geometry":{"type":"Point","coordinates":[-53.36883544921875,-33.519644153199245]},"properties":{"wikidata":"Q984562","display_name":"圣维多利亚帕尔马","display_name_en":"Santa Vitória do Palmar","kind_detail":"town","population":30983,"sort_key":-469737,"match_type":"machine-transliterated"}},{"type":"Feature","geometry":{"type":"Point","coordinates":[-1.142578125,11.166276484061314]},"properties":{"wikidata":"Q1756613","display_name":"波","display_name_en":"Pô","kind_detail":"town","population":24320,"sort_key":-469726,"match_type":"machine-transliterated"}},{"type":"Feature","geometry":{"type":"Point","coordinates":[-4.895782470703125,13.304102866767082]},"properties":{"wikidata":"Q950460","display_name":"三","display_name_en":"San","kind_detail":"city","population":26744,"sort_key":-469725,"match_type":"machine-transliterated"}},{"type":"Feature","geometry":{"type":"Point","coordinates":[57.330780029296875,49.89640369842334]},"properties":{"wikidata":"Q2435663","display_name":"阿尔加","display_name_en":"Alğa","kind_detail":"town","population":22798,"sort_key":-469724,"match_type":"machine-transliterated"}},{"type":"Feature","geometry":{"type":"Point","coordinates":[100.77346801757812,18.77761617632804]},"properties":{"wikidata":"Q1014345","display_name":"南","display_name_en":"Nan","kind_detail":"town","population":25000,"sort_key":-469724,"match_type":"machine-transliterated"}},{"type":"Feature","geometry":{"type":"Point","coordinates":[-88.92333984375,20.125576455270576]},"properties":{"wikidata":"Q1949370","display_name":"佩托","display_name_en":"Peto","kind_detail":"town","population":21456,"sort_key":-469724,"match_type":"machine-transliterated"}},{"type":"Feature","geometry":{"type":"Point","coordinates":[-60.216064453125,-29.45753543987987]},"properties":{"wikidata":"Q2540770","display_name":"维拉","display_name_en":"Vera","kind_detail":"town","population":21416,"sort_key":-469724,"match_type":"machine-transliterated"}},{"type":"Feature","geometry":{"type":"Point","coordinates":[86.14105224609375,56.99886705111672]},"properties":{"wikidata":"Q104111","display_name":"阿西诺","display_name_en":"Asino","kind_detail":"town","population":24692,"sort_key":-469723,"geonames_id":"1511309","match_type":"name+coordinate","match_distance_km":0.856}},{"type":"Feature","geometry":{"type":"Point","coordinates":[-7.30316162109375,54.59911896088434]},"properties":{"wikidata":"Q510513","display_name":"奧馬","display_name_en":"Omagh","kind_detail":"town","population":21297,"sort_key":-469723,"geonames_id":"2640967","match_type":"name+coordinate","match_distance_km":0.226}},{"type":"Feature","geometry":{"type":"Point","coordinates":[-74.73587036132812,5.20993807648081]},"properties":{"wikidata":"Q932513","display_name":"本田","display_name_en":"Honda","kind_detail":"city","population":26873,"sort_key":-469723,"match_type":"machine-transliterated"}},{"type":"Feature","geometry":{"type":"Point","coordinates":[-85.660400390625,12.472782814792765]},"properties":{"wikidata":"Q887488","display_name":"博阿科","display_name_en":"Boaco","kind_detail":"city","population":25537,"sort_key":-469723,"match_type":"machine-transliterated"}},{"type":"Feature","geometry":{"type":"Point","coordinates":[-65.12832641601562,-28.637568089327843]},"properties":{"wikidata":"Q1471709","display_name":"弗里亚斯","display_name_en":"Frías","kind_detail":"town","population":26649,"sort_key":-469723,"match_type":"machine-transliterated"}},{"type":"Feature","geometry":{"type":"Point","coordinates":[-49.603271484375,-15.310677799416553]},"properties":{"wikidata":"Q2019995","display_name":"谷神星","display_name_en":"Ceres","kind_detail":"town","population":22046,"sort_key":-469723,"match_type":"machine-transliterated"}},{"type":"Feature","geometry":{"type":"Point","coordinates":[-77.882080078125,2.571310525603252]},"properties":{"wikidata":"Q2432113","display_name":"瓜皮","display_name_en":"Guapi","kind_detail":"town","population":27616,"sort_key":-469723,"match_type":"machine-transliterated"}},{"type":"Feature","geometry":{"type":"Point","coordinates":[-3.179168701171875,10.329780996326647]},"properties":{"wikidata":"Q1011882","display_name":"加瓦","display_name_en":"Gaoua","kind_detail":"town","population":25104,"sort_key":-469723,"geonames_id":"2360620","match_type":"name+coordinate","match_distance_km":0.358}},{"type":"Feature","geometry":{"type":"Point","coordinates":[35.704193115234375,31.184609135743244]},"properties":{"wikidata":"Q31572","display_name":"卡拉克","display_name_en":"Al Karak","kind_detail":"town","population":23000,"sort_key":-469723,"match_type":"machine-transliterated"}},{"type":"Feature","geometry":{"type":"Point","coordinates":[29.683685302734375,-16.81900163992276]},"properties":{"wikidata":"Q994419","display_name":"卡萊伊","display_name_en":"Karoi","kind_detail":"town","population":22293,"sort_key":-469723,"geonames_id":"889191","match_type":"name+coordinate","match_distance_km":1.375}},{"type":"Feature","geometry":{"type":"Point","coordinates":[0.476531982421875,10.356800487460106]},"properties":{"wikidata":"Q1392195","display_name":"曼戈","display_name_en":"Mango","kind_detail":"city","population":25000,"sort_key":-469723,"geonames_id":"2365190","match_type":"name+coordinate","match_distance_km":0.677}},{"type":"Feature","geometry":{"type":"Point","coordinates":[-78.64974975585938,-6.560931820902539]},"properties":{"wikidata":"Q2964558","display_name":"乔塔","display_name_en":"Chota","kind_detail":"town","population":22159,"sort_key":-469723,"match_type":"machine-transliterated"}},{"type":"Feature","geometry":{"type":"Point","coordinates":[19.084625244140625,5.7348764509202965]},"properties":{"wikidata":"Q1757279","display_name":"诗布","display_name_en":"Sibut","kind_detail":"city","population":22419,"sort_key":-469723,"match_type":"machine-transliterated"}},{"type":"Feature","geometry":{"type":"Point","coordinates":[85.62332153320312,55.27520410965599]},"properties":{"wikidata":"Q196675","display_name":"托普基","display_name_en":"Topki","kind_detail":"town","population":27639,"sort_key":-469723,"geonames_id":"1489394","match_type":"name+coordinate","match_distance_km":0.655}},{"type":"Feature","geometry":{"type":"Point","coordinates":[-66.8243408203125,-20.46304277509408]},"properties":{"wikidata":"Q1014511","display_name":"烏尤尼","display_name_en":"Uyuni","kind_detail":"city","population":24966,"sort_key":-469723,"geonames_id":"3901903","match_type":"name+coordinate","match_distance_km":0.382}},{"type":"Feature","geometry":{"type":"Point","coordinates":[-76.80816650390625,42.090070068683985]},"properties":{"wikidata":"Q934135","display_name":"埃尔迈拉","display_name_en":"Elmira","kind_detail":"city","population":26523,"sort_key":-469722,"geonames_id":"5116497","match_type":"name+coordinate","match_distance_km":0.047}},{"type":"Feature","geometry":{"type":"Point","coordinates":[28.77593994140625,-16.526948799287837]},"properties":{"wikidata":"Q1025799","display_name":"卡里巴","display_name_en":"Kariba","kind_detail":"town","population":24210,"sort_key":-469722,"geonames_id":"889215","match_type":"name+coordinate","match_distance_km":2.808}},{"type":"Feature","geometry":{"type":"Point","coordinates":[17.985992431640625,3.8724755890318363]},"properties":{"wikidata":"Q593435","display_name":"姆拜基","display_name_en":"Mbaïki","kind_detail":"city","population":22166,"sort_key":-469722,"match_type":"machine-transliterated"}},{"type":"Feature","geometry":{"type":"Point","coordinates":[11.059112548828125,-1.8632274229134538]},"properties":{"wikidata":"Q746670","display_name":"穆伊拉","display_name_en":"Mouila","kind_detail":"city","population":22469,"sort_key":-469722,"match_type":"machine-transliterated"}},{"type":"Feature","geometry":{"type":"Point","coordinates":[-65.83694458007812,-17.545843674914295]},"properties":{"wikidata":"Q1026219","display_name":"普納塔","display_name_en":"Punata","kind_detail":"city","population":26563,"sort_key":-469722,"geonames_id":"3907080","match_type":"name+coordinate","match_distance_km":0.455}},{"type":"Feature","geometry":{"type":"Point","coordinates":[-74.63699340820312,-11.253837328831693]},"properties":{"wikidata":"Q3057885","display_name":"萨蒂波","display_name_en":"Satipo","kind_detail":"town","population":23203,"sort_key":-469722,"match_type":"machine-transliterated"}},{"type":"Feature","geometry":{"type":"Point","coordinates":[-9.705047607421875,52.26899777413942]},"properties":{"wikidata":"Q213358","display_name":"特拉利","display_name_en":"Tralee","kind_detail":"town","population":26079,"sort_key":-469722,"geonames_id":"2961123","match_type":"name+coordinate","match_distance_km":0.228}},{"type":"Feature","geometry":{"type":"Point","coordinates":[-91.63970947265625,44.050089820756796]},"properties":{"wikidata":"Q773527","display_name":"威诺纳","display_name_en":"Winona","kind_detail":"town","population":26533,"sort_key":-469722,"match_type":"machine-transliterated"}},{"type":"Feature","geometry":{"type":"Point","coordinates":[-56.14837646484375,-21.479907226098803]},"properties":{"wikidata":"Q927504","display_name":"雅爾丁","display_name_en":"Jardim","kind_detail":"town","population":23981,"sort_key":-469722,"geonames_id":"3460087","match_type":"name+coordinate","match_distance_km":1.068}},{"type":"Feature","geometry":{"type":"Point","coordinates":[-40.6219482421875,-15.240464866276724]},"properties":{"wikidata":"Q686304","display_name":"伊坦贝","display_name_en":"Itambé","kind_detail":"town","population":24394,"sort_key":-469722,"match_type":"machine-transliterated"}},{"type":"Feature","geometry":{"type":"Point","coordinates":[-97.13150024414062,34.17318076114496]},"properties":{"wikidata":"Q639640","display_name":"阿德莫尔","display_name_en":"Ardmore","kind_detail":"city","population":24725,"sort_key":-469721,"match_type":"machine-transliterated"}},{"type":"Feature","geometry":{"type":"Point","coordinates":[-62.8363037109375,-28.459033019728047]},"properties":{"wikidata":"Q794668","display_name":"阿纳图亚","display_name_en":"Añatuya","kind_detail":"town","population":23286,"sort_key":-469721,"match_type":"machine-transliterated"}},{"type":"Feature","geometry":{"type":"Point","coordinates":[-70.58990478515625,-14.882414387082093]},"properties":{"wikidata":"Q3344141","display_name":"阿亚维里","display_name_en":"Ayaviri","kind_detail":"town","population":21859,"sort_key":-469721,"match_type":"machine-transliterated"}},{"type":"Feature","geometry":{"type":"Point","coordinates":[-104.41543579101562,29.565096041059448]},"properties":{"wikidata":"Q1971351","display_name":"奥品永","display_name_en":"Ojinaga","kind_detail":"city","population":22066,"sort_key":-469721,"match_type":"machine-transliterated"}},{"type":"Feature","geometry":{"type":"Point","coordinates":[-92.4114990234375,41.01928287604562]},"properties":{"wikidata":"Q853566","display_name":"奥塔姆瓦","display_name_en":"Ottumwa","kind_detail":"city","population":25529,"sort_key":-469721,"match_type":"machine-transliterated"}},{"type":"Feature","geometry":{"type":"Point","coordinates":[-82.188720703125,36.59458146560138]},"properties":{"wikidata":"Q917821","display_name":"布里斯托爾","display_name_en":"Bristol","kind_detail":"city","population":26666,"sort_key":-469721,"geonames_id":"4608657","match_type":"name+coordinate","match_distance_km":0.059}},{"type":"Feature","geometry":{"type":"Point","coordinates":[-61.186981201171875,-27.217998696328692]},"properties":{"wikidata":"Q1578300","display_name":"查拉塔","display_name_en":"Charata","kind_detail":"town","population":26497,"sort_key":-469721,"geonames_id":"3861678","match_type":"name+coordinate","match_distance_km":0.042}},{"type":"Feature","geometry":{"type":"Point","coordinates":[75.96221923828125,55.21727355520778]},"properties":{"wikidata":"Q196622","display_name":"韃靼斯克","display_name_en":"Tatarsk","kind_detail":"town","population":23523,"sort_key":-469721,"geonames_id":"1490003","match_type":"name+coordinate","match_distance_km":1.305}},{"type":"Feature","geometry":{"type":"Point","coordinates":[15.87799072265625,-1.8714627932823191]},"properties":{"wikidata":"Q3307123","display_name":"甘博马","display_name_en":"Gamboma","kind_detail":"town","population":26053,"sort_key":-469721,"match_type":"machine-transliterated"}},{"type":"Feature","geometry":{"type":"Point","coordinates":[34.13726806640625,3.509308906957699]},"properties":{"wikidata":"Q6272909","display_name":"卡邦","display_name_en":"Kaabong","kind_detail":"town","population":23900,"sort_key":-469721,"match_type":"machine-transliterated"}},{"type":"Feature","geometry":{"type":"Point","coordinates":[-56.366729736328125,-26.197341151857373]},"properties":{"wikidata":"Q135939","display_name":"卡薩帕","display_name_en":"Caazapá","kind_detail":"town","population":23996,"sort_key":-469721,"geonames_id":"3439297","match_type":"name+coordinate","match_distance_km":0.14}},{"type":"Feature","geometry":{"type":"Point","coordinates":[-73.85696411132812,-5.063586123720583]},"properties":{"wikidata":"Q3344103","display_name":"雷克纳","display_name_en":"Requena","kind_detail":"town","population":22875,"sort_key":-469721,"match_type":"machine-transliterated"}},{"type":"Feature","geometry":{"type":"Point","coordinates":[-97.41714477539062,42.027874002321965]},"properties":{"wikidata":"Q959951","display_name":"诺福克","display_name_en":"Norfolk","kind_detail":"city","population":23896,"sort_key":-469721,"geonames_id":"5073965","match_type":"name+coordinate","match_distance_km":0.053}},{"type":"Feature","geometry":{"type":"Point","coordinates":[-88.60061645507812,37.083666782415534]},"properties":{"wikidata":"Q984377","display_name":"帕迪尤卡","display_name_en":"Paducah","kind_detail":"city","population":25048,"sort_key":-469721,"geonames_id":"4048662","match_type":"name+coordinate","match_distance_km":0.059}},{"type":"Feature","geometry":{"type":"Point","coordinates":[27.123870849609375,-22.536659016820153]},"properties":{"wikidata":"Q170711","display_name":"帕拉佩","display_name_en":"Palapye","kind_detail":"town","population":26000,"sort_key":-469721,"geonames_id":"933182","match_type":"name+coordinate","match_distance_km":1.051}},{"type":"Feature","geometry":{"type":"Point","coordinates":[46.418609619140625,55.4983051171842]},"properties":{"wikidata":"Q198349","display_name":"舒梅爾利亞","display_name_en":"Shumerlya","kind_detail":"town","population":25554,"sort_key":-469721,"geonames_id":"493463","match_type":"name+coordinate","match_distance_km":0.436}},{"type":"Feature","geometry":{"type":"Point","coordinates":[-97.39654541015625,42.87093196393374]},"properties":{"wikidata":"Q989288","display_name":"扬克顿","display_name_en":"Yankton","kind_detail":"city","population":23635,"sort_key":-469721,"geonames_id":"5233053","match_type":"name+coordinate","match_distance_km":0.063}},{"type":"Feature","geometry":{"type":"Point","coordinates":[-67.92572021484375,3.8656247834774575]},"properties":{"wikidata":"Q130281","display_name":"伊尼里達","display_name_en":"Inírida","kind_detail":"city","population":26176,"sort_key":-469721,"geonames_id":"3671450","match_type":"name+coordinate","match_distance_km":0.207}},{"type":"Feature","geometry":{"type":"Point","coordinates":[-98.48831176757812,45.46494660097147]},"properties":{"wikidata":"Q236713","display_name":"阿伯丁","display_name_en":"Aberdeen","kind_detail":"city","population":24071,"sort_key":-469720,"geonames_id":"5225857","match_type":"name+coordinate","match_distance_km":0.145}},{"type":"Feature","geometry":{"type":"Point","coordinates":[45.284271240234375,24.065274277248335]},"properties":{"wikidata":"Q3545549","display_name":"阿尔库韦伊耶","display_name_en":"Al Quway`iyah","kind_detail":"city","population":22519,"sort_key":-469720,"match_type":"machine-transliterated"}},{"type":"Feature","geometry":{"type":"Point","coordinates":[-82.650146484375,34.5065566216456]},"properties":{"wikidata":"Q1150893","display_name":"安德森","display_name_en":"Anderson","kind_detail":"city","population":26708,"sort_key":-469720,"geonames_id":"4569298","match_type":"name+coordinate","match_distance_km":0.347}},{"type":"Feature","geometry":{"type":"Point","coordinates":[-92.64633178710938,18.531700307384043]},"properties":{"wikidata":"Q2448297","display_name":"弗龙特拉","display_name_en":"Frontera","kind_detail":"town","population":23024,"sort_key":-469720,"match_type":"machine-transliterated"}},{"type":"Feature","geometry":{"type":"Point","coordinates":[149.72030639648438,-34.75289647745205]},"properties":{"wikidata":"Q605235","display_name":"高賓","display_name_en":"Goulburn","kind_detail":"city","population":23963,"sort_key":-469720,"geonames_id":"2164837","match_type":"name+coordinate","match_distance_km":0.158}},{"type":"Feature","geometry":{"type":"Point","coordinates":[85.93093872070312,54.28527041873414]},"properties":{"wikidata":"Q134717","display_name":"古里耶夫斯克","display_name_en":"Guryevsk","kind_detail":"town","population":21801,"sort_key":-469720,"match_type":"machine-transliterated"}},{"type":"Feature","geometry":{"type":"Point","coordinates":[-80.72067260742188,40.06440968122149]},"properties":{"wikidata":"Q838112","display_name":"惠灵","display_name_en":"Wheeling","kind_detail":"city","population":27062,"sort_key":-469720,"geonames_id":"5280854","match_type":"name+coordinate","match_distance_km":0.054}},{"type":"Feature","geometry":{"type":"Point","coordinates":[-7.2509765625,52.65056234595389]},"properties":{"wikidata":"Q109092","display_name":"基尔肯尼","display_name_en":"Kilkenny","kind_detail":"city","population":27184,"sort_key":-469720,"match_type":"machine-transliterated"}},{"type":"Feature","geometry":{"type":"Point","coordinates":[-87.86178588867188,41.119711047118386]},"properties":{"wikidata":"Q578351","display_name":"坎卡基","display_name_en":"Kankakee","kind_detail":"city","population":24052,"sort_key":-469720,"match_type":"machine-transliterated"}},{"type":"Feature","geometry":{"type":"Point","coordinates":[-73.08242797851562,-40.2952390858676]},"properties":{"wikidata":"Q14469","display_name":"拉乌尼翁","display_name_en":"La Unión","kind_detail":"town","population":26517,"sort_key":-469720,"match_type":"machine-transliterated"}},{"type":"Feature","geometry":{"type":"Point","coordinates":[-81.87835693359375,28.810986808864513]},"properties":{"wikidata":"Q625833","display_name":"利斯堡","display_name_en":"Leesburg","kind_detail":"city","population":26995,"sort_key":-469720,"geonames_id":"4161771","match_type":"name+coordinate","match_distance_km":0.052}},{"type":"Feature","geometry":{"type":"Point","coordinates":[-69.58465576171875,-35.46849952318069]},"properties":{"wikidata":"Q1886759","display_name":"马拉圭","display_name_en":"Malargüe","kind_detail":"town","population":21619,"sort_key":-469720,"geonames_id":"3845181","match_type":"name+coordinate","match_distance_km":1.048}},{"type":"Feature","geometry":{"type":"Point","coordinates":[-101.26785278320312,17.5379871041238]},"properties":{"wikidata":"Q4360151","display_name":"佩塔特兰","display_name_en":"Petatlán","kind_detail":"town","population":21659,"sort_key":-469720,"match_type":"machine-transliterated"}},{"type":"Feature","geometry":{"type":"Point","coordinates":[174.90371704101562,-37.200800059873615]},"properties":{"wikidata":"Q733057","display_name":"普基科希","display_name_en":"Pukekohe","kind_detail":"town","population":26900,"sort_key":-469720,"match_type":"machine-transliterated"}},{"type":"Feature","geometry":{"type":"Point","coordinates":[31.669464111328125,-21.044772914961854]},"properties":{"wikidata":"Q1074697","display_name":"奇雷德齐","display_name_en":"Chiredzi","kind_detail":"town","population":26129,"sort_key":-469720,"match_type":"machine-transliterated"}},{"type":"Feature","geometry":{"type":"Point","coordinates":[-72.33123779296875,-38.23386541556983]},"properties":{"wikidata":"Q200999","display_name":"維多利亞","display_name_en":"Victoria","kind_detail":"town","population":24773,"sort_key":-469720,"geonames_id":"3868326","match_type":"name+coordinate","match_distance_km":0.181}},{"type":"Feature","geometry":{"type":"Point","coordinates":[16.9134521484375,-21.978707571386252]},"properties":{"wikidata":"Q597491","display_name":"奧卡漢賈","display_name_en":"Okahandja","kind_detail":"city","population":22639,"sort_key":-469719,"geonames_id":"3354898","match_type":"name+coordinate","match_distance_km":1.129}},{"type":"Feature","geometry":{"type":"Point","coordinates":[28.7347412109375,-9.347447527112962]},"properties":{"wikidata":"Q287722","display_name":"恩切倫戈","display_name_en":"Nchelenge","kind_detail":"town","population":23693,"sort_key":-469719,"geonames_id":"175499","match_type":"name+coordinate","match_distance_km":0.279}},{"type":"Feature","geometry":{"type":"Point","coordinates":[-93.2684326171875,44.29534995604581]},"properties":{"wikidata":"Q177861","display_name":"法里博","display_name_en":"Faribault","kind_detail":"town","population":22206,"sort_key":-469719,"geonames_id":"5026291","match_type":"name+coordinate","match_distance_km":0.054}},{"type":"Feature","geometry":{"type":"Point","coordinates":[175.46951293945312,-37.89219554724435]},"properties":{"wikidata":"Q1028261","display_name":"剑桥","display_name_en":"Cambridge","kind_detail":"town","population":21400,"sort_key":-469719,"match_type":"machine-transliterated"}},{"type":"Feature","geometry":{"type":"Point","coordinates":[74.58206176757812,55.04926917989155]},"properties":{"wikidata":"Q143614","display_name":"卡拉欽斯克","display_name_en":"Kalachinsk","kind_detail":"town","population":22587,"sort_key":-469719,"geonames_id":"1505074","match_type":"name+coordinate","match_distance_km":0.39}},{"type":"Feature","geometry":{"type":"Point","coordinates":[-86.57089233398438,30.761898985435096]},"properties":{"wikidata":"Q2153124","display_name":"克雷斯特韦","display_name_en":"Crestview","kind_detail":"town","population":27134,"sort_key":-469719,"geonames_id":"4152311","match_type":"name+coordinate","match_distance_km":0.045}},{"type":"Feature","geometry":{"type":"Point","coordinates":[-66.58538818359375,-18.422290394255953]},"properties":{"wikidata":"Q283043","display_name":"拉拉瓜","display_name_en":"Llallagua","kind_detail":"city","population":25375,"sort_key":-469719,"geonames_id":"3911409","match_type":"name+coordinate","match_distance_km":0.855}},{"type":"Feature","geometry":{"type":"Point","coordinates":[-90.49713134765625,36.05798104702501]},"properties":{"wikidata":"Q79386","display_name":"帕拉古尔德","display_name_en":"Paragould","kind_detail":"town","population":24248,"sort_key":-469719,"match_type":"machine-transliterated"}},{"type":"Feature","geometry":{"type":"Point","coordinates":[-60.593719482421875,-30.78903675126115]},"properties":{"wikidata":"Q2134760","display_name":"圣胡斯托","display_name_en":"San Justo","kind_detail":"town","population":25915,"sort_key":-469719,"match_type":"machine-transliterated"}},{"type":"Feature","geometry":{"type":"Point","coordinates":[146.53839111328125,-38.19502155795573]},"properties":{"wikidata":"Q249022","display_name":"他拉嘞共","display_name_en":"Traralgon","kind_detail":"city","population":27628,"sort_key":-469719,"geonames_id":"2146108","match_type":"name+coordinate","match_distance_km":0.273}},{"type":"Feature","geometry":{"type":"Point","coordinates":[101.17172241210938,56.12488787121737]},"properties":{"wikidata":"Q133099","display_name":"维霍列夫卡","display_name_en":"Vikhorevka","kind_detail":"town","population":21279,"sort_key":-469719,"match_type":"machine-transliterated"}},{"type":"Feature","geometry":{"type":"Point","coordinates":[-75.91140747070312,43.97502815071962]},"properties":{"wikidata":"Q1378026","display_name":"沃特敦","display_name_en":"Watertown","kind_detail":"city","population":24685,"sort_key":-469719,"match_type":"machine-transliterated"}},{"type":"Feature","geometry":{"type":"Point","coordinates":[-78.92166137695312,40.32665496008366]},"properties":{"wikidata":"Q1070763","display_name":"约翰斯敦","display_name_en":"Johnstown","kind_detail":"city","population":22269,"sort_key":-469719,"geonames_id":"5195561","match_type":"name+coordinate","match_distance_km":0.028}},{"type":"Feature","geometry":{"type":"Point","coordinates":[-75.684814453125,44.5894891936897]},"properties":{"wikidata":"Q34047","display_name":"布羅克維爾","display_name_en":"Brockville","kind_detail":"city","population":21870,"sort_key":-469718,"geonames_id":"5909294","match_type":"name+coordinate","match_distance_km":0.27}},{"type":"Feature","geometry":{"type":"Point","coordinates":[-82.00469970703125,39.94027777039034]},"properties":{"wikidata":"Q146811","display_name":"曾斯維爾","display_name_en":"Zanesville","kind_detail":"city","population":24739,"sort_key":-469718,"geonames_id":"4528923","match_type":"name+coordinate","match_distance_km":0.724}},{"type":"Feature","geometry":{"type":"Point","coordinates":[-101.47933959960938,32.24997445586331]},"properties":{"wikidata":"Q859362","display_name":"大泉","display_name_en":"Big Spring","kind_detail":"town","population":26144,"sort_key":-469718,"match_type":"machine-transliterated"}},{"type":"Feature","geometry":{"type":"Point","coordinates":[-100.01678466796875,37.75225820732335]},"properties":{"wikidata":"Q647127","display_name":"道奇","display_name_en":"Dodge City","kind_detail":"city","population":26101,"sort_key":-469718,"match_type":"machine-transliterated"}},{"type":"Feature","geometry":{"type":"Point","coordinates":[-94.1912841796875,42.5045028529905]},"properties":{"wikidata":"Q983761","display_name":"道奇堡","display_name_en":"Fort Dodge","kind_detail":"city","population":24871,"sort_key":-469718,"match_type":"machine-transliterated"}},{"type":"Feature","geometry":{"type":"Point","coordinates":[-97.85659790039062,27.515579365859637]},"properties":{"wikidata":"Q970495","display_name":"金斯维尔","display_name_en":"Kingsville","kind_detail":"town","population":24394,"sort_key":-469718,"match_type":"machine-transliterated"}},{"type":"Feature","geometry":{"type":"Point","coordinates":[-89.21722412109375,37.72728027686003]},"properties":{"wikidata":"Q577511","display_name":"卡本戴尔","display_name_en":"Carbondale","kind_detail":"city","population":24881,"sort_key":-469718,"geonames_id":"4235193","match_type":"name+coordinate","match_distance_km":0.042}},{"type":"Feature","geometry":{"type":"Point","coordinates":[-93.20114135742188,43.15209968803546]},"properties":{"wikidata":"Q1444028","display_name":"梅森城","display_name_en":"Mason City","kind_detail":"city","population":27338,"sort_key":-469718,"match_type":"machine-transliterated"}},{"type":"Feature","geometry":{"type":"Point","coordinates":[-97.08206176757812,36.70365959719456]},"properties":{"wikidata":"Q1778752","display_name":"庞卡城","display_name_en":"Ponca City","kind_detail":"town","population":25387,"sort_key":-469718,"geonames_id":"4548267","match_type":"name+coordinate","match_distance_km":0.485}},{"type":"Feature","geometry":{"type":"Point","coordinates":[-73.69491577148438,3.6943369092927014]},"properties":{"wikidata":"Q1441359","display_name":"圣马丁","display_name_en":"San Martín","kind_detail":"town","population":26707,"sort_key":-469718,"match_type":"machine-transliterated"}},{"type":"Feature","geometry":{"type":"Point","coordinates":[-60.172119140625,-35.43270097445592]},"properties":{"wikidata":"Q2109979","display_name":"五月市韦因蒂辛科","display_name_en":"Veinticinco de Mayo","kind_detail":"town","population":23408,"sort_key":-469718,"match_type":"machine-transliterated"}},{"type":"Feature","geometry":{"type":"Point","coordinates":[26.89178466796875,-33.59860671494885]},"properties":{"wikidata":"Q1693203","display_name":"艾尔弗雷德港","display_name_en":"Port Alfred","kind_detail":"town","population":25859,"sort_key":-469717,"geonames_id":"964432","match_type":"name+coordinate","match_distance_km":1.607}},{"type":"Feature","geometry":{"type":"Point","coordinates":[-68.17977905273438,49.21221470821257]},"properties":{"wikidata":"Q139654","display_name":"拜科莫","display_name_en":"Baie-Comeau","kind_detail":"city","population":22113,"sort_key":-469717,"match_type":"machine-transliterated"}},{"type":"Feature","geometry":{"type":"Point","coordinates":[-100.87234497070312,37.971267288032834]},"properties":{"wikidata":"Q983784","display_name":"花园","display_name_en":"Garden City","kind_detail":"city","population":27175,"sort_key":-469717,"match_type":"machine-transliterated"}},{"type":"Feature","geometry":{"type":"Point","coordinates":[-91.50650024414062,14.533073943499119]},"properties":{"wikidata":"Q1023983","display_name":"马萨特南戈","display_name_en":"Mazatenango","kind_detail":"city","population":23567,"sort_key":-469717,"match_type":"machine-transliterated"}},{"type":"Feature","geometry":{"type":"Point","coordinates":[-72.98355102539062,-41.31804421232398]},"properties":{"wikidata":"Q51596","display_name":"巴拉斯港","display_name_en":"Puerto Varas","kind_detail":"town","population":26172,"sort_key":-469716,"geonames_id":"3874930","match_type":"name+coordinate","match_distance_km":0.219}},{"type":"Feature","geometry":{"type":"Point","coordinates":[-100.7611083984375,41.137296061122754]},"properties":{"wikidata":"Q989960","display_name":"北普拉特","display_name_en":"North Platte","kind_detail":"city","population":24386,"sort_key":-469716,"geonames_id":"5697939","match_type":"name+coordinate","match_distance_km":1.534}},{"type":"Feature","geometry":{"type":"Point","coordinates":[19.18212890625,6.998674524147589]},"properties":{"wikidata":"Q1210015","display_name":"卡加班多罗","display_name_en":"Kaga-Bandoro","kind_detail":"city","population":24661,"sort_key":-469716,"match_type":"machine-transliterated"}},{"type":"Feature","geometry":{"type":"Point","coordinates":[-98.79043579101562,21.261220997023244]},"properties":{"wikidata":"Q2471832","display_name":"塔马祖查莱","display_name_en":"Tamazunchale","kind_detail":"town","population":24562,"sort_key":-469716,"match_type":"machine-transliterated"}},{"type":"Feature","geometry":{"type":"Point","coordinates":[-77.00042724609375,41.24064190269473]},"properties":{"wikidata":"Q1016159","display_name":"威廉斯波特","display_name_en":"Williamsport","kind_detail":"city","population":27754,"sort_key":-469716,"geonames_id":"5219585","match_type":"name+coordinate","match_distance_km":0.082}},{"type":"Feature","geometry":{"type":"Point","coordinates":[-91.47216796875,15.318624951383342]},"properties":{"wikidata":"Q984863","display_name":"韋韋特南戈","display_name_en":"Huehuetenango","kind_detail":"city","population":21864,"sort_key":-469715,"geonames_id":"3595416","match_type":"name+coordinate","match_distance_km":0.349}},{"type":"Feature","geometry":{"type":"Point","coordinates":[-47.421112060546875,-6.327583008761607]},"properties":{"wikidata":"Q587927","display_name":"托坎蒂诺波利斯","display_name_en":"Tocantinópolis","kind_detail":"town","population":22615,"sort_key":-469714,"match_type":"machine-transliterated"}},{"type":"Feature","geometry":{"type":"Point","coordinates":[-97.07244873046875,15.86888349103593]},"properties":{"wikidata":"Q1752991","display_name":"埃斯孔迪多港","display_name_en":"Puerto Escondido","kind_detail":"city","population":25902,"sort_key":-469712,"geonames_id":"3520994","match_type":"name+coordinate","match_distance_km":0.811}},{"type":"Feature","geometry":{"type":"Point","coordinates":[-100.667724609375,18.358435764455578]},"properties":{"wikidata":"Q2000092","display_name":"阿尔塔米拉诺","display_name_en":"Ciudad Altamirano","kind_detail":"town","population":25168,"sort_key":-469711,"match_type":"machine-transliterated"}},{"type":"Feature","geometry":{"type":"Point","coordinates":[-110.9619140625,30.627277165616874]},"properties":{"wikidata":"Q1572516","display_name":"马格达莱纳德基诺","display_name_en":"Magdalena de Kino","kind_detail":"town","population":26605,"sort_key":-469711,"match_type":"machine-transliterated"}},{"type":"Feature","geometry":{"type":"Point","coordinates":[-60.61981201171875,-25.946931432160184]},"properties":{"wikidata":"Q568624","display_name":"胡安·何塞·卡斯泰利","display_name_en":"Juan José Castelli","kind_detail":"town","population":24333,"sort_key":-469710,"match_type":"machine-transliterated"}},{"type":"Feature","geometry":{"type":"Point","coordinates":[-105.42068481445312,25.04579224030344]},"properties":{"wikidata":"Q2465593","display_name":"聖地亞哥－帕帕斯基亞羅","display_name_en":"Santiago Papasquiaro","kind_detail":"town","population":26121,"sort_key":-469708,"geonames_id":"3983631","match_type":"name+coordinate","match_distance_km":0.261}},{"type":"Feature","geometry":{"type":"Point","coordinates":[-60.96038818359375,-16.374168198186908]},"properties":{"wikidata":"Q995752","display_name":"聖伊格納西奧","display_name_en":"San Ignacio de Velasco","kind_detail":"city","population":23126,"sort_key":-469706,"geonames_id":"3905658","match_type":"name+coordinate","match_distance_km":0.604}},{"type":"Feature","geometry":{"type":"Point","coordinates":[46.845703125,14.52775648053884]},"properties":{"wikidata":"Q1276081","display_name":"`阿塔克","display_name_en":"`Ataq","kind_detail":"city","population":20435,"sort_key":-469693,"match_type":"machine-transliterated"}},{"type":"Feature","geometry":{"type":"Point","coordinates":[62.59185791015625,34.49184353437278]},"properties":{"wikidata":"Q6373621","display_name":"卡鲁克","display_name_en":"Karukh","kind_detail":"town","population":18800,"sort_key":-469693,"match_type":"machine-transliterated"}},{"type":"Feature","geometry":{"type":"Point","coordinates":[-0.034332275390625,14.03267918089287]},"properties":{"wikidata":"Q999493","display_name":"多里","display_name_en":"Dori","kind_detail":"town","population":21078,"sort_key":-469692,"geonames_id":"2361082","match_type":"name+coordinate","match_distance_km":0.126}},{"type":"Feature","geometry":{"type":"Point","coordinates":[-99.33151245117188,38.87072102699577]},"properties":{"wikidata":"Q1057071","display_name":"海斯","display_name_en":"Hays","kind_detail":"city","population":21116,"sort_key":-469692,"match_type":"machine-transliterated"}},{"type":"Feature","geometry":{"type":"Point","coordinates":[-73.65646362304688,-37.60987994374713]},"properties":{"wikidata":"Q14488","display_name":"萊布","display_name_en":"Lebu","kind_detail":"city","population":20961,"sort_key":-469692,"geonames_id":"3883457","match_type":"name+coordinate","match_distance_km":0.313}},{"type":"Feature","geometry":{"type":"Point","coordinates":[87.92770385742188,26.9098246712407]},"properties":{"wikidata":"Q950072","display_name":"伊拉姆","display_name_en":"Ilam","kind_detail":"town","population":18633,"sort_key":-469692,"match_type":"machine-transliterated"}},{"type":"Feature","geometry":{"type":"Point","coordinates":[-98.0694580078125,27.752823008396476]},"properties":{"wikidata":"Q981528","display_name":"爱丽丝","display_name_en":"Alice","kind_detail":"town","population":19104,"sort_key":-469691,"match_type":"machine-transliterated"}},{"type":"Feature","geometry":{"type":"Point","coordinates":[9.339752197265625,11.691238361049713]},"properties":{"wikidata":"Q1023713","display_name":"杜兹","display_name_en":"Dutse","kind_detail":"town","population":17697,"sort_key":-469691,"match_type":"machine-transliterated"}},{"type":"Feature","geometry":{"type":"Point","coordinates":[45.127716064453125,40.35177713649867]},"properties":{"wikidata":"Q39565","display_name":"加瓦尔","display_name_en":"Gavar","kind_detail":"town","population":17830,"sort_key":-469691,"match_type":"machine-transliterated"}},{"type":"Feature","geometry":{"type":"Point","coordinates":[175.286865234375,-40.6222917830927]},"properties":{"wikidata":"Q1821910","display_name":"莱文","display_name_en":"Levin","kind_detail":"town","population":18800,"sort_key":-469691,"match_type":"machine-transliterated"}},{"type":"Feature","geometry":{"type":"Point","coordinates":[44.329833984375,-21.433895184007312]},"properties":{"wikidata":"Q3123057","display_name":"曼贾","display_name_en":"Manja","kind_detail":"town","population":20556,"sort_key":-469691,"match_type":"machine-transliterated"}},{"type":"Feature","geometry":{"type":"Point","coordinates":[-87.02133178710938,32.40779154205701]},"properties":{"wikidata":"Q79941","display_name":"塞尔玛","display_name_en":"Selma","kind_detail":"town","population":17971,"sort_key":-469691,"geonames_id":"4089114","match_type":"name+coordinate","match_distance_km":0.053}},{"type":"Feature","geometry":{"type":"Point","coordinates":[-8.474578857421875,54.27244188446147]},"properties":{"wikidata":"Q190002","display_name":"斯莱戈","display_name_en":"Sligo","kind_detail":"town","population":20608,"sort_key":-469691,"match_type":"machine-transliterated"}},{"type":"Feature","geometry":{"type":"Point","coordinates":[104.1448974609375,15.792253570362448]},"properties":{"wikidata":"Q1017730","display_name":"也梭通","display_name_en":"Yasothon","kind_detail":"town","population":21134,"sort_key":-469691,"match_type":"machine-transliterated"}},{"type":"Feature","geometry":{"type":"Point","coordinates":[-69.63821411132812,-16.086722706934168]},"properties":{"wikidata":"Q3348236","display_name":"伊拉夫","display_name_en":"Ilave","kind_detail":"town","population":20968,"sort_key":-469691,"match_type":"machine-transliterated"}},{"type":"Feature","geometry":{"type":"Point","coordinates":[-124.08233642578125,40.86679532183928]},"properties":{"wikidata":"Q631752","display_name":"阿克塔","display_name_en":"Arcata","kind_detail":"town","population":17231,"sort_key":-469690,"geonames_id":"5558953","match_type":"name+coordinate","match_distance_km":0.052}},{"type":"Feature","geometry":{"type":"Point","coordinates":[16.380615234375,6.315298538330026]},"properties":{"wikidata":"Q896185","display_name":"博祖姆","display_name_en":"Bozoum","kind_detail":"city","population":20665,"sort_key":-469690,"match_type":"machine-transliterated"}},{"type":"Feature","geometry":{"type":"Point","coordinates":[-11.105804443359375,10.741572454818737]},"properties":{"wikidata":"Q1100543","display_name":"达博拉","display_name_en":"Dabola","kind_detail":"town","population":17855,"sort_key":-469690,"match_type":"machine-transliterated"}},{"type":"Feature","geometry":{"type":"Point","coordinates":[-89.13070678710938,31.691950326118246]},"properties":{"wikidata":"Q934987","display_name":"劳雷尔","display_name_en":"Laurel","kind_detail":"town","population":18540,"sort_key":-469690,"geonames_id":"4433039","match_type":"name+coordinate","match_distance_km":0.234}},{"type":"Feature","geometry":{"type":"Point","coordinates":[-111.34506225585938,26.009892586402756]},"properties":{"wikidata":"Q1020758","display_name":"洛雷托","display_name_en":"Loreto","kind_detail":"town","population":16311,"sort_key":-469690,"geonames_id":"3998287","match_type":"name+coordinate","match_distance_km":0.458}},{"type":"Feature","geometry":{"type":"Point","coordinates":[15.618438720703125,-0.006866455061683041]},"properties":{"wikidata":"Q1667693","display_name":"马库阿","display_name_en":"Makoua","kind_detail":"town","population":20038,"sort_key":-469690,"match_type":"machine-transliterated"}},{"type":"Feature","geometry":{"type":"Point","coordinates":[77.98370361328125,45.25168825611763]},"properties":{"wikidata":"Q254928","display_name":"乌什托别","display_name_en":"Ushtobe","kind_detail":"city","population":19243,"sort_key":-469690,"match_type":"machine-transliterated"}},{"type":"Feature","geometry":{"type":"Point","coordinates":[-89.01809692382812,20.93322396623111]},"properties":{"wikidata":"Q1020762","display_name":"伊萨马尔","display_name_en":"Izamal","kind_detail":"town","population":17841,"sort_key":-469690,"match_type":"machine-transliterated"}},{"type":"Feature","geometry":{"type":"Point","coordinates":[64.08462524414062,45.484206339269434]},"properties":{"wikidata":"Q3884178","display_name":"佐萨利","display_name_en":"Zhosaly","kind_detail":"town","population":20269,"sort_key":-469690,"match_type":"machine-transliterated"}},{"type":"Feature","geometry":{"type":"Point","coordinates":[-100.85174560546875,28.341856236004688]},"properties":{"wikidata":"Q2448272","display_name":"阿连德","display_name_en":"Allende","kind_detail":"town","population":20694,"sort_key":-469689,"match_type":"machine-transliterated"}},{"type":"Feature","geometry":{"type":"Point","coordinates":[153.56552124023438,-28.866323768959134]},"properties":{"wikidata":"Q805263","display_name":"巴利纳","display_name_en":"Ballina","kind_detail":"town","population":18532,"sort_key":-469689,"match_type":"machine-transliterated"}},{"type":"Feature","geometry":{"type":"Point","coordinates":[-81.18759155273438,37.7783131479967]},"properties":{"wikidata":"Q813745","display_name":"贝克利","display_name_en":"Beckley","kind_detail":"city","population":16828,"sort_key":-469689,"match_type":"machine-transliterated"}},{"type":"Feature","geometry":{"type":"Point","coordinates":[89.53170776367188,56.21128664026273]},"properties":{"wikidata":"Q105253","display_name":"波戈托爾","display_name_en":"Bogotol","kind_detail":"town","population":18206,"sort_key":-469689,"geonames_id":"1509852","match_type":"name+coordinate","match_distance_km":0.761}},{"type":"Feature","geometry":{"type":"Point","coordinates":[-107.87612915039062,37.27733111863006]},"properties":{"wikidata":"Q1012665","display_name":"杜兰戈","display_name_en":"Durango","kind_detail":"city","population":19071,"sort_key":-469689,"geonames_id":"5420241","match_type":"name+coordinate","match_distance_km":0.417}},{"type":"Feature","geometry":{"type":"Point","coordinates":[-3.6639404296875,16.41632657851615]},"properties":{"wikidata":"Q976923","display_name":"高达","display_name_en":"Goundam","kind_detail":"city","population":16253,"sort_key":-469689,"match_type":"machine-transliterated"}},{"type":"Feature","geometry":{"type":"Point","coordinates":[18.972015380859375,-22.44911039888609]},"properties":{"wikidata":"Q1000609","display_name":"戈巴比斯","display_name_en":"Gobabis","kind_detail":"city","population":19101,"sort_key":-469689,"geonames_id":"3357247","match_type":"name+coordinate","match_distance_km":0.477}},{"type":"Feature","geometry":{"type":"Point","coordinates":[142.2015380859375,-36.714668997198274]},"properties":{"wikidata":"Q1629019","display_name":"霍舍姆","display_name_en":"Horsham","kind_detail":"town","population":16289,"sort_key":-469689,"geonames_id":"2163055","match_type":"name+coordinate","match_distance_km":0.404}},{"type":"Feature","geometry":{"type":"Point","coordinates":[-58.283843994140625,-33.99688871842939]},"properties":{"wikidata":"Q1043575","display_name":"卡梅洛","display_name_en":"Carmelo","kind_detail":"city","population":19915,"sort_key":-469689,"geonames_id":"3443341","match_type":"name+coordinate","match_distance_km":0.372}},{"type":"Feature","geometry":{"type":"Point","coordinates":[-73.62075805664062,-43.12003138678774]},"properties":{"wikidata":"Q51608","display_name":"克利翁","display_name_en":"Quellón","kind_detail":"town","population":17552,"sort_key":-469689,"match_type":"machine-transliterated"}},{"type":"Feature","geometry":{"type":"Point","coordinates":[36.6998291015625,1.0999385343194064]},"properties":{"wikidata":"Q2341879","display_name":"马拉拉尔","display_name_en":"Maralal","kind_detail":"town","population":16281,"sort_key":-469689,"match_type":"machine-transliterated"}},{"type":"Feature","geometry":{"type":"Point","coordinates":[-91.40350341796875,31.560984698031774]},"properties":{"wikidata":"Q944044","display_name":"纳奇兹","display_name_en":"Natchez","kind_detail":"town","population":17162,"sort_key":-469689,"geonames_id":"4437982","match_type":"name+coordinate","match_distance_km":0.093}},{"type":"Feature","geometry":{"type":"Point","coordinates":[84.4024658203125,55.237637153956314]},"properties":{"wikidata":"Q196660","display_name":"托古钦","display_name_en":"Toguchin","kind_detail":"town","population":21063,"sort_key":-469689,"match_type":"machine-transliterated"}},{"type":"Feature","geometry":{"type":"Point","coordinates":[-78.15261840820312,-10.068924417668384]},"properties":{"wikidata":"Q430862","display_name":"瓦尔美","display_name_en":"Huarmey","kind_detail":"town","population":20905,"sort_key":-469689,"match_type":"machine-transliterated"}},{"type":"Feature","geometry":{"type":"Point","coordinates":[-95.04409790039062,45.12199086176224]},"properties":{"wikidata":"Q1986492","display_name":"威尔马","display_name_en":"Willmar","kind_detail":"city","population":21015,"sort_key":-469689,"match_type":"machine-transliterated"}},{"type":"Feature","geometry":{"type":"Point","coordinates":[150.743408203125,-23.13530868172967]},"properties":{"wikidata":"Q2098901","display_name":"耶蓬","display_name_en":"Yeppoon","kind_detail":"town","population":18789,"sort_key":-469689,"match_type":"machine-transliterated"}},{"type":"Feature","geometry":{"type":"Point","coordinates":[42.724456787109375,52.654727851062205]},"properties":{"wikidata":"Q153655","display_name":"基爾薩諾夫","display_name_en":"Kirsanov","kind_detail":"town","population":17042,"sort_key":-469688,"geonames_id":"548330","match_type":"name+coordinate","match_distance_km":0.818}},{"type":"Feature","geometry":{"type":"Point","coordinates":[-13.2989501953125,12.48485044980086]},"properties":{"wikidata":"Q985374","display_name":"孔达拉","display_name_en":"Koundara","kind_detail":"town","population":16266,"sort_key":-469688,"match_type":"machine-transliterated"}},{"type":"Feature","geometry":{"type":"Point","coordinates":[-71.23123168945312,-32.44952057251957]},"properties":{"wikidata":"Q14463","display_name":"拉利瓜","display_name_en":"La Ligua","kind_detail":"city","population":19127,"sort_key":-469688,"geonames_id":"3885456","match_type":"name+coordinate","match_distance_km":0.323}},{"type":"Feature","geometry":{"type":"Point","coordinates":[-123.34213256835938,43.216185836026796]},"properties":{"wikidata":"Q846170","display_name":"罗斯堡","display_name_en":"Roseburg","kind_detail":"town","population":20991,"sort_key":-469688,"geonames_id":"5749352","match_type":"name+coordinate","match_distance_km":0.047}},{"type":"Feature","geometry":{"type":"Point","coordinates":[-73.44223022460938,46.02366774426005]},"properties":{"wikidata":"Q141760","display_name":"乔利埃特","display_name_en":"Joliette","kind_detail":"city","population":20484,"sort_key":-469688,"match_type":"machine-transliterated"}},{"type":"Feature","geometry":{"type":"Point","coordinates":[-97.679443359375,17.269350607576627]},"properties":{"wikidata":"Q2652096","display_name":"特拉克西亚科","display_name_en":"Tlaxiaco","kind_detail":"town","population":18915,"sort_key":-469688,"match_type":"machine-transliterated"}},{"type":"Feature","geometry":{"type":"Point","coordinates":[-95.96969604492188,28.982916017056127]},"properties":{"wikidata":"Q812071","display_name":"湾城","display_name_en":"Bay City","kind_detail":"town","population":18263,"sort_key":-469688,"match_type":"machine-transliterated"}},{"type":"Feature","geometry":{"type":"Point","coordinates":[-39.32281494140625,-14.312292232074242]},"properties":{"wikidata":"Q1762068","display_name":"乌拜塔巴","display_name_en":"Ubaitaba","kind_detail":"town","population":17596,"sort_key":-469688,"match_type":"machine-transliterated"}},{"type":"Feature","geometry":{"type":"Point","coordinates":[171.75064086914062,-43.902839992663196]},"properties":{"wikidata":"Q724923","display_name":"阿什伯顿","display_name_en":"Ashburton","kind_detail":"town","population":20500,"sort_key":-469687,"match_type":"machine-transliterated"}},{"type":"Feature","geometry":{"type":"Point","coordinates":[-92.66555786132812,33.21111647241685]},"properties":{"wikidata":"Q79489","display_name":"埃尔多拉多","display_name_en":"El Dorado","kind_detail":"city","population":17756,"sort_key":-469687,"match_type":"machine-transliterated"}},{"type":"Feature","geometry":{"type":"Point","coordinates":[-98.9813232421875,31.72115854289848]},"properties":{"wikidata":"Q981222","display_name":"布朗伍德","display_name_en":"Brownwood","kind_detail":"town","population":19763,"sort_key":-469687,"match_type":"machine-transliterated"}},{"type":"Feature","geometry":{"type":"Point","coordinates":[-96.79779052734375,44.31107476590077]},"properties":{"wikidata":"Q1650462","display_name":"布鲁金斯","display_name_en":"Brookings","kind_detail":"city","population":18802,"sort_key":-469687,"geonames_id":"5226534","match_type":"name+coordinate","match_distance_km":0.057}},{"type":"Feature","geometry":{"type":"Point","coordinates":[176.9952392578125,-37.95177804684794]},"properties":{"wikidata":"Q974074","display_name":"華卡塔尼","display_name_en":"Whakatāne","kind_detail":"town","population":16700,"sort_key":-469687,"geonames_id":"2208330","match_type":"name+coordinate","match_distance_km":1.142}},{"type":"Feature","geometry":{"type":"Point","coordinates":[-78.04550170898438,-7.623886853120041]},"properties":{"wikidata":"Q3344351","display_name":"卡贾班巴","display_name_en":"Cajabamba","kind_detail":"town","population":18603,"sort_key":-469687,"match_type":"machine-transliterated"}},{"type":"Feature","geometry":{"type":"Point","coordinates":[-61.12518310546875,1.8275403751917594]},"properties":{"wikidata":"Q772563","display_name":"卡拉卡拉伊","display_name_en":"Caracaraí","kind_detail":"town","population":20957,"sort_key":-469687,"geonames_id":"3664684","match_type":"name+coordinate","match_distance_km":1.311}},{"type":"Feature","geometry":{"type":"Point","coordinates":[-115.76705932617188,49.510943515262625]},"properties":{"wikidata":"Q1138837","display_name":"克兰布鲁克","display_name_en":"Cranbrook","kind_detail":"city","population":20499,"sort_key":-469687,"geonames_id":"5931800","match_type":"name+coordinate","match_distance_km":1.233}},{"type":"Feature","geometry":{"type":"Point","coordinates":[-79.0081787109375,34.61851721379668]},"properties":{"wikidata":"Q2029674","display_name":"兰伯顿","display_name_en":"Lumberton","kind_detail":"town","population":19025,"sort_key":-469687,"geonames_id":"4477525","match_type":"name+coordinate","match_distance_km":0.209}},{"type":"Feature","geometry":{"type":"Point","coordinates":[-87.396240234375,46.54374960273856]},"properties":{"wikidata":"Q12443","display_name":"马凯特","display_name_en":"Marquette","kind_detail":"city","population":20488,"sort_key":-469687,"match_type":"machine-transliterated"}},{"type":"Feature","geometry":{"type":"Point","coordinates":[175.65902709960938,-40.94982541180994]},"properties":{"wikidata":"Q1223916","display_name":"马斯特顿","display_name_en":"Masterton","kind_detail":"town","population":20900,"sort_key":-469687,"geonames_id":"2206890","match_type":"name+coordinate","match_distance_km":1.108}},{"type":"Feature","geometry":{"type":"Point","coordinates":[13.82354736328125,58.70904941861488]},"properties":{"wikidata":"Q948117","display_name":"瑪麗斯塔德","display_name_en":"Mariestad","kind_detail":"town","population":16249,"sort_key":-469687,"geonames_id":"2692613","match_type":"name+coordinate","match_distance_km":0.074}},{"type":"Feature","geometry":{"type":"Point","coordinates":[-95.76919555664062,34.93323032184192]},"properties":{"wikidata":"Q1994656","display_name":"麦卡莱斯特","display_name_en":"McAlester","kind_detail":"town","population":18383,"sort_key":-469687,"match_type":"machine-transliterated"}},{"type":"Feature","geometry":{"type":"Point","coordinates":[12.715301513671875,-2.9457838661595304]},"properties":{"wikidata":"Q3307130","display_name":"莫森乔","display_name_en":"Mossendjo","kind_detail":"town","population":18628,"sort_key":-469687,"match_type":"machine-transliterated"}},{"type":"Feature","geometry":{"type":"Point","coordinates":[-118.78829956054688,45.671643852265504]},"properties":{"wikidata":"Q944507","display_name":"彭德尔顿","display_name_en":"Pendleton","kind_detail":"town","population":16881,"sort_key":-469687,"match_type":"machine-transliterated"}},{"type":"Feature","geometry":{"type":"Point","coordinates":[81.91543579101562,50.62855775525793]},"properties":{"wikidata":"Q1047824","display_name":"塞莫奈哈","display_name_en":"Şemonaiha","kind_detail":"city","population":18365,"sort_key":-469687,"match_type":"machine-transliterated"}},{"type":"Feature","geometry":{"type":"Point","coordinates":[-122.96173095703125,46.72009319188254]},"properties":{"wikidata":"Q868700","display_name":"森特勒利亚","display_name_en":"Centralia","kind_detail":"town","population":18183,"sort_key":-469687,"geonames_id":"5789683","match_type":"name+coordinate","match_distance_km":0.712}},{"type":"Feature","geometry":{"type":"Point","coordinates":[-75.35247802734375,-11.12181239218313]},"properties":{"wikidata":"Q2219996","display_name":"圣拉蒙","display_name_en":"San Ramón","kind_detail":"town","population":20033,"sort_key":-469687,"match_type":"machine-transliterated"}},{"type":"Feature","geometry":{"type":"Point","coordinates":[45.57952880859375,34.51560953848204]},"properties":{"wikidata":"Q8139321","display_name":"希林堡","display_name_en":"Qasr-e Shirin","kind_detail":"town","population":18473,"sort_key":-469687,"match_type":"machine-transliterated"}},{"type":"Feature","geometry":{"type":"Point","coordinates":[-93.36868286132812,43.6480007990217]},"properties":{"wikidata":"Q913476","display_name":"阿尔伯特·李","display_name_en":"Albert Lea","kind_detail":"town","population":17758,"sort_key":-469686,"match_type":"machine-transliterated"}},{"type":"Feature","geometry":{"type":"Point","coordinates":[-68.3294677734375,47.36394363198491]},"properties":{"wikidata":"Q991257","display_name":"埃德蒙兹顿","display_name_en":"Edmundston","kind_detail":"town","population":16437,"sort_key":-469686,"geonames_id":"6545023","match_type":"name+coordinate","match_distance_km":1.133}},{"type":"Feature","geometry":{"type":"Point","coordinates":[-10.71441650390625,11.296934440596317]},"properties":{"wikidata":"Q1006013","display_name":"丁吉拉耶","display_name_en":"Dinguiraye","kind_detail":"city","population":20085,"sort_key":-469686,"match_type":"machine-transliterated"}},{"type":"Feature","geometry":{"type":"Point","coordinates":[-78.76235961914062,39.652226815306506]},"properties":{"wikidata":"Q754868","display_name":"坎伯蘭","display_name_en":"Cumberland","kind_detail":"city","population":19076,"sort_key":-469686,"geonames_id":"4352681","match_type":"name+coordinate","match_distance_km":0.073}},{"type":"Feature","geometry":{"type":"Point","coordinates":[-92.58316040039062,40.19461010387383]},"properties":{"wikidata":"Q966460","display_name":"柯克斯维尔","display_name_en":"Kirksville","kind_detail":"city","population":17519,"sort_key":-469686,"match_type":"machine-transliterated"}},{"type":"Feature","geometry":{"type":"Point","coordinates":[-104.89883422851562,21.236902399759188]},"properties":{"wikidata":"Q2651919","display_name":"孔波斯特拉","display_name_en":"Compostela","kind_detail":"town","population":20322,"sort_key":-469686,"match_type":"machine-transliterated"}},{"type":"Feature","geometry":{"type":"Point","coordinates":[-93.2080078125,15.685187424880766]},"properties":{"wikidata":"Q2571410","display_name":"皮希希亚潘","display_name_en":"Pijijiapan","kind_detail":"town","population":18219,"sort_key":-469686,"geonames_id":"3521476","match_type":"name+coordinate","match_distance_km":0.184}},{"type":"Feature","geometry":{"type":"Point","coordinates":[-114.840087890625,31.02704776985439]},"properties":{"wikidata":"Q586007","display_name":"圣费利佩","display_name_en":"San Felipe","kind_detail":"town","population":17143,"sort_key":-469686,"geonames_id":"3987224","match_type":"name+coordinate","match_distance_km":0.253}},{"type":"Feature","geometry":{"type":"Point","coordinates":[-69.62997436523438,44.550356194977695]},"properties":{"wikidata":"Q997170","display_name":"沃特维尔","display_name_en":"Waterville","kind_detail":"city","population":16579,"sort_key":-469686,"geonames_id":"4982236","match_type":"name+coordinate","match_distance_km":0.23}},{"type":"Feature","geometry":{"type":"Point","coordinates":[34.54376220703125,10.064867972798012]},"properties":{"wikidata":"Q532102","display_name":"阿索萨","display_name_en":"Asosa","kind_detail":"city","population":20226,"sort_key":-469685,"match_type":"machine-transliterated"}},{"type":"Feature","geometry":{"type":"Point","coordinates":[45.45867919921875,-19.531318700282526]},"properties":{"wikidata":"Q2573754","display_name":"米安德里瓦佐","display_name_en":"Miandrivazo","kind_detail":"town","population":20421,"sort_key":-469685,"match_type":"machine-transliterated"}},{"type":"Feature","geometry":{"type":"Point","coordinates":[-90.39413452148438,36.75649032950518]},"properties":{"wikidata":"Q955462","display_name":"波普勒布拉夫","display_name_en":"Poplar Bluff","kind_detail":"city","population":17233,"sort_key":-469684,"match_type":"machine-transliterated"}},{"type":"Feature","geometry":{"type":"Point","coordinates":[-87.49923706054688,37.32758063713766]},"properties":{"wikidata":"Q989909","display_name":"麦迪逊维尔","display_name_en":"Madisonville","kind_detail":"town","population":19303,"sort_key":-469684,"geonames_id":"4299670","match_type":"name+coordinate","match_distance_km":0.065}},{"type":"Feature","geometry":{"type":"Point","coordinates":[139.26544189453125,-35.13114062861361]},"properties":{"wikidata":"Q1641083","display_name":"墨累橋","display_name_en":"Murray Bridge","kind_detail":"town","population":17457,"sort_key":-469683,"geonames_id":"2065176","match_type":"name+coordinate","match_distance_km":1.45}},{"type":"Feature","geometry":{"type":"Point","coordinates":[-107.7978515625,50.284951997624205]},"properties":{"wikidata":"Q619937","display_name":"斯喀徹溫","display_name_en":"Swift Current","kind_detail":"city","population":18000,"sort_key":-469683,"geonames_id":"6160603","match_type":"name+coordinate","match_distance_km":0.305}},{"type":"Feature","geometry":{"type":"Point","coordinates":[138.62411499023438,-35.554574490143125]},"properties":{"wikidata":"Q1015796","display_name":"维克多港","display_name_en":"Victor Harbor","kind_detail":"town","population":16709,"sort_key":-469683,"geonames_id":"2059470","match_type":"name+coordinate","match_distance_km":0.517}},{"type":"Feature","geometry":{"type":"Point","coordinates":[-56.24176025390625,-27.160586094162603]},"properties":{"wikidata":"Q2443596","display_name":"博加多上校","display_name_en":"Coronel Bogado","kind_detail":"town","population":19700,"sort_key":-469682,"match_type":"machine-transliterated"}},{"type":"Feature","geometry":{"type":"Point","coordinates":[-72.95196533203125,-38.745515184882635]},"properties":{"wikidata":"Q51050","display_name":"新帝國鎮","display_name_en":"Nueva Imperial","kind_detail":"town","population":18751,"sort_key":-469682,"geonames_id":"3878456","match_type":"name+coordinate","match_distance_km":0.186}},{"type":"Feature","geometry":{"type":"Point","coordinates":[-69.53659057617188,47.836205255749206]},"properties":{"wikidata":"Q142024","display_name":"里维耶尔·迪·卢普","display_name_en":"Rivière-du-Loup","kind_detail":"city","population":20118,"sort_key":-469681,"match_type":"machine-transliterated"}},{"type":"Feature","geometry":{"type":"Point","coordinates":[-106.89285278320312,23.922247126081785]},"properties":{"wikidata":"Q2012391","display_name":"拉克魯斯","display_name_en":"La Cruz de Elota","kind_detail":"town","population":19742,"sort_key":-469680,"geonames_id":"4002745","match_type":"name+coordinate","match_distance_km":0.115}},{"type":"Feature","geometry":{"type":"Point","coordinates":[-57.1453857421875,-26.669550200821504]},"properties":{"wikidata":"Q530895","display_name":"圣胡安包蒂斯塔","display_name_en":"San Juan Bautista","kind_detail":"town","population":16593,"sort_key":-469679,"match_type":"machine-transliterated"}},{"type":"Feature","geometry":{"type":"Point","coordinates":[19.688873291015625,13.293411149535984]},"properties":{"wikidata":"Q2656174","display_name":"乌姆哈吉尔","display_name_en":"Umm Hajar","kind_detail":"city","population":20742,"sort_key":-469678,"match_type":"machine-transliterated"}},{"type":"Feature","geometry":{"type":"Point","coordinates":[-89.6099853515625,-0.9022149100110965]},"properties":{"wikidata":"Q694109","display_name":"巴克里索莫雷諾港","display_name_en":"Puerto Baquerizo Moreno","kind_detail":"town","population":18640,"sort_key":-469673,"geonames_id":"3652758","match_type":"name+coordinate","match_distance_km":0.06}},{"type":"Feature","geometry":{"type":"Point","coordinates":[58.1451416015625,48.83398957668601]},"properties":{"wikidata":"Q2378028","display_name":"恩比","display_name_en":"Embi","kind_detail":"town","population":12998,"sort_key":-469660,"match_type":"machine-transliterated"}},{"type":"Feature","geometry":{"type":"Point","coordinates":[33.932647705078125,1.4857343460277548]},"properties":{"wikidata":"Q6273034","display_name":"久美","display_name_en":"Kumi","kind_detail":"town","population":13000,"sort_key":-469660,"match_type":"machine-transliterated"}},{"type":"Feature","geometry":{"type":"Point","coordinates":[90.10162353515625,52.65139547872391]},"properties":{"wikidata":"Q102469","display_name":"阿巴扎","display_name_en":"Abaza","kind_detail":"town","population":14816,"sort_key":-469659,"geonames_id":"1512205","match_type":"name+coordinate","match_distance_km":0.511}},{"type":"Feature","geometry":{"type":"Point","coordinates":[-8.64898681640625,8.689639068127661]},"properties":{"wikidata":"Q1076707","display_name":"贝拉","display_name_en":"Beyla","kind_detail":"town","population":13204,"sort_key":-469659,"match_type":"machine-transliterated"}},{"type":"Feature","geometry":{"type":"Point","coordinates":[-101.97097778320312,35.861230775178285]},"properties":{"wikidata":"Q975768","display_name":"杜马斯","display_name_en":"Dumas","kind_detail":"town","population":14501,"sort_key":-469659,"match_type":"machine-transliterated"}},{"type":"Feature","geometry":{"type":"Point","coordinates":[53.125762939453125,39.403305486149264]},"properties":{"wikidata":"Q2996356","display_name":"哈扎尔","display_name_en":"Hazar","kind_detail":"town","population":14671,"sort_key":-469659,"match_type":"machine-transliterated"}},{"type":"Feature","geometry":{"type":"Point","coordinates":[150.85601806640625,-34.671617436363604]},"properties":{"wikidata":"Q1740762","display_name":"凯马","display_name_en":"Kiama","kind_detail":"town","population":14761,"sort_key":-469659,"match_type":"machine-transliterated"}},{"type":"Feature","geometry":{"type":"Point","coordinates":[53.350982666015625,47.646886969413]},"properties":{"wikidata":"Q3260005","display_name":"玛卡特","display_name_en":"Maqat","kind_detail":"town","population":13939,"sort_key":-469659,"match_type":"machine-transliterated"}},{"type":"Feature","geometry":{"type":"Point","coordinates":[-77.27096557617188,5.707547445489979]},"properties":{"wikidata":"Q1577833","display_name":"努基","display_name_en":"Nuquí","kind_detail":"town","population":16223,"sort_key":-469659,"match_type":"machine-transliterated"}},{"type":"Feature","geometry":{"type":"Point","coordinates":[-123.20755004882812,39.15029771071667]},"properties":{"wikidata":"Q837105","display_name":"尤奇亚","display_name_en":"Ukiah","kind_detail":"town","population":16036,"sort_key":-469659,"geonames_id":"5404476","match_type":"name+coordinate","match_distance_km":0.024}},{"type":"Feature","geometry":{"type":"Point","coordinates":[72.85446166992188,48.25942712329834]},"properties":{"wikidata":"Q4056543","display_name":"阿塔德赫","display_name_en":"Ақадыр","kind_detail":"town","population":13000,"sort_key":-469658,"match_type":"machine-transliterated"}},{"type":"Feature","geometry":{"type":"Point","coordinates":[144.75173950195312,-36.12789245231782]},"properties":{"wikidata":"Q991600","display_name":"埃楚卡","display_name_en":"Echuca","kind_detail":"town","population":13764,"sort_key":-469658,"geonames_id":"2167817","match_type":"name+coordinate","match_distance_km":1.41}},{"type":"Feature","geometry":{"type":"Point","coordinates":[-113.79226684570312,42.53588010092858]},"properties":{"wikidata":"Q844028","display_name":"伯利","display_name_en":"Burley","kind_detail":"town","population":12409,"sort_key":-469658,"match_type":"machine-transliterated"}},{"type":"Feature","geometry":{"type":"Point","coordinates":[-111.89849853515625,50.56404914388949]},"properties":{"wikidata":"Q1055838","display_name":"布鲁克斯","display_name_en":"Brooks","kind_detail":"city","population":14924,"sort_key":-469658,"geonames_id":"5909514","match_type":"name+coordinate","match_distance_km":2.352}},{"type":"Feature","geometry":{"type":"Point","coordinates":[170.96923828125,-45.09969965456334]},"properties":{"wikidata":"Q4782","display_name":"大马鲁","display_name_en":"Ōamaru","kind_detail":"town","population":13850,"sort_key":-469658,"match_type":"machine-transliterated"}},{"type":"Feature","geometry":{"type":"Point","coordinates":[-107.75802612304688,32.26274929530214]},"properties":{"wikidata":"Q988813","display_name":"德明","display_name_en":"Deming","kind_detail":"town","population":14758,"sort_key":-469658,"geonames_id":"5464806","match_type":"name+coordinate","match_distance_km":0.664}},{"type":"Feature","geometry":{"type":"Point","coordinates":[-82.90420532226562,32.539867193010906]},"properties":{"wikidata":"Q2671021","display_name":"都柏林","display_name_en":"Dublin","kind_detail":"town","population":15811,"sort_key":-469658,"match_type":"machine-transliterated"}},{"type":"Feature","geometry":{"type":"Point","coordinates":[29.00390625,-20.94091967039465]},"properties":{"wikidata":"Q1557796","display_name":"關達","display_name_en":"Gwanda","kind_detail":"town","population":14450,"sort_key":-469658,"geonames_id":"890516","match_type":"name+coordinate","match_distance_km":0.612}},{"type":"Feature","geometry":{"type":"Point","coordinates":[-72.71163940429688,-16.62434924354217]},"properties":{"wikidata":"Q1028011","display_name":"卡马纳","display_name_en":"Camaná","kind_detail":"town","population":13364,"sort_key":-469658,"match_type":"machine-transliterated"}},{"type":"Feature","geometry":{"type":"Point","coordinates":[77.29568481445312,54.36455818952146]},"properties":{"wikidata":"Q155990","display_name":"库皮诺","display_name_en":"Kupino","kind_detail":"town","population":13708,"sort_key":-469658,"match_type":"machine-transliterated"}},{"type":"Feature","geometry":{"type":"Point","coordinates":[-70.71212768554688,-30.034622160029798]},"properties":{"wikidata":"Q201007","display_name":"骆驼","display_name_en":"Vicuña","kind_detail":"town","population":15872,"sort_key":-469658,"match_type":"machine-transliterated"}},{"type":"Feature","geometry":{"type":"Point","coordinates":[-79.94338989257812,-4.379274753863342]},"properties":{"wikidata":"Q6722685","display_name":"馬卡拉","display_name_en":"Macará","kind_detail":"town","population":15730,"sort_key":-469658,"geonames_id":"3654545","match_type":"name+coordinate","match_distance_km":0.349}},{"type":"Feature","geometry":{"type":"Point","coordinates":[-74.124755859375,-14.693866535193948]},"properties":{"wikidata":"Q2726653","display_name":"普基奥","display_name_en":"Puquio","kind_detail":"town","population":12536,"sort_key":-469658,"match_type":"machine-transliterated"}},{"type":"Feature","geometry":{"type":"Point","coordinates":[-76.73812866210938,-12.518368703890943]},"properties":{"wikidata":"Q16890238","display_name":"奇尔卡","display_name_en":"Chilca","kind_detail":"town","population":13920,"sort_key":-469658,"match_type":"machine-transliterated"}},{"type":"Feature","geometry":{"type":"Point","coordinates":[30.161590576171875,-23.831832447960153]},"properties":{"wikidata":"Q964666","display_name":"察嫩","display_name_en":"Tzaneen","kind_detail":"town","population":14571,"sort_key":-469657,"geonames_id":"946973","match_type":"name+coordinate","match_distance_km":0.249}},{"type":"Feature","geometry":{"type":"Point","coordinates":[148.16162109375,-23.526218362216582]},"properties":{"wikidata":"Q1002615","display_name":"翡翠","display_name_en":"Emerald","kind_detail":"town","population":14089,"sort_key":-469657,"match_type":"machine-transliterated"}},{"type":"Feature","geometry":{"type":"Point","coordinates":[-156.50299072265625,20.890890528372452]},"properties":{"wikidata":"Q2087831","display_name":"怀卢库","display_name_en":"Wailuku","kind_detail":"town","population":15313,"sort_key":-469657,"geonames_id":"5854496","match_type":"name+coordinate","match_distance_km":0.321}},{"type":"Feature","geometry":{"type":"Point","coordinates":[-55.6402587890625,-27.071354789864998]},"properties":{"wikidata":"Q1984240","display_name":"霍埃瑙","display_name_en":"Hohenau","kind_detail":"town","population":14749,"sort_key":-469657,"match_type":"machine-transliterated"}},{"type":"Feature","geometry":{"type":"Point","coordinates":[-70.82199096679688,-27.067686228255504]},"properties":{"wikidata":"Q3708","display_name":"卡爾德拉","display_name_en":"Caldera","kind_detail":"town","population":15547,"sort_key":-469657,"geonames_id":"3897322","match_type":"name+coordinate","match_distance_km":0.28}},{"type":"Feature","geometry":{"type":"Point","coordinates":[-112.840576171875,53.01313084591288]},"properties":{"wikidata":"Q775610","display_name":"卡姆罗斯","display_name_en":"Camrose","kind_detail":"city","population":15850,"sort_key":-469657,"geonames_id":"5914653","match_type":"name+coordinate","match_distance_km":0.545}},{"type":"Feature","geometry":{"type":"Point","coordinates":[172.65151977539062,-43.38309377382829]},"properties":{"wikidata":"Q1013339","display_name":"凯亚波伊","display_name_en":"Kaiapoi","kind_detail":"town","population":13050,"sort_key":-469657,"match_type":"machine-transliterated"}},{"type":"Feature","geometry":{"type":"Point","coordinates":[69.76181030273438,53.847665975223634]},"properties":{"wikidata":"Q35362","display_name":"泰因沙","display_name_en":"Taiynsha","kind_detail":"city","population":13037,"sort_key":-469657,"match_type":"machine-transliterated"}},{"type":"Feature","geometry":{"type":"Point","coordinates":[-105.457763671875,22.398332241511383]},"properties":{"wikidata":"Q2449012","display_name":"特夸拉","display_name_en":"Tecuala","kind_detail":"town","population":13620,"sort_key":-469657,"match_type":"machine-transliterated"}},{"type":"Feature","geometry":{"type":"Point","coordinates":[-76.51016235351562,-8.188383056212913]},"properties":{"wikidata":"Q3344048","display_name":"托卡卡","display_name_en":"Tocache","kind_detail":"town","population":15752,"sort_key":-469657,"match_type":"machine-transliterated"}},{"type":"Feature","geometry":{"type":"Point","coordinates":[152.03292846679688,-28.216079658871806]},"properties":{"wikidata":"Q2118067","display_name":"沃里克","display_name_en":"Warwick","kind_detail":"city","population":14110,"sort_key":-469657,"match_type":"machine-transliterated"}},{"type":"Feature","geometry":{"type":"Point","coordinates":[-102.46124267578125,51.21204539035304]},"properties":{"wikidata":"Q1639696","display_name":"约克顿","display_name_en":"Yorkton","kind_detail":"city","population":15669,"sort_key":-469657,"geonames_id":"6185607","match_type":"name+coordinate","match_distance_km":0.684}},{"type":"Feature","geometry":{"type":"Point","coordinates":[-89.89288330078125,14.288338935138427]},"properties":{"wikidata":"Q1023364","display_name":"朱蒂亚帕","display_name_en":"Jutiapa","kind_detail":"city","population":13590,"sort_key":-469657,"match_type":"machine-transliterated"}},{"type":"Feature","geometry":{"type":"Point","coordinates":[-87.06527709960938,45.74548533557157]},"properties":{"wikidata":"Q1022872","display_name":"埃斯卡纳巴","display_name_en":"Escanaba","kind_detail":"city","population":12575,"sort_key":-469656,"match_type":"machine-transliterated"}},{"type":"Feature","geometry":{"type":"Point","coordinates":[-97.74810791015625,28.401064827220893]},"properties":{"wikidata":"Q814163","display_name":"比维尔","display_name_en":"Beeville","kind_detail":"town","population":13634,"sort_key":-469656,"match_type":"machine-transliterated"}},{"type":"Feature","geometry":{"type":"Point","coordinates":[-94.20089721679688,46.358302056222215]},"properties":{"wikidata":"Q897435","display_name":"布雷纳德","display_name_en":"Brainerd","kind_detail":"city","population":13722,"sort_key":-469656,"match_type":"machine-transliterated"}},{"type":"Feature","geometry":{"type":"Point","coordinates":[65.25604248046875,34.51900412873144]},"properties":{"wikidata":"Q958621","display_name":"菲罗兹科","display_name_en":"Firozkoh","kind_detail":"city","population":15000,"sort_key":-469656,"match_type":"machine-transliterated"}},{"type":"Feature","geometry":{"type":"Point","coordinates":[-102.39944458007812,34.82507742547058]},"properties":{"wikidata":"Q981218","display_name":"赫里福德","display_name_en":"Hereford","kind_detail":"town","population":14531,"sort_key":-469656,"match_type":"machine-transliterated"}},{"type":"Feature","geometry":{"type":"Point","coordinates":[14.75189208984375,-2.53975624541701]},"properties":{"wikidata":"Q2490824","display_name":"贾巴拉","display_name_en":"Djambala","kind_detail":"town","population":14989,"sort_key":-469656,"match_type":"machine-transliterated"}},{"type":"Feature","geometry":{"type":"Point","coordinates":[-65.97564697265625,-26.072819999334897]},"properties":{"wikidata":"Q1025501","display_name":"卡法亞特","display_name_en":"Cafayate","kind_detail":"town","population":14850,"sort_key":-469656,"geonames_id":"3863503","match_type":"name+coordinate","match_distance_km":0.201}},{"type":"Feature","geometry":{"type":"Point","coordinates":[-72.630615234375,-39.37040245787161]},"properties":{"wikidata":"Q16900","display_name":"隆科什","display_name_en":"Loncoche","kind_detail":"town","population":15303,"sort_key":-469656,"match_type":"machine-transliterated"}},{"type":"Feature","geometry":{"type":"Point","coordinates":[-98.0255126953125,43.709578908238]},"properties":{"wikidata":"Q1988986","display_name":"米切尔","display_name_en":"Mitchell","kind_detail":"city","population":15660,"sort_key":-469656,"geonames_id":"5229794","match_type":"name+coordinate","match_distance_km":0.345}},{"type":"Feature","geometry":{"type":"Point","coordinates":[36.43890380859375,-0.722331939098467]},"properties":{"wikidata":"Q1007647","display_name":"奈瓦沙","display_name_en":"Naivasha","kind_detail":"town","population":14563,"sort_key":-469656,"geonames_id":"184707","match_type":"name+coordinate","match_distance_km":1.176}},{"type":"Feature","geometry":{"type":"Point","coordinates":[-77.113037109375,45.82592843113133]},"properties":{"wikidata":"Q1075086","display_name":"彭布罗克","display_name_en":"Pembroke","kind_detail":"city","population":16146,"sort_key":-469656,"match_type":"machine-transliterated"}},{"type":"Feature","geometry":{"type":"Point","coordinates":[-66.3134765625,-30.35984139702554]},"properties":{"wikidata":"Q2779417","display_name":"恰米勒","display_name_en":"Chamical","kind_detail":"town","population":12919,"sort_key":-469656,"match_type":"machine-transliterated"}},{"type":"Feature","geometry":{"type":"Point","coordinates":[32.06634521484375,-10.549921660668858]},"properties":{"wikidata":"Q1074444","display_name":"钦萨利","display_name_en":"Chinsali","kind_detail":"town","population":14016,"sort_key":-469656,"match_type":"machine-transliterated"}},{"type":"Feature","geometry":{"type":"Point","coordinates":[-98.23837280273438,19.316327373141178]},"properties":{"wikidata":"Q614072","display_name":"特拉斯卡拉市","display_name_en":"Tlaxcala City","kind_detail":"city","population":13555,"sort_key":-469656,"match_type":"machine-transliterated"}},{"type":"Feature","geometry":{"type":"Point","coordinates":[-82.353515625,31.213975956122027]},"properties":{"wikidata":"Q615027","display_name":"韦克罗斯","display_name_en":"Waycross","kind_detail":"town","population":14649,"sort_key":-469656,"match_type":"machine-transliterated"}},{"type":"Feature","geometry":{"type":"Point","coordinates":[-72.11563110351562,-13.305439298257554]},"properties":{"wikidata":"Q2304483","display_name":"乌鲁班巴","display_name_en":"Urubamba","kind_detail":"town","population":13942,"sort_key":-469656,"match_type":"machine-transliterated"}},{"type":"Feature","geometry":{"type":"Point","coordinates":[150.47561645507812,-35.3621760591468]},"properties":{"wikidata":"Q649969","display_name":"阿勒达拉","display_name_en":"Ulladulla","kind_detail":"town","population":14396,"sort_key":-469655,"match_type":"machine-transliterated"}},{"type":"Feature","geometry":{"type":"Point","coordinates":[-107.99697875976562,31.090574094954192]},"properties":{"wikidata":"Q2450325","display_name":"阿森松","display_name_en":"Ascensión","kind_detail":"town","population":13456,"sort_key":-469655,"match_type":"machine-transliterated"}},{"type":"Feature","geometry":{"type":"Point","coordinates":[-108.61770629882812,26.415240336985207]},"properties":{"wikidata":"Q1324181","display_name":"埃尔富埃尔特","display_name_en":"El Fuerte","kind_detail":"town","population":12848,"sort_key":-469655,"match_type":"machine-transliterated"}},{"type":"Feature","geometry":{"type":"Point","coordinates":[-102.78945922851562,46.87896833507685]},"properties":{"wikidata":"Q853559","display_name":"迪金森","display_name_en":"Dickinson","kind_detail":"city","population":15636,"sort_key":-469655,"geonames_id":"5688789","match_type":"name+coordinate","match_distance_km":0.027}},{"type":"Feature","geometry":{"type":"Point","coordinates":[-9.50592041015625,52.05924589011585]},"properties":{"wikidata":"Q623382","display_name":"基拉尼","display_name_en":"Killarney","kind_detail":"town","population":14412,"sort_key":-469655,"match_type":"machine-transliterated"}},{"type":"Feature","geometry":{"type":"Point","coordinates":[-118.08792114257812,45.32415109747754]},"properties":{"wikidata":"Q1645049","display_name":"拉格兰德","display_name_en":"La Grande","kind_detail":"town","population":13082,"sort_key":-469655,"match_type":"machine-transliterated"}},{"type":"Feature","geometry":{"type":"Point","coordinates":[-105.22430419921875,35.5936689609791]},"properties":{"wikidata":"Q676171","display_name":"拉斯维加斯","display_name_en":"Las Vegas","kind_detail":"town","population":13166,"sort_key":-469655,"match_type":"machine-transliterated"}},{"type":"Feature","geometry":{"type":"Point","coordinates":[-72.00439453125,-34.3853793667234]},"properties":{"wikidata":"Q25304","display_name":"披市勒亩","display_name_en":"Pichilemu","kind_detail":"town","population":12776,"sort_key":-469655,"geonames_id":"3876256","match_type":"name+coordinate","match_distance_km":0.463}},{"type":"Feature","geometry":{"type":"Point","coordinates":[-96.6851806640625,49.525208341974405]},"properties":{"wikidata":"Q1026567","display_name":"斯坦巴克","display_name_en":"Steinbach","kind_detail":"city","population":13524,"sort_key":-469655,"geonames_id":"6156102","match_type":"name+coordinate","match_distance_km":0.081}},{"type":"Feature","geometry":{"type":"Point","coordinates":[151.17324829101562,-32.56649053314148]},"properties":{"wikidata":"Q667610","display_name":"辛格尔顿","display_name_en":"Singleton","kind_detail":"town","population":14229,"sort_key":-469655,"match_type":"machine-transliterated"}},{"type":"Feature","geometry":{"type":"Point","coordinates":[100.3985595703125,14.89303191682562]},"properties":{"wikidata":"Q1210752","display_name":"信武里府","display_name_en":"Sing Buri","kind_detail":"town","population":14772,"sort_key":-469655,"match_type":"machine-transliterated"}},{"type":"Feature","geometry":{"type":"Point","coordinates":[-98.70803833007812,46.910874702419164]},"properties":{"wikidata":"Q1052658","display_name":"詹姆斯敦","display_name_en":"Jamestown","kind_detail":"town","population":15422,"sort_key":-469655,"geonames_id":"5059836","match_type":"name+coordinate","match_distance_km":0.048}},{"type":"Feature","geometry":{"type":"Point","coordinates":[20.043182373046875,-34.532581106490944]},"properties":{"wikidata":"Q1640898","display_name":"布雷達斯多普","display_name_en":"Bredasdorp","kind_detail":"town","population":15524,"sort_key":-469654,"geonames_id":"1015776","match_type":"name+coordinate","match_distance_km":0.267}},{"type":"Feature","geometry":{"type":"Point","coordinates":[-66.77490234375,-18.902388845383527]},"properties":{"wikidata":"Q2307361","display_name":"查亚帕塔","display_name_en":"Challapata","kind_detail":"city","population":12684,"sort_key":-469654,"geonames_id":"3921355","match_type":"name+coordinate","match_distance_km":0.466}},{"type":"Feature","geometry":{"type":"Point","coordinates":[34.297943115234375,-11.606502999834902]},"properties":{"wikidata":"Q1370650","display_name":"恩卡塔湾","display_name_en":"Nkhata Bay","kind_detail":"town","population":14274,"sort_key":-469654,"match_type":"machine-transliterated"}},{"type":"Feature","geometry":{"type":"Point","coordinates":[-72.43698120117188,-37.95610943630717]},"properties":{"wikidata":"Q3843","display_name":"科利普利","display_name_en":"Collipulli","kind_detail":"town","population":16175,"sort_key":-469654,"match_type":"machine-transliterated"}},{"type":"Feature","geometry":{"type":"Point","coordinates":[-80.34439086914062,39.28116791391463]},"properties":{"wikidata":"Q1010199","display_name":"克拉克斯堡","display_name_en":"Clarksburg","kind_detail":"city","population":16039,"sort_key":-469654,"geonames_id":"4802316","match_type":"name+coordinate","match_distance_km":0.059}},{"type":"Feature","geometry":{"type":"Point","coordinates":[-56.677093505859375,-36.72127388004499]},"properties":{"wikidata":"Q991680","display_name":"马德阿霍","display_name_en":"Mar de Ajó","kind_detail":"town","population":14000,"sort_key":-469654,"match_type":"machine-transliterated"}},{"type":"Feature","geometry":{"type":"Point","coordinates":[138.00613403320312,-33.17893926058104]},"properties":{"wikidata":"Q14966","display_name":"皮里港","display_name_en":"Port Pirie","kind_detail":"town","population":13708,"sort_key":-469654,"match_type":"machine-transliterated"}},{"type":"Feature","geometry":{"type":"Point","coordinates":[77.06634521484375,42.64204079304426]},"properties":{"wikidata":"Q1017314","display_name":"乔尔蓬阿塔","display_name_en":"Çolpon-Ata","kind_detail":"town","population":14200,"sort_key":-469654,"match_type":"machine-transliterated"}},{"type":"Feature","geometry":{"type":"Point","coordinates":[-70.27130126953125,-37.37888785004525]},"properties":{"wikidata":"Q288993","display_name":"喬斯馬拉爾","display_name_en":"Chos Malal","kind_detail":"town","population":15567,"sort_key":-469654,"geonames_id":"3861262","match_type":"name+coordinate","match_distance_km":0.097}},{"type":"Feature","geometry":{"type":"Point","coordinates":[-103.57086181640625,22.768584048597106]},"properties":{"wikidata":"Q2651632","display_name":"瓦尔帕莱索","display_name_en":"Valparaíso","kind_detail":"town","population":13577,"sort_key":-469654,"match_type":"machine-transliterated"}},{"type":"Feature","geometry":{"type":"Point","coordinates":[-113.367919921875,52.96849212681397]},"properties":{"wikidata":"Q950050","display_name":"韦塔斯基温","display_name_en":"Wetaskiwin","kind_detail":"city","population":12594,"sort_key":-469654,"geonames_id":"6179602","match_type":"name+coordinate","match_distance_km":0.192}},{"type":"Feature","geometry":{"type":"Point","coordinates":[-80.39794921875,27.638523614271946]},"properties":{"wikidata":"Q969026","display_name":"维罗海滩","display_name_en":"Vero Beach","kind_detail":"city","population":15220,"sort_key":-469654,"geonames_id":"4176409","match_type":"name+coordinate","match_distance_km":0.068}},{"type":"Feature","geometry":{"type":"Point","coordinates":[-88.560791015625,18.080589964407167]},"properties":{"wikidata":"Q882964","display_name":"奥兰治沃克","display_name_en":"Orange Walk","kind_detail":"town","population":14553,"sort_key":-469653,"match_type":"machine-transliterated"}},{"type":"Feature","geometry":{"type":"Point","coordinates":[-57.605438232421875,-30.261439550638762]},"properties":{"wikidata":"Q815782","display_name":"貝亞烏尼翁","display_name_en":"Bella Unión","kind_detail":"city","population":16166,"sort_key":-469653,"geonames_id":"3443631","match_type":"name+coordinate","match_distance_km":0.632}},{"type":"Feature","geometry":{"type":"Point","coordinates":[68.37478637695312,56.3956644447166]},"properties":{"wikidata":"Q974374","display_name":"戈雷什马诺沃","display_name_en":"Голышманово","kind_detail":"town","population":14123,"sort_key":-469653,"geonames_id":"1506422","match_type":"coordinate","match_distance_km":0.335}},{"type":"Feature","geometry":{"type":"Point","coordinates":[-90.11810302734375,16.787449898410642]},"properties":{"wikidata":"Q164481","display_name":"拉利伯塔德","display_name_en":"La Libertad","kind_detail":"town","population":13598,"sort_key":-469653,"geonames_id":"3594422","match_type":"name+coordinate","match_distance_km":0.167}},{"type":"Feature","geometry":{"type":"Point","coordinates":[-103.66287231445312,41.862401922021434]},"properties":{"wikidata":"Q959484","display_name":"斯科茨布拉夫","display_name_en":"Scottsbluff","kind_detail":"city","population":15039,"sort_key":-469653,"geonames_id":"5699404","match_type":"name+coordinate","match_distance_km":0.59}},{"type":"Feature","geometry":{"type":"Point","coordinates":[-124.5245361328125,49.835325262966506]},"properties":{"wikidata":"Q599678","display_name":"鲍威尔河","display_name_en":"Powell River","kind_detail":"city","population":13157,"sort_key":-469652,"match_type":"machine-transliterated"}},{"type":"Feature","geometry":{"type":"Point","coordinates":[-114.83322143554688,35.979117498574965]},"properties":{"wikidata":"Q858801","display_name":"博尔德城","display_name_en":"Boulder City","kind_detail":"town","population":15029,"sort_key":-469652,"geonames_id":"5500539","match_type":"name+coordinate","match_distance_km":0.088}},{"type":"Feature","geometry":{"type":"Point","coordinates":[-67.53158569335938,-14.443989597714946]},"properties":{"wikidata":"Q749372","display_name":"魯雷納瓦克","display_name_en":"Rurrenabaque","kind_detail":"town","population":13806,"sort_key":-469652,"geonames_id":"3906209","match_type":"name+coordinate","match_distance_km":0.508}},{"type":"Feature","geometry":{"type":"Point","coordinates":[-65.66116333007812,-39.29285986803577]},"properties":{"wikidata":"Q52522","display_name":"乔埃莱乔尔","display_name_en":"Choele Choel","kind_detail":"town","population":13588,"sort_key":-469652,"match_type":"machine-transliterated"}},{"type":"Feature","geometry":{"type":"Point","coordinates":[-59.805450439453125,-37.67403832629552]},"properties":{"wikidata":"Q2053011","display_name":"贝尼托华雷斯","display_name_en":"Benito Juárez","kind_detail":"town","population":14279,"sort_key":-469651,"match_type":"machine-transliterated"}},{"type":"Feature","geometry":{"type":"Point","coordinates":[28.678436279296875,-13.970052131637644]},"properties":{"wikidata":"Q985822","display_name":"卡皮里姆波希","display_name_en":"Kapiri Mposhi","kind_detail":"town","population":14792,"sort_key":-469651,"match_type":"machine-transliterated"}},{"type":"Feature","geometry":{"type":"Point","coordinates":[-62.830810546875,-25.803600326491377]},"properties":{"wikidata":"Q1015537","display_name":"克马多山","display_name_en":"Monte Quemado","kind_detail":"town","population":12543,"sort_key":-469651,"match_type":"machine-transliterated"}},{"type":"Feature","geometry":{"type":"Point","coordinates":[-112.26791381835938,27.336394986444375]},"properties":{"wikidata":"Q1640231","display_name":"圣罗莎莉亚","display_name_en":"Santa Rosalía","kind_detail":"town","population":14357,"sort_key":-469651,"match_type":"machine-transliterated"}},{"type":"Feature","geometry":{"type":"Point","coordinates":[-85.616455078125,44.76038647589175]},"properties":{"wikidata":"Q984544","display_name":"特拉弗斯城","display_name_en":"Traverse City","kind_detail":"city","population":15678,"sort_key":-469651,"geonames_id":"5012495","match_type":"name+coordinate","match_distance_km":0.444}},{"type":"Feature","geometry":{"type":"Point","coordinates":[-67.4835205078125,6.191072613776257]},"properties":{"wikidata":"Q130304","display_name":"卡雷尼奥港","display_name_en":"Puerto Carreño","kind_detail":"city","population":15753,"sort_key":-469650,"match_type":"machine-transliterated"}},{"type":"Feature","geometry":{"type":"Point","coordinates":[-56.98883056640625,5.942533669848373]},"properties":{"wikidata":"Q738313","display_name":"新尼克里","display_name_en":"Nieuw Nickerie","kind_detail":"town","population":13000,"sort_key":-469650,"match_type":"machine-transliterated"}},{"type":"Feature","geometry":{"type":"Point","coordinates":[-95.29953002929688,18.465281184428164]},"properties":{"wikidata":"Q4769997","display_name":"圣地亚哥·图斯特拉","display_name_en":"Santiago Tuxtla","kind_detail":"town","population":15459,"sort_key":-469649,"match_type":"machine-transliterated"}},{"type":"Feature","geometry":{"type":"Point","coordinates":[-56.517791748046875,-32.810361684869]},"properties":{"wikidata":"Q664156","display_name":"帕索德洛斯托羅斯","display_name_en":"Paso de los Toros","kind_detail":"city","population":14210,"sort_key":-469647,"geonames_id":"3441273","match_type":"name+coordinate","match_distance_km":0.709}},{"type":"Feature","geometry":{"type":"Point","coordinates":[-64.12445068359375,-25.11668884314784]},"properties":{"wikidata":"Q1014965","display_name":"华金·维克托·冈萨雷斯","display_name_en":"Joaquín Víctor González","kind_detail":"town","population":13376,"sort_key":-469641,"match_type":"machine-transliterated"}},{"type":"Feature","geometry":{"type":"Point","coordinates":[14.816436767578125,-0.8747523921929314]},"properties":{"wikidata":"Q2362433","display_name":"埃沃","display_name_en":"Ewo","kind_detail":"town","population":11457,"sort_key":-469629,"match_type":"machine-transliterated"}},{"type":"Feature","geometry":{"type":"Point","coordinates":[36.385345458984375,18.332365856997328]},"properties":{"wikidata":"Q3782462","display_name":"哈亚","display_name_en":"Hayya","kind_detail":"town","population":10000,"sort_key":-469629,"match_type":"machine-transliterated"}},{"type":"Feature","geometry":{"type":"Point","coordinates":[123.1787109375,47.32951560950957]},"properties":{"wikidata":"Q1869551","display_name":"龙江","display_name_en":"龙江镇","kind_detail":"town","population":10000,"sort_key":-469629,"geonames_id":"2035970","match_type":"coordinate","match_distance_km":1.49}},{"type":"Feature","geometry":{"type":"Point","coordinates":[38.583984375,-3.398274390209707]},"properties":{"wikidata":"Q1552910","display_name":"沃伊","display_name_en":"Voi","kind_detail":"town","population":10000,"sort_key":-469629,"match_type":"machine-transliterated"}},{"type":"Feature","geometry":{"type":"Point","coordinates":[10.07720947265625,6.3876362051935445]},"properties":{"wikidata":"Q2034978","display_name":"乌姆","display_name_en":"Wum","kind_detail":"town","population":10000,"sort_key":-469629,"match_type":"machine-transliterated"}},{"type":"Feature","geometry":{"type":"Point","coordinates":[-55.943756103515625,-26.040743577081138]},"properties":{"wikidata":"Q1318585","display_name":"阿拜","display_name_en":"Abaí","kind_detail":"town","population":10000,"sort_key":-469628,"match_type":"machine-transliterated"}},{"type":"Feature","geometry":{"type":"Point","coordinates":[-78.11553955078125,48.572063957021896]},"properties":{"wikidata":"Q141705","display_name":"阿莫斯","display_name_en":"Amos","kind_detail":"town","population":10000,"sort_key":-469628,"match_type":"machine-transliterated"}},{"type":"Feature","geometry":{"type":"Point","coordinates":[6.734619140625,7.110431874886643]},"properties":{"wikidata":"Q3048500","display_name":"爱达","display_name_en":"Idah","kind_detail":"town","population":10000,"sort_key":-469628,"match_type":"machine-transliterated"}},{"type":"Feature","geometry":{"type":"Point","coordinates":[13.69171142578125,11.523087506868507]},"properties":{"wikidata":"Q3331583","display_name":"巴马","display_name_en":"Bama","kind_detail":"town","population":10000,"sort_key":-469628,"match_type":"machine-transliterated"}},{"type":"Feature","geometry":{"type":"Point","coordinates":[33.993072509765625,18.02575128135625]},"properties":{"wikidata":"Q375935","display_name":"柏柏尔","display_name_en":"Berber","kind_detail":"town","population":10000,"sort_key":-469628,"match_type":"machine-transliterated"}},{"type":"Feature","geometry":{"type":"Point","coordinates":[35.536651611328125,8.153039937210437]},"properties":{"wikidata":"Q3110215","display_name":"戈尔","display_name_en":"Gore","kind_detail":"town","population":10000,"sort_key":-469628,"match_type":"machine-transliterated"}},{"type":"Feature","geometry":{"type":"Point","coordinates":[52.241363525390625,59.3401931033261]},"properties":{"wikidata":"Q153636","display_name":"基爾斯","display_name_en":"Kirs","kind_detail":"town","population":9639,"sort_key":-469628,"geonames_id":"548333","match_type":"name+coordinate","match_distance_km":0.26}},{"type":"Feature","geometry":{"type":"Point","coordinates":[29.774322509765625,-7.042290356532732]},"properties":{"wikidata":"Q1986207","display_name":"莫巴","display_name_en":"Moba","kind_detail":"town","population":10000,"sort_key":-469628,"match_type":"machine-transliterated"}},{"type":"Feature","geometry":{"type":"Point","coordinates":[31.724395751953125,3.653222841228356]},"properties":{"wikidata":"Q992016","display_name":"莫约","display_name_en":"Moyo","kind_detail":"town","population":10000,"sort_key":-469628,"match_type":"machine-transliterated"}},{"type":"Feature","geometry":{"type":"Point","coordinates":[26.180419921875,-20.210656234489846]},"properties":{"wikidata":"Q170817","display_name":"那塔","display_name_en":"Nata","kind_detail":"town","population":10000,"sort_key":-469628,"match_type":"machine-transliterated"}},{"type":"Feature","geometry":{"type":"Point","coordinates":[12.369232177734375,-6.139189368969383]},"properties":{"wikidata":"Q1015108","display_name":"索约","display_name_en":"Soyo","kind_detail":"town","population":10000,"sort_key":-469628,"match_type":"machine-transliterated"}},{"type":"Feature","geometry":{"type":"Point","coordinates":[11.210174560546875,10.048641683761304]},"properties":{"wikidata":"Q12731737","display_name":"云茂","display_name_en":"Kumo","kind_detail":"town","population":10000,"sort_key":-469628,"match_type":"machine-transliterated"}},{"type":"Feature","geometry":{"type":"Point","coordinates":[23.778533935546875,2.7359286777095946]},"properties":{"wikidata":"Q417523","display_name":"阿凱蒂","display_name_en":"Aketi","kind_detail":"town","population":10000,"sort_key":-469627,"geonames_id":"220448","match_type":"name+coordinate","match_distance_km":0.613}},{"type":"Feature","geometry":{"type":"Point","coordinates":[13.838653564453125,-18.054478439496066]},"properties":{"wikidata":"Q1024089","display_name":"奥普沃","display_name_en":"Opuwo","kind_detail":"town","population":10000,"sort_key":-469627,"match_type":"machine-transliterated"}},{"type":"Feature","geometry":{"type":"Point","coordinates":[17.34466552734375,-19.641294152538563]},"properties":{"wikidata":"Q1013965","display_name":"奥塔维","display_name_en":"Otavi","kind_detail":"town","population":10000,"sort_key":-469627,"match_type":"machine-transliterated"}},{"type":"Feature","geometry":{"type":"Point","coordinates":[47.599639892578125,35.87235966908959]},"properties":{"wikidata":"Q720596","display_name":"比贾尔","display_name_en":"Bijar","kind_detail":"town","population":10000,"sort_key":-469627,"match_type":"machine-transliterated"}},{"type":"Feature","geometry":{"type":"Point","coordinates":[20.5224609375,2.375112933880132]},"properties":{"wikidata":"Q4086832","display_name":"宾加","display_name_en":"Binga","kind_detail":"town","population":10000,"sort_key":-469627,"match_type":"machine-transliterated"}},{"type":"Feature","geometry":{"type":"Point","coordinates":[-14.03778076171875,10.181132434056536]},"properties":{"wikidata":"Q2908600","display_name":"博法","display_name_en":"Boffa","kind_detail":"town","population":10000,"sort_key":-469627,"match_type":"machine-transliterated"}},{"type":"Feature","geometry":{"type":"Point","coordinates":[34.328155517578125,-14.380146021094006]},"properties":{"wikidata":"Q1182266","display_name":"代扎","display_name_en":"Dedza","kind_detail":"town","population":10000,"sort_key":-469627,"match_type":"machine-transliterated"}},{"type":"Feature","geometry":{"type":"Point","coordinates":[22.273406982421875,-5.468363749680847]},"properties":{"wikidata":"Q3022059","display_name":"登巴","display_name_en":"Demba","kind_detail":"town","population":10000,"sort_key":-469627,"match_type":"machine-transliterated"}},{"type":"Feature","geometry":{"type":"Point","coordinates":[-65.7586669921875,44.61979915773972]},"properties":{"wikidata":"Q1224586","display_name":"迪格比","display_name_en":"Digby","kind_detail":"town","population":10000,"sort_key":-469627,"match_type":"machine-transliterated"}},{"type":"Feature","geometry":{"type":"Point","coordinates":[151.26388549804688,-27.182577390785823]},"properties":{"wikidata":"Q1001056","display_name":"多尔比","display_name_en":"Dalby","kind_detail":"town","population":12082,"sort_key":-469627,"match_type":"machine-transliterated"}},{"type":"Feature","geometry":{"type":"Point","coordinates":[10.4534912109375,12.876069959946506]},"properties":{"wikidata":"Q3508977","display_name":"恩古鲁","display_name_en":"Nguru","kind_detail":"town","population":10000,"sort_key":-469627,"match_type":"machine-transliterated"}},{"type":"Feature","geometry":{"type":"Point","coordinates":[12.869110107421875,-7.231698708367134]},"properties":{"wikidata":"Q2351452","display_name":"恩泽托","display_name_en":"Nzeto","kind_detail":"town","population":10000,"sort_key":-469627,"match_type":"machine-transliterated"}},{"type":"Feature","geometry":{"type":"Point","coordinates":[14.247894287109375,-13.039345099988822]},"properties":{"wikidata":"Q1142891","display_name":"古巴","display_name_en":"Cubal","kind_detail":"town","population":10000,"sort_key":-469627,"match_type":"machine-transliterated"}},{"type":"Feature","geometry":{"type":"Point","coordinates":[-75.9979248046875,-11.160887259367868]},"properties":{"wikidata":"Q2640092","display_name":"胡宁","display_name_en":"Junín","kind_detail":"town","population":9755,"sort_key":-469627,"match_type":"machine-transliterated"}},{"type":"Feature","geometry":{"type":"Point","coordinates":[-15.2545166015625,11.283467287604125]},"properties":{"wikidata":"Q1190869","display_name":"卡蒂奥","display_name_en":"Catió","kind_detail":"town","population":10000,"sort_key":-469627,"match_type":"machine-transliterated"}},{"type":"Feature","geometry":{"type":"Point","coordinates":[7.877197265625,8.845722014523616]},"properties":{"wikidata":"Q3510599","display_name":"凯菲","display_name_en":"Keffi","kind_detail":"town","population":10000,"sort_key":-469627,"match_type":"machine-transliterated"}},{"type":"Feature","geometry":{"type":"Point","coordinates":[24.797515869140625,-14.796127603627042]},"properties":{"wikidata":"Q1728285","display_name":"考马","display_name_en":"Kaoma","kind_detail":"town","population":10000,"sort_key":-469627,"match_type":"machine-transliterated"}},{"type":"Feature","geometry":{"type":"Point","coordinates":[143.5858154296875,-38.33950194627458]},"properties":{"wikidata":"Q1009509","display_name":"科拉克","display_name_en":"Colac","kind_detail":"town","population":12348,"sort_key":-469627,"geonames_id":"2171069","match_type":"name+coordinate","match_distance_km":0.098}},{"type":"Feature","geometry":{"type":"Point","coordinates":[37.1337890625,-1.7396923417013568]},"properties":{"wikidata":"Q6430460","display_name":"孔扎","display_name_en":"Konza","kind_detail":"town","population":10000,"sort_key":-469627,"match_type":"machine-transliterated"}},{"type":"Feature","geometry":{"type":"Point","coordinates":[21.419219970703125,-5.353521355337321]},"properties":{"wikidata":"Q651248","display_name":"利韦博","display_name_en":"Lwebo","kind_detail":"town","population":10000,"sort_key":-469627,"match_type":"machine-transliterated"}},{"type":"Feature","geometry":{"type":"Point","coordinates":[25.742340087890625,-5.384968460898321]},"properties":{"wikidata":"Q3264616","display_name":"绿宝","display_name_en":"Lubao","kind_detail":"town","population":10000,"sort_key":-469627,"match_type":"machine-transliterated"}},{"type":"Feature","geometry":{"type":"Point","coordinates":[32.05810546875,-22.73312366231366]},"properties":{"wikidata":"Q1102602","display_name":"马派","display_name_en":"Mapai","kind_detail":"town","population":10000,"sort_key":-469627,"match_type":"machine-transliterated"}},{"type":"Feature","geometry":{"type":"Point","coordinates":[33.09356689453125,-25.02961709253111]},"properties":{"wikidata":"Q2653584","display_name":"马西亚","display_name_en":"Macia","kind_detail":"town","population":10000,"sort_key":-469627,"match_type":"machine-transliterated"}},{"type":"Feature","geometry":{"type":"Point","coordinates":[45.55206298828125,33.74603855325515]},"properties":{"wikidata":"Q1382440","display_name":"曼德勒","display_name_en":"Mandali","kind_detail":"town","population":10000,"sort_key":-469627,"match_type":"machine-transliterated"}},{"type":"Feature","geometry":{"type":"Point","coordinates":[32.202301025390625,10.441896638117186]},"properties":{"wikidata":"Q11048692","display_name":"梅鲁特","display_name_en":"Melut","kind_detail":"town","population":10000,"sort_key":-469627,"match_type":"machine-transliterated"}},{"type":"Feature","geometry":{"type":"Point","coordinates":[54.69268798828125,16.981935124030556]},"properties":{"wikidata":"Q1938064","display_name":"米尔巴特","display_name_en":"Mirbat","kind_detail":"town","population":11438,"sort_key":-469627,"match_type":"machine-transliterated"}},{"type":"Feature","geometry":{"type":"Point","coordinates":[21.5606689453125,-4.847417325808522]},"properties":{"wikidata":"Q2977263","display_name":"姆韦卡","display_name_en":"Mweka","kind_detail":"town","population":10000,"sort_key":-469627,"match_type":"machine-transliterated"}},{"type":"Feature","geometry":{"type":"Point","coordinates":[31.089935302734375,2.478017389646851]},"properties":{"wikidata":"Q2174978","display_name":"内比","display_name_en":"Nebbi","kind_detail":"town","population":10000,"sort_key":-469627,"match_type":"machine-transliterated"}},{"type":"Feature","geometry":{"type":"Point","coordinates":[34.498443603515625,-5.702081487858408]},"properties":{"wikidata":"Q13123112","display_name":"伊蒂吉","display_name_en":"Itigi","kind_detail":"town","population":10000,"sort_key":-469627,"match_type":"machine-transliterated"}},{"type":"Feature","geometry":{"type":"Point","coordinates":[5.75408935546875,7.523149837982501]},"properties":{"wikidata":"Q3320803","display_name":"伊卡雷","display_name_en":"Ikare","kind_detail":"town","population":10000,"sort_key":-469627,"match_type":"machine-transliterated"}},{"type":"Feature","geometry":{"type":"Point","coordinates":[-58.25775146484375,5.5326112204570705]},"properties":{"wikidata":"Q1138762","display_name":"伊图尼","display_name_en":"Ituni","kind_detail":"town","population":10000,"sort_key":-469627,"geonames_id":"3378198","match_type":"name+coordinate","match_distance_km":0.483}},{"type":"Feature","geometry":{"type":"Point","coordinates":[-9.260101318359375,7.56943733625144]},"properties":{"wikidata":"Q784157","display_name":"约莫","display_name_en":"Yomou","kind_detail":"town","population":10000,"sort_key":-469627,"match_type":"machine-transliterated"}},{"type":"Feature","geometry":{"type":"Point","coordinates":[-83.43292236328125,45.061881623213026]},"properties":{"wikidata":"Q1012455","display_name":"阿尔皮纳","display_name_en":"Alpena","kind_detail":"city","population":10637,"sort_key":-469626,"geonames_id":"4984075","match_type":"name+coordinate","match_distance_km":0.026}},{"type":"Feature","geometry":{"type":"Point","coordinates":[-71.34109497070312,4.789942967844041]},"properties":{"wikidata":"Q1576308","display_name":"奥罗库埃","display_name_en":"Orocué","kind_detail":"town","population":12340,"sort_key":-469626,"match_type":"machine-transliterated"}},{"type":"Feature","geometry":{"type":"Point","coordinates":[-78.56597900390625,-7.902830891387254]},"properties":{"wikidata":"Q3056421","display_name":"奥图斯科","display_name_en":"Otuzco","kind_detail":"town","population":12396,"sort_key":-469626,"match_type":"machine-transliterated"}},{"type":"Feature","geometry":{"type":"Point","coordinates":[13.29071044921875,4.919937507394025]},"properties":{"wikidata":"Q2929807","display_name":"贝拉博","display_name_en":"Bélabo","kind_detail":"town","population":10000,"sort_key":-469626,"match_type":"machine-transliterated"}},{"type":"Feature","geometry":{"type":"Point","coordinates":[10.4150390625,-0.25131145003128097]},"properties":{"wikidata":"Q4904779","display_name":"比丰","display_name_en":"Bifoun","kind_detail":"town","population":10000,"sort_key":-469626,"match_type":"machine-transliterated"}},{"type":"Feature","geometry":{"type":"Point","coordinates":[-107.984619140625,52.05755713235365]},"properties":{"wikidata":"Q859632","display_name":"比格","display_name_en":"Biggar","kind_detail":"town","population":10000,"sort_key":-469626,"match_type":"machine-transliterated"}},{"type":"Feature","geometry":{"type":"Point","coordinates":[-15.475616455078125,11.578252149251654]},"properties":{"wikidata":"Q681802","display_name":"博拉马","display_name_en":"Bolama","kind_detail":"town","population":10000,"sort_key":-469626,"match_type":"machine-transliterated"}},{"type":"Feature","geometry":{"type":"Point","coordinates":[11.358489990234375,-2.39569444894596]},"properties":{"wikidata":"Q2591916","display_name":"恩登代","display_name_en":"Ndendé","kind_detail":"town","population":10000,"sort_key":-469626,"match_type":"machine-transliterated"}},{"type":"Feature","geometry":{"type":"Point","coordinates":[45.133209228515625,5.085472657670735]},"properties":{"wikidata":"Q1017194","display_name":"费弗","display_name_en":"Ferfer","kind_detail":"town","population":10000,"sort_key":-469626,"match_type":"machine-transliterated"}},{"type":"Feature","geometry":{"type":"Point","coordinates":[7.307281494140625,11.523087506868507]},"properties":{"wikidata":"Q3056264","display_name":"丰图阿","display_name_en":"Funtua","kind_detail":"town","population":10000,"sort_key":-469626,"match_type":"machine-transliterated"}},{"type":"Feature","geometry":{"type":"Point","coordinates":[-99.28619384765625,34.15159051366224]},"properties":{"wikidata":"Q979546","display_name":"弗农","display_name_en":"Vernon","kind_detail":"town","population":11217,"sort_key":-469626,"match_type":"machine-transliterated"}},{"type":"Feature","geometry":{"type":"Point","coordinates":[-101.48208618164062,36.68163606561521]},"properties":{"wikidata":"Q1920861","display_name":"盖蒙","display_name_en":"Guymon","kind_detail":"town","population":11442,"sort_key":-469626,"match_type":"machine-transliterated"}},{"type":"Feature","geometry":{"type":"Point","coordinates":[-79.68521118164062,47.39649001393343]},"properties":{"wikidata":"Q2568572","display_name":"钴","display_name_en":"Cobalt","kind_detail":"town","population":10000,"sort_key":-469626,"match_type":"machine-transliterated"}},{"type":"Feature","geometry":{"type":"Point","coordinates":[-7.705535888671875,4.379274753863342]},"properties":{"wikidata":"Q1019486","display_name":"哈珀","display_name_en":"Harper","kind_detail":"town","population":10000,"sort_key":-469626,"match_type":"machine-transliterated"}},{"type":"Feature","geometry":{"type":"Point","coordinates":[174.28436279296875,-39.589815579543284]},"properties":{"wikidata":"Q998452","display_name":"哈维拉","display_name_en":"Hāwera","kind_detail":"town","population":10150,"sort_key":-469626,"match_type":"machine-transliterated"}},{"type":"Feature","geometry":{"type":"Point","coordinates":[21.64581298828125,-21.69698950641515]},"properties":{"wikidata":"Q859319","display_name":"杭濟","display_name_en":"Ghanzi","kind_detail":"city","population":10700,"sort_key":-469626,"geonames_id":"933759","match_type":"name+coordinate","match_distance_km":0.096}},{"type":"Feature","geometry":{"type":"Point","coordinates":[-83.6663818359375,49.690731711357216]},"properties":{"wikidata":"Q2270394","display_name":"赫斯特","display_name_en":"Hearst","kind_detail":"town","population":10000,"sort_key":-469626,"match_type":"machine-transliterated"}},{"type":"Feature","geometry":{"type":"Point","coordinates":[31.7669677734375,0.9159460915807074]},"properties":{"wikidata":"Q1810614","display_name":"基博加","display_name_en":"Kiboga","kind_detail":"town","population":10000,"sort_key":-469626,"match_type":"machine-transliterated"}},{"type":"Feature","geometry":{"type":"Point","coordinates":[36.9854736328125,-6.836442580298936]},"properties":{"wikidata":"Q6408133","display_name":"基洛萨","display_name_en":"Kilosa","kind_detail":"town","population":10000,"sort_key":-469626,"match_type":"machine-transliterated"}},{"type":"Feature","geometry":{"type":"Point","coordinates":[32.882080078125,3.2968242685449667]},"properties":{"wikidata":"Q544320","display_name":"基特古姆","display_name_en":"Kitgum","kind_detail":"town","population":10000,"sort_key":-469626,"match_type":"machine-transliterated"}},{"type":"Feature","geometry":{"type":"Point","coordinates":[26.91650390625,-6.050430020399091]},"properties":{"wikidata":"Q2471469","display_name":"卡巴洛","display_name_en":"Kabalo","kind_detail":"town","population":10000,"sort_key":-469626,"match_type":"machine-transliterated"}},{"type":"Feature","geometry":{"type":"Point","coordinates":[-16.165008544921875,12.27425699476288]},"properties":{"wikidata":"Q1002807","display_name":"卡楚","display_name_en":"Cacheu","kind_detail":"town","population":10000,"sort_key":-469626,"match_type":"machine-transliterated"}},{"type":"Feature","geometry":{"type":"Point","coordinates":[22.674407958984375,-14.995198836057881]},"properties":{"wikidata":"Q1015056","display_name":"卡拉博","display_name_en":"Kalabo","kind_detail":"town","population":10000,"sort_key":-469626,"match_type":"machine-transliterated"}},{"type":"Feature","geometry":{"type":"Point","coordinates":[26.623992919921875,-2.564450965530142]},"properties":{"wikidata":"Q1103496","display_name":"卡利马","display_name_en":"Kalima","kind_detail":"town","population":10000,"sort_key":-469626,"match_type":"machine-transliterated"}},{"type":"Feature","geometry":{"type":"Point","coordinates":[14.893341064453125,-9.999957935637084]},"properties":{"wikidata":"Q3651040","display_name":"卡卢洛","display_name_en":"Calulo","kind_detail":"town","population":10000,"sort_key":-469626,"match_type":"machine-transliterated"}},{"type":"Feature","geometry":{"type":"Point","coordinates":[33.123779296875,0.944781400687404]},"properties":{"wikidata":"Q3088116","display_name":"卡穆利","display_name_en":"Kamuli","kind_detail":"town","population":10000,"sort_key":-469626,"match_type":"machine-transliterated"}},{"type":"Feature","geometry":{"type":"Point","coordinates":[-55.5908203125,49.95828842806969]},"properties":{"wikidata":"Q15068802","display_name":"拉西","display_name_en":"LaScie","kind_detail":"town","population":10000,"sort_key":-469626,"match_type":"machine-transliterated"}},{"type":"Feature","geometry":{"type":"Point","coordinates":[23.23883056640625,-14.376155191012117]},"properties":{"wikidata":"Q1629398","display_name":"卢库卢","display_name_en":"Lukulu","kind_detail":"town","population":10000,"sort_key":-469626,"match_type":"machine-transliterated"}},{"type":"Feature","geometry":{"type":"Point","coordinates":[-59.756011962890625,-18.331062258395832]},"properties":{"wikidata":"Q941418","display_name":"羅沃雷","display_name_en":"Roboré","kind_detail":"city","population":11994,"sort_key":-469626,"geonames_id":"3444176","match_type":"name+coordinate","match_distance_km":0.702}},{"type":"Feature","geometry":{"type":"Point","coordinates":[29.463958740234375,4.914464560331368]},"properties":{"wikidata":"Q3132444","display_name":"马里迪","display_name_en":"Maridi","kind_detail":"town","population":10000,"sort_key":-469626,"geonames_id":"370457","match_type":"name+coordinate","match_distance_km":0.655}},{"type":"Feature","geometry":{"type":"Point","coordinates":[149.58847045898438,-32.59773394005744]},"properties":{"wikidata":"Q59819","display_name":"马奇","display_name_en":"Mudgee","kind_detail":"town","population":11563,"sort_key":-469626,"match_type":"machine-transliterated"}},{"type":"Feature","geometry":{"type":"Point","coordinates":[19.588623046875,-4.072494259167442]},"properties":{"wikidata":"Q6748616","display_name":"曼盖","display_name_en":"Mangai","kind_detail":"town","population":10000,"sort_key":-469626,"match_type":"machine-transliterated"}},{"type":"Feature","geometry":{"type":"Point","coordinates":[11.548004150390625,0.7827515290992437]},"properties":{"wikidata":"Q3135733","display_name":"米茨奇","display_name_en":"Mitzic","kind_detail":"town","population":10000,"sort_key":-469626,"match_type":"machine-transliterated"}},{"type":"Feature","geometry":{"type":"Point","coordinates":[34.65911865234375,2.5287806624403544]},"properties":{"wikidata":"Q2193389","display_name":"摩罗托","display_name_en":"Moroto","kind_detail":"town","population":10000,"sort_key":-469626,"match_type":"machine-transliterated"}},{"type":"Feature","geometry":{"type":"Point","coordinates":[38.066253662109375,-0.9337965488500117]},"properties":{"wikidata":"Q3499659","display_name":"姆温吉","display_name_en":"Mwingi","kind_detail":"town","population":10000,"sort_key":-469626,"match_type":"machine-transliterated"}},{"type":"Feature","geometry":{"type":"Point","coordinates":[16.923065185546875,-3.0157269463894636]},"properties":{"wikidata":"Q1102126","display_name":"穆希","display_name_en":"Mushie","kind_detail":"town","population":10000,"sort_key":-469626,"geonames_id":"2312249","match_type":"name+coordinate","match_distance_km":0.189}},{"type":"Feature","geometry":{"type":"Point","coordinates":[-80.0189208984375,0.6111029152760636]},"properties":{"wikidata":"Q6933279","display_name":"穆伊斯內","display_name_en":"Muisne","kind_detail":"town","population":10000,"sort_key":-469626,"geonames_id":"3653967","match_type":"name+coordinate","match_distance_km":0.081}},{"type":"Feature","geometry":{"type":"Point","coordinates":[-117.2900390625,49.49489061140409]},"properties":{"wikidata":"Q1779015","display_name":"尼尔森","display_name_en":"Nelson","kind_detail":"city","population":11198,"sort_key":-469626,"match_type":"machine-transliterated"}},{"type":"Feature","geometry":{"type":"Point","coordinates":[28.01239013671875,-5.957558488607489]},"properties":{"wikidata":"Q3346723","display_name":"尼云祖","display_name_en":"Nyunzu","kind_detail":"town","population":10000,"sort_key":-469626,"match_type":"machine-transliterated"}},{"type":"Feature","geometry":{"type":"Point","coordinates":[148.17535400390625,-33.13640124498832]},"properties":{"wikidata":"Q605513","display_name":"帕克斯","display_name_en":"Parkes","kind_detail":"town","population":9832,"sort_key":-469626,"geonames_id":"2153778","match_type":"name+coordinate","match_distance_km":0.102}},{"type":"Feature","geometry":{"type":"Point","coordinates":[-69.86892700195312,-14.914265406251445]},"properties":{"wikidata":"Q3344150","display_name":"普蒂纳","display_name_en":"Putina","kind_detail":"town","population":10746,"sort_key":-469626,"match_type":"machine-transliterated"}},{"type":"Feature","geometry":{"type":"Point","coordinates":[34.4476318359375,-13.776733989059593]},"properties":{"wikidata":"Q979028","display_name":"萨利马","display_name_en":"Salima","kind_detail":"town","population":10000,"sort_key":-469626,"match_type":"machine-transliterated"}},{"type":"Feature","geometry":{"type":"Point","coordinates":[-78.95599365234375,-4.067014946745616]},"properties":{"wikidata":"Q2283736","display_name":"萨莫拉","display_name_en":"Zamora","kind_detail":"town","population":10000,"sort_key":-469626,"match_type":"machine-transliterated"}},{"type":"Feature","geometry":{"type":"Point","coordinates":[36.97723388671875,-7.40468588055198]},"properties":{"wikidata":"Q6850269","display_name":"三久美","display_name_en":"Mikumi","kind_detail":"town","population":10000,"sort_key":-469626,"match_type":"machine-transliterated"}},{"type":"Feature","geometry":{"type":"Point","coordinates":[31.578826904296875,-17.312621152161242]},"properties":{"wikidata":"Q606345","display_name":"沙姆瓦","display_name_en":"Shamva","kind_detail":"town","population":10317,"sort_key":-469626,"match_type":"machine-transliterated"}},{"type":"Feature","geometry":{"type":"Point","coordinates":[-6.120758056640625,14.741682883512752]},"properties":{"wikidata":"Q2257485","display_name":"索科洛","display_name_en":"Sokolo","kind_detail":"town","population":10000,"sort_key":-469626,"match_type":"machine-transliterated"}},{"type":"Feature","geometry":{"type":"Point","coordinates":[-11.663360595703125,11.439647247828105]},"properties":{"wikidata":"Q7828837","display_name":"图盖","display_name_en":"Tougué","kind_detail":"town","population":10000,"sort_key":-469626,"match_type":"machine-transliterated"}},{"type":"Feature","geometry":{"type":"Point","coordinates":[22.3956298828125,8.071466993513923]},"properties":{"wikidata":"Q2428058","display_name":"瓦达","display_name_en":"Ouadda","kind_detail":"town","population":10000,"sort_key":-469626,"match_type":"machine-transliterated"}},{"type":"Feature","geometry":{"type":"Point","coordinates":[169.13589477539062,-44.69404054463803]},"properties":{"wikidata":"Q930344","display_name":"瓦納卡","display_name_en":"Wānaka","kind_detail":"town","population":11600,"sort_key":-469626,"geonames_id":"2184707","match_type":"name+coordinate","match_distance_km":1.297}},{"type":"Feature","geometry":{"type":"Point","coordinates":[-109.5281982421875,40.45530721213149]},"properties":{"wikidata":"Q482828","display_name":"韦纳尔","display_name_en":"Vernal","kind_detail":"city","population":10241,"sort_key":-469626,"geonames_id":"5784154","match_type":"name+coordinate","match_distance_km":0.052}},{"type":"Feature","geometry":{"type":"Point","coordinates":[9.260101318359375,-1.5749664142187072]},"properties":{"wikidata":"Q2717524","display_name":"翁布埃","display_name_en":"Omboué","kind_detail":"town","population":10000,"sort_key":-469626,"match_type":"machine-transliterated"}},{"type":"Feature","geometry":{"type":"Point","coordinates":[15.58685302734375,-21.996535232496043]},"properties":{"wikidata":"Q1457265","display_name":"乌萨科斯","display_name_en":"Usakos","kind_detail":"town","population":10000,"sort_key":-469626,"match_type":"machine-transliterated"}},{"type":"Feature","geometry":{"type":"Point","coordinates":[30.38818359375,-5.103254918829322]},"properties":{"wikidata":"Q133448","display_name":"乌文扎","display_name_en":"Uvinza","kind_detail":"town","population":10000,"sort_key":-469626,"match_type":"machine-transliterated"}},{"type":"Feature","geometry":{"type":"Point","coordinates":[31.42913818359375,-28.29228897739707]},"properties":{"wikidata":"Q1013421","display_name":"烏倫迪","display_name_en":"Ulundi","kind_detail":"town","population":10000,"sort_key":-469626,"geonames_id":"946257","match_type":"name+coordinate","match_distance_km":4.941}},{"type":"Feature","geometry":{"type":"Point","coordinates":[13.35113525390625,-3.6847437963449323]},"properties":{"wikidata":"Q739308","display_name":"锡比提","display_name_en":"Sibiti","kind_detail":"town","population":10000,"sort_key":-469626,"match_type":"machine-transliterated"}},{"type":"Feature","geometry":{"type":"Point","coordinates":[-117.58804321289062,53.39888863294425]},"properties":{"wikidata":"Q1016692","display_name":"欣顿","display_name_en":"Hinton","kind_detail":"town","population":9882,"sort_key":-469626,"match_type":"machine-transliterated"}},{"type":"Feature","geometry":{"type":"Point","coordinates":[28.948974609375,30.83385628265907]},"properties":{"wikidata":"Q204439","display_name":"阿莱曼","display_name_en":"El Alamein","kind_detail":"city","population":10922,"sort_key":-469625,"geonames_id":"361612","match_type":"name+coordinate","match_distance_km":0.714}},{"type":"Feature","geometry":{"type":"Point","coordinates":[-123.8323974609375,46.18838750741995]},"properties":{"wikidata":"Q490724","display_name":"阿斯托里亚","display_name_en":"Astoria","kind_detail":"town","population":10181,"sort_key":-469625,"match_type":"machine-transliterated"}},{"type":"Feature","geometry":{"type":"Point","coordinates":[-116.96319580078125,44.02639639912232]},"properties":{"wikidata":"Q1639059","display_name":"安大略","display_name_en":"Ontario","kind_detail":"city","population":11957,"sort_key":-469625,"geonames_id":"5744166","match_type":"name+coordinate","match_distance_km":0.027}},{"type":"Feature","geometry":{"type":"Point","coordinates":[15.950775146484375,-21.41727615699365]},"properties":{"wikidata":"Q1896161","display_name":"奥马鲁鲁","display_name_en":"Omaruru","kind_detail":"town","population":10000,"sort_key":-469625,"match_type":"machine-transliterated"}},{"type":"Feature","geometry":{"type":"Point","coordinates":[-56.861114501953125,48.824045038861925]},"properties":{"wikidata":"Q2927433","display_name":"巴肯斯","display_name_en":"Buchans","kind_detail":"town","population":10000,"sort_key":-469625,"match_type":"machine-transliterated"}},{"type":"Feature","geometry":{"type":"Point","coordinates":[-2.583160400390625,7.450985957477229]},"properties":{"wikidata":"Q818988","display_name":"拜雷库姆","display_name_en":"Berekum","kind_detail":"town","population":10000,"sort_key":-469625,"match_type":"machine-transliterated"}},{"type":"Feature","geometry":{"type":"Point","coordinates":[-14.65850830078125,13.436373715471944]},"properties":{"wikidata":"Q806951","display_name":"班桑","display_name_en":"Bansang","kind_detail":"town","population":10000,"sort_key":-469625,"geonames_id":"2413866","match_type":"name+coordinate","match_distance_km":0.98}},{"type":"Feature","geometry":{"type":"Point","coordinates":[18.599853515625,-4.535356380895763]},"properties":{"wikidata":"Q383736","display_name":"布伦古","display_name_en":"Bulungu","kind_detail":"town","population":10000,"sort_key":-469625,"match_type":"machine-transliterated"}},{"type":"Feature","geometry":{"type":"Point","coordinates":[20.88775634765625,3.3406958799501467]},"properties":{"wikidata":"Q581003","display_name":"布辛加","display_name_en":"Businga","kind_detail":"town","population":10000,"sort_key":-469625,"match_type":"machine-transliterated"}},{"type":"Feature","geometry":{"type":"Point","coordinates":[-82.84927368164062,31.508312698943442]},"properties":{"wikidata":"Q1004791","display_name":"道格拉斯","display_name_en":"Douglas","kind_detail":"town","population":11246,"sort_key":-469625,"match_type":"machine-transliterated"}},{"type":"Feature","geometry":{"type":"Point","coordinates":[-83.16925048828125,8.639407198836395]},"properties":{"wikidata":"Q949409","display_name":"戈尔菲托","display_name_en":"Golfito","kind_detail":"town","population":10000,"sort_key":-469625,"match_type":"machine-transliterated"}},{"type":"Feature","geometry":{"type":"Point","coordinates":[28.098907470703125,8.53484919469527]},"properties":{"wikidata":"Q1534350","display_name":"戈格里亞勒","display_name_en":"Gogrial","kind_detail":"town","population":10000,"sort_key":-469625,"geonames_id":"374739","match_type":"name+coordinate","match_distance_km":0.241}},{"type":"Feature","geometry":{"type":"Point","coordinates":[27.7020263671875,-30.40012204559435]},"properties":{"wikidata":"Q1003318","display_name":"古廷","display_name_en":"Quthing","kind_detail":"town","population":10000,"sort_key":-469625,"match_type":"machine-transliterated"}},{"type":"Feature","geometry":{"type":"Point","coordinates":[37.8533935546875,7.5503783781859966]},"properties":{"wikidata":"Q2754082","display_name":"霍萨纳","display_name_en":"Hossana","kind_detail":"town","population":10000,"sort_key":-469625,"match_type":"machine-transliterated"}},{"type":"Feature","geometry":{"type":"Point","coordinates":[14.981231689453125,-10.73212771142289]},"properties":{"wikidata":"Q602772","display_name":"基巴拉","display_name_en":"Quibala","kind_detail":"town","population":10000,"sort_key":-469625,"match_type":"machine-transliterated"}},{"type":"Feature","geometry":{"type":"Point","coordinates":[14.429168701171875,-5.561315286651833]},"properties":{"wikidata":"Q2589060","display_name":"金比斯","display_name_en":"Kimpese","kind_detail":"town","population":10000,"sort_key":-469625,"match_type":"machine-transliterated"}},{"type":"Feature","geometry":{"type":"Point","coordinates":[24.48577880859375,-6.1364585315084526]},"properties":{"wikidata":"Q3191660","display_name":"卡宾达","display_name_en":"Kabinda","kind_detail":"town","population":10000,"sort_key":-469625,"geonames_id":"215527","match_type":"name+coordinate","match_distance_km":0.47}},{"type":"Feature","geometry":{"type":"Point","coordinates":[33.589324951171875,4.76941523754283]},"properties":{"wikidata":"Q1018945","display_name":"卡波埃塔","display_name_en":"Kapoeta","kind_detail":"town","population":10000,"sort_key":-469625,"match_type":"machine-transliterated"}},{"type":"Feature","geometry":{"type":"Point","coordinates":[25.83160400390625,-13.457743995786572]},"properties":{"wikidata":"Q1734917","display_name":"卡森帕","display_name_en":"Kasempa","kind_detail":"town","population":10000,"sort_key":-469625,"geonames_id":"912628","match_type":"name+coordinate","match_distance_km":0.247}},{"type":"Feature","geometry":{"type":"Point","coordinates":[-78.14300537109375,0.04119872691853743]},"properties":{"wikidata":"Q1051957","display_name":"卡扬贝","display_name_en":"Cayambe","kind_detail":"town","population":10000,"sort_key":-469625,"match_type":"machine-transliterated"}},{"type":"Feature","geometry":{"type":"Point","coordinates":[12.23602294921875,7.973557730949835]},"properties":{"wikidata":"Q6430329","display_name":"康查","display_name_en":"Kontcha","kind_detail":"town","population":10000,"sort_key":-469625,"match_type":"machine-transliterated"}},{"type":"Feature","geometry":{"type":"Point","coordinates":[-122.49343872070312,52.97924270176986]},"properties":{"wikidata":"Q2067514","display_name":"康内尔","display_name_en":"Quesnel","kind_detail":"city","population":10007,"sort_key":-469625,"match_type":"machine-transliterated"}},{"type":"Feature","geometry":{"type":"Point","coordinates":[-116.51275634765625,49.09725059408649]},"properties":{"wikidata":"Q1139747","display_name":"克雷斯顿","display_name_en":"Creston","kind_detail":"town","population":10000,"sort_key":-469625,"match_type":"machine-transliterated"}},{"type":"Feature","geometry":{"type":"Point","coordinates":[152.841796875,-31.079989320302268]},"properties":{"wikidata":"Q1619596","display_name":"肯普西","display_name_en":"Kempsey","kind_detail":"town","population":11073,"sort_key":-469625,"geonames_id":"2161658","match_type":"name+coordinate","match_distance_km":1.041}},{"type":"Feature","geometry":{"type":"Point","coordinates":[23.435211181640625,-27.460757897482296]},"properties":{"wikidata":"Q1025965","display_name":"庫魯曼","display_name_en":"Kuruman","kind_detail":"town","population":10000,"sort_key":-469625,"geonames_id":"986134","match_type":"name+coordinate","match_distance_km":0.31}},{"type":"Feature","geometry":{"type":"Point","coordinates":[18.621826171875,-17.609992908606174]},"properties":{"wikidata":"Q203050","display_name":"宽加尔","display_name_en":"Cuangar","kind_detail":"town","population":10000,"sort_key":-469625,"match_type":"machine-transliterated"}},{"type":"Feature","geometry":{"type":"Point","coordinates":[94.75845336914062,16.14477298897711]},"properties":{"wikidata":"Q6467699","display_name":"拉布達","display_name_en":"Labutta","kind_detail":"town","population":10000,"sort_key":-469625,"geonames_id":"1315244","match_type":"name+coordinate","match_distance_km":0.526}},{"type":"Feature","geometry":{"type":"Point","coordinates":[150.15701293945312,-33.48185394054359]},"properties":{"wikidata":"Q1789805","display_name":"利斯戈","display_name_en":"Lithgow","kind_detail":"town","population":11197,"sort_key":-469625,"geonames_id":"2160053","match_type":"name+coordinate","match_distance_km":0.797}},{"type":"Feature","geometry":{"type":"Point","coordinates":[30.400543212890625,-15.623036831528253]},"properties":{"wikidata":"Q1304609","display_name":"卢安瓜","display_name_en":"Luangwa","kind_detail":"town","population":10000,"sort_key":-469625,"match_type":"machine-transliterated"}},{"type":"Feature","geometry":{"type":"Point","coordinates":[-128.59909057617188,54.51709598731105]},"properties":{"wikidata":"Q1021037","display_name":"露台","display_name_en":"Terrace","kind_detail":"city","population":12017,"sort_key":-469625,"match_type":"machine-transliterated"}},{"type":"Feature","geometry":{"type":"Point","coordinates":[37.500457763671875,-13.194490463294642]},"properties":{"wikidata":"Q5649378","display_name":"马鲁帕","display_name_en":"Marrupa","kind_detail":"town","population":10000,"sort_key":-469625,"match_type":"machine-transliterated"}},{"type":"Feature","geometry":{"type":"Point","coordinates":[20.36590576171875,-15.794896464857331]},"properties":{"wikidata":"Q1620590","display_name":"马文加","display_name_en":"Mavinga","kind_detail":"town","population":10000,"sort_key":-469625,"match_type":"machine-transliterated"}},{"type":"Feature","geometry":{"type":"Point","coordinates":[122.21878051757812,-8.62582986761339]},"properties":{"wikidata":"Q1911163","display_name":"毛梅雷","display_name_en":"Maumere","kind_detail":"town","population":10000,"sort_key":-469625,"match_type":"machine-transliterated"}},{"type":"Feature","geometry":{"type":"Point","coordinates":[13.956756591796875,1.0148089977088262]},"properties":{"wikidata":"Q871846","display_name":"梅坎博","display_name_en":"Mékambo","kind_detail":"town","population":10000,"sort_key":-469625,"match_type":"machine-transliterated"}},{"type":"Feature","geometry":{"type":"Point","coordinates":[36.486968994140625,-6.348056476859355]},"properties":{"wikidata":"Q3711197","display_name":"姆普瓦普瓦","display_name_en":"Mpwapwa","kind_detail":"town","population":10000,"sort_key":-469625,"match_type":"machine-transliterated"}},{"type":"Feature","geometry":{"type":"Point","coordinates":[31.394805908203125,0.5548009001919496]},"properties":{"wikidata":"Q3528929","display_name":"穆本德","display_name_en":"Mubende","kind_detail":"town","population":10000,"sort_key":-469625,"match_type":"machine-transliterated"}},{"type":"Feature","geometry":{"type":"Point","coordinates":[-88.26690673828125,49.015355983769666]},"properties":{"wikidata":"Q1993247","display_name":"尼皮贡","display_name_en":"Nipigon","kind_detail":"town","population":10000,"sort_key":-469625,"match_type":"machine-transliterated"}},{"type":"Feature","geometry":{"type":"Point","coordinates":[-81.63665771484375,29.64867519217043]},"properties":{"wikidata":"Q955907","display_name":"帕拉特卡","display_name_en":"Palatka","kind_detail":"town","population":10558,"sort_key":-469625,"geonames_id":"4167482","match_type":"name+coordinate","match_distance_km":0.09}},{"type":"Feature","geometry":{"type":"Point","coordinates":[22.74444580078125,-29.66657599315664]},"properties":{"wikidata":"Q1021731","display_name":"普里斯卡","display_name_en":"Prieska","kind_detail":"town","population":10000,"sort_key":-469625,"match_type":"machine-transliterated"}},{"type":"Feature","geometry":{"type":"Point","coordinates":[33.27484130859375,-9.70228889461437]},"properties":{"wikidata":"Q1074915","display_name":"奇蒂帕","display_name_en":"Chitipa","kind_detail":"town","population":10000,"sort_key":-469625,"match_type":"machine-transliterated"}},{"type":"Feature","geometry":{"type":"Point","coordinates":[-109.71359252929688,32.833442846649504]},"properties":{"wikidata":"Q79767","display_name":"萨福德","display_name_en":"Safford","kind_detail":"city","population":10129,"sort_key":-469625,"geonames_id":"5312476","match_type":"name+coordinate","match_distance_km":0.565}},{"type":"Feature","geometry":{"type":"Point","coordinates":[-96.88018798828125,50.146986367556764]},"properties":{"wikidata":"Q1018239","display_name":"塞尔奇克","display_name_en":"Selkirk","kind_detail":"city","population":9834,"sort_key":-469625,"geonames_id":"6144054","match_type":"name+coordinate","match_distance_km":0.487}},{"type":"Feature","geometry":{"type":"Point","coordinates":[-95.1470947265625,43.14107810634587]},"properties":{"wikidata":"Q1903286","display_name":"斯宾塞","display_name_en":"Spencer","kind_detail":"town","population":11325,"sort_key":-469625,"match_type":"machine-transliterated"}},{"type":"Feature","geometry":{"type":"Point","coordinates":[32.754364013671875,-5.6255526364021335]},"properties":{"wikidata":"Q7513858","display_name":"四孔格","display_name_en":"Sikonge","kind_detail":"town","population":10000,"sort_key":-469625,"match_type":"machine-transliterated"}},{"type":"Feature","geometry":{"type":"Point","coordinates":[-56.331024169921875,5.87696603826862]},"properties":{"wikidata":"Q1357920","display_name":"托尼斯","display_name_en":"Totness","kind_detail":"town","population":10000,"sort_key":-469625,"match_type":"machine-transliterated"}},{"type":"Feature","geometry":{"type":"Point","coordinates":[-103.853759765625,49.66496128289998]},"properties":{"wikidata":"Q1904554","display_name":"韋本","display_name_en":"Weyburn","kind_detail":"city","population":10484,"sort_key":-469625,"geonames_id":"6179652","match_type":"name+coordinate","match_distance_km":0.277}},{"type":"Feature","geometry":{"type":"Point","coordinates":[-0.6207275390625,5.349419439510541]},"properties":{"wikidata":"Q1188560","display_name":"温尼巴","display_name_en":"Winneba","kind_detail":"town","population":10000,"sort_key":-469625,"match_type":"machine-transliterated"}},{"type":"Feature","geometry":{"type":"Point","coordinates":[-91.62460327148438,48.762525898135664]},"properties":{"wikidata":"Q4815788","display_name":"阿蒂科坎","display_name_en":"Atikokan","kind_detail":"town","population":10000,"sort_key":-469624,"match_type":"machine-transliterated"}},{"type":"Feature","geometry":{"type":"Point","coordinates":[68.94882202148438,33.967281221417295]},"properties":{"wikidata":"Q807234","display_name":"巴拉基巴拉克","display_name_en":"Baraki Barak","kind_detail":"town","population":10000,"sort_key":-469624,"match_type":"machine-transliterated"}},{"type":"Feature","geometry":{"type":"Point","coordinates":[139.47006225585938,-24.3596075853508]},"properties":{"wikidata":"Q813934","display_name":"贝杜里","display_name_en":"Bedourie","kind_detail":"town","population":10000,"sort_key":-469624,"match_type":"machine-transliterated"}},{"type":"Feature","geometry":{"type":"Point","coordinates":[-80.66986083984375,32.43213582305026]},"properties":{"wikidata":"Q813376","display_name":"博福特","display_name_en":"Beaufort","kind_detail":"town","population":12029,"sort_key":-469624,"geonames_id":"4570284","match_type":"name+coordinate","match_distance_km":0.049}},{"type":"Feature","geometry":{"type":"Point","coordinates":[25.60638427734375,-27.645822894892355]},"properties":{"wikidata":"Q2633575","display_name":"布洛姆霍夫","display_name_en":"Bloemhof","kind_detail":"town","population":10000,"sort_key":-469624,"match_type":"machine-transliterated"}},{"type":"Feature","geometry":{"type":"Point","coordinates":[-88.22433471679688,16.966173527117718]},"properties":{"wikidata":"Q888300","display_name":"丹格里加","display_name_en":"Dangriga","kind_detail":"town","population":9640,"sort_key":-469624,"match_type":"machine-transliterated"}},{"type":"Feature","geometry":{"type":"Point","coordinates":[30.267333984375,-0.872006129253009]},"properties":{"wikidata":"Q938145","display_name":"恩通加莫","display_name_en":"Ntungamo","kind_detail":"town","population":10000,"sort_key":-469624,"match_type":"machine-transliterated"}},{"type":"Feature","geometry":{"type":"Point","coordinates":[142.02438354492188,-37.74357118744907]},"properties":{"wikidata":"Q762430","display_name":"哈米嘞吞","display_name_en":"Hamilton","kind_detail":"town","population":9577,"sort_key":-469624,"geonames_id":"2164025","match_type":"name+coordinate","match_distance_km":0.221}},{"type":"Feature","geometry":{"type":"Point","coordinates":[34.742889404296875,-24.71689545585933]},"properties":{"wikidata":"Q166838","display_name":"基西科","display_name_en":"Quissico","kind_detail":"town","population":10000,"sort_key":-469624,"match_type":"machine-transliterated"}},{"type":"Feature","geometry":{"type":"Point","coordinates":[-104.77523803710938,24.525885444592646]},"properties":{"wikidata":"Q5124140","display_name":"卡纳特兰","display_name_en":"Canatlán","kind_detail":"town","population":10000,"sort_key":-469624,"match_type":"machine-transliterated"}},{"type":"Feature","geometry":{"type":"Point","coordinates":[-85.40084838867188,44.252085011356854]},"properties":{"wikidata":"Q1025149","display_name":"凯迪拉克","display_name_en":"Cadillac","kind_detail":"city","population":10308,"sort_key":-469624,"geonames_id":"4987617","match_type":"name+coordinate","match_distance_km":0.029}},{"type":"Feature","geometry":{"type":"Point","coordinates":[-54.683074951171875,-25.980268007469775]},"properties":{"wikidata":"Q2445774","display_name":"坎迪","display_name_en":"Ñacunday","kind_detail":"town","population":10000,"sort_key":-469624,"match_type":"machine-transliterated"}},{"type":"Feature","geometry":{"type":"Point","coordinates":[-81.01730346679688,49.06666839558116]},"properties":{"wikidata":"Q2273431","display_name":"科克倫","display_name_en":"Cochrane","kind_detail":"town","population":10000,"sort_key":-469624,"geonames_id":"5924614","match_type":"name+coordinate","match_distance_km":1.149}},{"type":"Feature","geometry":{"type":"Point","coordinates":[-73.78143310546875,-15.01642221522529]},"properties":{"wikidata":"Q763662","display_name":"科拉科拉","display_name_en":"Coracora","kind_detail":"town","population":10851,"sort_key":-469624,"match_type":"machine-transliterated"}},{"type":"Feature","geometry":{"type":"Point","coordinates":[-103.69720458984375,24.87024039008884]},"properties":{"wikidata":"Q933194","display_name":"昆卡梅","display_name_en":"Cuencamé","kind_detail":"town","population":10000,"sort_key":-469624,"match_type":"machine-transliterated"}},{"type":"Feature","geometry":{"type":"Point","coordinates":[-79.200439453125,48.80053192168114]},"properties":{"wikidata":"Q141933","display_name":"拉萨尔","display_name_en":"La Sarre","kind_detail":"town","population":10000,"sort_key":-469624,"match_type":"machine-transliterated"}},{"type":"Feature","geometry":{"type":"Point","coordinates":[-108.380126953125,43.024729554163514]},"properties":{"wikidata":"Q603240","display_name":"里弗顿","display_name_en":"Riverton","kind_detail":"city","population":10612,"sort_key":-469624,"geonames_id":"5836665","match_type":"name+coordinate","match_distance_km":0.026}},{"type":"Feature","geometry":{"type":"Point","coordinates":[17.082366943359375,-23.314513287569497]},"properties":{"wikidata":"Q700050","display_name":"里霍博斯","display_name_en":"Rehoboth","kind_detail":"town","population":10000,"sort_key":-469624,"geonames_id":"3353540","match_type":"name+coordinate","match_distance_km":0.827}},{"type":"Feature","geometry":{"type":"Point","coordinates":[150.75027465820312,-33.60089440807881]},"properties":{"wikidata":"Q1184885","display_name":"里奇蒙","display_name_en":"Richmond","kind_detail":"town","population":10000,"sort_key":-469624,"geonames_id":"2151650","match_type":"name+coordinate","match_distance_km":0.182}},{"type":"Feature","geometry":{"type":"Point","coordinates":[-121.93313598632812,50.69384791589562]},"properties":{"wikidata":"Q355257","display_name":"利卢埃特","display_name_en":"Lillooet","kind_detail":"town","population":10000,"sort_key":-469624,"match_type":"machine-transliterated"}},{"type":"Feature","geometry":{"type":"Point","coordinates":[27.805023193359375,-20.48748686400009]},"properties":{"wikidata":"Q1974068","display_name":"梅树","display_name_en":"Plumtree","kind_detail":"town","population":11626,"sort_key":-469624,"match_type":"machine-transliterated"}},{"type":"Feature","geometry":{"type":"Point","coordinates":[51.5863037109375,47.67555977518046]},"properties":{"wikidata":"Q3312321","display_name":"穆罕默德","display_name_en":"Mahambet","kind_detail":"town","population":11072,"sort_key":-469624,"match_type":"machine-transliterated"}},{"type":"Feature","geometry":{"type":"Point","coordinates":[-112.71286010742188,52.32275026698801]},"properties":{"wikidata":"Q1746019","display_name":"斯泰特勒","display_name_en":"Stettler","kind_detail":"town","population":10000,"sort_key":-469624,"match_type":"machine-transliterated"}},{"type":"Feature","geometry":{"type":"Point","coordinates":[-99.39056396484375,36.43343704922667]},"properties":{"wikidata":"Q2173029","display_name":"伍德沃德","display_name_en":"Woodward","kind_detail":"town","population":12033,"sort_key":-469624,"match_type":"machine-transliterated"}},{"type":"Feature","geometry":{"type":"Point","coordinates":[24.473419189453125,0.7662735426006151]},"properties":{"wikidata":"Q1102132","display_name":"扬甘比","display_name_en":"Yangambi","kind_detail":"town","population":10000,"sort_key":-469624,"geonames_id":"203717","match_type":"name+coordinate","match_distance_km":3.748}},{"type":"Feature","geometry":{"type":"Point","coordinates":[151.11282348632812,-29.77629785183135]},"properties":{"wikidata":"Q1009627","display_name":"因弗雷尔","display_name_en":"Inverell","kind_detail":"town","population":9654,"sort_key":-469624,"match_type":"machine-transliterated"}},{"type":"Feature","geometry":{"type":"Point","coordinates":[44.490509033203125,-16.748002850231373]},"properties":{"wikidata":"Q1099539","display_name":"贝萨兰皮","display_name_en":"Besalampy","kind_detail":"town","population":11331,"sort_key":-469623,"geonames_id":"1066702","match_type":"name+coordinate","match_distance_km":0.796}},{"type":"Feature","geometry":{"type":"Point","coordinates":[28.30902099609375,-28.23059991871476]},"properties":{"wikidata":"Q831326","display_name":"伯利恒","display_name_en":"Bethlehem","kind_detail":"town","population":10000,"sort_key":-469623,"match_type":"machine-transliterated"}},{"type":"Feature","geometry":{"type":"Point","coordinates":[-67.56454467773438,-28.06592146554172]},"properties":{"wikidata":"Q81563","display_name":"蒂諾加斯塔","display_name_en":"Tinogasta","kind_detail":"town","population":11485,"sort_key":-469623,"geonames_id":"3834361","match_type":"name+coordinate","match_distance_km":0.044}},{"type":"Feature","geometry":{"type":"Point","coordinates":[31.326141357421875,-26.973485432147235]},"properties":{"wikidata":"Q3235603","display_name":"赫拉蒂库鲁","display_name_en":"Hlatikulu","kind_detail":"town","population":10000,"sort_key":-469623,"match_type":"machine-transliterated"}},{"type":"Feature","geometry":{"type":"Point","coordinates":[39.667510986328125,-7.910992301186667]},"properties":{"wikidata":"Q3366013","display_name":"基林多尼","display_name_en":"Kilindoni","kind_detail":"town","population":10000,"sort_key":-469623,"match_type":"machine-transliterated"}},{"type":"Feature","geometry":{"type":"Point","coordinates":[-86.94992065429688,49.719152198289635]},"properties":{"wikidata":"Q3492487","display_name":"杰拉尔顿","display_name_en":"Geraldton","kind_detail":"town","population":10000,"sort_key":-469623,"match_type":"machine-transliterated"}},{"type":"Feature","geometry":{"type":"Point","coordinates":[32.292938232421875,-0.31997514339802535]},"properties":{"wikidata":"Q742655","display_name":"卡兰加拉","display_name_en":"Kalangala","kind_detail":"town","population":10000,"sort_key":-469623,"match_type":"machine-transliterated"}},{"type":"Feature","geometry":{"type":"Point","coordinates":[5.469818115234375,10.40002682771781]},"properties":{"wikidata":"Q994129","display_name":"康塔戈拉","display_name_en":"Kontagora","kind_detail":"town","population":10000,"sort_key":-469623,"match_type":"machine-transliterated"}},{"type":"Feature","geometry":{"type":"Point","coordinates":[25.096893310546875,-30.720587702897625]},"properties":{"wikidata":"Q2232441","display_name":"科爾斯伯格","display_name_en":"Colesberg","kind_detail":"town","population":10000,"sort_key":-469623,"geonames_id":"1013076","match_type":"name+coordinate","match_distance_km":0.072}},{"type":"Feature","geometry":{"type":"Point","coordinates":[-9.880828857421875,10.6511606889121]},"properties":{"wikidata":"Q731232","display_name":"库鲁萨","display_name_en":"Kouroussa","kind_detail":"town","population":10000,"sort_key":-469623,"match_type":"machine-transliterated"}},{"type":"Feature","geometry":{"type":"Point","coordinates":[-82.63916015625,30.189057184685367]},"properties":{"wikidata":"Q985179","display_name":"莱克城","display_name_en":"Lake City","kind_detail":"town","population":12329,"sort_key":-469623,"geonames_id":"4161187","match_type":"name+coordinate","match_distance_km":0.07}},{"type":"Feature","geometry":{"type":"Point","coordinates":[-64.71771240234375,44.036269809534616]},"properties":{"wikidata":"Q1866453","display_name":"利物浦","display_name_en":"Liverpool","kind_detail":"town","population":10000,"sort_key":-469623,"geonames_id":"6057856","match_type":"name+coordinate","match_distance_km":0.218}},{"type":"Feature","geometry":{"type":"Point","coordinates":[-57.432403564453125,49.182601048138054]},"properties":{"wikidata":"Q2674298","display_name":"鹿湖","display_name_en":"Deer Lake","kind_detail":"town","population":10000,"sort_key":-469623,"match_type":"machine-transliterated"}},{"type":"Feature","geometry":{"type":"Point","coordinates":[-8.1903076171875,53.63161060657856]},"properties":{"wikidata":"Q677631","display_name":"罗斯康芒","display_name_en":"Roscommon","kind_detail":"town","population":10000,"sort_key":-469623,"geonames_id":"2961732","match_type":"name+coordinate","match_distance_km":0.498}},{"type":"Feature","geometry":{"type":"Point","coordinates":[-72.81326293945312,-39.863371338285305]},"properties":{"wikidata":"Q16905","display_name":"洛斯拉各斯","display_name_en":"Los Lagos","kind_detail":"town","population":9746,"sort_key":-469623,"match_type":"machine-transliterated"}},{"type":"Feature","geometry":{"type":"Point","coordinates":[-87.63107299804688,45.09969965456335]},"properties":{"wikidata":"Q1013700","display_name":"马里内特","display_name_en":"Marinette","kind_detail":"town","population":11119,"sort_key":-469623,"match_type":"machine-transliterated"}},{"type":"Feature","geometry":{"type":"Point","coordinates":[47.109375,11.00455642379427]},"properties":{"wikidata":"Q1017540","display_name":"迈德","display_name_en":"Maydh","kind_detail":"town","population":10000,"sort_key":-469623,"match_type":"machine-transliterated"}},{"type":"Feature","geometry":{"type":"Point","coordinates":[30.046234130859375,1.9373443495796892]},"properties":{"wikidata":"Q6899470","display_name":"蒙布瓦卢","display_name_en":"Mongbwalu","kind_detail":"town","population":10000,"sort_key":-469623,"match_type":"machine-transliterated"}},{"type":"Feature","geometry":{"type":"Point","coordinates":[12.981719970703125,31.44975342450799]},"properties":{"wikidata":"Q2266662","display_name":"米兹达","display_name_en":"Mizda","kind_detail":"town","population":10000,"sort_key":-469623,"match_type":"machine-transliterated"}},{"type":"Feature","geometry":{"type":"Point","coordinates":[-77.78045654296875,-10.697044654363282]},"properties":{"wikidata":"Q3368805","display_name":"帕蒂维尔卡","display_name_en":"Pativilca","kind_detail":"town","population":11467,"sort_key":-469623,"match_type":"machine-transliterated"}},{"type":"Feature","geometry":{"type":"Point","coordinates":[-83.55789184570312,46.257745880456866]},"properties":{"wikidata":"Q998994","display_name":"塞萨伦","display_name_en":"Thessalon","kind_detail":"town","population":10000,"sort_key":-469623,"match_type":"machine-transliterated"}},{"type":"Feature","geometry":{"type":"Point","coordinates":[143.558349609375,-35.338654049359086]},"properties":{"wikidata":"Q2305836","display_name":"斯旺希尔","display_name_en":"Swan Hill","kind_detail":"town","population":10869,"sort_key":-469623,"geonames_id":"2147756","match_type":"name+coordinate","match_distance_km":0.37}},{"type":"Feature","geometry":{"type":"Point","coordinates":[0.976409912109375,8.562009885228292]},"properties":{"wikidata":"Q1120978","display_name":"索圖布阿","display_name_en":"Sotouboua","kind_detail":"town","population":10000,"sort_key":-469623,"geonames_id":"2364079","match_type":"name+coordinate","match_distance_km":0.848}},{"type":"Feature","geometry":{"type":"Point","coordinates":[35.316925048828125,-21.997808551144615]},"properties":{"wikidata":"Q2006546","display_name":"维兰库洛","display_name_en":"Vilankulo","kind_detail":"town","population":10000,"sort_key":-469623,"geonames_id":"1024683","match_type":"name+coordinate","match_distance_km":0.245}},{"type":"Feature","geometry":{"type":"Point","coordinates":[-65.34942626953125,-23.203485246703025]},"properties":{"wikidata":"Q1026833","display_name":"乌马瓦卡","display_name_en":"Humahuaca","kind_detail":"town","population":10256,"sort_key":-469623,"match_type":"machine-transliterated"}},{"type":"Feature","geometry":{"type":"Point","coordinates":[-65.32196044921875,43.764151751144595]},"properties":{"wikidata":"Q1693101","display_name":"谢尔本","display_name_en":"Shelburne","kind_detail":"town","population":10000,"sort_key":-469623,"match_type":"machine-transliterated"}},{"type":"Feature","geometry":{"type":"Point","coordinates":[94.7076416015625,55.96534427475217]},"properties":{"wikidata":"Q72373","display_name":"枣若尔内","display_name_en":"Zaozyorny","kind_detail":"town","population":10286,"sort_key":-469623,"match_type":"machine-transliterated"}},{"type":"Feature","geometry":{"type":"Point","coordinates":[-67.71697998046875,-37.770714738496096]},"properties":{"wikidata":"Q2449535","display_name":"5 月 25 日","display_name_en":"25 de Mayo","kind_detail":"town","population":10751,"sort_key":-469622,"match_type":"machine-transliterated"}},{"type":"Feature","geometry":{"type":"Point","coordinates":[8.98406982421875,5.767669528936622]},"properties":{"wikidata":"Q5423051","display_name":"埃尤莫德约克","display_name_en":"Eyumodjock","kind_detail":"town","population":10000,"sort_key":-469622,"match_type":"machine-transliterated"}},{"type":"Feature","geometry":{"type":"Point","coordinates":[-61.9903564453125,45.62172169252446]},"properties":{"wikidata":"Q575483","display_name":"安提戈尼什","display_name_en":"Antigonish","kind_detail":"town","population":10000,"sort_key":-469622,"match_type":"machine-transliterated"}},{"type":"Feature","geometry":{"type":"Point","coordinates":[7.537994384765625,4.513452195427007]},"properties":{"wikidata":"Q3238928","display_name":"奥波博镇","display_name_en":"Opobo Town","kind_detail":"town","population":10000,"sort_key":-469622,"match_type":"machine-transliterated"}},{"type":"Feature","geometry":{"type":"Point","coordinates":[27.156829833984375,0.9983320485749232]},"properties":{"wikidata":"Q2878913","display_name":"巴夫瓦森德","display_name_en":"Bafwasende","kind_detail":"town","population":10000,"sort_key":-469622,"match_type":"machine-transliterated"}},{"type":"Feature","geometry":{"type":"Point","coordinates":[31.31103515625,-2.634416735282173]},"properties":{"wikidata":"Q15941811","display_name":"比哈拉穆洛","display_name_en":"Biharamulo","kind_detail":"town","population":10000,"sort_key":-469622,"match_type":"machine-transliterated"}},{"type":"Feature","geometry":{"type":"Point","coordinates":[-125.76461791992188,54.22991883083523]},"properties":{"wikidata":"Q954302","display_name":"伯恩斯湖","display_name_en":"Burns Lake","kind_detail":"town","population":10000,"sort_key":-469622,"match_type":"machine-transliterated"}},{"type":"Feature","geometry":{"type":"Point","coordinates":[139.35195922851562,-25.89752656252314]},"properties":{"wikidata":"Q865118","display_name":"伯兹维尔","display_name_en":"Birdsville","kind_detail":"town","population":10000,"sort_key":-469622,"match_type":"machine-transliterated"}},{"type":"Feature","geometry":{"type":"Point","coordinates":[17.642669677734375,5.267375376100517]},"properties":{"wikidata":"Q1772365","display_name":"博森贝莱","display_name_en":"Bossembélé","kind_detail":"town","population":10000,"sort_key":-469622,"match_type":"machine-transliterated"}},{"type":"Feature","geometry":{"type":"Point","coordinates":[-54.976959228515625,5.05674642978569]},"properties":{"wikidata":"Q926060","display_name":"布罗科蓬多","display_name_en":"Brokopondo","kind_detail":"town","population":10000,"sort_key":-469622,"match_type":"machine-transliterated"}},{"type":"Feature","geometry":{"type":"Point","coordinates":[-129.9957275390625,58.43767081920154]},"properties":{"wikidata":"Q921964","display_name":"迪斯湖","display_name_en":"Dease Lake","kind_detail":"town","population":10000,"sort_key":-469622,"match_type":"machine-transliterated"}},{"type":"Feature","geometry":{"type":"Point","coordinates":[34.29656982421875,-12.926937622341313]},"properties":{"wikidata":"Q1022510","display_name":"恩科塔科塔","display_name_en":"Nkhotakota","kind_detail":"town","population":10000,"sort_key":-469622,"geonames_id":"924705","match_type":"name+coordinate","match_distance_km":0.073}},{"type":"Feature","geometry":{"type":"Point","coordinates":[-102.39669799804688,52.85669339353473]},"properties":{"wikidata":"Q1911477","display_name":"哈德逊湾","display_name_en":"Hudson Bay","kind_detail":"town","population":10000,"sort_key":-469622,"match_type":"machine-transliterated"}},{"type":"Feature","geometry":{"type":"Point","coordinates":[-109.15878295898438,51.46855244776239]},"properties":{"wikidata":"Q1914835","display_name":"金德斯利","display_name_en":"Kindersley","kind_detail":"town","population":10000,"sort_key":-469622,"match_type":"machine-transliterated"}},{"type":"Feature","geometry":{"type":"Point","coordinates":[29.062957763671875,-29.289992122938877]},"properties":{"wikidata":"Q1013428","display_name":"莫霍特隆","display_name_en":"Mokhotlong","kind_detail":"town","population":10000,"sort_key":-469622,"match_type":"machine-transliterated"}},{"type":"Feature","geometry":{"type":"Point","coordinates":[34.803314208984375,-11.284814031336651]},"properties":{"wikidata":"Q637890","display_name":"姆班巴湾","display_name_en":"Mbamba Bay","kind_detail":"town","population":10000,"sort_key":-469622,"match_type":"machine-transliterated"}},{"type":"Feature","geometry":{"type":"Point","coordinates":[24.42535400390625,-11.731579432401418]},"properties":{"wikidata":"Q1956313","display_name":"姆维尼伦加","display_name_en":"Mwinilunga","kind_detail":"town","population":10000,"sort_key":-469622,"match_type":"machine-transliterated"}},{"type":"Feature","geometry":{"type":"Point","coordinates":[20.441436767578125,-34.02079493601871]},"properties":{"wikidata":"Q1023257","display_name":"斯韋倫丹","display_name_en":"Swellendam","kind_detail":"town","population":10000,"sort_key":-469622,"geonames_id":"950709","match_type":"name+coordinate","match_distance_km":0.204}},{"type":"Feature","geometry":{"type":"Point","coordinates":[16.533050537109375,20.455322780346734]},"properties":{"wikidata":"Q2586396","display_name":"祖阿尔","display_name_en":"Zouar","kind_detail":"town","population":10000,"sort_key":-469622,"match_type":"machine-transliterated"}},{"type":"Feature","geometry":{"type":"Point","coordinates":[32.77496337890625,-20.447602397594153]},"properties":{"wikidata":"Q25048568","display_name":"埃斯蓬加贝拉","display_name_en":"Espungabera","kind_detail":"town","population":10000,"sort_key":-469621,"match_type":"machine-transliterated"}},{"type":"Feature","geometry":{"type":"Point","coordinates":[-64.10797119140625,-18.490028573953296]},"properties":{"wikidata":"Q735765","display_name":"巴耶格蘭德","display_name_en":"Vallegrande","kind_detail":"town","population":10777,"sort_key":-469621,"geonames_id":"3901874","match_type":"name+coordinate","match_distance_km":0.133}},{"type":"Feature","geometry":{"type":"Point","coordinates":[21.07452392578125,1.5049538726942018]},"properties":{"wikidata":"Q2910050","display_name":"邦甘丹加","display_name_en":"Bongandanga","kind_detail":"town","population":10000,"sort_key":-469621,"match_type":"machine-transliterated"}},{"type":"Feature","geometry":{"type":"Point","coordinates":[-128.14453125,52.16298183146628]},"properties":{"wikidata":"Q2894612","display_name":"貝拉貝拉","display_name_en":"Bella Bella","kind_detail":"town","population":10000,"sort_key":-469621,"geonames_id":"5897730","match_type":"name+coordinate","match_distance_km":0.04}},{"type":"Feature","geometry":{"type":"Point","coordinates":[-56.513671875,-22.122538241274427]},"properties":{"wikidata":"Q815785","display_name":"貝拉維斯塔","display_name_en":"Bella Vista","kind_detail":"town","population":10000,"sort_key":-469621,"geonames_id":"3470177","match_type":"name+coordinate","match_distance_km":2.521}},{"type":"Feature","geometry":{"type":"Point","coordinates":[-84.539794921875,15.771109173575297]},"properties":{"wikidata":"Q2102693","display_name":"布鲁斯拉古纳","display_name_en":"Brus Laguna","kind_detail":"town","population":10000,"sort_key":-469621,"match_type":"machine-transliterated"}},{"type":"Feature","geometry":{"type":"Point","coordinates":[28.681182861328125,-30.1130578040595]},"properties":{"wikidata":"Q491829","display_name":"卡查的内克","display_name_en":"Qacha's Nek","kind_detail":"town","population":10000,"sort_key":-469621,"match_type":"machine-transliterated"}},{"type":"Feature","geometry":{"type":"Point","coordinates":[-95.61676025390625,37.03763967977139]},"properties":{"wikidata":"Q996804","display_name":"科菲维尔","display_name_en":"Coffeyville","kind_detail":"town","population":10387,"sort_key":-469621,"geonames_id":"4269789","match_type":"name+coordinate","match_distance_km":0.051}},{"type":"Feature","geometry":{"type":"Point","coordinates":[-57.138519287109375,5.89472470475981]},"properties":{"wikidata":"Q1018369","display_name":"克里弗顿","display_name_en":"Corriverton","kind_detail":"town","population":11574,"sort_key":-469621,"match_type":"machine-transliterated"}},{"type":"Feature","geometry":{"type":"Point","coordinates":[-60.593719482421875,-24.706915241066326]},"properties":{"wikidata":"Q6492291","display_name":"拉斯洛米塔斯","display_name_en":"Las Lomitas","kind_detail":"town","population":12399,"sort_key":-469621,"match_type":"machine-transliterated"}},{"type":"Feature","geometry":{"type":"Point","coordinates":[-96.62612915039062,28.614664988757355]},"properties":{"wikidata":"Q982477","display_name":"拉瓦卡港","display_name_en":"Port Lavaca","kind_detail":"town","population":11696,"sort_key":-469621,"geonames_id":"4720067","match_type":"name+coordinate","match_distance_km":0.037}},{"type":"Feature","geometry":{"type":"Point","coordinates":[-109.46640014648438,41.5291419887231]},"properties":{"wikidata":"Q983538","display_name":"绿河","display_name_en":"Green River","kind_detail":"town","population":11439,"sort_key":-469621,"geonames_id":"5826559","match_type":"name+coordinate","match_distance_km":0.064}},{"type":"Feature","geometry":{"type":"Point","coordinates":[32.464599609375,1.3168701289301055]},"properties":{"wikidata":"Q3530559","display_name":"纳卡松戈拉","display_name_en":"Nakasongola","kind_detail":"town","population":10000,"sort_key":-469621,"match_type":"machine-transliterated"}},{"type":"Feature","geometry":{"type":"Point","coordinates":[-80.03402709960938,45.34345888780143]},"properties":{"wikidata":"Q2219667","display_name":"帕里灣","display_name_en":"Parry Sound","kind_detail":"town","population":10000,"sort_key":-469621,"geonames_id":"6098747","match_type":"name+coordinate","match_distance_km":0.44}},{"type":"Feature","geometry":{"type":"Point","coordinates":[-78.83651733398438,1.2880384688779145]},"properties":{"wikidata":"Q7414682","display_name":"圣洛伦索","display_name_en":"San Lorenzo","kind_detail":"town","population":10000,"sort_key":-469621,"match_type":"machine-transliterated"}},{"type":"Feature","geometry":{"type":"Point","coordinates":[-72.08267211914062,-14.450638918075427]},"properties":{"wikidata":"Q1974445","display_name":"圣托马斯","display_name_en":"Santo Tomás","kind_detail":"town","population":10170,"sort_key":-469621,"match_type":"machine-transliterated"}},{"type":"Feature","geometry":{"type":"Point","coordinates":[14.267120361328125,24.329579224758987]},"properties":{"wikidata":"Q84160","display_name":"塔杰尔希","display_name_en":"Tajerhi","kind_detail":"town","population":10000,"sort_key":-469621,"match_type":"machine-transliterated"}},{"type":"Feature","geometry":{"type":"Point","coordinates":[-58.130035400390625,49.479724699485644]},"properties":{"wikidata":"Q3540999","display_name":"特劳特河","display_name_en":"Trout River","kind_detail":"town","population":10000,"sort_key":-469621,"match_type":"machine-transliterated"}},{"type":"Feature","geometry":{"type":"Point","coordinates":[-99.71328735351562,22.99632330686717]},"properties":{"wikidata":"Q2000148","display_name":"图拉","display_name_en":"Ciudad Tula","kind_detail":"town","population":10043,"sort_key":-469621,"match_type":"machine-transliterated"}},{"type":"Feature","geometry":{"type":"Point","coordinates":[-62.648162841796875,45.587134134364106]},"properties":{"wikidata":"Q286048","display_name":"新格拉斯哥","display_name_en":"New Glasgow","kind_detail":"town","population":10000,"sort_key":-469621,"match_type":"machine-transliterated"}},{"type":"Feature","geometry":{"type":"Point","coordinates":[82.19833374023438,51.154370258148674]},"properties":{"wikidata":"Q141260","display_name":"兹梅伊诺戈尔斯克","display_name_en":"Zmeinogorsk","kind_detail":"town","population":10321,"sort_key":-469621,"geonames_id":"1485042","match_type":"name+coordinate","match_distance_km":0.513}},{"type":"Feature","geometry":{"type":"Point","coordinates":[-8.232879638671875,4.680454682128584]},"properties":{"wikidata":"Q807963","display_name":"巴克利维尔","display_name_en":"Barclayville","kind_detail":"town","population":10000,"sort_key":-469620,"match_type":"machine-transliterated"}},{"type":"Feature","geometry":{"type":"Point","coordinates":[150.1776123046875,-35.70749253887841]},"properties":{"wikidata":"Q810756","display_name":"孛脱马恩斯湾","display_name_en":"Batemans Bay","kind_detail":"town","population":12263,"sort_key":-469620,"geonames_id":"2176639","match_type":"name+coordinate","match_distance_km":0.223}},{"type":"Feature","geometry":{"type":"Point","coordinates":[-120.23712158203125,55.76034990679017]},"properties":{"wikidata":"Q1012625","display_name":"道森克里克","display_name_en":"Dawson Creek","kind_detail":"city","population":11583,"sort_key":-469620,"geonames_id":"5935804","match_type":"name+coordinate","match_distance_km":0.207}},{"type":"Feature","geometry":{"type":"Point","coordinates":[-70.5157470703125,-3.90672878313525]},"properties":{"wikidata":"Q3317724","display_name":"卡巴洛科查","display_name_en":"Caballococha","kind_detail":"town","population":10568,"sort_key":-469620,"match_type":"machine-transliterated"}},{"type":"Feature","geometry":{"type":"Point","coordinates":[-111.97952270507812,54.76821640218773]},"properties":{"wikidata":"Q984088","display_name":"拉克拉比什","display_name_en":"Lac La Biche","kind_detail":"town","population":10000,"sort_key":-469620,"match_type":"machine-transliterated"}},{"type":"Feature","geometry":{"type":"Point","coordinates":[150.88897705078125,-32.26507180024243]},"properties":{"wikidata":"Q1008383","display_name":"马瑟尔布鲁克","display_name_en":"Muswellbrook","kind_detail":"town","population":10901,"sort_key":-469620,"match_type":"machine-transliterated"}},{"type":"Feature","geometry":{"type":"Point","coordinates":[-98.89480590820312,55.78738467626539]},"properties":{"wikidata":"Q6990572","display_name":"纳尔逊之家","display_name_en":"Nelson House","kind_detail":"town","population":10000,"sort_key":-469620,"match_type":"machine-transliterated"}},{"type":"Feature","geometry":{"type":"Point","coordinates":[-58.58734130859375,48.54479633428528]},"properties":{"wikidata":"Q626279","display_name":"斯蒂芬维尔","display_name_en":"Stephenville","kind_detail":"town","population":10000,"sort_key":-469620,"geonames_id":"6156244","match_type":"name+coordinate","match_distance_km":0.709}},{"type":"Feature","geometry":{"type":"Point","coordinates":[83.45352172851562,27.511925450552084]},"properties":{"wikidata":"Q1530936","display_name":"悉达塔那迦","display_name_en":"Siddharthanagar","kind_detail":"town","population":10000,"sort_key":-469620,"match_type":"machine-transliterated"}},{"type":"Feature","geometry":{"type":"Point","coordinates":[-86.45416259765625,42.11656135038899]},"properties":{"wikidata":"Q818338","display_name":"本顿港","display_name_en":"Benton Harbor","kind_detail":"city","population":10038,"sort_key":-469619,"geonames_id":"4985711","match_type":"name+coordinate","match_distance_km":0.017}},{"type":"Feature","geometry":{"type":"Point","coordinates":[16.81732177734375,-6.479067290763027]},"properties":{"wikidata":"Q3193717","display_name":"卡松戈-隆达","display_name_en":"Kasongo-Lunda","kind_detail":"town","population":10000,"sort_key":-469619,"match_type":"machine-transliterated"}},{"type":"Feature","geometry":{"type":"Point","coordinates":[29.54498291015625,-31.62064369245057]},"properties":{"wikidata":"Q2604557","display_name":"圣约翰港","display_name_en":"Port St Johns","kind_detail":"town","population":10000,"sort_key":-469619,"match_type":"machine-transliterated"}},{"type":"Feature","geometry":{"type":"Point","coordinates":[-57.797698974609375,-18.963441595618946]},"properties":{"wikidata":"Q1014456","display_name":"蘇亞雷斯港","display_name_en":"Puerto Suárez","kind_detail":"city","population":11838,"sort_key":-469619,"geonames_id":"3444199","match_type":"name+coordinate","match_distance_km":0.564}},{"type":"Feature","geometry":{"type":"Point","coordinates":[-55.644378662109375,-24.1229419269131]},"properties":{"wikidata":"Q1987369","display_name":"伊加蒂米别墅","display_name_en":"Villa Ygatimí","kind_detail":"town","population":10000,"sort_key":-469619,"match_type":"machine-transliterated"}},{"type":"Feature","geometry":{"type":"Point","coordinates":[-14.385223388671875,19.743439137165197]},"properties":{"wikidata":"Q419544","display_name":"阿克茹特","display_name_en":"Akjoujt","kind_detail":"city","population":11235,"sort_key":-469618,"match_type":"machine-transliterated"}},{"type":"Feature","geometry":{"type":"Point","coordinates":[30.449981689453125,-30.74301602580332]},"properties":{"wikidata":"Q121395","display_name":"謝普斯敦港","display_name_en":"Port Shepstone","kind_detail":"town","population":10000,"sort_key":-469618,"geonames_id":"964406","match_type":"name+coordinate","match_distance_km":0.512}},{"type":"Feature","geometry":{"type":"Point","coordinates":[-70.26443481445312,-27.468069003215703]},"properties":{"wikidata":"Q188142","display_name":"阿马里拉岛","display_name_en":"Tierra Amarilla","kind_detail":"town","population":9857,"sort_key":-469617,"match_type":"machine-transliterated"}},{"type":"Feature","geometry":{"type":"Point","coordinates":[-12.712554931640625,22.677381619369157]},"properties":{"wikidata":"Q113034","display_name":"弗雷德里克","display_name_en":"Fderîck","kind_detail":"town","population":10000,"sort_key":-469617,"match_type":"machine-transliterated"}},{"type":"Feature","geometry":{"type":"Point","coordinates":[-57.715301513671875,-19.004996642802368]},"properties":{"wikidata":"Q2117434","display_name":"基哈罗港","display_name_en":"Puerto Quijarro","kind_detail":"city","population":12371,"sort_key":-469617,"match_type":"machine-transliterated"}},{"type":"Feature","geometry":{"type":"Point","coordinates":[19.172515869140625,-15.163601202011947]},"properties":{"wikidata":"Q899515","display_name":"奎托夸纳瓦莱","display_name_en":"Cuito Cuanavale","kind_detail":"town","population":10000,"sort_key":-469617,"match_type":"machine-transliterated"}},{"type":"Feature","geometry":{"type":"Point","coordinates":[-90.81985473632812,13.924736835233944]},"properties":{"wikidata":"Q1266746","display_name":"聖何塞港","display_name_en":"Puerto San José","kind_detail":"town","population":10000,"sort_key":-469617,"geonames_id":"3591060","match_type":"name+coordinate","match_distance_km":0.299}},{"type":"Feature","geometry":{"type":"Point","coordinates":[-59.14215087890625,47.57745213436968]},"properties":{"wikidata":"Q1013617","display_name":"巴斯克港","display_name_en":"Port Aux Basques","kind_detail":"town","population":10000,"sort_key":-469616,"match_type":"machine-transliterated"}},{"type":"Feature","geometry":{"type":"Point","coordinates":[-107.32406616210938,39.546411919686705]},"properties":{"wikidata":"Q927455","display_name":"格伦伍德斯普林斯","display_name_en":"Glenwood Springs","kind_detail":"city","population":9953,"sort_key":-469616,"geonames_id":"5423092","match_type":"name+coordinate","match_distance_km":0.463}},{"type":"Feature","geometry":{"type":"Point","coordinates":[-61.854400634765625,-23.898393832742997]},"properties":{"wikidata":"Q106075","display_name":"华雷斯工程师","display_name_en":"Ingeniero Juárez","kind_detail":"town","population":12003,"sort_key":-469616,"match_type":"machine-transliterated"}},{"type":"Feature","geometry":{"type":"Point","coordinates":[-54.305419921875,-24.06151244228103]},"properties":{"wikidata":"Q135983","display_name":"薩爾托德爾瓜","display_name_en":"Salto del Guaira","kind_detail":"town","population":11298,"sort_key":-469616,"geonames_id":"3437148","match_type":"name+coordinate","match_distance_km":0.3}},{"type":"Feature","geometry":{"type":"Point","coordinates":[38.40545654296875,6.746441367521442]},"properties":{"wikidata":"Q2189137","display_name":"伊尔加勒姆","display_name_en":"Irgalem","kind_detail":"town","population":10000,"sort_key":-469616,"match_type":"machine-transliterated"}},{"type":"Feature","geometry":{"type":"Point","coordinates":[-57.097320556640625,-25.054501051619468]},"properties":{"wikidata":"Q2639218","display_name":"阿罗约和埃斯特罗斯","display_name_en":"Arroyos y Esteros","kind_detail":"town","population":10000,"sort_key":-469615,"match_type":"machine-transliterated"}},{"type":"Feature","geometry":{"type":"Point","coordinates":[-96.02188110351562,64.31908625411756]},"properties":{"wikidata":"Q804378","display_name":"貝克湖","display_name_en":"Baker Lake","kind_detail":"town","population":10000,"sort_key":-469614,"geonames_id":"5891871","match_type":"name+coordinate","match_distance_km":0.116}},{"type":"Feature","geometry":{"type":"Point","coordinates":[-79.67559814453125,47.51256310310805]},"properties":{"wikidata":"Q1982768","display_name":"蒂米斯卡明湖岸市","display_name_en":"Temiskaming Shores","kind_detail":"city","population":10400,"sort_key":-469614,"geonames_id":"6162659","match_type":"name+coordinate","match_distance_km":3.642}},{"type":"Feature","geometry":{"type":"Point","coordinates":[-65.42770385742188,-13.746054970332779]},"properties":{"wikidata":"Q1819433","display_name":"圣安娜德尔亚库马","display_name_en":"Santa Ana del Yacuma","kind_detail":"city","population":12191,"sort_key":-469612,"match_type":"machine-transliterated"}},{"type":"Feature","geometry":{"type":"Point","coordinates":[-60.59783935546875,-22.02963780070074]},"properties":{"wikidata":"Q1093167","display_name":"埃斯蒂加里比亚元帅","display_name_en":"Mariscal Estigarribia","kind_detail":"town","population":10000,"sort_key":-469611,"match_type":"machine-transliterated"}},{"type":"Feature","geometry":{"type":"Point","coordinates":[47.355194091796875,8.473730584830705]},"properties":{"wikidata":"Q1017223","display_name":"拉斯阿诺德","display_name_en":"Las Anod","kind_detail":"town","population":10000,"sort_key":-469611,"match_type":"machine-transliterated"}},{"type":"Feature","geometry":{"type":"Point","coordinates":[-13.09295654296875,17.513105717719426]},"properties":{"wikidata":"Q2579658","display_name":"马格塔-拉贾尔","display_name_en":"Magta-Lahjar","kind_detail":"town","population":12117,"sort_key":-469608,"match_type":"machine-transliterated"}},{"type":"Feature","geometry":{"type":"Point","coordinates":[-57.07672119140625,-24.091604032879005]},"properties":{"wikidata":"Q135993","display_name":"圣佩德罗德伊夸曼迪尤","display_name_en":"San Pedro de Ycuamandyyú","kind_detail":"town","population":11548,"sort_key":-469608,"match_type":"machine-transliterated"}},{"type":"Feature","geometry":{"type":"Point","coordinates":[-126.83303833007812,65.28255963347502]},"properties":{"wikidata":"Q3343828","display_name":"诺曼威尔斯","display_name_en":"Norman Wells","kind_detail":"town","population":10000,"sort_key":-469607,"match_type":"machine-transliterated"}},{"type":"Feature","geometry":{"type":"Point","coordinates":[26.4605712890625,-28.696610907306912]},"properties":{"wikidata":"Q2805770","display_name":"温妮·曼德拉（布兰德福特）","display_name_en":"Winnie Mandela (Brandfort)","kind_detail":"town","population":10000,"sort_key":-469606,"match_type":"machine-transliterated"}},{"type":"Feature","geometry":{"type":"Point","coordinates":[147.40493774414062,-19.575317892869435]},"properties":{"wikidata":"Q2875020","display_name":"艾尔","display_name_en":"Ayr","kind_detail":"town","population":8200,"sort_key":-469597,"match_type":"machine-transliterated"}},{"type":"Feature","geometry":{"type":"Point","coordinates":[168.94500732421875,-46.09799538927671]},"properties":{"wikidata":"Q597409","display_name":"戈尔","display_name_en":"Gore","kind_detail":"town","population":8250,"sort_key":-469596,"match_type":"machine-transliterated"}},{"type":"Feature","geometry":{"type":"Point","coordinates":[47.462310791015625,41.06796310480135]},"properties":{"wikidata":"Q1017630","display_name":"乌古斯","display_name_en":"Oghuz","kind_detail":"town","population":7500,"sort_key":-469596,"match_type":"machine-transliterated"}},{"type":"Feature","geometry":{"type":"Point","coordinates":[148.69308471679688,-33.83506067707558]},"properties":{"wikidata":"Q1138239","display_name":"考兰","display_name_en":"Cowra","kind_detail":"town","population":8254,"sort_key":-469595,"match_type":"machine-transliterated"}},{"type":"Feature","geometry":{"type":"Point","coordinates":[25.621490478515625,-32.16398792824024]},"properties":{"wikidata":"Q1138465","display_name":"克拉多克","display_name_en":"Nxuba","kind_detail":"town","population":8626,"sort_key":-469595,"geonames_id":"1012600","match_type":"coordinate","match_distance_km":0.219}},{"type":"Feature","geometry":{"type":"Point","coordinates":[-107.54653930664062,40.514843190765134]},"properties":{"wikidata":"Q989873","display_name":"克雷格","display_name_en":"Craig","kind_detail":"city","population":9060,"sort_key":-469595,"geonames_id":"5576064","match_type":"name+coordinate","match_distance_km":0.046}},{"type":"Feature","geometry":{"type":"Point","coordinates":[-102.62054443359375,38.087013204022725]},"properties":{"wikidata":"Q994475","display_name":"拉马尔","display_name_en":"Lamar","kind_detail":"city","population":8356,"sort_key":-469595,"geonames_id":"5427957","match_type":"name+coordinate","match_distance_km":0.03}},{"type":"Feature","geometry":{"type":"Point","coordinates":[148.29483032226562,-34.31281554905526]},"properties":{"wikidata":"Q3305212","display_name":"年轻的","display_name_en":"Young","kind_detail":"town","population":7712,"sort_key":-469595,"match_type":"machine-transliterated"}},{"type":"Feature","geometry":{"type":"Point","coordinates":[-103.49533081054688,31.42514760478919]},"properties":{"wikidata":"Q978232","display_name":"佩科斯","display_name_en":"Pecos","kind_detail":"town","population":8118,"sort_key":-469595,"match_type":"machine-transliterated"}},{"type":"Feature","geometry":{"type":"Point","coordinates":[-110.81085205078125,39.59933957529532]},"properties":{"wikidata":"Q482891","display_name":"普赖斯","display_name_en":"Price","kind_detail":"city","population":8216,"sort_key":-469595,"geonames_id":"5545269","match_type":"name+coordinate","match_distance_km":0.014}},{"type":"Feature","geometry":{"type":"Point","coordinates":[-90.50399780273438,43.97898113341921]},"properties":{"wikidata":"Q1570021","display_name":"托馬市","display_name_en":"Tomah","kind_detail":"town","population":9397,"sort_key":-469595,"geonames_id":"5275871","match_type":"name+coordinate","match_distance_km":0.045}},{"type":"Feature","geometry":{"type":"Point","coordinates":[25.129852294921875,5.025282908609299]},"properties":{"wikidata":"Q1771417","display_name":"泽米奥","display_name_en":"Zemio","kind_detail":"town","population":7423,"sort_key":-469595,"match_type":"machine-transliterated"}},{"type":"Feature","geometry":{"type":"Point","coordinates":[70.44708251953125,54.896354519548254]},"properties":{"wikidata":"Q30520","display_name":"布拉耶夫","display_name_en":"Bulaev","kind_detail":"city","population":8550,"sort_key":-469594,"match_type":"machine-transliterated"}},{"type":"Feature","geometry":{"type":"Point","coordinates":[25.15594482421875,-17.79968849943411]},"properties":{"wikidata":"Q170715","display_name":"卡薩內","display_name_en":"Kasane","kind_detail":"town","population":9008,"sort_key":-469594,"geonames_id":"933677","match_type":"name+coordinate","match_distance_km":0.504}},{"type":"Feature","geometry":{"type":"Point","coordinates":[-108.73031616210938,42.83267430318037]},"properties":{"wikidata":"Q992094","display_name":"兰德","display_name_en":"Lander","kind_detail":"town","population":7487,"sort_key":-469594,"geonames_id":"5830007","match_type":"name+coordinate","match_distance_km":0.047}},{"type":"Feature","geometry":{"type":"Point","coordinates":[146.40106201171875,-34.54841811625336]},"properties":{"wikidata":"Q956807","display_name":"利顿","display_name_en":"Leeton","kind_detail":"town","population":7437,"sort_key":-469594,"match_type":"machine-transliterated"}},{"type":"Feature","geometry":{"type":"Point","coordinates":[-84.0838623046875,37.12857106113286]},"properties":{"wikidata":"Q3061911","display_name":"伦敦","display_name_en":"London","kind_detail":"town","population":8053,"sort_key":-469594,"geonames_id":"4298960","match_type":"name+coordinate","match_distance_km":0.07}},{"type":"Feature","geometry":{"type":"Point","coordinates":[-100.62515258789062,40.20090379741288]},"properties":{"wikidata":"Q961951","display_name":"麦库克","display_name_en":"McCook","kind_detail":"town","population":7698,"sort_key":-469594,"match_type":"machine-transliterated"}},{"type":"Feature","geometry":{"type":"Point","coordinates":[175.54229736328125,-37.13842453422676]},"properties":{"wikidata":"Q1691479","display_name":"泰晤士","display_name_en":"Thames","kind_detail":"town","population":7480,"sort_key":-469594,"geonames_id":"2208333","match_type":"name+coordinate","match_distance_km":0.194}},{"type":"Feature","geometry":{"type":"Point","coordinates":[-65.18051147460938,-18.200652872686902]},"properties":{"wikidata":"Q1617416","display_name":"艾基勒","display_name_en":"Aiquile","kind_detail":"town","population":7863,"sort_key":-469593,"match_type":"machine-transliterated"}},{"type":"Feature","geometry":{"type":"Point","coordinates":[131.06002807617188,49.02075978339727]},"properties":{"wikidata":"Q175617","display_name":"奥布卢切","display_name_en":"Obluchye","kind_detail":"town","population":7959,"sort_key":-469593,"match_type":"machine-transliterated"}},{"type":"Feature","geometry":{"type":"Point","coordinates":[-102.52166748046875,36.06131157158248]},"properties":{"wikidata":"Q982372","display_name":"达尔哈特","display_name_en":"Dalhart","kind_detail":"town","population":8447,"sort_key":-469593,"match_type":"machine-transliterated"}},{"type":"Feature","geometry":{"type":"Point","coordinates":[70.79315185546875,48.004625021133904]},"properties":{"wikidata":"Q1010149","display_name":"卡拉贾尔","display_name_en":"Qarajal","kind_detail":"city","population":8180,"sort_key":-469593,"match_type":"machine-transliterated"}},{"type":"Feature","geometry":{"type":"Point","coordinates":[-85.63018798828125,11.071950646749542]},"properties":{"wikidata":"Q3820791","display_name":"拉克鲁斯","display_name_en":"La Cruz","kind_detail":"town","population":8000,"sort_key":-469593,"match_type":"machine-transliterated"}},{"type":"Feature","geometry":{"type":"Point","coordinates":[-54.207916259765625,-33.674068533741966]},"properties":{"wikidata":"Q1013691","display_name":"拉斯卡诺","display_name_en":"Lascano","kind_detail":"town","population":7572,"sort_key":-469593,"match_type":"machine-transliterated"}},{"type":"Feature","geometry":{"type":"Point","coordinates":[-107.23892211914062,41.79076878785128]},"properties":{"wikidata":"Q958137","display_name":"羅林斯","display_name_en":"Rawlins","kind_detail":"town","population":8221,"sort_key":-469593,"geonames_id":"5836068","match_type":"name+coordinate","match_distance_km":0.04}},{"type":"Feature","geometry":{"type":"Point","coordinates":[-106.89285278320312,34.0572105135103]},"properties":{"wikidata":"Q503818","display_name":"索科罗","display_name_en":"Socorro","kind_detail":"town","population":8604,"sort_key":-469593,"match_type":"machine-transliterated"}},{"type":"Feature","geometry":{"type":"Point","coordinates":[-110.69686889648438,35.02437356760802]},"properties":{"wikidata":"Q79727","display_name":"温斯洛","display_name_en":"Winslow","kind_detail":"town","population":9005,"sort_key":-469593,"geonames_id":"5321473","match_type":"name+coordinate","match_distance_km":0.049}},{"type":"Feature","geometry":{"type":"Point","coordinates":[145.47683715820312,-17.266727823520526]},"properties":{"wikidata":"Q755507","display_name":"阿瑟顿","display_name_en":"Atherton","kind_detail":"town","population":7348,"sort_key":-469592,"match_type":"machine-transliterated"}},{"type":"Feature","geometry":{"type":"Point","coordinates":[150.25039672851562,-30.97643166961479]},"properties":{"wikidata":"Q1554825","display_name":"冈尼达","display_name_en":"Gunnedah","kind_detail":"town","population":8338,"sort_key":-469592,"match_type":"machine-transliterated"}},{"type":"Feature","geometry":{"type":"Point","coordinates":[-72.54135131835938,-36.28302832042549]},"properties":{"wikidata":"Q56115","display_name":"基里韦","display_name_en":"Quirihue","kind_detail":"town","population":9432,"sort_key":-469592,"match_type":"machine-transliterated"}},{"type":"Feature","geometry":{"type":"Point","coordinates":[150.31219482421875,-33.71405932422411]},"properties":{"wikidata":"Q1530148","display_name":"卡通巴","display_name_en":"Katoomba","kind_detail":"town","population":8268,"sort_key":-469592,"match_type":"machine-transliterated"}},{"type":"Feature","geometry":{"type":"Point","coordinates":[173.94927978515625,-35.22767235493584]},"properties":{"wikidata":"Q1185949","display_name":"凯里凯里","display_name_en":"Kerikeri","kind_detail":"town","population":8050,"sort_key":-469592,"geonames_id":"2188874","match_type":"name+coordinate","match_distance_km":0.199}},{"type":"Feature","geometry":{"type":"Point","coordinates":[-2.9608154296875,58.98186808827475]},"properties":{"wikidata":"Q208329","display_name":"柯克沃尔","display_name_en":"Kirkwall","kind_detail":"town","population":7390,"sort_key":-469592,"geonames_id":"2645198","match_type":"name+coordinate","match_distance_km":0.346}},{"type":"Feature","geometry":{"type":"Point","coordinates":[-102.8704833984375,42.09720342568306]},"properties":{"wikidata":"Q964529","display_name":"联盟","display_name_en":"Alliance","kind_detail":"town","population":8491,"sort_key":-469592,"match_type":"machine-transliterated"}},{"type":"Feature","geometry":{"type":"Point","coordinates":[148.04351806640625,-22.00290171141701]},"properties":{"wikidata":"Q4302346","display_name":"莫兰巴","display_name_en":"Moranbah","kind_detail":"town","population":8899,"sort_key":-469592,"match_type":"machine-transliterated"}},{"type":"Feature","geometry":{"type":"Point","coordinates":[-6.969451904296875,54.24837761598462]},"properties":{"wikidata":"Q373901","display_name":"莫纳汉","display_name_en":"Monaghan","kind_detail":"town","population":7894,"sort_key":-469592,"match_type":"machine-transliterated"}},{"type":"Feature","geometry":{"type":"Point","coordinates":[-104.50057983398438,37.16907157713011]},"properties":{"wikidata":"Q74198","display_name":"特立尼达","display_name_en":"Trinidad","kind_detail":"city","population":9096,"sort_key":-469592,"geonames_id":"5442007","match_type":"name+coordinate","match_distance_km":0.043}},{"type":"Feature","geometry":{"type":"Point","coordinates":[-92.53646850585938,47.5236926419025]},"properties":{"wikidata":"Q986681","display_name":"维吉尼亚","display_name_en":"Virginia","kind_detail":"town","population":8550,"sort_key":-469592,"geonames_id":"5051468","match_type":"name+coordinate","match_distance_km":0.049}},{"type":"Feature","geometry":{"type":"Point","coordinates":[-68.68515014648438,-16.0444936604229]},"properties":{"wikidata":"Q1553175","display_name":"阿查卡奇","display_name_en":"Achacachi","kind_detail":"town","population":9302,"sort_key":-469591,"geonames_id":"3924610","match_type":"name+coordinate","match_distance_km":0.287}},{"type":"Feature","geometry":{"type":"Point","coordinates":[43.2916259765625,11.964097286892553]},"properties":{"wikidata":"Q860179","display_name":"奧博克","display_name_en":"Obock","kind_detail":"town","population":8500,"sort_key":-469591,"geonames_id":"221527","match_type":"name+coordinate","match_distance_km":0.476}},{"type":"Feature","geometry":{"type":"Point","coordinates":[97.8167724609375,55.962269660275695]},"properties":{"wikidata":"Q105141","display_name":"比留辛斯克","display_name_en":"Biryusinsk","kind_detail":"town","population":8477,"sort_key":-469591,"match_type":"machine-transliterated"}},{"type":"Feature","geometry":{"type":"Point","coordinates":[-53.8604736328125,-34.2004447595411]},"properties":{"wikidata":"Q953667","display_name":"卡斯蒂略斯","display_name_en":"Castillos","kind_detail":"town","population":7715,"sort_key":-469591,"match_type":"machine-transliterated"}},{"type":"Feature","geometry":{"type":"Point","coordinates":[-112.08526611328125,38.76907496033499]},"properties":{"wikidata":"Q483319","display_name":"里奇菲尔德","display_name_en":"Richfield","kind_detail":"city","population":8478,"sort_key":-469591,"geonames_id":"5545710","match_type":"name+coordinate","match_distance_km":0.391}},{"type":"Feature","geometry":{"type":"Point","coordinates":[149.90982055664062,-36.888408043138206]},"properties":{"wikidata":"Q3306491","display_name":"梅林布拉","display_name_en":"Merimbula","kind_detail":"town","population":8220,"sort_key":-469591,"match_type":"machine-transliterated"}},{"type":"Feature","geometry":{"type":"Point","coordinates":[145.5908203125,-38.60399327559168]},"properties":{"wikidata":"Q2022320","display_name":"旺塔吉","display_name_en":"Wonthaggi","kind_detail":"town","population":8430,"sort_key":-469591,"match_type":"machine-transliterated"}},{"type":"Feature","geometry":{"type":"Point","coordinates":[29.8828125,-27.36323019018029]},"properties":{"wikidata":"Q118638","display_name":"沃尔克斯鲁斯特","display_name_en":"Volksrust","kind_detail":"town","population":8046,"sort_key":-469591,"match_type":"machine-transliterated"}},{"type":"Feature","geometry":{"type":"Point","coordinates":[-118.19503784179688,50.99820034093477]},"properties":{"wikidata":"Q1893229","display_name":"雷夫尔斯托克","display_name_en":"Revelstoke","kind_detail":"city","population":8275,"sort_key":-469590,"match_type":"machine-transliterated"}},{"type":"Feature","geometry":{"type":"Point","coordinates":[-105.8477783203125,46.406617041056165]},"properties":{"wikidata":"Q960167","display_name":"迈尔斯城","display_name_en":"Miles City","kind_detail":"city","population":8354,"sort_key":-469590,"geonames_id":"5666176","match_type":"name+coordinate","match_distance_km":0.586}},{"type":"Feature","geometry":{"type":"Point","coordinates":[-72.57568359375,44.25995373409262]},"properties":{"wikidata":"Q26426","display_name":"蒙彼利埃","display_name_en":"Montpelier","kind_detail":"city","population":8074,"sort_key":-469590,"geonames_id":"5238685","match_type":"name+coordinate","match_distance_km":0.026}},{"type":"Feature","geometry":{"type":"Point","coordinates":[-117.7349853515625,40.97264040693645]},"properties":{"wikidata":"Q983426","display_name":"温尼马卡","display_name_en":"Winnemucca","kind_detail":"city","population":8951,"sort_key":-469590,"geonames_id":"5710360","match_type":"name+coordinate","match_distance_km":0.068}},{"type":"Feature","geometry":{"type":"Point","coordinates":[-0.234832763671875,14.443989597714946]},"properties":{"wikidata":"Q741117","display_name":"戈罗姆-戈罗姆","display_name_en":"Gorom-Gorom","kind_detail":"town","population":8882,"sort_key":-469589,"match_type":"machine-transliterated"}},{"type":"Feature","geometry":{"type":"Point","coordinates":[-82.43316650390625,49.41633392300034]},"properties":{"wikidata":"Q1027634","display_name":"卡普斯卡辛","display_name_en":"Kapuskasing","kind_detail":"town","population":8200,"sort_key":-469589,"match_type":"machine-transliterated"}},{"type":"Feature","geometry":{"type":"Point","coordinates":[-89.4122314453125,45.63708709571873]},"properties":{"wikidata":"Q1002641","display_name":"莱茵兰德","display_name_en":"Rhinelander","kind_detail":"town","population":8285,"sort_key":-469589,"match_type":"machine-transliterated"}},{"type":"Feature","geometry":{"type":"Point","coordinates":[143.73825073242188,-37.04640889969956]},"properties":{"wikidata":"Q1014561","display_name":"玛丽伯勒","display_name_en":"Maryborough","kind_detail":"town","population":7769,"sort_key":-469589,"geonames_id":"2158561","match_type":"name+coordinate","match_distance_km":0.123}},{"type":"Feature","geometry":{"type":"Point","coordinates":[-68.01498413085938,46.68147880091786]},"properties":{"wikidata":"Q986013","display_name":"普雷斯克艾爾","display_name_en":"Presque Isle","kind_detail":"city","population":8797,"sort_key":-469588,"geonames_id":"4975966","match_type":"name+coordinate","match_distance_km":0.076}},{"type":"Feature","geometry":{"type":"Point","coordinates":[-83.52493286132812,8.96511478705817]},"properties":{"wikidata":"Q3925393","display_name":"科尔特斯港","display_name_en":"Puerto Cortés","kind_detail":"town","population":8000,"sort_key":-469587,"match_type":"machine-transliterated"}},{"type":"Feature","geometry":{"type":"Point","coordinates":[-102.88421630859375,30.891619008786165]},"properties":{"wikidata":"Q979901","display_name":"斯托克顿堡","display_name_en":"Fort Stockton","kind_detail":"town","population":8466,"sort_key":-469587,"match_type":"machine-transliterated"}},{"type":"Feature","geometry":{"type":"Point","coordinates":[-88.06640625,45.82018634537425]},"properties":{"wikidata":"Q567814","display_name":"铁山","display_name_en":"Iron Mountain","kind_detail":"town","population":7980,"sort_key":-469587,"match_type":"machine-transliterated"}},{"type":"Feature","geometry":{"type":"Point","coordinates":[50.262451171875,44.50825885600571]},"properties":{"wikidata":"Q1192007","display_name":"谢夫特森科堡","display_name_en":"Fort-Şevtşenko","kind_detail":"city","population":8778,"sort_key":-469587,"match_type":"machine-transliterated"}},{"type":"Feature","geometry":{"type":"Point","coordinates":[146.27059936523438,-20.071410649317997]},"properties":{"wikidata":"Q1020266","display_name":"查特斯堡","display_name_en":"Charters Towers","kind_detail":"town","population":8040,"sort_key":-469585,"match_type":"machine-transliterated"}},{"type":"Feature","geometry":{"type":"Point","coordinates":[-27.220001220703125,38.659777730712534]},"properties":{"wikidata":"Q193677","display_name":"英雄港","display_name_en":"Angra do Heroísmo","kind_detail":"city","population":8654,"sort_key":-469583,"geonames_id":"3373348","match_type":"name+coordinate","match_distance_km":0.668}},{"type":"Feature","geometry":{"type":"Point","coordinates":[-60.310821533203125,53.29641404214567]},"properties":{"wikidata":"Q1266964","display_name":"欢乐谷-鹅湾","display_name_en":"Happy Valley-Goose Bay","kind_detail":"town","population":8040,"sort_key":-469578,"match_type":"machine-transliterated"}},{"type":"Feature","geometry":{"type":"Point","coordinates":[81.05026245117188,49.583116418118294]},"properties":{"wikidata":"Q4507469","display_name":"查斯克","display_name_en":"Charsk","kind_detail":"city","population":6719,"sort_key":-469565,"match_type":"machine-transliterated"}},{"type":"Feature","geometry":{"type":"Point","coordinates":[-68.4173583984375,-14.715119539583682]},"properties":{"wikidata":"Q2307341","display_name":"阿波罗","display_name_en":"Apolo","kind_detail":"town","population":6376,"sort_key":-469563,"match_type":"machine-transliterated"}},{"type":"Feature","geometry":{"type":"Point","coordinates":[148.2220458984375,-35.30167705397599]},"properties":{"wikidata":"Q1025607","display_name":"蒂默特","display_name_en":"Tumut","kind_detail":"town","population":6518,"sort_key":-469563,"match_type":"machine-transliterated"}},{"type":"Feature","geometry":{"type":"Point","coordinates":[-15.220184326171875,12.482168801746894]},"properties":{"wikidata":"Q1022984","display_name":"法里姆","display_name_en":"Farim","kind_detail":"town","population":6405,"sort_key":-469563,"match_type":"machine-transliterated"}},{"type":"Feature","geometry":{"type":"Point","coordinates":[149.12567138671875,-36.2354121683998]},"properties":{"wikidata":"Q1129726","display_name":"库玛","display_name_en":"Cooma","kind_detail":"town","population":6447,"sort_key":-469563,"match_type":"machine-transliterated"}},{"type":"Feature","geometry":{"type":"Point","coordinates":[62.5946044921875,52.6938642034564]},"properties":{"wikidata":"Q1047817","display_name":"托比耶尔","display_name_en":"Тобыл","kind_detail":"town","population":6186,"sort_key":-469563,"match_type":"machine-transliterated"}},{"type":"Feature","geometry":{"type":"Point","coordinates":[153.35952758789062,-29.4395975666029]},"properties":{"wikidata":"Q2135834","display_name":"扬巴","display_name_en":"Yamba","kind_detail":"town","population":6342,"sort_key":-469563,"match_type":"machine-transliterated"}},{"type":"Feature","geometry":{"type":"Point","coordinates":[-108.7591552734375,44.752585021925]},"properties":{"wikidata":"Q1029174","display_name":"鲍威尔","display_name_en":"Powell","kind_detail":"town","population":6314,"sort_key":-469562,"geonames_id":"5835606","match_type":"name+coordinate","match_distance_km":0.199}},{"type":"Feature","geometry":{"type":"Point","coordinates":[148.00918579101562,-33.38443958209823]},"properties":{"wikidata":"Q2107368","display_name":"福布斯","display_name_en":"Forbes","kind_detail":"town","population":6837,"sort_key":-469562,"match_type":"machine-transliterated"}},{"type":"Feature","geometry":{"type":"Point","coordinates":[-103.66287231445312,30.359841397025534]},"properties":{"wikidata":"Q661540","display_name":"高山","display_name_en":"Alpine","kind_detail":"town","population":6035,"sort_key":-469562,"match_type":"machine-transliterated"}},{"type":"Feature","geometry":{"type":"Point","coordinates":[-159.36904907226562,21.977434081325924]},"properties":{"wikidata":"Q588881","display_name":"利胡埃","display_name_en":"Lihue","kind_detail":"town","population":6455,"sort_key":-469562,"geonames_id":"5850248","match_type":"name+coordinate","match_distance_km":0.525}},{"type":"Feature","geometry":{"type":"Point","coordinates":[-71.22024536132812,-28.4650695466769]},"properties":{"wikidata":"Q14422","display_name":"瓦斯科","display_name_en":"Huasco","kind_detail":"town","population":7071,"sort_key":-469562,"geonames_id":"3887758","match_type":"name+coordinate","match_distance_km":0.266}},{"type":"Feature","geometry":{"type":"Point","coordinates":[-102.97622680664062,41.144535579354624]},"properties":{"wikidata":"Q966516","display_name":"悉尼","display_name_en":"Sidney","kind_detail":"town","population":6282,"sort_key":-469562,"match_type":"machine-transliterated"}},{"type":"Feature","geometry":{"type":"Point","coordinates":[142.93212890625,-37.28388730761433]},"properties":{"wikidata":"Q626295","display_name":"亚拉拉特","display_name_en":"Ararat","kind_detail":"town","population":7015,"sort_key":-469562,"geonames_id":"2177756","match_type":"name+coordinate","match_distance_km":0.462}},{"type":"Feature","geometry":{"type":"Point","coordinates":[-55.441131591796875,-23.88834902394626]},"properties":{"wikidata":"Q578964","display_name":"伊佩朱","display_name_en":"Ypejhú","kind_detail":"town","population":7109,"sort_key":-469562,"match_type":"machine-transliterated"}},{"type":"Feature","geometry":{"type":"Point","coordinates":[150.51406860351562,-24.39963431677684]},"properties":{"wikidata":"Q183408","display_name":"比洛埃拉","display_name_en":"Biloela","kind_detail":"town","population":5667,"sort_key":-469561,"match_type":"machine-transliterated"}},{"type":"Feature","geometry":{"type":"Point","coordinates":[-103.00094604492188,42.830660085637106]},"properties":{"wikidata":"Q955662","display_name":"查德伦","display_name_en":"Chadron","kind_detail":"town","population":5851,"sort_key":-469561,"match_type":"machine-transliterated"}},{"type":"Feature","geometry":{"type":"Point","coordinates":[-105.38223266601562,42.75911283724358]},"properties":{"wikidata":"Q983438","display_name":"道格拉斯","display_name_en":"Douglas","kind_detail":"town","population":6120,"sort_key":-469561,"geonames_id":"5823516","match_type":"name+coordinate","match_distance_km":0.064}},{"type":"Feature","geometry":{"type":"Point","coordinates":[73.0975341796875,52.497831658557004]},"properties":{"wikidata":"Q6352163","display_name":"克斯塔贝尔","display_name_en":"Бестөбе","kind_detail":"town","population":5782,"sort_key":-469561,"match_type":"machine-transliterated"}},{"type":"Feature","geometry":{"type":"Point","coordinates":[-90.16891479492188,46.45583535762054]},"properties":{"wikidata":"Q2002936","display_name":"艾恩活","display_name_en":"Ironwood","kind_detail":"town","population":5590,"sort_key":-469560,"geonames_id":"4997249","match_type":"name+coordinate","match_distance_km":0.206}},{"type":"Feature","geometry":{"type":"Point","coordinates":[6.16058349609375,49.86897221631244]},"properties":{"wikidata":"Q16050","display_name":"迪基希","display_name_en":"Diekirch","kind_detail":"town","population":7047,"sort_key":-469560,"geonames_id":"2960657","match_type":"name+coordinate","match_distance_km":0.494}},{"type":"Feature","geometry":{"type":"Point","coordinates":[-106.92718505859375,38.543869175876154]},"properties":{"wikidata":"Q222762","display_name":"吉纳森","display_name_en":"Gunnison","kind_detail":"town","population":6560,"sort_key":-469560,"geonames_id":"5424099","match_type":"name+coordinate","match_distance_km":0.271}},{"type":"Feature","geometry":{"type":"Point","coordinates":[-84.95590209960938,45.373372953845234]},"properties":{"wikidata":"Q2415663","display_name":"佩托斯基","display_name_en":"Petoskey","kind_detail":"town","population":6112,"sort_key":-469560,"geonames_id":"5005484","match_type":"name+coordinate","match_distance_km":0.045}},{"type":"Feature","geometry":{"type":"Point","coordinates":[-89.439697265625,16.20016874472985]},"properties":{"wikidata":"Q1020572","display_name":"圣路易斯","display_name_en":"San Luis","kind_detail":"town","population":5721,"sort_key":-469560,"match_type":"machine-transliterated"}},{"type":"Feature","geometry":{"type":"Point","coordinates":[-100.20492553710938,34.426168904360736]},"properties":{"wikidata":"Q982513","display_name":"柴德里斯","display_name_en":"Childress","kind_detail":"town","population":5737,"sort_key":-469559,"match_type":"machine-transliterated"}},{"type":"Feature","geometry":{"type":"Point","coordinates":[22.133331298828125,-30.968189296794222]},"properties":{"wikidata":"Q625378","display_name":"卡那封","display_name_en":"Carnarvon","kind_detail":"town","population":6612,"sort_key":-469559,"match_type":"machine-transliterated"}},{"type":"Feature","geometry":{"type":"Point","coordinates":[144.96322631835938,-35.52887345122831]},"properties":{"wikidata":"Q1002118","display_name":"德尼利昆","display_name_en":"Deniliquin","kind_detail":"town","population":6431,"sort_key":-469558,"match_type":"machine-transliterated"}},{"type":"Feature","geometry":{"type":"Point","coordinates":[-62.50396728515625,-16.27400554590912]},"properties":{"wikidata":"Q281844","display_name":"圣哈维尔","display_name_en":"San Javier","kind_detail":"town","population":7119,"sort_key":-469558,"match_type":"machine-transliterated"}},{"type":"Feature","geometry":{"type":"Point","coordinates":[-112.049560546875,53.50030019180738]},"properties":{"wikidata":"Q1276220","display_name":"韦格勒维尔","display_name_en":"Vegreville","kind_detail":"town","population":5708,"sort_key":-469558,"match_type":"machine-transliterated"}},{"type":"Feature","geometry":{"type":"Point","coordinates":[-67.335205078125,-14.294992884750215]},"properties":{"wikidata":"Q913102","display_name":"桑托斯雷耶斯","display_name_en":"Santos Reyes","kind_detail":"town","population":7202,"sort_key":-469556,"match_type":"machine-transliterated"}},{"type":"Feature","geometry":{"type":"Point","coordinates":[-5.11138916015625,56.81816908263636]},"properties":{"wikidata":"Q848909","display_name":"威廉堡","display_name_en":"Fort William","kind_detail":"town","population":5610,"sort_key":-469556,"geonames_id":"2649169","match_type":"name+coordinate","match_distance_km":0.192}},{"type":"Feature","geometry":{"type":"Point","coordinates":[120.31402587890625,63.449895390614756]},"properties":{"wikidata":"Q1526948","display_name":"上维柳斯克","display_name_en":"Verkhnevilyuysk","kind_detail":"town","population":6329,"sort_key":-469555,"match_type":"machine-transliterated"}},{"type":"Feature","geometry":{"type":"Point","coordinates":[-70.04608154296875,-26.390639505668723]},"properties":{"wikidata":"Q13033","display_name":"迭戈·德·阿尔马格罗","display_name_en":"Diego de Almagro","kind_detail":"town","population":7223,"sort_key":-469552,"match_type":"machine-transliterated"}},{"type":"Feature","geometry":{"type":"Point","coordinates":[-107.25265502929688,33.128351191631566]},"properties":{"wikidata":"Q431932","display_name":"真相或后果","display_name_en":"Truth or Consequences","kind_detail":"town","population":6915,"sort_key":-469547,"match_type":"machine-transliterated"}},{"type":"Feature","geometry":{"type":"Point","coordinates":[12.190704345703125,10.614718497179922]},"properties":{"wikidata":"Q2904965","display_name":"比乌","display_name_en":"Biu","kind_detail":"city","population":5000,"sort_key":-469533,"match_type":"machine-transliterated"}},{"type":"Feature","geometry":{"type":"Point","coordinates":[10.12664794921875,3.798483975036973]},"properties":{"wikidata":"Q1002900","display_name":"埃代阿","display_name_en":"Edéa","kind_detail":"city","population":5000,"sort_key":-469532,"geonames_id":"2232239","match_type":"name+coordinate","match_distance_km":0.76}},{"type":"Feature","geometry":{"type":"Point","coordinates":[29.46533203125,0.4943786309629985]},"properties":{"wikidata":"Q817269","display_name":"贝尼","display_name_en":"Beni","kind_detail":"city","population":5000,"sort_key":-469532,"match_type":"machine-transliterated"}},{"type":"Feature","geometry":{"type":"Point","coordinates":[6.016387939453125,9.08311225535408]},"properties":{"wikidata":"Q3320844","display_name":"比达","display_name_en":"Bida","kind_detail":"city","population":5000,"sort_key":-469532,"match_type":"machine-transliterated"}},{"type":"Feature","geometry":{"type":"Point","coordinates":[30.408782958984375,19.593431717434527]},"properties":{"wikidata":"Q1107569","display_name":"克尔玛","display_name_en":"Kerma","kind_detail":"city","population":5000,"sort_key":-469532,"match_type":"machine-transliterated"}},{"type":"Feature","geometry":{"type":"Point","coordinates":[35.7330322265625,30.199739899804584]},"properties":{"wikidata":"Q31616","display_name":"马安","display_name_en":"Maan","kind_detail":"city","population":5000,"sort_key":-469532,"match_type":"machine-transliterated"}},{"type":"Feature","geometry":{"type":"Point","coordinates":[35.374603271484375,33.56428403679499]},"properties":{"wikidata":"Q163490","display_name":"赛达","display_name_en":"Sidon","kind_detail":"city","population":5000,"sort_key":-469532,"geonames_id":"268064","match_type":"name+coordinate","match_distance_km":0.807}},{"type":"Feature","geometry":{"type":"Point","coordinates":[35.901947021484375,33.84760762988742]},"properties":{"wikidata":"Q26569","display_name":"扎赫勒","display_name_en":"Zahle","kind_detail":"city","population":5000,"sort_key":-469532,"geonames_id":"266045","match_type":"name+coordinate","match_distance_km":0.096}},{"type":"Feature","geometry":{"type":"Point","coordinates":[10.77484130859375,3.6408882525205115]},"properties":{"wikidata":"Q3591508","display_name":"埃塞卡","display_name_en":"Éséka","kind_detail":"city","population":5000,"sort_key":-469531,"match_type":"machine-transliterated"}},{"type":"Feature","geometry":{"type":"Point","coordinates":[11.221160888671875,4.739306790482701]},"properties":{"wikidata":"Q799790","display_name":"巴菲亚","display_name_en":"Bafia","kind_detail":"city","population":5000,"sort_key":-469531,"match_type":"machine-transliterated"}},{"type":"Feature","geometry":{"type":"Point","coordinates":[11.49444580078125,2.078706428513641]},"properties":{"wikidata":"Q1023124","display_name":"比淡","display_name_en":"Bitam","kind_detail":"city","population":5000,"sort_key":-469531,"match_type":"machine-transliterated"}},{"type":"Feature","geometry":{"type":"Point","coordinates":[22.781524658203125,10.296003366900393]},"properties":{"wikidata":"Q864999","display_name":"比劳","display_name_en":"Birao","kind_detail":"city","population":5000,"sort_key":-469531,"match_type":"machine-transliterated"}},{"type":"Feature","geometry":{"type":"Point","coordinates":[-112.52883911132812,37.048601046408976]},"properties":{"wikidata":"Q130069","display_name":"卡纳布","display_name_en":"Kanab","kind_detail":"town","population":4794,"sort_key":-469531,"geonames_id":"5541458","match_type":"name+coordinate","match_distance_km":0.256}},{"type":"Feature","geometry":{"type":"Point","coordinates":[9.441375732421875,4.638023343989474]},"properties":{"wikidata":"Q997047","display_name":"昆巴","display_name_en":"Kumba","kind_detail":"city","population":5000,"sort_key":-469531,"match_type":"machine-transliterated"}},{"type":"Feature","geometry":{"type":"Point","coordinates":[23.600006103515625,-3.524386660147954]},"properties":{"wikidata":"Q1006137","display_name":"洛贾","display_name_en":"Lodja","kind_detail":"city","population":5000,"sort_key":-469531,"match_type":"machine-transliterated"}},{"type":"Feature","geometry":{"type":"Point","coordinates":[-12.083587646484375,10.374361908438004]},"properties":{"wikidata":"Q644131","display_name":"马谋","display_name_en":"Mamou","kind_detail":"city","population":5000,"sort_key":-469531,"match_type":"machine-transliterated"}},{"type":"Feature","geometry":{"type":"Point","coordinates":[143.6572265625,-6.139189368969383]},"properties":{"wikidata":"Q1017120","display_name":"门迪","display_name_en":"Mendi","kind_detail":"city","population":5000,"sort_key":-469531,"match_type":"machine-transliterated"}},{"type":"Feature","geometry":{"type":"Point","coordinates":[150.86837768554688,-32.04998888314202]},"properties":{"wikidata":"Q1026207","display_name":"斯康","display_name_en":"Scone","kind_detail":"town","population":5013,"sort_key":-469531,"match_type":"machine-transliterated"}},{"type":"Feature","geometry":{"type":"Point","coordinates":[0.92010498046875,14.733714220294914]},"properties":{"wikidata":"Q793407","display_name":"阿约","display_name_en":"Ayorou","kind_detail":"city","population":5000,"sort_key":-469530,"match_type":"machine-transliterated"}},{"type":"Feature","geometry":{"type":"Point","coordinates":[32.309417724609375,13.99670402595578]},"properties":{"wikidata":"Q2501279","display_name":"埃德杜伊姆","display_name_en":"Ed Dueim","kind_detail":"city","population":5000,"sort_key":-469530,"match_type":"machine-transliterated"}},{"type":"Feature","geometry":{"type":"Point","coordinates":[8.13262939453125,7.190825858849266]},"properties":{"wikidata":"Q3511323","display_name":"奥图波","display_name_en":"Otukpo","kind_detail":"city","population":5000,"sort_key":-469530,"match_type":"machine-transliterated"}},{"type":"Feature","geometry":{"type":"Point","coordinates":[10.180206298828125,5.159334198490015]},"properties":{"wikidata":"Q667828","display_name":"八方","display_name_en":"Bafang","kind_detail":"city","population":5000,"sort_key":-469530,"match_type":"machine-transliterated"}},{"type":"Feature","geometry":{"type":"Point","coordinates":[23.605499267578125,1.2331201247997967]},"properties":{"wikidata":"Q1101913","display_name":"巴索科","display_name_en":"Basoko","kind_detail":"city","population":5000,"sort_key":-469530,"match_type":"machine-transliterated"}},{"type":"Feature","geometry":{"type":"Point","coordinates":[-114.1644287109375,47.69035248140571]},"properties":{"wikidata":"Q963395","display_name":"波尔森","display_name_en":"Polson","kind_detail":"town","population":5262,"sort_key":-469530,"geonames_id":"5671996","match_type":"name+coordinate","match_distance_km":0.368}},{"type":"Feature","geometry":{"type":"Point","coordinates":[25.852203369140625,-9.202426504803128]},"properties":{"wikidata":"Q2915071","display_name":"布卡马","display_name_en":"Bukama","kind_detail":"city","population":5000,"sort_key":-469530,"match_type":"machine-transliterated"}},{"type":"Feature","geometry":{"type":"Point","coordinates":[-0.347442626953125,16.956978651248065]},"properties":{"wikidata":"Q2337119","display_name":"布伦","display_name_en":"Bourem","kind_detail":"city","population":5000,"sort_key":-469530,"match_type":"machine-transliterated"}},{"type":"Feature","geometry":{"type":"Point","coordinates":[-112.63458251953125,45.213970994414666]},"properties":{"wikidata":"Q955026","display_name":"迪龙","display_name_en":"Dillon","kind_detail":"town","population":4249,"sort_key":-469530,"geonames_id":"5648657","match_type":"name+coordinate","match_distance_km":0.347}},{"type":"Feature","geometry":{"type":"Point","coordinates":[12.624664306640625,6.4654219062804685]},"properties":{"wikidata":"Q2005262","display_name":"蒂巴蒂","display_name_en":"Tibati","kind_detail":"city","population":5000,"sort_key":-469530,"match_type":"machine-transliterated"}},{"type":"Feature","geometry":{"type":"Point","coordinates":[7.392425537109375,6.855531575482033]},"properties":{"wikidata":"Q681198","display_name":"恩苏卡","display_name_en":"Nsukka","kind_detail":"city","population":5000,"sort_key":-469530,"match_type":"machine-transliterated"}},{"type":"Feature","geometry":{"type":"Point","coordinates":[11.03851318359375,12.873392428201726]},"properties":{"wikidata":"Q5526456","display_name":"加舒亚","display_name_en":"Gashua","kind_detail":"city","population":5000,"sort_key":-469530,"match_type":"machine-transliterated"}},{"type":"Feature","geometry":{"type":"Point","coordinates":[-70.07217407226562,10.16896719926234]},"properties":{"wikidata":"Q1044689","display_name":"卡罗拉","display_name_en":"Carora","kind_detail":"city","population":5000,"sort_key":-469530,"match_type":"machine-transliterated"}},{"type":"Feature","geometry":{"type":"Point","coordinates":[-59.79583740234375,3.3749692133389146]},"properties":{"wikidata":"Q1203781","display_name":"莱瑟姆","display_name_en":"Lethem","kind_detail":"city","population":5000,"sort_key":-469530,"match_type":"machine-transliterated"}},{"type":"Feature","geometry":{"type":"Point","coordinates":[27.75421142578125,11.032863880653736]},"properties":{"wikidata":"Q14624862","display_name":"穆格莱德","display_name_en":"Muglad","kind_detail":"city","population":5000,"sort_key":-469530,"match_type":"machine-transliterated"}},{"type":"Feature","geometry":{"type":"Point","coordinates":[29.7509765625,-2.351786846237019]},"properties":{"wikidata":"Q528679","display_name":"尼安萨","display_name_en":"Nyanza","kind_detail":"city","population":5000,"sort_key":-469530,"match_type":"machine-transliterated"}},{"type":"Feature","geometry":{"type":"Point","coordinates":[174.0069580078125,-41.291221807182595]},"properties":{"wikidata":"Q1362879","display_name":"皮克顿","display_name_en":"Picton","kind_detail":"town","population":4790,"sort_key":-469530,"match_type":"machine-transliterated"}},{"type":"Feature","geometry":{"type":"Point","coordinates":[92.79739379882812,26.62290757974432]},"properties":{"wikidata":"Q1021162","display_name":"泰兹普尔","display_name_en":"Tezpur","kind_detail":"town","population":5000,"sort_key":-469530,"geonames_id":"1254710","match_type":"name+coordinate","match_distance_km":1.188}},{"type":"Feature","geometry":{"type":"Point","coordinates":[146.16073608398438,-18.64754634556091]},"properties":{"wikidata":"Q976153","display_name":"英厄姆","display_name_en":"Ingham","kind_detail":"town","population":4334,"sort_key":-469530,"match_type":"machine-transliterated"}},{"type":"Feature","geometry":{"type":"Point","coordinates":[13.9471435546875,9.929624096148345]},"properties":{"wikidata":"Q2708439","display_name":"指南","display_name_en":"Guider","kind_detail":"city","population":5000,"sort_key":-469530,"match_type":"machine-transliterated"}},{"type":"Feature","geometry":{"type":"Point","coordinates":[13.682098388671875,-0.655045544183892]},"properties":{"wikidata":"Q4332646","display_name":"奥孔贾","display_name_en":"Okondja","kind_detail":"city","population":5000,"sort_key":-469529,"match_type":"machine-transliterated"}},{"type":"Feature","geometry":{"type":"Point","coordinates":[-70.22735595703125,8.617683234549432]},"properties":{"wikidata":"Q695623","display_name":"巴里納斯","display_name_en":"Barinas","kind_detail":"city","population":5000,"sort_key":-469529,"geonames_id":"3648546","match_type":"name+coordinate","match_distance_km":0.523}},{"type":"Feature","geometry":{"type":"Point","coordinates":[-7.44598388671875,13.54854637590195]},"properties":{"wikidata":"Q572737","display_name":"巴南巴","display_name_en":"Banamba","kind_detail":"city","population":5000,"sort_key":-469529,"match_type":"machine-transliterated"}},{"type":"Feature","geometry":{"type":"Point","coordinates":[-9.471588134765625,6.995948399019014]},"properties":{"wikidata":"Q985291","display_name":"邦加","display_name_en":"Gbarnga","kind_detail":"city","population":5000,"sort_key":-469529,"match_type":"machine-transliterated"}},{"type":"Feature","geometry":{"type":"Point","coordinates":[13.684844970703125,4.577793847224058]},"properties":{"wikidata":"Q657734","display_name":"贝尔图阿","display_name_en":"Bertoua","kind_detail":"city","population":5000,"sort_key":-469529,"geonames_id":"2234359","match_type":"name+coordinate","match_distance_km":0.064}},{"type":"Feature","geometry":{"type":"Point","coordinates":[22.401123046875,-26.022233955989]},"properties":{"wikidata":"Q170727","display_name":"察邦","display_name_en":"Tsabong","kind_detail":"city","population":5000,"sort_key":-469529,"geonames_id":"932987","match_type":"name+coordinate","match_distance_km":5.777}},{"type":"Feature","geometry":{"type":"Point","coordinates":[10.897064208984375,5.728044322046614]},"properties":{"wikidata":"Q1439847","display_name":"豐班","display_name_en":"Foumban","kind_detail":"city","population":5000,"sort_key":-469529,"geonames_id":"2231506","match_type":"name+coordinate","match_distance_km":0.236}},{"type":"Feature","geometry":{"type":"Point","coordinates":[-88.58139038085938,47.12714777724864]},"properties":{"wikidata":"Q12435","display_name":"汉考克","display_name_en":"Hancock","kind_detail":"town","population":4634,"sort_key":-469529,"geonames_id":"4995201","match_type":"name+coordinate","match_distance_km":0.045}},{"type":"Feature","geometry":{"type":"Point","coordinates":[18.63555908203125,3.653222841228356]},"properties":{"wikidata":"Q3237716","display_name":"劫持","display_name_en":"Libenge","kind_detail":"city","population":5000,"sort_key":-469529,"geonames_id":"2313762","match_type":"name+coordinate","match_distance_km":0.016}},{"type":"Feature","geometry":{"type":"Point","coordinates":[15.854644775390625,-21.935402504050302]},"properties":{"wikidata":"Q1348181","display_name":"卡里比","display_name_en":"Karibib","kind_detail":"town","population":5132,"sort_key":-469529,"match_type":"machine-transliterated"}},{"type":"Feature","geometry":{"type":"Point","coordinates":[-65.2093505859375,-20.641780422685528]},"properties":{"wikidata":"Q1642851","display_name":"卡馬戈","display_name_en":"Camargo","kind_detail":"town","population":5401,"sort_key":-469529,"geonames_id":"3922451","match_type":"name+coordinate","match_distance_km":0.134}},{"type":"Feature","geometry":{"type":"Point","coordinates":[26.596527099609375,-10.876464994816288]},"properties":{"wikidata":"Q674175","display_name":"坎博韦","display_name_en":"Kambove","kind_detail":"city","population":5000,"sort_key":-469529,"match_type":"machine-transliterated"}},{"type":"Feature","geometry":{"type":"Point","coordinates":[-8.414154052734375,11.941257503538637]},"properties":{"wikidata":"Q1031919","display_name":"康加巴","display_name_en":"Kangaba","kind_detail":"city","population":5000,"sort_key":-469529,"match_type":"machine-transliterated"}},{"type":"Feature","geometry":{"type":"Point","coordinates":[26.9989013671875,-5.384968460898321]},"properties":{"wikidata":"Q3088094","display_name":"孔戈洛","display_name_en":"Kongolo","kind_detail":"city","population":5000,"sort_key":-469529,"match_type":"machine-transliterated"}},{"type":"Feature","geometry":{"type":"Point","coordinates":[12.852630615234375,0.5616670293644432]},"properties":{"wikidata":"Q1002583","display_name":"马科库","display_name_en":"Makokou","kind_detail":"city","population":5000,"sort_key":-469529,"match_type":"machine-transliterated"}},{"type":"Feature","geometry":{"type":"Point","coordinates":[15.728302001953125,-17.069913009885468]},"properties":{"wikidata":"Q635045","display_name":"翁吉瓦","display_name_en":"Ondjiva","kind_detail":"city","population":5000,"sort_key":-469529,"geonames_id":"3346821","match_type":"name+coordinate","match_distance_km":0.645}},{"type":"Feature","geometry":{"type":"Point","coordinates":[7.49267578125,5.5326112204570705]},"properties":{"wikidata":"Q203301","display_name":"乌穆阿希亚","display_name_en":"Umuahia","kind_detail":"city","population":5000,"sort_key":-469529,"geonames_id":"2320576","match_type":"name+coordinate","match_distance_km":0.883}},{"type":"Feature","geometry":{"type":"Point","coordinates":[17.98187255859375,69.22938035764557]},"properties":{"wikidata":"Q1015949","display_name":"芬斯內斯","display_name_en":"Finnsnes","kind_detail":"town","population":5042,"sort_key":-469528,"geonames_id":"3157549","match_type":"name+coordinate","match_distance_km":0.037}},{"type":"Feature","geometry":{"type":"Point","coordinates":[-104.71206665039062,47.10565336099384]},"properties":{"wikidata":"Q967324","display_name":"格伦代夫","display_name_en":"Glendive","kind_detail":"town","population":4873,"sort_key":-469528,"geonames_id":"5654391","match_type":"name+coordinate","match_distance_km":0.05}},{"type":"Feature","geometry":{"type":"Point","coordinates":[-101.71005249023438,39.351290355267054]},"properties":{"wikidata":"Q1931362","display_name":"古德兰","display_name_en":"Goodland","kind_detail":"town","population":4465,"sort_key":-469528,"match_type":"machine-transliterated"}},{"type":"Feature","geometry":{"type":"Point","coordinates":[42.5445556640625,3.799854248148435]},"properties":{"wikidata":"Q1878274","display_name":"鲁克","display_name_en":"Luuq","kind_detail":"city","population":5000,"sort_key":-469528,"match_type":"machine-transliterated"}},{"type":"Feature","geometry":{"type":"Point","coordinates":[-102.80731201171875,50.93073802371819]},"properties":{"wikidata":"Q605427","display_name":"梅尔维尔","display_name_en":"Melville","kind_detail":"town","population":4562,"sort_key":-469528,"match_type":"machine-transliterated"}},{"type":"Feature","geometry":{"type":"Point","coordinates":[14.294586181640625,6.517272401536644]},"properties":{"wikidata":"Q2629052","display_name":"梅甘加","display_name_en":"Meiganga","kind_detail":"city","population":5000,"sort_key":-469528,"match_type":"machine-transliterated"}},{"type":"Feature","geometry":{"type":"Point","coordinates":[11.502685546875,3.5147917545084937]},"properties":{"wikidata":"Q2702755","display_name":"姆巴尔马约","display_name_en":"Mbalmayo","kind_detail":"city","population":5000,"sort_key":-469528,"match_type":"machine-transliterated"}},{"type":"Feature","geometry":{"type":"Point","coordinates":[149.7821044921875,-30.32902735042594]},"properties":{"wikidata":"Q181766","display_name":"纳拉布赖","display_name_en":"Narrabri","kind_detail":"town","population":5499,"sort_key":-469528,"geonames_id":"2155742","match_type":"name+coordinate","match_distance_km":0.464}},{"type":"Feature","geometry":{"type":"Point","coordinates":[137.62710571289062,-33.930827071342726]},"properties":{"wikidata":"Q3565483","display_name":"沃拉鲁","display_name_en":"Wallaroo","kind_detail":"town","population":4241,"sort_key":-469528,"match_type":"machine-transliterated"}},{"type":"Feature","geometry":{"type":"Point","coordinates":[31.21490478515625,12.905520920167191]},"properties":{"wikidata":"Q2618048","display_name":"乌姆鲁瓦巴","display_name_en":"Umm Ruwaba","kind_detail":"city","population":5000,"sort_key":-469528,"match_type":"machine-transliterated"}},{"type":"Feature","geometry":{"type":"Point","coordinates":[-10.572967529296875,15.118530186596459]},"properties":{"wikidata":"Q3574261","display_name":"耶利马内","display_name_en":"Yélimané","kind_detail":"city","population":5000,"sort_key":-469528,"match_type":"machine-transliterated"}},{"type":"Feature","geometry":{"type":"Point","coordinates":[-13.915557861328125,17.052845909943784]},"properties":{"wikidata":"Q986384","display_name":"阿莱格","display_name_en":"Aleg","kind_detail":"city","population":5000,"sort_key":-469527,"match_type":"machine-transliterated"}},{"type":"Feature","geometry":{"type":"Point","coordinates":[23.44207763671875,40.377936122224156]},"properties":{"wikidata":"Q14201950","display_name":"波利伊罗斯","display_name_en":"Polygyros","kind_detail":"town","population":5040,"sort_key":-469527,"geonames_id":"734517","match_type":"name+coordinate","match_distance_km":0.117}},{"type":"Feature","geometry":{"type":"Point","coordinates":[-123.84475708007812,45.45627757127798]},"properties":{"wikidata":"Q764687","display_name":"蒂拉穆克","display_name_en":"Tillamook","kind_detail":"town","population":4424,"sort_key":-469527,"match_type":"machine-transliterated"}},{"type":"Feature","geometry":{"type":"Point","coordinates":[10.224151611328125,-0.694868219507768]},"properties":{"wikidata":"Q874197","display_name":"兰巴雷内","display_name_en":"Lambarene","kind_detail":"city","population":5000,"sort_key":-469527,"geonames_id":"2399888","match_type":"name+coordinate","match_distance_km":1.914}},{"type":"Feature","geometry":{"type":"Point","coordinates":[-64.05441284179688,-13.264006497508063]},"properties":{"wikidata":"Q842373","display_name":"马格达莱纳","display_name_en":"Magdalena","kind_detail":"town","population":5516,"sort_key":-469527,"match_type":"machine-transliterated"}},{"type":"Feature","geometry":{"type":"Point","coordinates":[-72.54684448242188,10.059459300346134]},"properties":{"wikidata":"Q3236167","display_name":"马奇克斯","display_name_en":"Machiques","kind_detail":"city","population":5000,"sort_key":-469527,"match_type":"machine-transliterated"}},{"type":"Feature","geometry":{"type":"Point","coordinates":[15.216064453125,2.0430239574220366]},"properties":{"wikidata":"Q1943777","display_name":"莫伦杜","display_name_en":"Moloundou","kind_detail":"city","population":5000,"sort_key":-469527,"match_type":"machine-transliterated"}},{"type":"Feature","geometry":{"type":"Point","coordinates":[70.09963989257812,33.896637128110214]},"properties":{"wikidata":"Q1026627","display_name":"帕拉吉纳尔","display_name_en":"Parachinar","kind_detail":"city","population":5502,"sort_key":-469527,"match_type":"machine-transliterated"}},{"type":"Feature","geometry":{"type":"Point","coordinates":[10.995941162109375,-2.9169824912402618]},"properties":{"wikidata":"Q690421","display_name":"奇班加","display_name_en":"Tchibanga","kind_detail":"city","population":5000,"sort_key":-469527,"match_type":"machine-transliterated"}},{"type":"Feature","geometry":{"type":"Point","coordinates":[-63.875885009765625,-18.179778291829194]},"properties":{"wikidata":"Q1014461","display_name":"薩邁帕塔","display_name_en":"Samaipata","kind_detail":"town","population":5321,"sort_key":-469527,"geonames_id":"3905951","match_type":"name+coordinate","match_distance_km":0.25}},{"type":"Feature","geometry":{"type":"Point","coordinates":[-103.72467041015625,35.17156320800291]},"properties":{"wikidata":"Q986001","display_name":"图克姆卡里","display_name_en":"Tucumcari","kind_detail":"town","population":5278,"sort_key":-469527,"match_type":"machine-transliterated"}},{"type":"Feature","geometry":{"type":"Point","coordinates":[3.915252685546875,6.81462565226002]},"properties":{"wikidata":"Q1023726","display_name":"伊杰布奥德","display_name_en":"Ijebu-Ode","kind_detail":"city","population":5000,"sort_key":-469527,"match_type":"machine-transliterated"}},{"type":"Feature","geometry":{"type":"Point","coordinates":[-68.20449829101562,44.38767289599187]},"properties":{"wikidata":"Q1672375","display_name":"巴港","display_name_en":"Bar Harbor","kind_detail":"town","population":5098,"sort_key":-469526,"match_type":"machine-transliterated"}},{"type":"Feature","geometry":{"type":"Point","coordinates":[-77.38494873046875,44.1634893281213]},"properties":{"wikidata":"Q34227","display_name":"贝尔维尔","display_name_en":"Belleville","kind_detail":"city","population":5000,"sort_key":-469526,"geonames_id":"5897884","match_type":"name+coordinate","match_distance_km":0.409}},{"type":"Feature","geometry":{"type":"Point","coordinates":[34.800567626953125,8.53484919469527]},"properties":{"wikidata":"Q2563156","display_name":"丹比多洛","display_name_en":"Dambidollo","kind_detail":"city","population":5000,"sort_key":-469526,"match_type":"machine-transliterated"}},{"type":"Feature","geometry":{"type":"Point","coordinates":[23.951568603515625,-6.734167173980424]},"properties":{"wikidata":"Q693554","display_name":"恩甘达吉卡","display_name_en":"Ngandajika","kind_detail":"city","population":5000,"sort_key":-469526,"match_type":"machine-transliterated"}},{"type":"Feature","geometry":{"type":"Point","coordinates":[79.13314819335938,18.435319042337355]},"properties":{"wikidata":"Q25563078","display_name":"卡里姆讷格尔","display_name_en":"Karimnagar","kind_detail":"city","population":5000,"sort_key":-469526,"match_type":"machine-transliterated"}},{"type":"Feature","geometry":{"type":"Point","coordinates":[-88.75030517578125,15.826608507510926]},"properties":{"wikidata":"Q1192713","display_name":"利文斯顿","display_name_en":"Livingston","kind_detail":"town","population":4481,"sort_key":-469526,"match_type":"machine-transliterated"}},{"type":"Feature","geometry":{"type":"Point","coordinates":[-88.17764282226562,13.48044782881523]},"properties":{"wikidata":"Q672458","display_name":"圣米格尔","display_name_en":"San Miguel","kind_detail":"city","population":5000,"sort_key":-469526,"match_type":"machine-transliterated"}},{"type":"Feature","geometry":{"type":"Point","coordinates":[-68.587646484375,9.663030792615075]},"properties":{"wikidata":"Q995718","display_name":"聖卡洛斯","display_name_en":"San Carlos","kind_detail":"city","population":5000,"sort_key":-469526,"geonames_id":"3628503","match_type":"name+coordinate","match_distance_km":0.17}},{"type":"Feature","geometry":{"type":"Point","coordinates":[13.171234130859375,3.988930720384147]},"properties":{"wikidata":"Q322917","display_name":"阿邦姆邦","display_name_en":"Abong-Mbang","kind_detail":"city","population":5000,"sort_key":-469525,"match_type":"machine-transliterated"}},{"type":"Feature","geometry":{"type":"Point","coordinates":[-58.481597900390625,7.261669781279352]},"properties":{"wikidata":"Q563067","display_name":"安娜里贾纳","display_name_en":"Anna Regina","kind_detail":"city","population":5000,"sort_key":-469525,"match_type":"machine-transliterated"}},{"type":"Feature","geometry":{"type":"Point","coordinates":[-108.43505859375,54.13025957879543]},"properties":{"wikidata":"Q1904178","display_name":"草甸湖","display_name_en":"Meadow Lake","kind_detail":"town","population":5322,"sort_key":-469525,"match_type":"machine-transliterated"}},{"type":"Feature","geometry":{"type":"Point","coordinates":[14.9139404296875,-9.298662104222686]},"properties":{"wikidata":"Q985803","display_name":"恩达拉坦多","display_name_en":"N'dalatando","kind_detail":"city","population":5000,"sort_key":-469525,"match_type":"machine-transliterated"}},{"type":"Feature","geometry":{"type":"Point","coordinates":[43.891754150390625,4.12317612395961]},"properties":{"wikidata":"Q1017160","display_name":"胡杜尔","display_name_en":"Hudur","kind_detail":"city","population":5000,"sort_key":-469525,"match_type":"machine-transliterated"}},{"type":"Feature","geometry":{"type":"Point","coordinates":[49.0869140625,9.507307188624395]},"properties":{"wikidata":"Q1641881","display_name":"卡尔多","display_name_en":"Qardho","kind_detail":"city","population":5000,"sort_key":-469525,"match_type":"machine-transliterated"}},{"type":"Feature","geometry":{"type":"Point","coordinates":[31.95648193359375,-25.433353427832145]},"properties":{"wikidata":"Q1779827","display_name":"科马蒂普特","display_name_en":"Komatipoort","kind_detail":"town","population":4683,"sort_key":-469525,"match_type":"machine-transliterated"}},{"type":"Feature","geometry":{"type":"Point","coordinates":[12.46673583984375,-1.1342642839220645]},"properties":{"wikidata":"Q985614","display_name":"库拉穆图","display_name_en":"Koulamoutou","kind_detail":"city","population":5000,"sort_key":-469525,"match_type":"machine-transliterated"}},{"type":"Feature","geometry":{"type":"Point","coordinates":[-69.66156005859375,-22.344995208437894]},"properties":{"wikidata":"Q16923","display_name":"玛丽亚·埃琳娜","display_name_en":"María Elena","kind_detail":"town","population":4902,"sort_key":-469525,"match_type":"machine-transliterated"}},{"type":"Feature","geometry":{"type":"Point","coordinates":[-7.266082763671875,16.61776968610718]},"properties":{"wikidata":"Q752257","display_name":"内马","display_name_en":"Néma","kind_detail":"city","population":5000,"sort_key":-469525,"match_type":"machine-transliterated"}},{"type":"Feature","geometry":{"type":"Point","coordinates":[-88.8079833984375,16.098598010301885]},"properties":{"wikidata":"Q883362","display_name":"蓬塔戈爾達","display_name_en":"Punta Gorda","kind_detail":"town","population":5438,"sort_key":-469525,"geonames_id":"3581398","match_type":"name+coordinate","match_distance_km":0.185}},{"type":"Feature","geometry":{"type":"Point","coordinates":[45.503997802734375,2.779823090877869]},"properties":{"wikidata":"Q646574","display_name":"乔哈尔","display_name_en":"Jowhar","kind_detail":"city","population":5000,"sort_key":-469525,"match_type":"machine-transliterated"}},{"type":"Feature","geometry":{"type":"Point","coordinates":[42.576141357421875,1.2523416766996291]},"properties":{"wikidata":"Q997314","display_name":"布阿勒","display_name_en":"Bu'aale","kind_detail":"city","population":5000,"sort_key":-469524,"match_type":"machine-transliterated"}},{"type":"Feature","geometry":{"type":"Point","coordinates":[-57.874603271484375,-21.038364313865856]},"properties":{"wikidata":"Q136498","display_name":"奥林波堡","display_name_en":"Fuerte Olimpo","kind_detail":"town","population":4498,"sort_key":-469523,"geonames_id":"3438102","match_type":"name+coordinate","match_distance_km":0.362}},{"type":"Feature","geometry":{"type":"Point","coordinates":[43.18450927734375,9.93909299583271]},"properties":{"wikidata":"Q893092","display_name":"博拉马","display_name_en":"Borama","kind_detail":"city","population":5000,"sort_key":-469523,"geonames_id":"64021","match_type":"name+coordinate","match_distance_km":0.382}},{"type":"Feature","geometry":{"type":"Point","coordinates":[104.98123168945312,13.804741750031582]},"properties":{"wikidata":"Q2428308","display_name":"柏威夏","display_name_en":"Preah Vihear Municipality","kind_detail":"city","population":5000,"sort_key":-469522,"match_type":"machine-transliterated"}},{"type":"Feature","geometry":{"type":"Point","coordinates":[-83.77212524414062,15.266963072935084]},"properties":{"wikidata":"Q2075665","display_name":"伦皮拉港","display_name_en":"Puerto Lempira","kind_detail":"city","population":5000,"sort_key":-469522,"match_type":"machine-transliterated"}},{"type":"Feature","geometry":{"type":"Point","coordinates":[-9.589691162109375,15.229864648314546]},"properties":{"wikidata":"Q614243","display_name":"尼奥罗杜萨赫勒","display_name_en":"Nioro du Sahel","kind_detail":"city","population":5000,"sort_key":-469522,"match_type":"machine-transliterated"}},{"type":"Feature","geometry":{"type":"Point","coordinates":[-66.77627563476562,10.113541941247405]},"properties":{"wikidata":"Q1972757","display_name":"奥库马雷德尔图伊","display_name_en":"Ocumare del Tuy","kind_detail":"city","population":5000,"sort_key":-469521,"match_type":"machine-transliterated"}},{"type":"Feature","geometry":{"type":"Point","coordinates":[-8.164215087890625,16.24368307071971]},"properties":{"wikidata":"Q986057","display_name":"廷贝德拉","display_name_en":"Timbedra","kind_detail":"city","population":5000,"sort_key":-469521,"match_type":"machine-transliterated"}},{"type":"Feature","geometry":{"type":"Point","coordinates":[44.078521728515625,2.794911419611708]},"properties":{"wikidata":"Q1018270","display_name":"布哈卡巴","display_name_en":"Buurhakaba","kind_detail":"city","population":5000,"sort_key":-469519,"match_type":"machine-transliterated"}},{"type":"Feature","geometry":{"type":"Point","coordinates":[-12.185211181640625,15.158299227720931]},"properties":{"wikidata":"Q1010137","display_name":"塞利巴比","display_name_en":"Sélibabi","kind_detail":"city","population":5000,"sort_key":-469519,"match_type":"machine-transliterated"}},{"type":"Feature","geometry":{"type":"Point","coordinates":[42.220458984375,3.3283571863216395]},"properties":{"wikidata":"Q1017167","display_name":"加尔巴哈雷","display_name_en":"Garbaharey","kind_detail":"city","population":5000,"sort_key":-469517,"match_type":"machine-transliterated"}},{"type":"Feature","geometry":{"type":"Point","coordinates":[-66.36016845703125,9.861981146303023]},"properties":{"wikidata":"Q433758","display_name":"阿尔塔格拉西亚德奥里图科","display_name_en":"Altagracia de Orituco","kind_detail":"city","population":5000,"sort_key":-469515,"match_type":"machine-transliterated"}},{"type":"Feature","geometry":{"type":"Point","coordinates":[-91.856689453125,47.90161354142077]},"properties":{"wikidata":"Q514934","display_name":"伊利","display_name_en":"Ely","kind_detail":"town","population":3268,"sort_key":-469501,"geonames_id":"5025627","match_type":"name+coordinate","match_distance_km":0.796}},{"type":"Feature","geometry":{"type":"Point","coordinates":[140.60165405273438,-34.28558793000448]},"properties":{"wikidata":"Q827089","display_name":"贝里","display_name_en":"Berri","kind_detail":"town","population":4143,"sort_key":-469499,"match_type":"machine-transliterated"}},{"type":"Feature","geometry":{"type":"Point","coordinates":[138.61175537109375,-33.8339199536547]},"properties":{"wikidata":"Q2975529","display_name":"克莱尔","display_name_en":"Clare","kind_detail":"town","population":3379,"sort_key":-469499,"match_type":"machine-transliterated"}},{"type":"Feature","geometry":{"type":"Point","coordinates":[-118.39553833007812,37.363608517704066]},"properties":{"wikidata":"Q852658","display_name":"毕晓普","display_name_en":"Bishop","kind_detail":"town","population":3879,"sort_key":-469498,"geonames_id":"5328808","match_type":"name+coordinate","match_distance_km":0.039}},{"type":"Feature","geometry":{"type":"Point","coordinates":[-107.61245727539062,45.732066866965994]},"properties":{"wikidata":"Q964591","display_name":"哈丁","display_name_en":"Hardin","kind_detail":"town","population":3818,"sort_key":-469498,"geonames_id":"5656170","match_type":"name+coordinate","match_distance_km":0.057}},{"type":"Feature","geometry":{"type":"Point","coordinates":[-77.76260375976562,7.103618176327373]},"properties":{"wikidata":"Q1655005","display_name":"胡拉多","display_name_en":"Juradó","kind_detail":"town","population":3319,"sort_key":-469498,"match_type":"machine-transliterated"}},{"type":"Feature","geometry":{"type":"Point","coordinates":[-173.98361206054688,-18.65144989439662]},"properties":{"wikidata":"Q1025393","display_name":"内亚富","display_name_en":"Neiafu","kind_detail":"town","population":4051,"sort_key":-469498,"match_type":"machine-transliterated"}},{"type":"Feature","geometry":{"type":"Point","coordinates":[10.699310302734375,32.01040495819056]},"properties":{"wikidata":"Q1015418","display_name":"德希巴","display_name_en":"Dhehiba","kind_detail":"town","population":3971,"sort_key":-469497,"match_type":"machine-transliterated"}},{"type":"Feature","geometry":{"type":"Point","coordinates":[-106.63604736328125,48.195387408333374]},"properties":{"wikidata":"Q955640","display_name":"格拉斯哥","display_name_en":"Glasgow","kind_detail":"town","population":3242,"sort_key":-469497,"geonames_id":"5654320","match_type":"name+coordinate","match_distance_km":0.182}},{"type":"Feature","geometry":{"type":"Point","coordinates":[175.8087158203125,-38.98823513440444]},"properties":{"wikidata":"Q1026386","display_name":"图朗伊","display_name_en":"Tūrangi","kind_detail":"town","population":3790,"sort_key":-469497,"match_type":"machine-transliterated"}},{"type":"Feature","geometry":{"type":"Point","coordinates":[-109.83169555664062,32.253458681254116]},"properties":{"wikidata":"Q79450","display_name":"威尔科克斯","display_name_en":"Willcox","kind_detail":"town","population":3769,"sort_key":-469497,"geonames_id":"5321088","match_type":"name+coordinate","match_distance_km":0.074}},{"type":"Feature","geometry":{"type":"Point","coordinates":[-53.9373779296875,-32.93723381397089]},"properties":{"wikidata":"Q2298580","display_name":"韦尔加拉","display_name_en":"Vergara","kind_detail":"town","population":3960,"sort_key":-469497,"match_type":"machine-transliterated"}},{"type":"Feature","geometry":{"type":"Point","coordinates":[19.3963623046875,-29.128171782816196]},"properties":{"wikidata":"Q993179","display_name":"波法德","display_name_en":"Pofadder","kind_detail":"town","population":3287,"sort_key":-469496,"match_type":"machine-transliterated"}},{"type":"Feature","geometry":{"type":"Point","coordinates":[-100.42739868164062,45.53713668039859]},"properties":{"wikidata":"Q2284683","display_name":"莫布里奇","display_name_en":"Mobridge","kind_detail":"town","population":3261,"sort_key":-469496,"geonames_id":"5767189","match_type":"name+coordinate","match_distance_km":0.041}},{"type":"Feature","geometry":{"type":"Point","coordinates":[117.17742919921875,-32.933776074108295]},"properties":{"wikidata":"Q995005","display_name":"纳罗金","display_name_en":"Narrogin","kind_detail":"town","population":3745,"sort_key":-469496,"match_type":"machine-transliterated"}},{"type":"Feature","geometry":{"type":"Point","coordinates":[145.12802124023438,-40.841865966890786]},"properties":{"wikidata":"Q1001465","display_name":"史密斯顿","display_name_en":"Smithton","kind_detail":"town","population":3282,"sort_key":-469496,"match_type":"machine-transliterated"}},{"type":"Feature","geometry":{"type":"Point","coordinates":[117.55508422851562,-33.6912097228257]},"properties":{"wikidata":"Q984146","display_name":"卡坦宁","display_name_en":"Katanning","kind_detail":"town","population":3641,"sort_key":-469495,"match_type":"machine-transliterated"}},{"type":"Feature","geometry":{"type":"Point","coordinates":[-71.37130737304688,-38.453588708941375]},"properties":{"wikidata":"Q16902","display_name":"隆基迈","display_name_en":"Lonquimay","kind_detail":"town","population":3562,"sort_key":-469495,"match_type":"machine-transliterated"}},{"type":"Feature","geometry":{"type":"Point","coordinates":[148.58322143554688,-20.401271959729442]},"properties":{"wikidata":"Q2558550","display_name":"普拉瑟潘","display_name_en":"Proserpine","kind_detail":"town","population":3440,"sort_key":-469494,"geonames_id":"2152490","match_type":"name+coordinate","match_distance_km":0.315}},{"type":"Feature","geometry":{"type":"Point","coordinates":[-122.31216430664062,41.31391840659438]},"properties":{"wikidata":"Q987106","display_name":"芒特沙斯塔","display_name_en":"Mount Shasta","kind_detail":"town","population":3394,"sort_key":-469492,"geonames_id":"5568295","match_type":"name+coordinate","match_distance_km":0.409}},{"type":"Feature","geometry":{"type":"Point","coordinates":[5.151214599609375,23.691062104790802]},"properties":{"wikidata":"Q3123591","display_name":"在阿姆格尔","display_name_en":"In Amguel","kind_detail":"town","population":4208,"sort_key":-469488,"match_type":"machine-transliterated"}},{"type":"Feature","geometry":{"type":"Point","coordinates":[-103.765869140625,44.35233235179041]},"properties":{"wikidata":"Q584982","display_name":"莱德","display_name_en":"Lead","kind_detail":"town","population":3124,"sort_key":-469468,"geonames_id":"5766425","match_type":"name+coordinate","match_distance_km":0.055}},{"type":"Feature","geometry":{"type":"Point","coordinates":[-84.77462768554688,47.99267886541119]},"properties":{"wikidata":"Q1284782","display_name":"娃娃","display_name_en":"Wawa","kind_detail":"town","population":2610,"sort_key":-469468,"match_type":"machine-transliterated"}},{"type":"Feature","geometry":{"type":"Point","coordinates":[-54.766845703125,-34.20158056821986]},"properties":{"wikidata":"Q404803","display_name":"艾瓜","display_name_en":"Aiguá","kind_detail":"town","population":2742,"sort_key":-469467,"match_type":"machine-transliterated"}},{"type":"Feature","geometry":{"type":"Point","coordinates":[-113.895263671875,45.17622870105657]},"properties":{"wikidata":"Q1516936","display_name":"鲑鱼","display_name_en":"Salmon","kind_detail":"town","population":3059,"sort_key":-469466,"match_type":"machine-transliterated"}},{"type":"Feature","geometry":{"type":"Point","coordinates":[-67.27752685546875,45.188812246819055]},"properties":{"wikidata":"Q612696","display_name":"卡利斯","display_name_en":"Calais","kind_detail":"town","population":3026,"sort_key":-469466,"geonames_id":"4959834","match_type":"name+coordinate","match_distance_km":0.566}},{"type":"Feature","geometry":{"type":"Point","coordinates":[-125.90469360351562,49.1529696561704]},"properties":{"wikidata":"Q462564","display_name":"吐芬奴","display_name_en":"Tofino","kind_detail":"town","population":2650,"sort_key":-469466,"geonames_id":"6354950","match_type":"name+coordinate","match_distance_km":0.201}},{"type":"Feature","geometry":{"type":"Point","coordinates":[167.71728515625,-45.414840476226104]},"properties":{"wikidata":"Q1154973","display_name":"蒂阿瑙","display_name_en":"Te Anau","kind_detail":"town","population":2930,"sort_key":-469465,"match_type":"machine-transliterated"}},{"type":"Feature","geometry":{"type":"Point","coordinates":[-8.11065673828125,54.65397415021704]},"properties":{"wikidata":"Q855330","display_name":"多尼戈尔","display_name_en":"Donegal","kind_detail":"town","population":2749,"sort_key":-469465,"geonames_id":"2964752","match_type":"name+coordinate","match_distance_km":0.049}},{"type":"Feature","geometry":{"type":"Point","coordinates":[-112.82821655273438,37.84232584933157]},"properties":{"wikidata":"Q129989","display_name":"帕罗宛","display_name_en":"Parowan","kind_detail":"town","population":2549,"sort_key":-469465,"geonames_id":"5544619","match_type":"name+coordinate","match_distance_km":0.024}},{"type":"Feature","geometry":{"type":"Point","coordinates":[-162.59765625,66.89828991359681]},"properties":{"wikidata":"Q79810","display_name":"科策布","display_name_en":"Kotzebue","kind_detail":"town","population":3102,"sort_key":-469464,"geonames_id":"5866726","match_type":"name+coordinate","match_distance_km":0.027}},{"type":"Feature","geometry":{"type":"Point","coordinates":[-72.57293701171875,-47.25406775981565]},"properties":{"wikidata":"Q3800","display_name":"科克拉內","display_name_en":"Cochrane","kind_detail":"town","population":2789,"sort_key":-469464,"geonames_id":"3894483","match_type":"name+coordinate","match_distance_km":0.317}},{"type":"Feature","geometry":{"type":"Point","coordinates":[-105.29022216796875,55.100373319785945]},"properties":{"wikidata":"Q2782497","display_name":"拉龙日","display_name_en":"La Ronge","kind_detail":"town","population":2743,"sort_key":-469464,"match_type":"machine-transliterated"}},{"type":"Feature","geometry":{"type":"Point","coordinates":[-113.2855224609375,54.72144773076781]},"properties":{"wikidata":"Q754638","display_name":"阿萨巴斯卡","display_name_en":"Athabasca","kind_detail":"town","population":2965,"sort_key":-469463,"geonames_id":"5887916","match_type":"name+coordinate","match_distance_km":0.509}},{"type":"Feature","geometry":{"type":"Point","coordinates":[144.25872802734375,-23.438049100368616]},"properties":{"wikidata":"Q1721825","display_name":"朗芮","display_name_en":"Longreach","kind_detail":"town","population":2738,"sort_key":-469463,"geonames_id":"2159630","match_type":"name+coordinate","match_distance_km":1.071}},{"type":"Feature","geometry":{"type":"Point","coordinates":[117.79815673828125,-22.688785246513845]},"properties":{"wikidata":"Q1001642","display_name":"汤姆·普莱斯","display_name_en":"Tom Price","kind_detail":"town","population":2874,"sort_key":-469463,"match_type":"machine-transliterated"}},{"type":"Feature","geometry":{"type":"Point","coordinates":[140.7733154296875,-36.31069878418269]},"properties":{"wikidata":"Q721784","display_name":"边境城镇","display_name_en":"Bordertown","kind_detail":"town","population":2840,"sort_key":-469462,"match_type":"machine-transliterated"}},{"type":"Feature","geometry":{"type":"Point","coordinates":[-111.29837036132812,42.32200108060303]},"properties":{"wikidata":"Q984372","display_name":"蒙特皮利爾","display_name_en":"Montpelier","kind_detail":"town","population":2643,"sort_key":-469462,"geonames_id":"5601299","match_type":"name+coordinate","match_distance_km":0.058}},{"type":"Feature","geometry":{"type":"Point","coordinates":[-108.21258544921875,43.64601335623951]},"properties":{"wikidata":"Q1020393","display_name":"瑟莫波利斯","display_name_en":"Thermopolis","kind_detail":"town","population":3009,"sort_key":-469461,"geonames_id":"5840846","match_type":"name+coordinate","match_distance_km":0.044}},{"type":"Feature","geometry":{"type":"Point","coordinates":[-57.330780029296875,-30.720587702897625]},"properties":{"wikidata":"Q805555","display_name":"巴爾塔薩爾布魯姆","display_name_en":"Baltasar Brum","kind_detail":"town","population":2728,"sort_key":-469459,"geonames_id":"3443697","match_type":"name+coordinate","match_distance_km":0.491}},{"type":"Feature","geometry":{"type":"Point","coordinates":[24.514617919921875,29.74172456188616]},"properties":{"wikidata":"Q284251","display_name":"贾格布布","display_name_en":"Al Jaghbub","kind_detail":"town","population":2768,"sort_key":-469458,"match_type":"machine-transliterated"}},{"type":"Feature","geometry":{"type":"Point","coordinates":[-96.98867797851562,50.63204218884235]},"properties":{"wikidata":"Q1659757","display_name":"吉姆利","display_name_en":"Gimli","kind_detail":"town","population":1916,"sort_key":-469435,"match_type":"machine-transliterated"}},{"type":"Feature","geometry":{"type":"Point","coordinates":[-117.23098754882812,38.0686358867043]},"properties":{"wikidata":"Q988827","display_name":"托诺帕","display_name_en":"Tonopah","kind_detail":"town","population":2179,"sort_key":-469433,"geonames_id":"5513795","match_type":"name+coordinate","match_distance_km":0.182}},{"type":"Feature","geometry":{"type":"Point","coordinates":[-104.83154296875,31.04352163068421]},"properties":{"wikidata":"Q976246","display_name":"范霍恩","display_name_en":"Van Horn","kind_detail":"town","population":1943,"sort_key":-469432,"geonames_id":"5532924","match_type":"name+coordinate","match_distance_km":0.368}},{"type":"Feature","geometry":{"type":"Point","coordinates":[-132.38250732421875,56.470835482929715]},"properties":{"wikidata":"Q43983","display_name":"兰格尔","display_name_en":"Wrangell","kind_detail":"town","population":2127,"sort_key":-469432,"match_type":"machine-transliterated"}},{"type":"Feature","geometry":{"type":"Point","coordinates":[118.27743530273438,-31.48137998424928]},"properties":{"wikidata":"Q240092","display_name":"梅里登","display_name_en":"Merredin","kind_detail":"town","population":2384,"sort_key":-469432,"match_type":"machine-transliterated"}},{"type":"Feature","geometry":{"type":"Point","coordinates":[-112.7142333984375,32.94760622243483]},"properties":{"wikidata":"Q991040","display_name":"希拉本德","display_name_en":"Gila Bend","kind_detail":"town","population":1892,"sort_key":-469431,"geonames_id":"5295860","match_type":"name+coordinate","match_distance_km":0.243}},{"type":"Feature","geometry":{"type":"Point","coordinates":[-109.34005737304688,37.87485339352928]},"properties":{"wikidata":"Q130063","display_name":"蒙蒂塞洛","display_name_en":"Monticello","kind_detail":"town","population":1922,"sort_key":-469430,"geonames_id":"5543377","match_type":"name+coordinate","match_distance_km":0.459}},{"type":"Feature","geometry":{"type":"Point","coordinates":[147.51480102539062,-41.160046141686884]},"properties":{"wikidata":"Q1366429","display_name":"斯科茨代尔","display_name_en":"Scottsdale","kind_detail":"town","population":1979,"sort_key":-469430,"geonames_id":"2150060","match_type":"name+coordinate","match_distance_km":0.324}},{"type":"Feature","geometry":{"type":"Point","coordinates":[-55.592193603515625,51.36577890540215]},"properties":{"wikidata":"Q2317218","display_name":"圣安东尼","display_name_en":"St. Anthony","kind_detail":"town","population":2258,"sort_key":-469429,"match_type":"machine-transliterated"}},{"type":"Feature","geometry":{"type":"Point","coordinates":[-84.98336791992188,29.725029739978922]},"properties":{"wikidata":"Q617392","display_name":"阿巴拉契科拉","display_name_en":"Apalachicola","kind_detail":"town","population":2331,"sort_key":-469428,"geonames_id":"4146148","match_type":"name+coordinate","match_distance_km":0.241}},{"type":"Feature","geometry":{"type":"Point","coordinates":[117.66357421875,-34.62190760563037]},"properties":{"wikidata":"Q1950380","display_name":"巴克山","display_name_en":"Mount Barker","kind_detail":"town","population":1898,"sort_key":-469428,"match_type":"machine-transliterated"}},{"type":"Feature","geometry":{"type":"Point","coordinates":[-95.26657104492188,54.952385690633605]},"properties":{"wikidata":"Q3359050","display_name":"牛津之家","display_name_en":"Oxford House","kind_detail":"town","population":2424,"sort_key":-469421,"match_type":"machine-transliterated"}},{"type":"Feature","geometry":{"type":"Point","coordinates":[-80.29769897460938,37.7967631768216]},"properties":{"wikidata":"Q2035099","display_name":"白硫磺泉镇","display_name_en":"White Sulphur Springs","kind_detail":"town","population":2321,"sort_key":-469419,"geonames_id":"4827104","match_type":"name+coordinate","match_distance_km":0.03}},{"type":"Feature","geometry":{"type":"Point","coordinates":[-55.147247314453125,-33.473835714155776]},"properties":{"wikidata":"Q1668942","display_name":"何塞·巴特列和奥尔多涅斯","display_name_en":"José Batlle y Ordóñez","kind_detail":"town","population":2313,"sort_key":-469419,"match_type":"machine-transliterated"}},{"type":"Feature","geometry":{"type":"Point","coordinates":[145.9423828125,-30.091672431906318]},"properties":{"wikidata":"Q895237","display_name":"布尔克","display_name_en":"Bourke","kind_detail":"town","population":1535,"sort_key":-469402,"match_type":"machine-transliterated"}},{"type":"Feature","geometry":{"type":"Point","coordinates":[93.43734741210938,54.34935319464677]},"properties":{"wikidata":"Q104010","display_name":"阿尔捷莫夫斯克","display_name_en":"Artemovsk","kind_detail":"town","population":1705,"sort_key":-469399,"match_type":"machine-transliterated"}},{"type":"Feature","geometry":{"type":"Point","coordinates":[136.1041259765625,-34.37631232462589]},"properties":{"wikidata":"Q2219899","display_name":"坦比湾","display_name_en":"Tumby Bay","kind_detail":"town","population":1511,"sort_key":-469399,"match_type":"machine-transliterated"}},{"type":"Feature","geometry":{"type":"Point","coordinates":[145.55511474609375,-42.07987816698547]},"properties":{"wikidata":"Q1009718","display_name":"皇后镇","display_name_en":"Queenstown","kind_detail":"town","population":1772,"sort_key":-469398,"match_type":"machine-transliterated"}},{"type":"Feature","geometry":{"type":"Point","coordinates":[139.84771728515625,-36.83896555078596]},"properties":{"wikidata":"Q1028160","display_name":"金斯顿东南部","display_name_en":"Kingston SE","kind_detail":"town","population":1637,"sort_key":-469397,"match_type":"machine-transliterated"}},{"type":"Feature","geometry":{"type":"Point","coordinates":[-58.797454833984375,-23.492217202245058]},"properties":{"wikidata":"Q1315847","display_name":"科罗拉多州波索","display_name_en":"Pozo Colorado","kind_detail":"town","population":1706,"sort_key":-469395,"match_type":"machine-transliterated"}},{"type":"Feature","geometry":{"type":"Point","coordinates":[117.344970703125,-33.30757713015297]},"properties":{"wikidata":"Q2539195","display_name":"瓦金","display_name_en":"Wagin","kind_detail":"town","population":1311,"sort_key":-469371,"match_type":"machine-transliterated"}},{"type":"Feature","geometry":{"type":"Point","coordinates":[-89.89151000976562,16.92939132481399]},"properties":{"wikidata":"Q679383","display_name":"弗洛雷斯","display_name_en":"Flores","kind_detail":"city","population":1235,"sort_key":-469370,"geonames_id":"3595725","match_type":"name+coordinate","match_distance_km":1.131}},{"type":"Feature","geometry":{"type":"Point","coordinates":[140.84060668945312,-37.37670527881836]},"properties":{"wikidata":"Q958646","display_name":"佩诺拉","display_name_en":"Penola","kind_detail":"town","population":1376,"sort_key":-469370,"match_type":"machine-transliterated"}},{"type":"Feature","geometry":{"type":"Point","coordinates":[-93.82736206054688,51.01893827029198]},"properties":{"wikidata":"Q1018643","display_name":"红湖","display_name_en":"Red Lake","kind_detail":"town","population":1274,"sort_key":-469368,"match_type":"machine-transliterated"}},{"type":"Feature","geometry":{"type":"Point","coordinates":[114.1644287109375,-27.71149449264223]},"properties":{"wikidata":"Q1007955","display_name":"卡尔巴里","display_name_en":"Kalbarri","kind_detail":"town","population":1270,"sort_key":-469368,"match_type":"machine-transliterated"}},{"type":"Feature","geometry":{"type":"Point","coordinates":[-171.00631713867188,65.58344942705202]},"properties":{"wikidata":"Q1020011","display_name":"拉夫连季亚","display_name_en":"Lavrentiya","kind_detail":"town","population":1425,"sort_key":-469367,"geonames_id":"4031637","match_type":"name+coordinate","match_distance_km":0.448}},{"type":"Feature","geometry":{"type":"Point","coordinates":[145.28732299804688,-23.555175386794573]},"properties":{"wikidata":"Q807895","display_name":"巴卡尔丁","display_name_en":"Barcaldine","kind_detail":"town","population":1243,"sort_key":-469366,"match_type":"machine-transliterated"}},{"type":"Feature","geometry":{"type":"Point","coordinates":[138.83560180664062,-32.97410795968922]},"properties":{"wikidata":"Q3900971","display_name":"彼得伯勒","display_name_en":"Peterborough","kind_detail":"town","population":1428,"sort_key":-469364,"match_type":"machine-transliterated"}},{"type":"Feature","geometry":{"type":"Point","coordinates":[114.92111206054688,-29.27442054681336]},"properties":{"wikidata":"Q7230578","display_name":"丹尼森港","display_name_en":"Port Denison","kind_detail":"town","population":1410,"sort_key":-469364,"match_type":"machine-transliterated"}},{"type":"Feature","geometry":{"type":"Point","coordinates":[-75.63949584960938,62.19754571654431]},"properties":{"wikidata":"Q1669213","display_name":"萨卢特","display_name_en":"Salluit","kind_detail":"town","population":1347,"sort_key":-469363,"match_type":"machine-transliterated"}},{"type":"Feature","geometry":{"type":"Point","coordinates":[115.90301513671875,-31.346600164871646]},"properties":{"wikidata":"Q3106766","display_name":"金金","display_name_en":"Gingin","kind_detail":"town","population":902,"sort_key":-469338,"match_type":"machine-transliterated"}},{"type":"Feature","geometry":{"type":"Point","coordinates":[136.92398071289062,-33.684353657331]},"properties":{"wikidata":"Q2082300","display_name":"考威尔","display_name_en":"Cowell","kind_detail":"town","population":1004,"sort_key":-469338,"match_type":"machine-transliterated"}},{"type":"Feature","geometry":{"type":"Point","coordinates":[143.0364990234375,-22.384364994133307]},"properties":{"wikidata":"Q1026409","display_name":"温顿","display_name_en":"Winton","kind_detail":"town","population":856,"sort_key":-469338,"match_type":"machine-transliterated"}},{"type":"Feature","geometry":{"type":"Point","coordinates":[-115.92361450195312,47.47173459547315]},"properties":{"wikidata":"Q1516495","display_name":"华莱士","display_name_en":"Wallace","kind_detail":"town","population":907,"sort_key":-469337,"match_type":"machine-transliterated"}},{"type":"Feature","geometry":{"type":"Point","coordinates":[-78.14163208007812,8.404451086685029]},"properties":{"wikidata":"Q1798993","display_name":"拉帕尔马","display_name_en":"La Palma","kind_detail":"city","population":1082,"sort_key":-469336,"match_type":"machine-transliterated"}},{"type":"Feature","geometry":{"type":"Point","coordinates":[139.33685302734375,-35.68964858696092]},"properties":{"wikidata":"Q180093","display_name":"梅宁吉","display_name_en":"Meningie","kind_detail":"town","population":860,"sort_key":-469336,"match_type":"machine-transliterated"}},{"type":"Feature","geometry":{"type":"Point","coordinates":[-150.11306762695312,62.32346817500712]},"properties":{"wikidata":"Q668224","display_name":"塔奇纳","display_name_en":"Talkeetna","kind_detail":"town","population":1055,"sort_key":-469335,"geonames_id":"5875745","match_type":"name+coordinate","match_distance_km":0.193}},{"type":"Feature","geometry":{"type":"Point","coordinates":[134.21035766601562,-32.797664489898004]},"properties":{"wikidata":"Q918732","display_name":"条纹湾","display_name_en":"Streaky Bay","kind_detail":"town","population":967,"sort_key":-469333,"match_type":"machine-transliterated"}},{"type":"Feature","geometry":{"type":"Point","coordinates":[-51.192169189453125,68.82039302277403]},"properties":{"wikidata":"Q950991","display_name":"卡西江吉特","display_name_en":"Qasigiannguit","kind_detail":"town","population":961,"sort_key":-469331,"geonames_id":"3420768","match_type":"name+coordinate","match_distance_km":0.126}},{"type":"Feature","geometry":{"type":"Point","coordinates":[-92.09014892578125,55.86067027806976]},"properties":{"wikidata":"Q5003449","display_name":"沙马塔瓦","display_name_en":"Shamattawa","kind_detail":"town","population":1019,"sort_key":-469328,"match_type":"machine-transliterated"}},{"type":"Feature","geometry":{"type":"Point","coordinates":[-135.4449462890625,58.11053805217787]},"properties":{"wikidata":"Q79525","display_name":"霍纳","display_name_en":"Hoonah","kind_detail":"town","population":739,"sort_key":-469306,"geonames_id":"5847155","match_type":"name+coordinate","match_distance_km":0.099}},{"type":"Feature","geometry":{"type":"Point","coordinates":[148.304443359375,-41.87467383975802]},"properties":{"wikidata":"Q2335428","display_name":"比舍诺","display_name_en":"Bicheno","kind_detail":"town","population":797,"sort_key":-469305,"match_type":"machine-transliterated"}},{"type":"Feature","geometry":{"type":"Point","coordinates":[-78.95462036132812,9.55064614281001]},"properties":{"wikidata":"Q1018577","display_name":"纳卢内加","display_name_en":"Nalunega","kind_detail":"town","population":800,"sort_key":-469304,"match_type":"machine-transliterated"}},{"type":"Feature","geometry":{"type":"Point","coordinates":[117.14584350585938,-20.77280704397792]},"properties":{"wikidata":"Q941071","display_name":"罗伯恩","display_name_en":"Roebourne","kind_detail":"town","population":700,"sort_key":-469303,"match_type":"machine-transliterated"}},{"type":"Feature","geometry":{"type":"Point","coordinates":[-78.50555419921875,52.240415223505494]},"properties":{"wikidata":"Q3046584","display_name":"东主城区","display_name_en":"Eastmain","kind_detail":"town","population":767,"sort_key":-469298,"match_type":"machine-transliterated"}},{"type":"Feature","geometry":{"type":"Point","coordinates":[-83.16375732421875,64.13637424560699]},"properties":{"wikidata":"Q652770","display_name":"珊瑚港","display_name_en":"Coral Harbour","kind_detail":"town","population":834,"sort_key":-469294,"match_type":"machine-transliterated"}},{"type":"Feature","geometry":{"type":"Point","coordinates":[136.417236328125,-33.13985104186068]},"properties":{"wikidata":"Q1562649","display_name":"金巴","display_name_en":"Kimba","kind_detail":"town","population":608,"sort_key":-469275,"match_type":"machine-transliterated"}},{"type":"Feature","geometry":{"type":"Point","coordinates":[-123.42041015625,65.18533556853157]},"properties":{"wikidata":"Q1270505","display_name":"德利内","display_name_en":"Délı̨nę","kind_detail":"town","population":550,"sort_key":-469273,"match_type":"machine-transliterated"}},{"type":"Feature","geometry":{"type":"Point","coordinates":[147.37335205078125,-42.301690328244504]},"properties":{"wikidata":"Q986573","display_name":"奥特兰兹","display_name_en":"Oatlands","kind_detail":"town","population":562,"sort_key":-469272,"match_type":"machine-transliterated"}},{"type":"Feature","geometry":{"type":"Point","coordinates":[-53.3660888671875,46.73609593770121]},"properties":{"wikidata":"Q7838668","display_name":"特雷帕西","display_name_en":"Trepassey","kind_detail":"town","population":570,"sort_key":-469271,"match_type":"machine-transliterated"}},{"type":"Feature","geometry":{"type":"Point","coordinates":[143.37432861328125,-31.558644351325462]},"properties":{"wikidata":"Q574953","display_name":"威尔坎尼亚","display_name_en":"Wilcannia","kind_detail":"town","population":539,"sort_key":-469271,"match_type":"machine-transliterated"}},{"type":"Feature","geometry":{"type":"Point","coordinates":[-160.49789428710938,55.34086085676003]},"properties":{"wikidata":"Q79400","display_name":"桑德波因特","display_name_en":"Sand Point","kind_detail":"town","population":578,"sort_key":-469270,"geonames_id":"5873349","match_type":"name+coordinate","match_distance_km":0.572}},{"type":"Feature","geometry":{"type":"Point","coordinates":[117.84759521484375,-28.06592146554172]},"properties":{"wikidata":"Q986063","display_name":"马格尼特山","display_name_en":"Mount Magnet","kind_detail":"town","population":576,"sort_key":-469268,"match_type":"machine-transliterated"}},{"type":"Feature","geometry":{"type":"Point","coordinates":[-70.01312255859375,60.01752092289769]},"properties":{"wikidata":"Q991147","display_name":"坎吉尔苏克","display_name_en":"Kangirsuk","kind_detail":"town","population":549,"sort_key":-469265,"match_type":"machine-transliterated"}},{"type":"Feature","geometry":{"type":"Point","coordinates":[-56.300811767578125,52.54629569752288]},"properties":{"wikidata":"Q7230680","display_name":"霍普港辛普森","display_name_en":"Port Hope Simpson","kind_detail":"town","population":529,"sort_key":-469263,"match_type":"machine-transliterated"}},{"type":"Feature","geometry":{"type":"Point","coordinates":[-60.2215576171875,55.460170838618154]},"properties":{"wikidata":"Q11338369","display_name":"霍普代尔","display_name_en":"Hopedale","kind_detail":"town","population":583,"sort_key":-469256,"match_type":"machine-transliterated"}},{"type":"Feature","geometry":{"type":"Point","coordinates":[116.01150512695312,-29.21091188130761]},"properties":{"wikidata":"Q3862840","display_name":"莫拉瓦","display_name_en":"Morawa","kind_detail":"town","population":443,"sort_key":-469242,"match_type":"machine-transliterated"}},{"type":"Feature","geometry":{"type":"Point","coordinates":[151.1224365234375,-25.37132752330035]},"properties":{"wikidata":"Q1059921","display_name":"艾兹沃尔德","display_name_en":"Eidsvold","kind_detail":"town","population":426,"sort_key":-469240,"match_type":"machine-transliterated"}},{"type":"Feature","geometry":{"type":"Point","coordinates":[143.140869140625,-20.729144092428456]},"properties":{"wikidata":"Q142476","display_name":"里士满","display_name_en":"Richmond","kind_detail":"town","population":459,"sort_key":-469240,"match_type":"machine-transliterated"}},{"type":"Feature","geometry":{"type":"Point","coordinates":[-124.05899047851562,69.34497934305278]},"properties":{"wikidata":"Q465235","display_name":"保拉图克","display_name_en":"Paulatuk","kind_detail":"town","population":294,"sort_key":-469208,"match_type":"machine-transliterated"}},{"type":"Feature","geometry":{"type":"Point","coordinates":[-77.618408203125,53.793350643154554]},"properties":{"wikidata":"Q326413","display_name":"丽笙城市酒店","display_name_en":"Radisson","kind_detail":"town","population":300,"sort_key":-469208,"match_type":"machine-transliterated"}},{"type":"Feature","geometry":{"type":"Point","coordinates":[131.8359375,-13.823411722388968]},"properties":{"wikidata":"Q18007","display_name":"松溪","display_name_en":"Pine Creek","kind_detail":"town","population":318,"sort_key":-469206,"match_type":"machine-transliterated"}},{"type":"Feature","geometry":{"type":"Point","coordinates":[120.047607421875,-33.581447082241716]},"properties":{"wikidata":"Q2748677","display_name":"雷文斯索普","display_name_en":"Ravensthorpe","kind_detail":"town","population":350,"sort_key":-469204,"match_type":"machine-transliterated"}},{"type":"Feature","geometry":{"type":"Point","coordinates":[-152.0782470703125,65.17207622859627]},"properties":{"wikidata":"Q79614","display_name":"塔纳纳","display_name_en":"Tanana","kind_detail":"town","population":275,"sort_key":-469178,"match_type":"machine-transliterated"}},{"type":"Feature","geometry":{"type":"Point","coordinates":[-148.6834716796875,60.773243788712335]},"properties":{"wikidata":"Q79716","display_name":"惠提尔","display_name_en":"Whittier","kind_detail":"town","population":272,"sort_key":-469176,"match_type":"machine-transliterated"}},{"type":"Feature","geometry":{"type":"Point","coordinates":[-105.83404541015625,59.25745766248798]},"properties":{"wikidata":"Q491457","display_name":"斯托尼急流","display_name_en":"Stony Rapids","kind_detail":"town","population":243,"sort_key":-469172,"match_type":"machine-transliterated"}},{"type":"Feature","geometry":{"type":"Point","coordinates":[-66.82022094726562,54.80068486732233]},"properties":{"wikidata":"Q141693","display_name":"谢弗维尔","display_name_en":"Schefferville","kind_detail":"town","population":237,"sort_key":-469171,"match_type":"machine-transliterated"}},{"type":"Feature","geometry":{"type":"Point","coordinates":[139.54696655273438,-17.73953093428966]},"properties":{"wikidata":"Q1016404","display_name":"伯克敦","display_name_en":"Burketown","kind_detail":"town","population":167,"sort_key":-469143,"match_type":"machine-transliterated"}},{"type":"Feature","geometry":{"type":"Point","coordinates":[144.30130004882812,-32.896885106142896]},"properties":{"wikidata":"Q3156235","display_name":"艾芬豪","display_name_en":"Ivanhoe","kind_detail":"town","population":162,"sort_key":-469113,"match_type":"machine-transliterated"}},{"type":"Feature","geometry":{"type":"Point","coordinates":[136.82510375976562,-31.199881019958518]},"properties":{"wikidata":"Q11068811","display_name":"伍默拉","display_name_en":"Woomera","kind_detail":"town","population":132,"sort_key":-469113,"match_type":"machine-transliterated"}}]}
