{"type":"FeatureCollection","features":[{"type":"Feature","properties":{"level":"country","left_geo_key":"indonesia","right_geo_key":"malaysia","left_area":152.632476,"right_area":26.654867,"min_area":26.654867,"max_area":152.632476},"geometry":{"type":"MultiLineString","coordinates":[[[117.2172,4.3534],[117.5671,4.1597]],[[116.8045,4.3301],[117.2172,4.3534]],[[116.722003,4.362725],[116.8045,4.3301]],[[116.7117,4.3668],[116.722003,4.362725]],[[116.587078,4.334628],[116.7117,4.3668]],[[116.5769,4.332],[116.587078,4.334628]],[[116.518455,4.381607],[116.5769,4.332]],[[116.5154,4.3842],[116.518455,4.381607]],[[116.511383,4.375036],[116.5154,4.3842]],[[116.4218,4.2918],[116.511383,4.375036]],[[116.3107,4.3834],[116.4218,4.2918]],[[116.1258,4.3789],[116.3107,4.3834]],[[116.004,4.2767],[116.1258,4.3789]],[[115.967243,4.331835],[116.004,4.2767]],[[115.9648,4.3355],[115.967243,4.331835]],[[115.831,4.3761],[115.9648,4.3355]],[[115.8175,4.2813],[115.831,4.3761]],[[115.654801,4.174296],[115.8175,4.2813]],[[115.6469,4.1691],[115.654801,4.174296]],[[115.6095,3.9969],[115.6469,4.1691]],[[115.5388,3.9206],[115.6095,3.9969]],[[115.56028,3.893427],[115.5388,3.9206]],[[115.58391,3.837495],[115.56028,3.893427]],[[115.5446,3.669],[115.58391,3.837495]],[[115.54923,3.650164],[115.5446,3.669]],[[115.6006,3.4412],[115.54923,3.650164]],[[115.59863,3.439206],[115.6006,3.4412]],[[115.5176,3.3572],[115.59863,3.439206]],[[115.4835,3.189],[115.5176,3.3572]],[[115.491571,3.181362],[115.4835,3.189]],[[115.4722,3.0505],[115.491571,3.181362]],[[115.31,2.9859],[115.4722,3.0505]],[[115.252136,3.033367],[115.31,2.9859]],[[115.2421,3.0416],[115.252136,3.033367]],[[115.1228,2.9129],[115.2421,3.0416]],[[115.091004,2.851619],[115.1228,2.9129]],[[115.079914,2.830246],[115.091004,2.851619]],[[115.0719,2.8148],[115.079914,2.830246]],[[115.096541,2.774636],[115.0719,2.8148]],[[115.089544,2.745622],[115.096541,2.774636]],[[115.057,2.7113],[115.089544,2.745622]],[[115.0565,2.6086],[115.057,2.7113]],[[115.155468,2.591511],[115.0565,2.6086]],[[115.167573,2.571998],[115.155468,2.591511]],[[115.189527,2.500793],[115.167573,2.571998]],[[114.935383,2.361144],[115.189527,2.500793]],[[114.934466,2.36064],[114.935383,2.361144]],[[114.9222,2.3539],[114.934466,2.36064]],[[114.919712,2.334359],[114.9222,2.3539]],[[114.887473,2.276934],[114.919712,2.334359]],[[114.7788,2.2472],[114.887473,2.276934]],[[114.75759,2.130883],[114.7788,2.2472]],[[114.7567,2.126],[114.75759,2.130883]],[[114.7806,2.0361],[114.7567,2.126]],[[114.840273,2.025862],[114.7806,2.0361]],[[114.833256,1.921231],[114.840273,2.025862]],[[114.6886,1.8502],[114.833256,1.921231]],[[114.687832,1.844076],[114.6886,1.8502]],[[114.669,1.694],[114.687832,1.844076]],[[114.5456,1.435],[114.669,1.694]],[[114.3982,1.5036],[114.5456,1.435]],[[114.182463,1.42385],[114.3982,1.5036]],[[114.0943,1.4657],[114.182463,1.42385]],[[113.901902,1.436618],[114.0943,1.4657]],[[113.8912,1.435],[113.901902,1.436618]],[[113.6248,1.2276],[113.8912,1.435]],[[113.5245,1.3136],[113.6248,1.2276]],[[113.508194,1.311069],[113.5245,1.3136]],[[113.3976,1.2939],[113.508194,1.311069]],[[113.089,1.4313],[113.3976,1.2939]],[[112.980951,1.433921],[113.089,1.4313]],[[112.995407,1.469025],[112.980951,1.433921]],[[113.0185,1.4924],[112.995407,1.469025]],[[113.012672,1.51095],[113.0185,1.4924]],[[112.999585,1.552608],[113.012672,1.51095]],[[112.9972,1.5602],[112.999585,1.552608]],[[112.987796,1.560334],[112.9972,1.5602]],[[112.4705,1.5677],[112.987796,1.560334]],[[112.17809,1.441611],[112.4705,1.5677]],[[112.1616,1.4345],[112.17809,1.441611]],[[112.169707,1.410794],[112.1616,1.4345]],[[112.1001,1.1549],[112.169707,1.410794]],[[111.9101,1.114],[112.1001,1.1549]],[[111.8231,1.0085],[111.9101,1.114]],[[111.6227,1.0303],[111.8231,1.0085]],[[111.5148,0.96538],[111.6227,1.0303]],[[111.4824,1.0129],[111.5148,0.96538]],[[111.359,1.013845],[111.4824,1.0129]],[[111.3518,1.0139],[111.359,1.013845]],[[111.207204,1.071382],[111.3518,1.0139]],[[111.1976,1.0752],[111.207204,1.071382]],[[110.8804,1.0105],[111.1976,1.0752]],[[110.782463,0.915256],[110.8804,1.0105]],[[110.735063,0.902013],[110.782463,0.915256]],[[110.6134,0.894],[110.735063,0.902013]],[[110.5539,0.8514],[110.6134,0.894]],[[110.4603,0.8797],[110.5539,0.8514]],[[110.3516,0.9865],[110.4603,0.8797]],[[110.271404,0.9936],[110.3516,0.9865]],[[110.209355,1.104731],[110.271404,0.9936]],[[110.1851,1.1542],[110.209355,1.104731]],[[110.180572,1.156282],[110.1851,1.1542]],[[110.0518,1.2155],[110.180572,1.156282]],[[109.9325,1.3785],[110.0518,1.2155]],[[109.8255,1.4176],[109.9325,1.3785]],[[109.658,1.5972],[109.8255,1.4176]],[[109.6472,1.7619],[109.658,1.5972]],[[109.5556,1.8022],[109.6472,1.7619]],[[109.5284,1.89],[109.5556,1.8022]],[[117.907,4.1567],[117.7036,4.1634]]]}},{"type":"Feature","properties":{"level":"country","left_geo_key":"indonesia","right_geo_key":"papuanewguinea","left_area":152.632476,"right_area":37.949799,"min_area":37.949799,"max_area":152.632476},"geometry":{"type":"LineString","coordinates":[[140.9745,-2.6005],[140.8504,-6.6236],[140.977,-9.1061]]}},{"type":"Feature","properties":{"level":"country","left_geo_key":"easttimor","right_geo_key":"indonesia","left_area":1.2411,"right_area":152.632476,"min_area":1.2411,"max_area":152.632476},"geometry":{"type":"MultiLineString","coordinates":[[[124.4505,-9.1802],[124.301812,-9.480393],[124.059405,-9.380768]],[[125.0616,-9.4858],[124.9579,-9.2119],[125.1624,-9.0606],[124.922325,-8.986915]]]}},{"type":"Feature","properties":{"level":"country","left_geo_key":"brunei","right_geo_key":"malaysia","left_area":0.456917,"right_area":26.654867,"min_area":0.456917,"max_area":26.654867},"geometry":{"type":"MultiLineString","coordinates":[[[115.2727,4.6368],[115.1462,4.9085]],[[115.2725,4.4747],[115.2727,4.6368]],[[115.354726,4.339428],[115.2725,4.4747]],[[115.352275,4.331975],[115.354726,4.339428]],[[115.0918,4.4054],[115.352275,4.331975]],[[115.029208,4.788901],[115.0918,4.4054]],[[114.934812,4.813015],[114.742,4.7295],[114.8456,4.3951],[114.6278,4.0167],[113.9988,4.6011]]]}},{"type":"Feature","properties":{"level":"country","left_geo_key":"malaysia","right_geo_key":"thailand","left_area":26.654867,"right_area":43.31024,"min_area":26.654867,"max_area":43.31024},"geometry":{"type":"MultiLineString","coordinates":[[[100.6126,6.4492],[101.078393,6.236113],[100.9653,5.7924],[101.1222,5.6299],[101.5347,5.906],[101.8123,5.7525],[102.072181,6.24992]],[[100.3874,6.5221],[100.6126,6.4492]],[[100.385887,6.524095],[100.3874,6.5221]],[[100.296156,6.642458],[100.385887,6.524095]],[[100.260095,6.690026],[100.296156,6.642458]],[[100.17179,6.694829],[100.260095,6.690026]],[[100.16115,6.634436],[100.17179,6.694829]]]}},{"type":"Feature","properties":{"level":"country","left_geo_key":"bolivia","right_geo_key":"chile","left_area":92.189652,"right_area":76.174727,"min_area":76.174727,"max_area":92.189652},"geometry":{"type":"MultiLineString","coordinates":[[[-69.500379,-17.592445],[-69.082684,-18.039632],[-68.9896,-18.9465],[-68.455,-19.4154],[-68.7032,-19.7155],[-68.545744,-19.930558],[-68.7755,-20.0897],[-68.7654,-20.4212],[-68.2075,-21.2843],[-67.8763,-22.8336],[-67.1939,-22.8222]],[[-69.5061,-17.5851],[-69.500379,-17.592445]],[[-69.5101,-17.5066],[-69.5061,-17.5851]]]}},{"type":"Feature","properties":{"level":"country","left_geo_key":"chile","right_geo_key":"peru","left_area":76.174727,"right_area":106.464462,"min_area":76.174727,"max_area":106.464462},"geometry":{"type":"LineString","coordinates":[[-69.5101,-17.5066],[-69.8498,-17.6916],[-69.8436,-18.1132],[-70.1591,-18.326]]}},{"type":"Feature","properties":{"level":"country","left_geo_key":"argentina","right_geo_key":"chile","left_area":278.56436,"right_area":76.174727,"min_area":76.174727,"max_area":278.56436},"geometry":{"type":"MultiLineString","coordinates":[[[-68.448523,-52.339657],[-69.9528,-52.0074],[-71.9652,-51.9706],[-72.4501,-51.5527],[-72.265268,-51.239862],[-72.4031,-51.1261],[-72.32268,-50.644243],[-73.1777,-50.7495],[-73.5306,-50.1408],[-73.4651,-49.76]],[[-73.10306,-49.270873],[-72.9696,-48.9643],[-72.61358,-48.807186],[-72.5768,-48.4521],[-72.2951,-48.3333],[-72.5439,-47.9148],[-72.3612,-47.451],[-71.8807,-47.2219],[-71.9462,-46.8311],[-71.6849,-46.5192],[-71.9147,-46.1523],[-71.6123,-45.9705],[-71.7824,-45.6418],[-71.3172,-45.2672],[-72.0887,-44.7828],[-71.2978,-44.7956],[-71.1224,-44.5494],[-71.8606,-44.3771],[-71.6599,-43.9263],[-71.9411,-43.3984],[-71.7457,-43.1992],[-72.1485,-42.9987],[-72.1484,-42.5926],[-72.0098,-42.1247],[-71.751773,-42.091797],[-71.9556,-40.7204],[-71.6785,-40.3402],[-71.8238,-40.2101],[-71.6248,-39.931],[-71.7144,-39.6014],[-71.5035,-39.6017],[-71.3999,-38.9105],[-70.8343,-38.5644],[-71.185,-37.7061],[-71.1969,-36.8482],[-71.0433,-36.4843],[-70.3869,-36.0587],[-70.4284,-35.3571],[-70.5789,-35.2597],[-70.3866,-35.1667],[-70.0482,-34.2835],[-69.834398,-34.234437],[-69.7877,-33.3794],[-70.1095,-33.1696],[-70.0002,-32.889],[-70.569,-31.3042],[-70.280777,-31.035769],[-70.1738,-30.3822],[-69.8358,-30.1619],[-69.9804,-30.0725],[-70.0407,-29.2975],[-69.804232,-29.081625],[-69.654,-28.401],[-69.1902,-27.9514],[-68.829,-27.136],[-68.336364,-27.039059],[-68.5953,-26.4573],[-68.409,-26.1442],[-68.606,-25.437],[-68.374571,-25.10727],[-68.5724,-24.7699],[-68.2445,-24.3854],[-67.3624,-24.0304],[-67.014,-23.0007],[-67.1939,-22.8222]],[[-68.6541,-54.8862],[-68.642,-54.7992]]]}},{"type":"Feature","properties":{"level":"country","left_geo_key":"chile","right_geo_key":"southernpatagonianicefield","left_area":76.174727,"right_area":0.173277,"min_area":0.173277,"max_area":76.174727},"geometry":{"type":"LineString","coordinates":[[-73.4651,-49.76],[-73.584914,-49.532429],[-73.458447,-49.316676],[-73.10306,-49.270873]]}},{"type":"Feature","properties":{"level":"country","left_geo_key":"argentina","right_geo_key":"bolivia","left_area":278.56436,"right_area":92.189652,"min_area":92.189652,"max_area":278.56436},"geometry":{"type":"LineString","coordinates":[[-67.1939,-22.8222],[-66.7359,-22.2251],[-66.309683,-22.07772],[-66.24,-21.7924],[-65.7446,-22.114],[-64.5869,-22.2128],[-64.334472,-22.83099],[-63.9515,-22.0167],[-62.8186,-22.0009],[-62.649134,-22.230553]]}},{"type":"Feature","properties":{"level":"country","left_geo_key":"bolivia","right_geo_key":"paraguay","left_area":92.189652,"right_area":35.257023,"min_area":35.257023,"max_area":92.189652},"geometry":{"type":"LineString","coordinates":[[-62.649134,-22.230553],[-62.2688,-20.5531],[-61.7612,-19.6578],[-60.0064,-19.2981],[-59.0397,-19.3116],[-58.174449,-19.839122],[-58.1588,-20.1651]]}},{"type":"Feature","properties":{"level":"country","left_geo_key":"bolivia","right_geo_key":"brazil","left_area":92.189652,"right_area":707.163779,"min_area":92.189652,"max_area":707.163779},"geometry":{"type":"LineString","coordinates":[[-58.1588,-20.1651],[-57.8597,-19.9801],[-58.1246,-19.7299],[-57.4668,-18.2396],[-57.8007,-17.5335],[-58.3991,-17.2374],[-58.349306,-16.291242],[-60.1607,-16.2648],[-60.2464,-15.4783],[-60.5822,-15.0989],[-60.275414,-15.083679],[-60.4906,-13.7877],[-61.043447,-13.475116],[-61.848,-13.5308],[-62.129674,-13.149623],[-62.7705,-13.0105],[-63.1052,-12.6452],[-64.3957,-12.4573],[-64.9974,-11.9963],[-65.3886,-11.2532],[-65.413107,-9.684358],[-66.6319,-9.9043],[-68.6157,-11.1125],[-69.570513,-10.964599]]}},{"type":"Feature","properties":{"level":"country","left_geo_key":"bolivia","right_geo_key":"peru","left_area":92.189652,"right_area":106.464462,"min_area":92.189652,"max_area":106.464462},"geometry":{"type":"LineString","coordinates":[[-69.570513,-10.964599],[-68.6895,-12.4934],[-68.980901,-12.883479],[-69.1016,-13.6666],[-68.8644,-14.1912],[-69.3614,-14.788],[-69.1481,-15.2333],[-69.43,-15.6263],[-69.194505,-16.172713],[-68.8335,-16.329],[-69.63145,-17.205929],[-69.5101,-17.5066]]}},{"type":"Feature","properties":{"level":"country","left_geo_key":"brazil","right_geo_key":"peru","left_area":707.163779,"right_area":106.464462,"min_area":106.464462,"max_area":707.163779},"geometry":{"type":"LineString","coordinates":[[-69.570513,-10.964599],[-70.6413,-11.0108],[-70.525,-9.4309],[-71.2803,-9.9835],[-72.1957,-10.0056],[-72.322575,-9.533396],[-73.215,-9.409],[-72.975192,-8.994931],[-74.0097,-7.5611],[-73.9611,-7.3564],[-73.726209,-7.309445],[-73.7486,-6.8755],[-73.1478,-6.4762],[-73.2348,-6.0776],[-72.9179,-5.1321],[-71.9072,-4.5184],[-70.9687,-4.3853],[-70.6468,-4.1157],[-70.2167,-4.3289],[-69.959678,-4.225162]]}},{"type":"Feature","properties":{"level":"country","left_geo_key":"colombia","right_geo_key":"peru","left_area":92.591823,"right_area":106.464462,"min_area":92.591823,"max_area":106.464462},"geometry":{"type":"LineString","coordinates":[[-69.959678,-4.225162],[-70.3111,-3.8293],[-70.7341,-3.782],[-70.1058,-2.6252],[-70.9927,-2.1974],[-71.4208,-2.376],[-71.7385,-2.1377],[-72.173671,-2.407812],[-72.927626,-2.423168],[-73.1425,-2.3041],[-73.193,-1.7887],[-73.510191,-1.687177],[-73.6366,-1.2552],[-74.2668,-0.9723],[-74.8037,-0.189],[-75.303342,-0.099639]]}},{"type":"Feature","properties":{"level":"country","left_geo_key":"ecuador","right_geo_key":"peru","left_area":20.688438,"right_area":106.464462,"min_area":20.688438,"max_area":106.464462},"geometry":{"type":"LineString","coordinates":[[-75.303342,-0.099639],[-75.6376,-0.1115],[-75.270535,-0.536638],[-75.240501,-0.954596],[-75.4126,-0.9239],[-75.573,-1.5373],[-76.642117,-2.543826],[-77.8678,-2.9903],[-78.191967,-3.484933],[-78.3508,-3.3896],[-78.6817,-4.5671],[-79.0639,-5.0114],[-79.3172,-4.9444],[-79.658,-4.4387],[-80.1431,-4.2841],[-80.475657,-4.420636],[-80.3453,-4.1985],[-80.492,-4.0149],[-80.165,-3.8795],[-80.290862,-3.415362]]}},{"type":"Feature","properties":{"level":"country","left_geo_key":"argentina","right_geo_key":"southernpatagonianicefield","left_area":278.56436,"right_area":0.173277,"min_area":0.173277,"max_area":278.56436},"geometry":{"type":"LineString","coordinates":[[-73.10306,-49.270873],[-73.0597,-49.555],[-73.4651,-49.76]]}},{"type":"Feature","properties":{"level":"country","left_geo_key":"argentina","right_geo_key":"uruguay","left_area":278.56436,"right_area":17.085665,"min_area":17.085665,"max_area":278.56436},"geometry":{"type":"LineString","coordinates":[[-58.0965,-32.281],[-58.196,-31.8726],[-57.8019,-30.8925],[-57.8898,-30.5508],[-57.6425,-30.1931]]}},{"type":"Feature","properties":{"level":"country","left_geo_key":"argentina","right_geo_key":"brazilianisland","left_area":278.56436,"right_area":0.000173,"min_area":0.000173,"max_area":278.56436},"geometry":{"type":"LineString","coordinates":[[-57.6425,-30.1931],[-57.6028,-30.1905]]}},{"type":"Feature","properties":{"level":"country","left_geo_key":"argentina","right_geo_key":"brazil","left_area":278.56436,"right_area":707.163779,"min_area":278.56436,"max_area":707.163779},"geometry":{"type":"LineString","coordinates":[[-57.6028,-30.1905],[-55.9056,-28.378],[-55.68867,-28.386798],[-55.7725,-28.232],[-54.8189,-27.5362],[-53.842,-27.1635],[-53.6616,-26.2598],[-53.91,-25.6292],[-54.592326,-25.574886]]}},{"type":"Feature","properties":{"level":"country","left_geo_key":"argentina","right_geo_key":"paraguay","left_area":278.56436,"right_area":35.257023,"min_area":35.257023,"max_area":278.56436},"geometry":{"type":"LineString","coordinates":[[-54.592326,-25.574886],[-54.804599,-26.647639],[-55.4308,-26.9964],[-55.7547,-27.4437],[-56.1246,-27.2989],[-56.400124,-27.58642],[-58.022,-27.2598],[-58.6002,-27.313],[-58.6533,-27.1563],[-58.1814,-26.6416],[-58.139741,-26.193033],[-57.57,-25.5467],[-57.766,-25.1679],[-58.789169,-24.781244],[-60.0337,-24.007],[-60.987829,-23.809831],[-62.649134,-22.230553]]}},{"type":"Feature","properties":{"level":"country","left_geo_key":"cyprus","right_geo_key":"dhekeliasovereignbasearea","left_area":0.531791,"right_area":0.011706,"min_area":0.011706,"max_area":0.531791},"geometry":{"type":"MultiLineString","coordinates":[[[33.808998,35.044641],[33.8381,34.9637]],[[33.804958,35.048911],[33.808998,35.044641]],[[33.780793,34.976757],[33.780414,34.978382]],[[33.7397,35.0026],[33.7397,35.0026]],[[33.859878,35.066796],[33.8981,35.0613]]]}},{"type":"Feature","properties":{"level":"country","left_geo_key":"dhekeliasovereignbasearea","right_geo_key":"northerncyprus","left_area":0.011706,"right_area":0.344705,"min_area":0.011706,"max_area":0.344705},"geometry":{"type":"MultiLineString","coordinates":[[[33.804958,35.048911],[33.682543,35.048399]],[[33.859878,35.066796],[33.921962,35.067681]]]}},{"type":"Feature","properties":{"level":"country","left_geo_key":"cyprusnomansarea","right_geo_key":"dhekeliasovereignbasearea","left_area":0.029315,"right_area":0.011706,"min_area":0.011706,"max_area":0.029315},"geometry":{"type":"MultiLineString","coordinates":[[[33.682543,35.048399],[33.707751,34.997196]],[[33.8981,35.0613],[33.921962,35.067681]]]}},{"type":"Feature","properties":{"level":"country","left_geo_key":"akrotirisovereignbasearea","right_geo_key":"cyprus","left_area":0.012339,"right_area":0.531791,"min_area":0.012339,"max_area":0.531791},"geometry":{"type":"MultiLineString","coordinates":[[[32.969876,34.63928],[32.852056,34.69694]],[[32.9625,34.625],[32.969876,34.63928]],[[32.983579,34.636069],[32.9625,34.625]]]}},{"type":"Feature","properties":{"level":"country","left_geo_key":"cyprus","right_geo_key":"cyprusnomansarea","left_area":0.531791,"right_area":0.029315,"min_area":0.029315,"max_area":0.531791},"geometry":{"type":"MultiLineString","coordinates":[[[33.546,34.995],[33.462305,35.057379]],[[33.453585,35.08648],[32.832408,35.060812]],[[32.644007,35.172273],[32.632106,35.1611]]]}},{"type":"Feature","properties":{"level":"country","left_geo_key":"cyprus","right_geo_key":"northerncyprus","left_area":0.531791,"right_area":0.344705,"min_area":0.344705,"max_area":0.531791},"geometry":{"type":"MultiLineString","coordinates":[[[33.462305,35.057379],[33.453585,35.08648]],[[33.859878,35.066796],[33.804958,35.048911]]]}},{"type":"Feature","properties":{"level":"country","left_geo_key":"india","right_geo_key":"siachenglacier","left_area":278.532975,"right_area":0.206195,"min_area":0.206195,"max_area":278.532975},"geometry":{"type":"LineString","coordinates":[[77.8003,35.4954],[77.049,35.1104]]}},{"type":"Feature","properties":{"level":"country","left_geo_key":"india","right_geo_key":"pakistan","left_area":278.532975,"right_area":81.708298,"min_area":81.708298,"max_area":278.532975},"geometry":{"type":"LineString","coordinates":[[77.049,35.1104],[76.645429,34.745471],[75.7771,34.5038],[74.3489,34.7734],[73.9486,34.6627],[73.7749,34.371],[73.9983,34.1968],[73.8937,34.0543],[74.2723,33.9621],[73.9707,33.7471],[74.1578,33.4942],[74.0023,33.1777],[74.3462,32.7669],[74.6853,32.8312],[74.6893,32.4714],[75.042256,32.45605],[75.2981,32.1598],[74.5408,31.8109],[74.5096,31.1561],[74.6588,31.0838],[73.8677,30.3874],[73.9444,30.1883],[73.3703,29.9273],[72.9304,29.0477],[72.3546,28.7672],[71.8609,27.9502],[70.8316,27.7015],[70.3595,28.0163],[69.5344,27.1256],[69.5042,26.7352],[70.1581,26.5301],[70.115,25.8817],[70.6539,25.6745],[71.073419,24.407865],[70.771968,24.237147],[70.5209,24.4249],[69.972,24.1652],[68.7473,24.3312],[68.7245,23.9652],[68.270793,23.933154]]}},{"type":"Feature","properties":{"level":"country","left_geo_key":"bangladesh","right_geo_key":"india","left_area":12.069601,"right_area":278.532975,"min_area":12.069601,"max_area":278.532975},"geometry":{"type":"LineString","coordinates":[[89.071603,22.165616],[88.8428,22.9646],[88.9542,23.2074],[88.71,23.2412],[88.7702,23.4888],[88.543013,23.647045],[88.7375,24.2871],[88.032682,24.66412],[88.439423,25.172918],[88.9824,25.2749],[88.089346,25.838091],[88.161593,26.131538],[88.4976,26.3527],[88.37591,26.604498],[88.6634,26.2644],[88.9753,26.2243],[88.8919,26.3688],[89.04795,26.377291],[89.3353,25.9986],[89.5491,25.9689],[89.6584,26.2079],[89.8346,25.2824],[92.034,25.1817],[92.474623,24.935704],[92.223,24.8914],[91.867346,24.165707],[91.363,24.0998],[91.1408,23.6121],[91.3135,23.101],[91.404027,23.251668],[91.5861,22.9445],[91.7762,23.0653],[91.936853,23.709758],[92.244136,23.69856],[92.5759,21.9776]]}},{"type":"Feature","properties":{"level":"country","left_geo_key":"india","right_geo_key":"myanmar","left_area":278.532975,"right_area":57.649106,"min_area":57.649106,"max_area":278.532975},"geometry":{"type":"LineString","coordinates":[[92.5759,21.9776],[92.695821,22.143321],[92.9681,21.9872],[93.1737,22.2594],[93.0795,22.7727],[93.3752,23.1422],[93.4324,23.6473],[93.313125,24.046899],[94.1319,23.857],[94.7086,25.0259],[94.608,25.3946],[95.1512,26.0499],[95.1191,26.6042],[96.1426,27.2575],[96.711496,27.35605],[97.1229,27.0937],[96.883425,27.629394],[97.3149,27.8846],[97.323495,28.217479]]}},{"type":"Feature","properties":{"level":"country","left_geo_key":"china","right_geo_key":"india","left_area":954.894435,"right_area":278.532975,"min_area":278.532975,"max_area":954.894435},"geometry":{"type":"MultiLineString","coordinates":[[[97.323495,28.217479],[96.301852,28.420711],[96.592584,28.757884],[96.457605,28.994588],[96.195323,28.941106],[96.3662,29.2572],[96.141966,29.368467],[95.7448,29.3404],[95.367406,29.036496],[94.63043,29.319452],[93.927786,28.682752],[93.317191,28.603474],[93.2078,28.3405],[92.678611,28.133064],[92.575,27.8478],[91.9522,27.7248],[91.628932,27.854352]],[[88.891947,27.315777],[88.7416,27.5317],[88.8029,28.011],[88.594,28.1066],[88.118212,27.860893]],[[80.996277,30.226885],[80.1798,30.5595],[80.224591,30.734094],[79.8335,30.9615],[79.401592,31.023637],[79.1314,31.4384],[78.745095,31.308116],[78.744578,31.9642],[78.384807,32.547549],[78.736827,32.629844],[78.9434,32.3464],[79.6139,32.765],[79.333586,32.994292],[79.456094,33.250401],[78.800905,33.494236],[78.730109,34.079265],[78.95118,34.349171],[78.296027,34.624658],[78.044272,35.491589],[77.8003,35.4954]]]}},{"type":"Feature","properties":{"level":"country","left_geo_key":"bhutan","right_geo_key":"india","left_area":3.668321,"right_area":278.532975,"min_area":3.668321,"max_area":278.532975},"geometry":{"type":"LineString","coordinates":[[91.628932,27.854352],[91.6045,27.5321],[92.077282,27.2887],[92.0728,26.8878],[91.8631,26.8048],[90.3286,26.8907],[89.5975,26.721],[88.8671,26.9642],[88.743027,27.14396],[88.891947,27.315777]]}},{"type":"Feature","properties":{"level":"country","left_geo_key":"india","right_geo_key":"nepal","left_area":278.532975,"right_area":13.499779,"min_area":13.499779,"max_area":278.532975},"geometry":{"type":"LineString","coordinates":[[88.118212,27.860893],[87.9707,27.1027],[88.166268,26.75847],[87.994165,26.377208],[85.839938,26.571622],[85.5986,26.8544],[85.1949,26.7589],[84.1172,27.5133],[83.3049,27.3319],[82.7521,27.495],[82.6797,27.6944],[81.8557,27.8509],[81.1697,28.3613],[80.054781,28.824285],[80.369,29.7579],[80.996277,30.226885]]}},{"type":"Feature","properties":{"level":"country","left_geo_key":"china","right_geo_key":"siachenglacier","left_area":954.894435,"right_area":0.206195,"min_area":0.206195,"max_area":954.894435},"geometry":{"type":"MultiLineString","coordinates":[[[77.383731,35.471996],[76.763414,35.647076]],[[77.412773,35.469412],[77.383731,35.471996]],[[77.419336,35.470211],[77.412773,35.469412]],[[77.660563,35.458102],[77.419336,35.470211]],[[77.660613,35.458095],[77.660563,35.458102]],[[77.689655,35.462694],[77.660613,35.458095]],[[77.70528,35.47003],[77.689655,35.462694]],[[77.8003,35.4954],[77.70528,35.47003]]]}},{"type":"Feature","properties":{"level":"country","left_geo_key":"china","right_geo_key":"nepal","left_area":954.894435,"right_area":13.499779,"min_area":13.499779,"max_area":954.894435},"geometry":{"type":"LineString","coordinates":[[80.996277,30.226885],[81.194506,30.004475],[81.3849,30.3609],[82.088767,30.330088],[82.153827,30.058166],[83.187225,29.612114],[83.523718,29.183594],[84.0991,29.247],[84.450845,28.73388],[85.160982,28.595],[85.0874,28.30411],[85.676,28.3247],[85.98026,27.885172],[86.156,28.1565],[86.425298,27.909925],[86.6801,28.1057],[87.155796,27.825796],[88.118212,27.860893]]}},{"type":"Feature","properties":{"level":"country","left_geo_key":"bhutan","right_geo_key":"china","left_area":3.668321,"right_area":954.894435,"min_area":3.668321,"max_area":954.894435},"geometry":{"type":"LineString","coordinates":[[88.891947,27.315777],[89.91613,28.315601],[90.225594,28.358397],[90.5877,28.2333],[90.475232,28.072344],[91.008842,27.96677],[91.290182,28.09139],[91.628932,27.854352]]}},{"type":"Feature","properties":{"level":"country","left_geo_key":"china","right_geo_key":"myanmar","left_area":954.894435,"right_area":57.649106,"min_area":57.649106,"max_area":954.894435},"geometry":{"type":"LineString","coordinates":[[97.323495,28.217479],[97.670458,28.511278],[98.115,28.14389],[98.294703,27.536615],[98.410288,27.684244],[98.6657,27.5971],[98.755553,26.625043],[98.700272,26.165353],[98.54554,26.105643],[98.6924,25.879],[98.3326,25.567],[98.140087,25.611461],[97.7036,25.0739],[97.7652,24.8347],[97.536093,24.745028],[97.720096,24.147719],[97.516456,23.942829],[98.8553,24.138974],[98.6588,23.9611],[98.859009,23.179387],[99.5346,22.9493],[99.14447,22.153533],[99.94239,22.045502],[100.187145,21.427892],[101.0687,21.762],[101.159645,21.533667]]}},{"type":"Feature","properties":{"level":"country","left_geo_key":"china","right_geo_key":"laos","left_area":954.894435,"right_area":19.502175,"min_area":19.502175,"max_area":954.894435},"geometry":{"type":"LineString","coordinates":[[101.159645,21.533667],[101.259741,21.179484],[101.766739,21.150648],[101.803842,21.625916],[101.518226,22.228215],[101.7131,22.4915],[102.1187,22.3975]]}},{"type":"Feature","properties":{"level":"country","left_geo_key":"china","right_geo_key":"vietnam","left_area":954.894435,"right_area":27.917953,"min_area":27.917953,"max_area":954.894435},"geometry":{"type":"LineString","coordinates":[[102.1187,22.3975],[102.442749,22.765179],[103.029039,22.430157],[103.309615,22.787895],[103.503635,22.581413],[103.6469,22.799],[103.959525,22.507103],[104.086863,22.791558],[104.700772,22.818247],[104.8809,23.1717],[105.312177,23.365777],[105.853879,22.90465],[106.7987,22.7844],[106.526913,22.43827],[106.653107,21.968893],[107.991188,21.485696]]}},{"type":"Feature","properties":{"level":"country","left_geo_key":"china","right_geo_key":"northkorea","left_area":954.894435,"right_area":12.878548,"min_area":12.878548,"max_area":954.894435},"geometry":{"type":"LineString","coordinates":[[124.3856,40.110499],[126.007843,40.899313],[126.679509,41.735989],[128.14611,41.376339],[128.303,41.583406],[128.0346,41.9937],[128.940067,42.035368],[129.340146,42.445472],[129.703328,42.442372],[129.8798,42.996],[130.239,42.9022],[130.530801,42.530498]]}},{"type":"Feature","properties":{"level":"country","left_geo_key":"china","right_geo_key":"russia","left_area":954.894435,"right_area":2928.705159,"min_area":954.894435,"max_area":2928.705159},"geometry":{"type":"MultiLineString","coordinates":[[[130.530801,42.530498],[130.3797,42.6967],[131.102997,42.910412],[131.2809,43.3802],[131.2615,44.0461],[130.9301,44.825],[131.443,44.9713],[131.8531,45.3376],[133.0988,45.107808],[133.1798,45.4938],[133.4773,45.6277],[133.89,46.2508],[134.1836,47.3275],[134.772579,47.710732],[134.5594,48.0095],[134.703,48.2526],[134.3671,48.377],[133.091971,48.106782],[132.5472,47.7168],[130.9418,47.718],[130.6634,48.1164],[130.758975,48.485698],[130.5297,48.6163],[130.6743,48.8708],[130.2018,48.8826],[129.480603,49.421274],[127.8547,49.5849],[127.5387,49.7899],[127.5906,50.2087],[127.3307,50.3282],[127.2874,50.751],[126.4461,51.9825],[126.531263,52.152575],[125.9908,52.5864],[126.088,52.7754],[125.6465,52.8849],[125.638,53.0461],[125.0737,53.2122],[124.8701,53.108],[123.6143,53.5633],[120.874236,53.280156],[120.033,52.760683],[120.0794,52.59],[120.7074,52.5503],[120.7841,52.158],[120.085919,51.644411],[119.1376,50.3925],[119.3529,50.3455],[119.3013,50.0798],[118.644365,49.954575],[117.8738,49.5132],[116.684166,49.823102]],[[87.818099,49.153965],[87.3238,49.0853]]]}},{"type":"Feature","properties":{"level":"country","left_geo_key":"china","right_geo_key":"mongolia","left_area":954.894435,"right_area":184.474555,"min_area":184.474555,"max_area":954.894435},"geometry":{"type":"LineString","coordinates":[[116.684166,49.823102],[115.8004,48.5304],[115.799991,48.242328],[115.51422,48.131637],[115.575715,47.909738],[115.914506,47.683912],[116.822,47.8763],[117.360826,47.650865],[117.7669,47.9931],[118.4728,47.9894],[119.699959,47.159526],[119.872662,46.673225],[118.846523,46.765493],[117.3938,46.5714],[117.337486,46.357301],[116.5683,46.2909],[116.169893,45.709099],[115.6674,45.4543],[114.533711,45.3855],[113.604788,44.739702],[111.958261,45.084536],[111.397055,44.387369],[111.933353,43.696636],[110.973412,43.3156],[110.42474,42.785176],[109.4938,42.4552],[106.767829,42.286619],[104.97383,41.586145],[104.5049,41.6566],[104.5008,41.8706],[103.691427,41.759235],[102.034192,42.184605],[101.524945,42.537456],[96.379285,42.720548],[95.8744,43.2471],[95.535284,43.95768],[95.327499,44.006725],[95.397722,44.280502],[94.7209,44.3358],[93.5253,44.9513],[90.873231,45.186205],[90.651138,45.493142],[91.002435,46.021843],[90.8992,46.2817],[91.047496,46.566409],[90.3448,47.658642],[89.5418,48.031023],[89.0747,47.9843],[87.951839,48.575188],[88.05941,48.708087],[87.7379,48.8694],[87.818099,49.153965]]}},{"type":"Feature","properties":{"level":"country","left_geo_key":"china","right_geo_key":"kazakhstan","left_area":954.894435,"right_area":328.561956,"min_area":328.561956,"max_area":954.894435},"geometry":{"type":"LineString","coordinates":[[87.3238,49.0853],[86.859483,49.105324],[86.54642,48.517219],[85.718674,48.358832],[85.515379,47.92028],[85.678987,47.274893],[85.498615,47.051832],[84.7396,46.8148],[84.663545,46.983852],[83.021475,47.205905],[82.291493,45.533191],[82.631993,45.415802],[82.5397,45.1237],[81.9501,45.1445],[81.6652,45.348],[79.858205,44.90372],[80.4974,44.7149],[80.355849,44.652883],[80.338899,44.121494],[80.788191,43.168184],[80.227485,42.790981],[80.210838,42.188277]]}},{"type":"Feature","properties":{"level":"country","left_geo_key":"china","right_geo_key":"kyrgyzstan","left_area":954.894435,"right_area":21.401522,"min_area":21.401522,"max_area":954.894435},"geometry":{"type":"LineString","coordinates":[[80.210838,42.188277],[80.2312,42.0337],[78.359899,41.377527],[78.074955,41.039512],[76.860972,41.013208],[76.330191,40.34811],[75.6649,40.3057],[75.559863,40.63287],[75.212414,40.444701],[74.835359,40.511637],[74.8621,40.3262],[73.9767,40.0436],[73.818574,39.786048],[73.926784,39.592882],[73.642523,39.371976]]}},{"type":"Feature","properties":{"level":"country","left_geo_key":"china","right_geo_key":"tajikistan","left_area":954.894435,"right_area":14.644658,"min_area":14.644658,"max_area":954.894435},"geometry":{"type":"LineString","coordinates":[[73.642523,39.371976],[73.816403,38.586586],[74.3134,38.6692],[74.8262,38.4696],[74.891893,37.599205],[75.164068,37.400623],[74.892286,37.23111]]}},{"type":"Feature","properties":{"level":"country","left_geo_key":"afghanistan","right_geo_key":"china","left_area":62.585977,"right_area":954.894435,"min_area":62.585977,"max_area":954.894435},"geometry":{"type":"LineString","coordinates":[[74.892286,37.23111],[74.368308,37.167061],[74.542399,37.021688]]}},{"type":"Feature","properties":{"level":"country","left_geo_key":"china","right_geo_key":"pakistan","left_area":954.894435,"right_area":81.708298,"min_area":81.708298,"max_area":954.894435},"geometry":{"type":"LineString","coordinates":[[74.542399,37.021688],[75.7287,36.7232],[75.9768,36.4618],[75.922321,36.031652],[76.166027,35.806239],[76.5372,35.9025],[76.763414,35.647076]]}},{"type":"Feature","properties":{"level":"country","left_geo_key":"egypt","right_geo_key":"israel","left_area":90.759361,"right_area":2.106723,"min_area":2.106723,"max_area":90.759361},"geometry":{"type":"LineString","coordinates":[[34.4804,30.6512],[34.869907,29.532807]]}},{"type":"Feature","properties":{"level":"country","left_geo_key":"israel","right_geo_key":"jordan","left_area":2.106723,"right_area":8.383807,"min_area":2.106723,"max_area":8.383807},"geometry":{"type":"MultiLineString","coordinates":[[[34.999339,29.725922],[35.452216,31.491485]],[[35.4069,32.4148],[35.7576,32.7443]]]}},{"type":"Feature","properties":{"level":"country","left_geo_key":"israel","right_geo_key":"palestine","left_area":2.106723,"right_area":0.569697,"min_area":0.569697,"max_area":2.106723},"geometry":{"type":"MultiLineString","coordinates":[[[35.452216,31.491485],[34.8788,31.3628],[34.971003,31.623069],[35.2492,31.7236],[35.008085,31.842388],[35.053373,32.440488],[35.4069,32.4148]],[[34.4812,31.5831],[34.353577,31.306195]]]}},{"type":"Feature","properties":{"level":"country","left_geo_key":"israel","right_geo_key":"syria","left_area":2.106723,"right_area":18.379157,"min_area":2.106723,"max_area":18.379157},"geometry":{"type":"LineString","coordinates":[[35.7576,32.7443],[35.802633,33.381495]]}},{"type":"Feature","properties":{"level":"country","left_geo_key":"israel","right_geo_key":"lebanon","left_area":2.106723,"right_area":0.976124,"min_area":0.976124,"max_area":2.106723},"geometry":{"type":"LineString","coordinates":[[35.802633,33.381495],[35.4851,33.1026],[35.1052,33.089]]}},{"type":"Feature","properties":{"level":"country","left_geo_key":"jordan","right_geo_key":"palestine","left_area":8.383807,"right_area":0.569697,"min_area":0.569697,"max_area":8.383807},"geometry":{"type":"LineString","coordinates":[[35.452216,31.491485],[35.561,32.3847],[35.4069,32.4148]]}},{"type":"Feature","properties":{"level":"country","left_geo_key":"lebanon","right_geo_key":"syria","left_area":0.976124,"right_area":18.379157,"min_area":0.976124,"max_area":18.379157},"geometry":{"type":"LineString","coordinates":[[35.802633,33.381495],[36.0385,33.5863],[35.9484,33.7092],[36.3696,33.837],[36.2886,33.9465],[36.5982,34.2099],[36.3199,34.5141],[36.4402,34.6294],[36.166118,34.63104]]}},{"type":"Feature","properties":{"level":"country","left_geo_key":"ethiopia","right_geo_key":"southsudan","left_area":92.716268,"right_area":51.360447,"min_area":51.360447,"max_area":92.716268},"geometry":{"type":"LineString","coordinates":[[34.0707,9.4546],[34.0902,8.5565],[33.750567,8.37036],[33.2352,8.4556],[33.015,7.8506],[33.7066,7.6619],[34.7035,6.6849],[35.3024,5.3574],[35.803326,5.311168],[35.7516,4.8544],[35.911101,4.619342]]}},{"type":"Feature","properties":{"level":"country","left_geo_key":"ethiopia","right_geo_key":"kenya","left_area":92.716268,"right_area":47.645481,"min_area":47.645481,"max_area":92.716268},"geometry":{"type":"LineString","coordinates":[[35.911101,4.619342],[36.0453,4.4437],[36.920009,4.404951],[38.1141,3.6106],[39.5044,3.4033],[39.8485,3.8673],[40.7637,4.2849],[41.163,3.9427],[41.856698,3.961233]]}},{"type":"Feature","properties":{"level":"country","left_geo_key":"ethiopia","right_geo_key":"somalia","left_area":92.716268,"right_area":38.447479,"min_area":38.447479,"max_area":92.716268},"geometry":{"type":"LineString","coordinates":[[41.856698,3.961233],[42.079199,4.176407],[42.8316,4.3023],[43.5285,4.8416],[44.9415,4.9115],[47.9792,7.9966]]}},{"type":"Feature","properties":{"level":"country","left_geo_key":"ethiopia","right_geo_key":"somaliland","left_area":92.716268,"right_area":13.793141,"min_area":13.793141,"max_area":92.716268},"geometry":{"type":"LineString","coordinates":[[47.9792,7.9966],[46.9792,7.9966],[44.005989,9.001141],[43.419,9.413],[42.8363,10.2081],[42.6486,10.611],[42.906846,10.991911]]}},{"type":"Feature","properties":{"level":"country","left_geo_key":"djibouti","right_geo_key":"ethiopia","left_area":1.812307,"right_area":92.716268,"min_area":1.812307,"max_area":92.716268},"geometry":{"type":"LineString","coordinates":[[42.906846,10.991911],[41.774368,10.991276],[41.7924,11.7045],[42.3795,12.4659]]}},{"type":"Feature","properties":{"level":"country","left_geo_key":"eritrea","right_geo_key":"ethiopia","left_area":10.326436,"right_area":92.716268,"min_area":10.326436,"max_area":92.716268},"geometry":{"type":"LineString","coordinates":[[42.3795,12.4659],[40.8332,14.106],[40.1944,14.4446],[39.5323,14.5676],[39.2082,14.4402],[39.0097,14.6512],[38.442175,14.419877],[37.8915,14.8795],[37.565,14.1167],[37.2938,14.4574],[36.5264,14.2635]]}},{"type":"Feature","properties":{"level":"country","left_geo_key":"ethiopia","right_geo_key":"sudan","left_area":92.716268,"right_area":156.949224,"min_area":92.716268,"max_area":156.949224},"geometry":{"type":"LineString","coordinates":[[36.5264,14.2635],[36.1236,12.7214],[35.693526,12.652283],[35.066244,11.800497],[34.8513,10.7458],[34.5578,10.8778],[34.2795,10.5655],[34.0707,9.4546]]}},{"type":"Feature","properties":{"level":"country","left_geo_key":"southsudan","right_geo_key":"sudan","left_area":51.360447,"right_area":156.949224,"min_area":51.360447,"max_area":156.949224},"geometry":{"type":"LineString","coordinates":[[34.0707,9.4546],[33.8814,9.4992],[33.905558,10.184585],[33.1507,10.731],[33.2092,12.2104],[32.73328,12.194993],[32.7467,12.0027],[32.0822,11.9998],[32.3452,11.7091],[32.4307,11.0822],[31.2348,9.7923],[30.7791,9.7199],[30.013,10.2705],[28.8438,9.3245],[28.0451,9.3314],[27.8951,9.5954],[26.6257,9.4807],[25.870928,10.37912],[25.671482,10.392859],[25.082335,10.287864],[24.5584,8.8867],[24.20901,8.692096]]}},{"type":"Feature","properties":{"level":"country","left_geo_key":"centralafricanrepublic","right_geo_key":"southsudan","left_area":50.517002,"right_area":51.360447,"min_area":50.517002,"max_area":51.360447},"geometry":{"type":"LineString","coordinates":[[24.20901,8.692096],[24.1529,8.3179],[24.8002,8.1803],[25.2169,7.8641],[25.1904,7.5012],[26.378,6.6533],[26.4213,6.0937],[27.117467,5.771315],[27.418311,5.087916]]}},{"type":"Feature","properties":{"level":"country","left_geo_key":"democraticrepublicofthecongo","right_geo_key":"southsudan","left_area":189.832603,"right_area":51.360447,"min_area":51.360447,"max_area":189.832603},"geometry":{"type":"LineString","coordinates":[[27.418311,5.087916],[27.7769,4.5957],[28.368023,4.288536],[28.7469,4.5493],[29.2213,4.3407],[29.6068,4.6439],[30.200518,3.960239],[30.5155,3.8708],[30.543,3.6129],[30.877555,3.517559]]}},{"type":"Feature","properties":{"level":"country","left_geo_key":"southsudan","right_geo_key":"uganda","left_area":51.360447,"right_area":19.601318,"min_area":19.601318,"max_area":51.360447},"geometry":{"type":"LineString","coordinates":[[30.877555,3.517559],[31.189242,3.78171],[31.5054,3.6599],[31.775766,3.810645],[32.1558,3.5118],[32.9796,3.8792],[33.4906,3.7497],[33.9771,4.2197]]}},{"type":"Feature","properties":{"level":"country","left_geo_key":"kenya","right_geo_key":"southsudan","left_area":47.645481,"right_area":51.360447,"min_area":47.645481,"max_area":51.360447},"geometry":{"type":"LineString","coordinates":[[33.9771,4.2197],[34.3812,4.6202],[35.4116,5.0304],[35.6121,4.6195],[35.911101,4.619342]]}},{"type":"Feature","properties":{"level":"country","left_geo_key":"kenya","right_geo_key":"somalia","left_area":47.645481,"right_area":38.447479,"min_area":38.447479,"max_area":47.645481},"geometry":{"type":"LineString","coordinates":[[41.856698,3.961233],[40.9798,2.82887],[40.9798,-0.8708],[41.533419,-1.679288]]}},{"type":"Feature","properties":{"level":"country","left_geo_key":"somalia","right_geo_key":"somaliland","left_area":38.447479,"right_area":13.793141,"min_area":13.793141,"max_area":38.447479},"geometry":{"type":"LineString","coordinates":[[48.9391,11.2491],[48.9391,9.4512],[47.9792,7.9966]]}},{"type":"Feature","properties":{"level":"country","left_geo_key":"kenya","right_geo_key":"uganda","left_area":47.645481,"right_area":19.601318,"min_area":19.601318,"max_area":47.645481},"geometry":{"type":"LineString","coordinates":[[33.9771,4.2197],[34.0848,3.8773],[34.4464,3.6467],[34.434,3.182],[34.870413,2.59182],[35.000185,1.914512],[34.7979,1.2319],[34.4772,1.0646],[33.8905,0.0901],[33.904189,-1.0022]]}},{"type":"Feature","properties":{"level":"country","left_geo_key":"kenya","right_geo_key":"unitedrepublicoftanzania","left_area":47.645481,"right_area":77.054372,"min_area":47.645481,"max_area":77.054372},"geometry":{"type":"LineString","coordinates":[[33.904189,-1.0022],[37.6449,-3.046],[37.59625,-3.499716],[39.149184,-4.641535]]}},{"type":"Feature","properties":{"level":"country","left_geo_key":"malawi","right_geo_key":"unitedrepublicoftanzania","left_area":9.93507,"right_area":77.054372,"min_area":9.93507,"max_area":77.054372},"geometry":{"type":"LineString","coordinates":[[34.9646,-11.5736],[34.6211,-11.1197],[34.529756,-10.033154],[34.3179,-9.7192],[34.0127,-9.4775],[33.9119,-9.718],[32.9209,-9.4079]]}},{"type":"Feature","properties":{"level":"country","left_geo_key":"malawi","right_geo_key":"zambia","left_area":9.93507,"right_area":62.798491,"min_area":9.93507,"max_area":62.798491},"geometry":{"type":"LineString","coordinates":[[32.9209,-9.4079],[33.337,-9.8237],[33.318321,-10.074186],[33.6735,-10.5694],[33.2326,-10.8833],[33.3909,-11.1648],[33.22161,-11.51014],[33.260455,-12.154593],[33.5181,-12.3718],[33.0248,-12.6127],[32.9928,-13.2164],[32.6633,-13.5963],[32.99042,-14.029479],[33.2027,-14.0139]]}},{"type":"Feature","properties":{"level":"country","left_geo_key":"malawi","right_geo_key":"mozambique","left_area":9.93507,"right_area":67.160931,"min_area":9.93507,"max_area":67.160931},"geometry":{"type":"MultiLineString","coordinates":[[[33.2027,-14.0139],[33.6624,-14.607],[34.3721,-14.402],[34.5181,-14.6074],[34.5691,-15.2712],[34.2332,-15.8898],[34.4265,-16.2739],[35.1183,-16.8334],[35.074407,-17.11053],[35.294391,-17.1089],[35.1319,-16.5376],[35.3746,-16.141],[35.786439,-16.027189],[35.9043,-14.8869],[35.0841,-13.7042],[34.5453,-13.3257],[34.3556,-12.2049],[34.6167,-11.5783],[34.9646,-11.5736]],[[34.662362,-12.081462],[34.662362,-12.081462]],[[34.58581,-12.044071],[34.58581,-12.044071]]]}},{"type":"Feature","properties":{"level":"country","left_geo_key":"uganda","right_geo_key":"unitedrepublicoftanzania","left_area":19.601318,"right_area":77.054372,"min_area":19.601318,"max_area":77.054372},"geometry":{"type":"LineString","coordinates":[[33.904189,-1.0022],[30.4718,-1.0668]]}},{"type":"Feature","properties":{"level":"country","left_geo_key":"rwanda","right_geo_key":"unitedrepublicoftanzania","left_area":2.053552,"right_area":77.054372,"min_area":2.053552,"max_area":77.054372},"geometry":{"type":"LineString","coordinates":[[30.4718,-1.0668],[30.831353,-1.606601],[30.8878,-2.0825],[30.823221,-2.347234],[30.5546,-2.4006]]}},{"type":"Feature","properties":{"level":"country","left_geo_key":"burundi","right_geo_key":"unitedrepublicoftanzania","left_area":2.191406,"right_area":77.054372,"min_area":2.191406,"max_area":77.054372},"geometry":{"type":"LineString","coordinates":[[30.5546,-2.4006],[30.4158,-2.8517],[30.798719,-2.993373],[30.7998,-3.2746],[30.01078,-4.259752],[29.405599,-4.471924]]}},{"type":"Feature","properties":{"level":"country","left_geo_key":"democraticrepublicofthecongo","right_geo_key":"unitedrepublicoftanzania","left_area":189.832603,"right_area":77.054372,"min_area":77.054372,"max_area":189.832603},"geometry":{"type":"LineString","coordinates":[[29.405599,-4.471924],[29.3238,-4.9202],[29.6124,-5.7044],[29.532579,-6.286602],[30.2945,-7.1494],[30.7521,-8.1941]]}},{"type":"Feature","properties":{"level":"country","left_geo_key":"unitedrepublicoftanzania","right_geo_key":"zambia","left_area":77.054372,"right_area":62.798491,"min_area":62.798491,"max_area":77.054372},"geometry":{"type":"LineString","coordinates":[[30.7521,-8.1941],[30.9595,-8.5505],[32.9209,-9.4079]]}},{"type":"Feature","properties":{"level":"country","left_geo_key":"mozambique","right_geo_key":"unitedrepublicoftanzania","left_area":67.160931,"right_area":77.054372,"min_area":67.160931,"max_area":77.054372},"geometry":{"type":"LineString","coordinates":[[34.9646,-11.5736],[35.5763,-11.6052],[35.865204,-11.4218],[36.1997,-11.7015],[37.0324,-11.5649],[37.4697,-11.7195],[37.952837,-11.280868],[38.4923,-11.4135],[39.7605,-10.9431],[40.408688,-10.498286]]}},{"type":"Feature","properties":{"level":"country","left_geo_key":"jordan","right_geo_key":"syria","left_area":8.383807,"right_area":18.379157,"min_area":8.383807,"max_area":18.379157},"geometry":{"type":"LineString","coordinates":[[35.7576,32.7443],[36.8194,32.3168],[38.7745,33.3717]]}},{"type":"Feature","properties":{"level":"country","left_geo_key":"iraq","right_geo_key":"syria","left_area":42.181414,"right_area":18.379157,"min_area":18.379157,"max_area":42.181414},"geometry":{"type":"LineString","coordinates":[[38.7745,33.3717],[40.979939,34.425872],[41.3635,35.6552],[41.277,36.3548],[42.3572,37.11]]}},{"type":"Feature","properties":{"level":"country","left_geo_key":"syria","right_geo_key":"turkey","left_area":18.379157,"right_area":81.259258,"min_area":18.379157,"max_area":81.259258},"geometry":{"type":"LineString","coordinates":[[42.3572,37.11],[42.194372,37.312462],[41.4798,37.0756],[40.709,37.1005],[39.2396,36.6613],[38.2243,36.9084],[37.4461,36.6342],[36.659308,36.826355],[36.5338,36.4625],[36.67,36.2373],[36.3856,36.2155],[36.1576,35.8226],[35.9113,35.9177]]}},{"type":"Feature","properties":{"level":"country","left_geo_key":"djibouti","right_geo_key":"somaliland","left_area":1.812307,"right_area":13.793141,"min_area":1.812307,"max_area":13.793141},"geometry":{"type":"LineString","coordinates":[[43.2407,11.4879],[42.906846,10.991911]]}},{"type":"Feature","properties":{"level":"country","left_geo_key":"france","right_geo_key":"spain","left_area":71.556992,"right_area":53.638475,"min_area":53.638475,"max_area":71.556992},"geometry":{"type":"MultiLineString","coordinates":[[[-1.789181,43.375749],[-1.4035,43.2433],[-1.4571,43.0451],[-0.569,42.7726],[0.6436,42.6845],[0.807316,42.83134],[1.4148,42.6093]],[[1.707,42.5028],[2.5253,42.3259],[3.181,42.4315]],[[1.970374,42.460984],[1.970374,42.460984]]]}},{"type":"Feature","properties":{"level":"country","left_geo_key":"andorra","right_geo_key":"france","left_area":0.050187,"right_area":71.556992,"min_area":0.050187,"max_area":71.556992},"geometry":{"type":"LineString","coordinates":[[1.4148,42.6093],[1.707,42.5028]]}},{"type":"Feature","properties":{"level":"country","left_geo_key":"france","right_geo_key":"monaco","left_area":71.556992,"right_area":0.000515,"min_area":0.000515,"max_area":71.556992},"geometry":{"type":"LineString","coordinates":[[7.366806,43.72299],[7.4375,43.7434]]}},{"type":"Feature","properties":{"level":"country","left_geo_key":"france","right_geo_key":"italy","left_area":71.556992,"right_area":33.197033,"min_area":33.197033,"max_area":71.556992},"geometry":{"type":"LineString","coordinates":[[7.499722,43.819736],[7.6556,44.1761],[6.9961,44.2378],[6.842683,44.52569],[7.0049,44.828],[6.6027,45.1035],[7.0622,45.2185],[7.1529,45.4151],[6.79045,45.783495],[7.039431,45.918864]]}},{"type":"Feature","properties":{"level":"country","left_geo_key":"france","right_geo_key":"switzerland","left_area":71.556992,"right_area":4.868256,"min_area":4.868256,"max_area":71.556992},"geometry":{"type":"LineString","coordinates":[[7.039431,45.918864],[6.7792,46.147161],[6.7871,46.4142],[5.9585,46.212],[6.4426,46.9442],[7.0443,47.3405],[6.877696,47.366065],[6.992687,47.489025],[7.3785,47.4306],[7.582433,47.590506]]}},{"type":"Feature","properties":{"level":"country","left_geo_key":"france","right_geo_key":"germany","left_area":71.556992,"right_area":45.903891,"min_area":45.903891,"max_area":71.556992},"geometry":{"type":"LineString","coordinates":[[7.582433,47.590506],[7.5857,48.1297],[8.1887,48.9657],[6.724103,49.157484],[6.345743,49.469291]]}},{"type":"Feature","properties":{"level":"country","left_geo_key":"france","right_geo_key":"luxembourg","left_area":71.556992,"right_area":0.324545,"min_area":0.324545,"max_area":71.556992},"geometry":{"type":"LineString","coordinates":[[6.345743,49.469291],[5.794603,49.542152]]}},{"type":"Feature","properties":{"level":"country","left_geo_key":"belgium","right_geo_key":"france","left_area":3.897154,"right_area":71.556992,"min_area":3.897154,"max_area":71.556992},"geometry":{"type":"LineString","coordinates":[[5.794603,49.542152],[5.4777,49.4952],[4.858128,49.793965],[4.8156,50.1613],[4.177502,49.969582],[4.1976,50.2585],[3.6969,50.2982],[3.1292,50.7791],[2.7867,50.7234],[2.5218,51.0875]]}},{"type":"Feature","properties":{"level":"country","left_geo_key":"france","right_geo_key":"suriname","left_area":71.556992,"right_area":11.806176,"min_area":11.806176,"max_area":71.556992},"geometry":{"type":"MultiLineString","coordinates":[[[-54.4934,2.4171],[-54.003,3.4554],[-54.4508,4.4842],[-54.4867,4.903],[-54.187475,5.330076]],[[-54.5203,2.3489],[-54.4934,2.4171]],[[-54.6153,2.3263],[-54.5203,2.3489]],[[-54.611462,2.323196],[-54.6153,2.3263]]]}},{"type":"Feature","properties":{"level":"country","left_geo_key":"brazil","right_geo_key":"france","left_area":707.163779,"right_area":71.556992,"min_area":71.556992,"max_area":707.163779},"geometry":{"type":"LineString","coordinates":[[-54.611462,2.323196],[-54.121223,2.120235],[-53.7648,2.3687],[-52.967705,2.182264],[-52.5579,2.5656],[-51.7832,3.9809]]}},{"type":"Feature","properties":{"level":"country","left_geo_key":"guyana","right_geo_key":"suriname","left_area":17.183148,"right_area":11.806176,"min_area":11.806176,"max_area":17.183148},"geometry":{"type":"LineString","coordinates":[[-57.297948,5.373299],[-57.2805,5.0261],[-57.903262,4.85058],[-58.038952,4.01915],[-57.642074,3.387044],[-57.3084,3.3949],[-57.2063,2.8566],[-56.4818,1.9416]]}},{"type":"Feature","properties":{"level":"country","left_geo_key":"brazil","right_geo_key":"suriname","left_area":707.163779,"right_area":11.806176,"min_area":11.806176,"max_area":707.163779},"geometry":{"type":"LineString","coordinates":[[-56.4818,1.9416],[-55.9538,1.8533],[-56.1439,2.2747],[-55.983,2.5265],[-55.7243,2.3969],[-54.9769,2.6069],[-54.611462,2.323196]]}},{"type":"Feature","properties":{"level":"country","left_geo_key":"guyana","right_geo_key":"venezuela","left_area":17.183148,"right_area":74.767605,"min_area":17.183148,"max_area":74.767605},"geometry":{"type":"LineString","coordinates":[[-59.851357,8.334838],[-60.7306,7.5254],[-60.6186,7.183104],[-60.2958,7.0707],[-60.3773,6.9385],[-61.1393,6.7044],[-61.1216,6.1867],[-61.3863,5.9566],[-60.703215,5.199575]]}},{"type":"Feature","properties":{"level":"country","left_geo_key":"brazil","right_geo_key":"guyana","left_area":707.163779,"right_area":17.183148,"min_area":17.183148,"max_area":707.163779},"geometry":{"type":"LineString","coordinates":[[-60.703215,5.199575],[-60.1317,5.2434],[-59.9831,5.0859],[-60.15575,4.527331],[-59.6867,4.3812],[-59.5277,3.9395],[-59.8629,3.5817],[-59.996401,2.681248],[-59.7417,2.2638],[-59.758037,1.880014],[-59.2421,1.3778],[-58.834,1.1858],[-58.5351,1.2716],[-58.3205,1.6012],[-58.051352,1.517338],[-57.3415,1.9688],[-56.4818,1.9416]]}},{"type":"Feature","properties":{"level":"country","left_geo_key":"northkorea","right_geo_key":"southkorea","left_area":12.878548,"right_area":9.825831,"min_area":9.825831,"max_area":12.878548},"geometry":{"type":"LineString","coordinates":[[128.3649,38.6243],[128.0399,38.3043],[127.0905,38.2859],[126.667422,37.827744]]}},{"type":"Feature","properties":{"level":"country","left_geo_key":"northkorea","right_geo_key":"russia","left_area":12.878548,"right_area":2928.705159,"min_area":12.878548,"max_area":2928.705159},"geometry":{"type":"LineString","coordinates":[[130.691527,42.31164],[130.530801,42.530498]]}},{"type":"Feature","properties":{"level":"country","left_geo_key":"morocco","right_geo_key":"westernsahara","left_area":55.341517,"right_area":8.071886,"min_area":8.071886,"max_area":55.341517},"geometry":{"type":"MultiLineString","coordinates":[[[-8.817,27.6615],[-8.7939,27.1202],[-9.4121,27.088],[-9.8169,26.8497],[-10.7568,27.0196],[-11.3916,26.8829],[-11.3369,26.6329],[-11.7172,26.1036],[-12.0558,25.9958],[-12.4301,24.8302],[-12.9902,24.4698],[-13.31,23.9806],[-13.8901,23.6905],[-14.2202,22.3096],[-14.75,21.5001],[-17.0137,21.42]],[[-8.8165,27.6615],[-8.817,27.6615]],[[-8.6824,27.6614],[-8.8165,27.6615]]]}},{"type":"Feature","properties":{"level":"country","left_geo_key":"algeria","right_geo_key":"morocco","left_area":212.810518,"right_area":55.341517,"min_area":55.341517,"max_area":212.810518},"geometry":{"type":"LineString","coordinates":[[-8.6824,27.6614],[-8.6788,28.6928],[-7.6195,29.3894],[-5.5395,29.5232],[-4.3724,30.5086],[-3.6455,30.7113],[-3.5547,30.9559],[-3.8428,31.1702],[-3.6595,31.6478],[-2.8278,31.7946],[-2.8812,32.0763],[-1.2103,32.0897],[-1.2441,32.3569],[-1.032,32.4944],[-1.4233,32.7424],[-1.6742,33.238],[-1.7877,34.7567],[-2.2226,35.0893]]}},{"type":"Feature","properties":{"level":"country","left_geo_key":"morocco","right_geo_key":"spain","left_area":55.341517,"right_area":53.638475,"min_area":53.638475,"max_area":55.341517},"geometry":{"type":"MultiLineString","coordinates":[[[-2.944141,35.282608],[-2.964685,35.315744]],[[-4.297674,35.171523],[-4.297745,35.171505]],[[-5.3407,35.8474],[-5.385725,35.902362]]]}},{"type":"Feature","properties":{"level":"country","left_geo_key":"mauritania","right_geo_key":"westernsahara","left_area":89.585793,"right_area":8.071886,"min_area":8.071886,"max_area":89.585793},"geometry":{"type":"LineString","coordinates":[[-17.0569,20.7669],[-16.9683,21.3246],[-13.0152,21.3334],[-13.1523,22.82],[-12.019264,23.483763],[-12.0153,25.9949],[-8.7072,25.995],[-8.6824,27.2854]]}},{"type":"Feature","properties":{"level":"country","left_geo_key":"algeria","right_geo_key":"westernsahara","left_area":212.810518,"right_area":8.071886,"min_area":8.071886,"max_area":212.810518},"geometry":{"type":"LineString","coordinates":[[-8.6824,27.2854],[-8.6824,27.6614]]}},{"type":"Feature","properties":{"level":"country","left_geo_key":"costarica","right_geo_key":"nicaragua","left_area":4.229205,"right_area":10.719251,"min_area":4.229205,"max_area":10.719251},"geometry":{"type":"MultiLineString","coordinates":[[[-83.66693,10.930527],[-83.673,10.931774]],[[-83.696091,10.936516],[-83.9173,10.7135],[-84.659902,11.062167],[-84.9314,10.9419],[-85.6776,11.1196]]]}},{"type":"Feature","properties":{"level":"country","left_geo_key":"costarica","right_geo_key":"panama","left_area":4.229205,"right_area":6.076863,"min_area":4.229205,"max_area":6.076863},"geometry":{"type":"LineString","coordinates":[[-82.9437,8.2486],[-82.9242,8.7412],[-82.728725,8.927394],[-82.9394,9.0596],[-82.9443,9.4372],[-82.8475,9.6007],[-82.5628,9.5387]]}},{"type":"Feature","properties":{"level":"country","left_geo_key":"honduras","right_geo_key":"nicaragua","left_area":9.446755,"right_area":10.719251,"min_area":9.446755,"max_area":10.719251},"geometry":{"type":"LineString","coordinates":[[-83.146507,14.995311],[-84.476782,14.623786],[-84.9206,14.8077],[-85.7334,13.8318],[-86.0202,14.0552],[-86.3252,13.7638],[-86.7272,13.7683],[-86.713665,13.296743],[-87.085219,12.980124]]}},{"type":"Feature","properties":{"level":"country","left_geo_key":"centralafricanrepublic","right_geo_key":"republicofthecongo","left_area":50.517002,"right_area":28.042876,"min_area":28.042876,"max_area":50.517002},"geometry":{"type":"LineString","coordinates":[[18.6264,3.4769],[18.4721,3.6321],[18.1816,3.4774],[17.471853,3.700593],[16.620867,3.512006],[16.1995,2.2122]]}},{"type":"Feature","properties":{"level":"country","left_geo_key":"cameroon","right_geo_key":"republicofthecongo","left_area":37.915929,"right_area":28.042876,"min_area":28.042876,"max_area":37.915929},"geometry":{"type":"LineString","coordinates":[[16.1995,2.2122],[16.0699,1.6546],[15.726085,1.917888],[14.575452,2.196815],[13.2946,2.1611]]}},{"type":"Feature","properties":{"level":"country","left_geo_key":"gabon","right_geo_key":"republicofthecongo","left_area":21.103868,"right_area":28.042876,"min_area":21.103868,"max_area":28.042876},"geometry":{"type":"LineString","coordinates":[[13.2946,2.1611],[13.1603,1.2477],[14.1445,1.3916],[14.4604,0.9212],[13.9452,0.3504],[13.8312,-0.2054],[14.49,-0.6009],[14.397837,-1.897012],[14.075907,-2.488721],[13.857608,-2.462868],[13.7409,-2.1025],[13.470053,-2.426219],[12.975684,-2.357205],[12.6324,-1.8252],[12.4231,-1.8976],[12.4479,-2.3079],[11.5582,-2.3494],[11.5256,-2.8433],[11.9444,-3.3032],[11.897938,-3.653101],[11.4826,-3.5093],[11.114,-3.9369]]}},{"type":"Feature","properties":{"level":"country","left_geo_key":"angola","right_geo_key":"republicofthecongo","left_area":103.541661,"right_area":28.042876,"min_area":28.042876,"max_area":103.541661},"geometry":{"type":"LineString","coordinates":[[12.101011,-4.938196],[12.7617,-4.3912],[13.073163,-4.634731]]}},{"type":"Feature","properties":{"level":"country","left_geo_key":"democraticrepublicofthecongo","right_geo_key":"republicofthecongo","left_area":189.832603,"right_area":28.042876,"min_area":28.042876,"max_area":189.832603},"geometry":{"type":"LineString","coordinates":[[13.073163,-4.634731],[13.401608,-4.874203],[13.705979,-4.690746],[13.711,-4.4645],[14.3686,-4.2784],[14.401994,-4.862811],[14.6727,-4.8999],[15.5491,-4.0462],[15.9121,-3.9174],[16.2207,-3.3317],[16.2068,-2.161],[16.8287,-1.2763],[17.7495,-0.5234],[18.0724,2.1452],[18.6197,3.1448],[18.6264,3.4769]]}},{"type":"Feature","properties":{"level":"country","left_geo_key":"centralafricanrepublic","right_geo_key":"democraticrepublicofthecongo","left_area":50.517002,"right_area":189.832603,"min_area":50.517002,"max_area":189.832603},"geometry":{"type":"LineString","coordinates":[[27.418311,5.087916],[26.5025,5.0475],[25.5437,5.3753],[25.2923,5.0283],[24.7306,4.9175],[24.3825,5.1079],[23.4145,4.5908],[22.8888,4.8132],[22.3033,4.1287],[20.6031,4.4097],[19.8247,5.097],[19.4315,5.136],[18.5419,4.3279],[18.6264,3.4769]]}},{"type":"Feature","properties":{"level":"country","left_geo_key":"angola","right_geo_key":"democraticrepublicofthecongo","left_area":103.541661,"right_area":189.832603,"min_area":103.541661,"max_area":189.832603},"geometry":{"type":"MultiLineString","coordinates":[[[13.073163,-4.634731],[12.4389,-5.0733],[12.509,-5.7263],[12.2105,-5.7634]],[[13.360345,-5.882131],[16.53521,-5.898835],[16.9508,-7.2132],[17.6002,-8.0985],[19.3555,-8.002],[19.5218,-7.0019],[20.6115,-6.916],[20.5205,-7.2864],[21.7883,-7.2918],[21.7539,-7.9973],[21.9439,-8.4559],[21.7962,-9.4171],[22.3134,-10.3686],[22.2376,-11.2495],[22.501,-11.0424],[23.970723,-10.901847]]]}},{"type":"Feature","properties":{"level":"country","left_geo_key":"democraticrepublicofthecongo","right_geo_key":"zambia","left_area":189.832603,"right_area":62.798491,"min_area":62.798491,"max_area":189.832603},"geometry":{"type":"LineString","coordinates":[[23.970723,-10.901847],[24.3705,-11.1002],[24.2855,-11.3812],[24.4909,-11.4615],[25.3103,-11.1948],[25.3368,-11.6335],[25.9941,-11.9048],[26.7174,-12.013],[27.173729,-11.571108],[27.6382,-12.2936],[28.4227,-12.5213],[28.9808,-13.3802],[29.551,-13.2242],[29.7822,-13.4557],[29.7993,-12.1541],[29.4895,-12.2315],[29.487202,-12.448662],[29.048432,-12.37813],[28.3557,-11.5182],[28.6944,-10.6633],[28.6985,-9.792],[28.3525,-9.272],[28.8931,-8.7658],[28.896984,-8.501207],[30.7521,-8.1941]]}},{"type":"Feature","properties":{"level":"country","left_geo_key":"burundi","right_geo_key":"democraticrepublicofthecongo","left_area":2.191406,"right_area":189.832603,"min_area":2.191406,"max_area":189.832603},"geometry":{"type":"LineString","coordinates":[[29.405599,-4.471924],[29.215,-3.8999],[29.2346,-3.0466],[29.0286,-2.7449]]}},{"type":"Feature","properties":{"level":"country","left_geo_key":"democraticrepublicofthecongo","right_geo_key":"rwanda","left_area":189.832603,"right_area":2.053552,"min_area":2.053552,"max_area":189.832603},"geometry":{"type":"LineString","coordinates":[[29.0286,-2.7449],[28.876327,-2.404197],[29.1348,-2.1977],[29.305511,-1.571322],[29.5779,-1.3884]]}},{"type":"Feature","properties":{"level":"country","left_geo_key":"democraticrepublicofthecongo","right_geo_key":"uganda","left_area":189.832603,"right_area":19.601318,"min_area":19.601318,"max_area":189.832603},"geometry":{"type":"LineString","coordinates":[[29.5779,-1.3884],[29.946901,0.805458],[31.2715,2.103],[30.7077,2.4623],[30.877555,3.517559]]}},{"type":"Feature","properties":{"level":"country","left_geo_key":"belarus","right_geo_key":"ukraine","left_area":28.097145,"right_area":70.587922,"min_area":28.097145,"max_area":70.587922},"geometry":{"type":"LineString","coordinates":[[31.7643,52.1006],[30.9188,52.0592],[30.5151,51.5963],[30.549492,51.245293],[30.1486,51.4844],[29.3199,51.3656],[29.0632,51.6306],[28.7182,51.4116],[28.21,51.652],[27.7143,51.4637],[27.1511,51.7568],[25.7679,51.9285],[24.3696,51.8751],[23.60897,51.516105]]}},{"type":"Feature","properties":{"level":"country","left_geo_key":"poland","right_geo_key":"ukraine","left_area":41.188003,"right_area":70.587922,"min_area":41.188003,"max_area":70.587922},"geometry":{"type":"LineString","coordinates":[[23.60897,51.516105],[24.1302,50.8689],[23.9595,50.7889],[24.094623,50.531625],[22.6658,49.5674],[22.8638,49.0154],[22.552181,49.075329]]}},{"type":"Feature","properties":{"level":"country","left_geo_key":"slovakia","right_geo_key":"ukraine","left_area":5.905435,"right_area":70.587922,"min_area":5.905435,"max_area":70.587922},"geometry":{"type":"LineString","coordinates":[[22.552181,49.075329],[22.1328,48.4048]]}},{"type":"Feature","properties":{"level":"country","left_geo_key":"hungary","right_geo_key":"ukraine","left_area":11.087069,"right_area":70.587922,"min_area":11.087069,"max_area":70.587922},"geometry":{"type":"LineString","coordinates":[[22.1328,48.4048],[22.8776,47.9467]]}},{"type":"Feature","properties":{"level":"country","left_geo_key":"romania","right_geo_key":"ukraine","left_area":27.383842,"right_area":70.587922,"min_area":27.383842,"max_area":70.587922},"geometry":{"type":"MultiLineString","coordinates":[[[22.8776,47.9467],[23.1617,48.0959],[24.5421,47.9438],[24.8966,47.7101],[26.1257,47.9784],[26.628836,48.267869]],[[28.215975,45.475673],[28.7101,45.227],[29.397332,45.429299],[29.667459,45.252152]]]}},{"type":"Feature","properties":{"level":"country","left_geo_key":"moldova","right_geo_key":"ukraine","left_area":3.924701,"right_area":70.587922,"min_area":3.924701,"max_area":70.587922},"geometry":{"type":"LineString","coordinates":[[26.628836,48.267869],[27.599847,48.482302],[29.11637,47.974189],[29.1556,47.45],[29.564855,47.309309],[29.5732,46.9337],[29.918244,46.80765],[30.097542,46.390024],[28.9458,46.4548],[28.955032,46.019851],[28.4809,45.502],[28.215975,45.475673]]}},{"type":"Feature","properties":{"level":"country","left_geo_key":"russia","right_geo_key":"ukraine","left_area":2928.705159,"right_area":70.587922,"min_area":70.587922,"max_area":2928.705159},"geometry":{"type":"MultiLineString","coordinates":[[[33.636554,46.145656],[34.6886,45.974],[35.0019,45.729]],[[38.2035,47.1923],[38.319,47.5913],[38.8309,47.8482],[39.741777,47.833186],[39.988254,48.261246],[39.8159,48.3082],[39.8551,48.5561],[39.6317,48.5869],[40.036948,48.852134],[39.6811,49.0203],[40.134618,49.241269],[40.118078,49.582939],[38.2812,50.0624],[37.9959,49.9059],[37.42178,50.422568],[36.6169,50.2064],[36.1058,50.4211],[35.6114,50.3517],[35.339155,51.02808],[35.06349,51.206097],[34.186,51.2489],[34.3087,51.3346],[34.0891,51.6666],[34.4127,51.7777],[33.8041,52.3546],[32.3943,52.3268],[32.2333,52.0809],[31.7643,52.1006]]]}},{"type":"Feature","properties":{"level":"country","left_geo_key":"belarus","right_geo_key":"russia","left_area":28.097145,"right_area":2928.705159,"min_area":28.097145,"max_area":2928.705159},"geometry":{"type":"LineString","coordinates":[[31.7643,52.1006],[31.5674,52.3114],[31.5695,52.7675],[31.2471,53.0144],[31.4164,53.2],[32.161861,53.098506],[32.7178,53.4311],[32.443786,53.711645],[31.7447,53.7949],[31.812276,54.049669],[31.3247,54.2292],[31.0646,54.4923],[31.1679,54.6216],[30.7626,54.802],[31.00206,55.041104],[30.7943,55.2855],[30.888593,55.58625],[30.2178,55.8551],[29.4809,55.6811],[29.3774,55.954],[28.1489,56.1424]]}},{"type":"Feature","properties":{"level":"country","left_geo_key":"belarus","right_geo_key":"latvia","left_area":28.097145,"right_area":9.496086,"min_area":9.496086,"max_area":28.097145},"geometry":{"type":"LineString","coordinates":[[28.1489,56.1424],[27.5927,55.7942],[26.613265,55.680622]]}},{"type":"Feature","properties":{"level":"country","left_geo_key":"belarus","right_geo_key":"lithuania","left_area":28.097145,"right_area":9.193842,"min_area":9.193842,"max_area":28.097145},"geometry":{"type":"LineString","coordinates":[[26.613265,55.680622],[26.4455,55.3375],[26.7897,55.2572],[25.7827,54.8697],[25.5287,54.321],[25.742881,54.155451],[25.4594,54.2989],[24.3779,53.8868],[23.4856,53.9393]]}},{"type":"Feature","properties":{"level":"country","left_geo_key":"belarus","right_geo_key":"poland","left_area":28.097145,"right_area":41.188003,"min_area":28.097145,"max_area":41.188003},"geometry":{"type":"LineString","coordinates":[[23.4856,53.9393],[23.9225,52.7426],[23.1835,52.2813],[23.6425,52.0614],[23.60897,51.516105]]}},{"type":"Feature","properties":{"level":"country","left_geo_key":"namibia","right_geo_key":"southafrica","left_area":72.151648,"right_area":113.15953,"min_area":72.151648,"max_area":113.15953},"geometry":{"type":"LineString","coordinates":[[16.4871,-28.5729],[17.0764,-28.0268],[17.3948,-28.3351],[17.4036,-28.7043],[18.180949,-28.900353],[19.1202,-28.9575],[19.5688,-28.5312],[19.9817,-28.4223],[19.986367,-24.757522]]}},{"type":"Feature","properties":{"level":"country","left_geo_key":"botswana","right_geo_key":"namibia","left_area":50.674515,"right_area":72.151648,"min_area":50.674515,"max_area":72.151648},"geometry":{"type":"LineString","coordinates":[[19.986367,-24.757522],[19.9783,-22.0007],[20.9848,-21.964],[20.9934,-18.3186],[23.2928,-17.999],[23.6099,-18.4777],[24.192615,-18.028625],[25.216918,-17.786387]]}},{"type":"Feature","properties":{"level":"country","left_geo_key":"namibia","right_geo_key":"zambia","left_area":72.151648,"right_area":62.798491,"min_area":62.798491,"max_area":72.151648},"geometry":{"type":"LineString","coordinates":[[25.216918,-17.786387],[24.6844,-17.4924],[23.372518,-17.628873]]}},{"type":"Feature","properties":{"level":"country","left_geo_key":"angola","right_geo_key":"namibia","left_area":103.541661,"right_area":72.151648,"min_area":72.151648,"max_area":103.541661},"geometry":{"type":"LineString","coordinates":[[23.372518,-17.628873],[20.8062,-18.0314],[18.89,-17.7993],[18.44622,-17.389897],[13.9573,-17.4191],[13.1663,-16.9511],[12.5672,-17.2346],[11.786526,-17.254556]]}},{"type":"Feature","properties":{"level":"country","left_geo_key":"mozambique","right_geo_key":"southafrica","left_area":67.160931,"right_area":113.15953,"min_area":67.160931,"max_area":113.15953},"geometry":{"type":"MultiLineString","coordinates":[[[32.242137,-26.844494],[32.113621,-26.826038]],[[31.9492,-25.9581],[31.9866,-24.4231],[31.2889,-22.3973]]]}},{"type":"Feature","properties":{"level":"country","left_geo_key":"eswatini","right_geo_key":"southafrica","left_area":1.54846,"right_area":113.15953,"min_area":1.54846,"max_area":113.15953},"geometry":{"type":"LineString","coordinates":[[32.113621,-26.826038],[31.9901,-26.8083],[31.9683,-27.3163],[31.5265,-27.3109],[31.157,-27.2056],[30.7957,-26.7855],[30.8046,-26.3975],[31.326669,-25.753369],[31.9492,-25.9581]]}},{"type":"Feature","properties":{"level":"country","left_geo_key":"southafrica","right_geo_key":"zimbabwe","left_area":113.15953,"right_area":33.388409,"min_area":33.388409,"max_area":113.15953},"geometry":{"type":"LineString","coordinates":[[31.2889,-22.3973],[29.347502,-22.184024]]}},{"type":"Feature","properties":{"level":"country","left_geo_key":"botswana","right_geo_key":"southafrica","left_area":50.674515,"right_area":113.15953,"min_area":50.674515,"max_area":113.15953},"geometry":{"type":"LineString","coordinates":[[29.347502,-22.184024],[28.2868,-22.6158],[27.74327,-23.215691],[27.1231,-23.533],[26.82429,-24.274948],[26.40401,-24.632787],[25.8741,-24.7434],[25.4584,-25.7112],[24.665,-25.8233],[23.9248,-25.6292],[23.4593,-25.2822],[23.0307,-25.2994],[22.5638,-26.1811],[21.6872,-26.8552],[20.688684,-26.8807],[20.6053,-26.4933],[20.7941,-25.8939],[20.3649,-25.0332],[19.986367,-24.757522]]}},{"type":"Feature","properties":{"level":"country","left_geo_key":"lesotho","right_geo_key":"southafrica","left_area":2.792618,"right_area":113.15953,"min_area":2.792618,"max_area":113.15953},"geometry":{"type":"LineString","coordinates":[[29.282165,-29.502316],[29.4322,-29.357],[29.3118,-29.0898],[28.620298,-28.573717],[27.7283,-28.938],[27.0022,-29.6665],[27.372844,-30.298104],[28.0788,-30.6588],[28.3839,-30.1442],[29.1328,-29.9247],[29.282165,-29.502316]]}},{"type":"Feature","properties":{"level":"country","left_geo_key":"oman","right_geo_key":"unitedarabemirates","left_area":26.994353,"right_area":6.292666,"min_area":6.292666,"max_area":26.994353},"geometry":{"type":"MultiLineString","coordinates":[[[56.3833,24.9782],[56.105075,24.738249],[55.9759,24.9721],[55.7991,24.8861],[55.7677,24.2249],[55.983266,24.07564],[55.4528,23.9486],[55.1868,22.7036]],[[56.1564,25.6559],[56.1006,26.0629]],[[56.2375,25.6166],[56.1564,25.6559]],[[56.222441,25.232749],[56.3444,25.2665],[56.222441,25.232749]],[[56.2596,25.276],[56.2596,25.276]]]}},{"type":"Feature","properties":{"level":"country","left_geo_key":"oman","right_geo_key":"saudiarabia","left_area":26.994353,"right_area":171.09115,"min_area":26.994353,"max_area":171.09115},"geometry":{"type":"LineString","coordinates":[[55.1868,22.7036],[55.6376,21.979],[54.9784,19.9954],[51.9786,18.9956]]}},{"type":"Feature","properties":{"level":"country","left_geo_key":"oman","right_geo_key":"yemen","left_area":26.994353,"right_area":38.22143,"min_area":26.994353,"max_area":38.22143},"geometry":{"type":"LineString","coordinates":[[51.9786,18.9956],[53.0903,16.6424]]}},{"type":"Feature","properties":{"level":"country","left_geo_key":"tajikistan","right_geo_key":"uzbekistan","left_area":14.644658,"right_area":48.479925,"min_area":14.644658,"max_area":48.479925},"geometry":{"type":"MultiLineString","coordinates":[[[70.505501,40.34627],[70.3696,40.4755],[70.7671,40.7376],[70.416617,41.0282],[69.7177,40.6363],[69.4178,40.8042],[69.206566,40.550517],[69.2477,40.1817],[68.610653,40.16878],[68.987,40.0917],[68.778727,40.056371],[68.8774,39.9006],[68.752,39.9728],[68.5173,39.5488],[67.7176,39.6234],[67.4273,39.4766],[67.350176,39.220051],[68.1009,38.9793],[68.0626,38.5231],[68.3562,38.2126],[67.746491,37.21668]],[[70.6221,40.1996],[70.505501,40.34627]],[[70.959,40.2384],[70.6221,40.1996]],[[70.618224,40.973773],[70.618224,40.973773]]]}},{"type":"Feature","properties":{"level":"country","left_geo_key":"kyrgyzstan","right_geo_key":"uzbekistan","left_area":21.401522,"right_area":48.479925,"min_area":21.401522,"max_area":48.479925},"geometry":{"type":"MultiLineString","coordinates":[[[70.959,40.2384],[71.7072,40.1443],[72.178153,40.454941],[72.3941,40.3894],[72.364044,40.597939],[72.6255,40.5105],[73.1433,40.8339],[72.1651,40.9994],[72.1584,41.1879],[71.8716,41.1945],[71.6495,41.5499],[71.3937,41.1127],[70.1665,41.5202],[71.2499,42.1984],[70.931895,42.255725]],[[71.164144,40.046759],[71.2191,39.9009],[71.0093,39.8857],[70.9771,40.1446],[71.164144,40.046759]],[[71.751788,39.917135],[71.751788,39.917135]]]}},{"type":"Feature","properties":{"level":"country","left_geo_key":"kazakhstan","right_geo_key":"uzbekistan","left_area":328.561956,"right_area":48.479925,"min_area":48.479925,"max_area":328.561956},"geometry":{"type":"LineString","coordinates":[[70.931895,42.255725],[69.0675,41.3878],[68.4711,40.5945],[67.9975,40.8075],[68.119888,41.031143],[67.9435,41.1861],[66.733,41.1581],[66.5041,41.9935],[66.0172,41.9976],[66.1013,42.9903],[65.8126,42.8758],[64.9229,43.7191],[64.4267,43.547],[62.0283,43.4809],[61.0363,44.3828],[58.541029,45.55418],[55.9784,44.993875],[55.9784,41.322099]]}},{"type":"Feature","properties":{"level":"country","left_geo_key":"turkmenistan","right_geo_key":"uzbekistan","left_area":49.036685,"right_area":48.479925,"min_area":48.479925,"max_area":49.036685},"geometry":{"type":"LineString","coordinates":[[55.9784,41.322099],[57.022578,41.262989],[57.149366,41.368483],[56.9784,41.8951],[57.3823,42.1636],[57.8505,42.1914],[57.9977,42.4934],[58.473697,42.298197],[58.1213,42.6242],[58.5879,42.7912],[59.28599,42.337538],[60.0282,42.1995],[59.913176,41.964872],[60.2527,41.7801],[60.0492,41.7535],[60.0942,41.3895],[61.8779,41.125],[62.4528,40.0092],[63.7093,39.1909],[65.6041,38.2374],[66.5904,38.013],[66.511665,37.375962]]}},{"type":"Feature","properties":{"level":"country","left_geo_key":"afghanistan","right_geo_key":"uzbekistan","left_area":62.585977,"right_area":48.479925,"min_area":48.479925,"max_area":62.585977},"geometry":{"type":"LineString","coordinates":[[66.511665,37.375962],[67.746491,37.21668]]}},{"type":"Feature","properties":{"level":"country","left_geo_key":"kazakhstan","right_geo_key":"russia","left_area":328.561956,"right_area":2928.705159,"min_area":328.561956,"max_area":2928.705159},"geometry":{"type":"LineString","coordinates":[[87.3238,49.0853],[86.5918,49.5872],[86.748629,49.779767],[86.1773,49.4633],[85.2236,49.5957],[84.98116,50.067517],[84.2618,50.2536],[83.9506,50.7804],[83.434,50.9927],[82.4758,50.714],[81.4602,50.7303],[81.4008,50.9591],[81.0515,50.9557],[81.1328,51.1945],[80.6828,51.302],[80.0213,50.7669],[77.8668,53.2723],[76.3744,54.1478],[76.6646,54.1341],[76.898414,54.45368],[74.772,53.8309],[74.3884,53.4622],[73.9042,53.6392],[73.4241,53.4326],[73.2297,53.6624],[73.7406,54.0579],[73.1907,53.9616],[72.6242,54.135],[72.5094,54.0436],[72.7002,53.9576],[72.3922,53.9082],[72.466703,54.12677],[72.037373,54.369784],[72.1551,54.1284],[71.7625,54.2476],[71.1823,54.1016],[70.9708,54.305],[71.1906,54.3182],[71.2528,54.6824],[71.006,54.7742],[70.8204,55.2941],[70.197,55.1335],[68.933841,55.432501],[68.9706,55.2786],[68.1848,55.1673],[68.3082,55.0728],[68.1836,54.9671],[65.472851,54.625416],[65.1842,54.3104],[64.0045,54.3197],[62.605855,54.058053],[62.5116,53.8726],[62.41864,54.024448],[61.3377,54.0632],[60.978,53.9267],[61.202,53.8196],[60.8802,53.6328],[61.5553,53.5057],[61.228722,53.49429],[61.1627,53.2992],[62.0942,52.9927],[60.976832,52.97065],[60.675915,52.690695],[61.0399,52.335],[59.9873,51.9688],[60.4798,51.7843],[60.373771,51.665688],[61.4738,51.4258],[61.6463,51.2632],[61.3721,50.7825],[60.7185,50.6527],[60.0213,50.8541],[59.5228,50.4746],[58.6644,50.7899],[58.316631,51.140622],[57.7688,51.1197],[57.7224,50.9087],[57.4676,50.8585],[57.161147,51.092823],[56.4783,51.073],[55.66,50.53],[54.645385,51.025182],[54.5159,50.9373],[54.6763,50.6025],[54.4994,50.5233],[54.4859,50.8451],[53.387,51.486478],[52.5458,51.4595],[52.2922,51.7656],[51.6933,51.4541],[51.3042,51.4716],[51.3525,51.6362],[50.767,51.7594],[50.7907,51.5973],[50.5998,51.6347],[50.3254,51.3035],[49.449576,51.102015],[49.3694,50.8268],[48.8304,50.596],[48.578992,50.634848],[48.8741,50.0698],[48.7846,49.9334],[48.2393,49.8648],[47.480608,50.415214],[47.3087,50.0448],[46.916026,49.837827],[46.7751,49.3325],[47.04,49.1503],[46.480113,48.411693],[47.1118,48.251],[47.1195,47.8198],[47.3597,47.6833],[47.4122,47.8359],[48.1744,47.7129],[49.0063,46.7691],[48.4551,46.6608],[49.007908,46.424508]]}},{"type":"Feature","properties":{"level":"country","left_geo_key":"kazakhstan","right_geo_key":"turkmenistan","left_area":328.561956,"right_area":49.036685,"min_area":49.036685,"max_area":328.561956},"geometry":{"type":"LineString","coordinates":[[52.475769,41.775478],[52.9787,42.1266],[54.1226,42.3376],[54.9071,41.9321],[55.4503,41.2789],[55.9784,41.322099]]}},{"type":"Feature","properties":{"level":"country","left_geo_key":"kazakhstan","right_geo_key":"kyrgyzstan","left_area":328.561956,"right_area":21.401522,"min_area":21.401522,"max_area":328.561956},"geometry":{"type":"LineString","coordinates":[[70.931895,42.255725],[71.2454,42.7471],[71.850637,42.825882],[73.4769,42.3991],[73.5597,43.0173],[74.1788,43.2617],[75.6204,42.8053],[76.9373,42.986],[79.1483,42.791],[79.4257,42.4696],[79.9179,42.4244],[80.210838,42.188277]]}},{"type":"Feature","properties":{"level":"country","left_geo_key":"baykonurcosmodrome","right_geo_key":"kazakhstan","left_area":0.722353,"right_area":328.561956,"min_area":0.722353,"max_area":328.561956},"geometry":{"type":"LineString","coordinates":[[63.042763,45.652417],[63.725102,45.652434],[63.913178,46.137228],[63.500146,46.376328],[63.062424,46.315647],[62.809559,45.97835],[63.042763,45.652417]]}},{"type":"Feature","properties":{"level":"country","left_geo_key":"kyrgyzstan","right_geo_key":"tajikistan","left_area":21.401522,"right_area":14.644658,"min_area":14.644658,"max_area":21.401522},"geometry":{"type":"MultiLineString","coordinates":[[[73.642523,39.371976],[72.648159,39.393442],[72.2403,39.1899],[72.034237,39.36274],[71.7329,39.2851],[71.448599,39.607098],[70.7701,39.3821],[70.491,39.5969],[69.3003,39.5156],[69.2263,39.751],[69.518,40.1251],[70.0046,40.2088],[70.5255,40.0337],[70.473254,39.913712],[70.959,40.2384]],[[70.7064,39.84],[70.495122,39.868713],[70.7064,39.84]]]}},{"type":"Feature","properties":{"level":"country","left_geo_key":"afghanistan","right_geo_key":"tajikistan","left_area":62.585977,"right_area":14.644658,"min_area":14.644658,"max_area":62.585977},"geometry":{"type":"LineString","coordinates":[[67.746491,37.21668],[68.016338,36.933512],[68.8358,37.3291],[69.313639,37.118756],[69.5087,37.579],[70.1579,37.5414],[70.1721,37.9461],[70.9507,38.4731],[71.3582,38.2513],[71.2545,37.9393],[71.5977,37.8984],[71.438889,37.098145],[71.653,36.687],[72.6577,37.0288],[73.2963,37.4649],[73.7535,37.4284],[73.7092,37.217],[74.3156,37.4269],[74.892286,37.23111]]}},{"type":"Feature","properties":{"level":"country","left_geo_key":"latvia","right_geo_key":"lithuania","left_area":9.496086,"right_area":9.193842,"min_area":9.193842,"max_area":9.496086},"geometry":{"type":"LineString","coordinates":[[26.613265,55.680622],[25.6497,56.1438],[25.0731,56.1978],[24.871,56.4426],[24.140082,56.257671],[22.0941,56.4174],[21.0534,56.0726]]}},{"type":"Feature","properties":{"level":"country","left_geo_key":"lithuania","right_geo_key":"russia","left_area":9.193842,"right_area":2928.705159,"min_area":9.193842,"max_area":2928.705159},"geometry":{"type":"MultiLineString","coordinates":[[[21.3748,55.29],[22.070377,55.034856],[22.5655,55.0678],[22.8443,54.8323],[22.773019,54.373991]],[[20.9246,55.2827],[20.9894,55.2731]]]}},{"type":"Feature","properties":{"level":"country","left_geo_key":"lithuania","right_geo_key":"poland","left_area":9.193842,"right_area":41.188003,"min_area":9.193842,"max_area":41.188003},"geometry":{"type":"LineString","coordinates":[[22.773019,54.373991],[23.316,54.2363],[23.4856,53.9393]]}},{"type":"Feature","properties":{"level":"country","left_geo_key":"brazil","right_geo_key":"paraguay","left_area":707.163779,"right_area":35.257023,"min_area":35.257023,"max_area":707.163779},"geometry":{"type":"LineString","coordinates":[[-58.1588,-20.1651],[-57.824,-20.969041],[-57.9862,-22.0745],[-56.8795,-22.29],[-56.4218,-22.0745],[-55.861,-22.2895],[-55.626693,-22.653928],[-55.4207,-23.9545],[-54.621545,-23.815435],[-54.2458,-24.0504],[-54.592326,-25.574886]]}},{"type":"Feature","properties":{"level":"country","left_geo_key":"brazil","right_geo_key":"uruguay","left_area":707.163779,"right_area":17.085665,"min_area":17.085665,"max_area":707.163779},"geometry":{"type":"LineString","coordinates":[[-57.6028,-30.1905],[-57.2451,-30.2933],[-56.8313,-30.102],[-56.0114,-30.7982],[-56.0114,-31.0821],[-55.5919,-30.8483],[-55.2276,-31.2535],[-53.7718,-32.0471],[-53.5613,-32.4495],[-53.116326,-32.727284],[-53.5369,-33.1708],[-53.5396,-33.6493]]}},{"type":"Feature","properties":{"level":"country","left_geo_key":"brazil","right_geo_key":"venezuela","left_area":707.163779,"right_area":74.767605,"min_area":74.767605,"max_area":707.163779},"geometry":{"type":"LineString","coordinates":[[-60.703215,5.199575],[-60.608686,4.927718],[-60.9773,4.535],[-61.8669,4.157],[-62.7444,4.034],[-62.880715,3.566988],[-63.3517,3.9587],[-64.0377,3.8825],[-64.1467,4.1106],[-64.7916,4.2844],[-64.203,3.5947],[-64.048,2.4713],[-63.3848,2.4206],[-63.440646,2.142641],[-64.0366,1.9273],[-64.3701,1.3587],[-64.409,1.5075],[-65.1368,1.1269],[-65.527822,0.655934],[-65.596,0.9836],[-66.2851,0.7458],[-66.8751,1.2225]]}},{"type":"Feature","properties":{"level":"country","left_geo_key":"brazil","right_geo_key":"colombia","left_area":707.163779,"right_area":92.591823,"min_area":92.591823,"max_area":707.163779},"geometry":{"type":"LineString","coordinates":[[-66.8751,1.2225],[-67.085978,1.19291],[-67.083,1.6046],[-67.4491,2.1341],[-67.9288,1.7413],[-68.2008,2.0078],[-68.1633,1.7213],[-69.8562,1.7077],[-69.8294,1.0572],[-69.286112,1.034774],[-69.1412,0.6682],[-70.0542,0.5881],[-70.0564,-0.181],[-69.628013,-0.519056],[-69.3995,-1.1827],[-69.959678,-4.225162]]}},{"type":"Feature","properties":{"level":"country","left_geo_key":"brazilianisland","right_geo_key":"uruguay","left_area":0.000173,"right_area":17.085665,"min_area":0.000173,"max_area":17.085665},"geometry":{"type":"LineString","coordinates":[[-57.6028,-30.1905],[-57.6425,-30.1931]]}},{"type":"Feature","properties":{"level":"country","left_geo_key":"mongolia","right_geo_key":"russia","left_area":184.474555,"right_area":2928.705159,"min_area":184.474555,"max_area":2928.705159},"geometry":{"type":"LineString","coordinates":[[116.684166,49.823102],[116.2176,50.0138],[115.3878,49.8911],[114.2863,50.2769],[112.7771,49.5014],[110.7314,49.1377],[108.5381,49.3274],[107.9274,49.67],[107.945797,49.924557],[107.1922,50.006],[106.6565,50.327],[105.3286,50.4765],[104.1217,50.1483],[103.2768,50.1976],[102.3029,50.5639],[102.063864,51.376796],[99.9179,51.7495],[98.8864,52.1286],[98.0397,51.4573],[97.8064,51.0011],[98.2935,50.5186],[98.2693,50.2994],[98.048,50.023],[97.3433,49.7342],[96.056,49.9988],[94.6245,50.0152],[94.241884,50.558102],[93.1049,50.5988],[92.3609,50.8684],[89.6677,49.9273],[89.7126,49.7352],[89.3719,49.5817],[88.2,49.4543],[87.818099,49.153965]]}},{"type":"Feature","properties":{"level":"country","left_geo_key":"norway","right_geo_key":"russia","left_area":84.93385,"right_area":2928.705159,"min_area":84.93385,"max_area":2928.705159},"geometry":{"type":"LineString","coordinates":[[30.841,69.8058],[30.871139,69.539901],[30.1191,69.6346],[30.1234,69.4419],[29.3768,69.3016],[29.033005,69.034525]]}},{"type":"Feature","properties":{"level":"country","left_geo_key":"finland","right_geo_key":"russia","left_area":62.195885,"right_area":2928.705159,"min_area":62.195885,"max_area":2928.705159},"geometry":{"type":"LineString","coordinates":[[29.033005,69.034525],[28.4131,68.8801],[28.8015,68.8355],[28.4474,68.5149],[28.6903,68.1832],[29.3309,68.0727],[30.0094,67.6858],[29.0515,66.9078],[30.1117,65.712],[29.7029,65.6294],[29.822267,65.554225],[29.5801,65.2354],[29.844142,65.119405],[29.5881,64.9914],[30.1149,64.7543],[30.0325,64.3969],[30.5864,64.0847],[29.9808,63.7415],[31.5695,62.9059],[31.2438,62.5033],[28.121119,60.730087]]}},{"type":"Feature","properties":{"level":"country","left_geo_key":"estonia","right_geo_key":"russia","left_area":7.062457,"right_area":2928.705159,"min_area":7.062457,"max_area":2928.705159},"geometry":{"type":"LineString","coordinates":[[28.0191,59.4818],[28.1818,59.3561],[27.4106,58.7549],[27.4954,58.2215],[27.7993,57.8611],[27.5246,57.8073],[27.3529,57.5276]]}},{"type":"Feature","properties":{"level":"country","left_geo_key":"latvia","right_geo_key":"russia","left_area":9.496086,"right_area":2928.705159,"min_area":9.496086,"max_area":2928.705159},"geometry":{"type":"LineString","coordinates":[[27.3529,57.5276],[27.833328,57.293469],[27.6284,56.8442],[27.9189,56.8059],[28.1489,56.1424]]}},{"type":"Feature","properties":{"level":"country","left_geo_key":"georgia","right_geo_key":"russia","left_area":7.562707,"right_area":2928.705159,"min_area":7.562707,"max_area":2928.705159},"geometry":{"type":"LineString","coordinates":[[40.051243,43.520095],[42.8298,43.1688],[43.9397,42.5522],[44.5081,42.7503],[45.135064,42.691898],[45.713115,42.48462],[45.6314,42.2012],[46.4309,41.8904]]}},{"type":"Feature","properties":{"level":"country","left_geo_key":"azerbaijan","right_geo_key":"russia","left_area":9.125558,"right_area":2928.705159,"min_area":9.125558,"max_area":2928.705159},"geometry":{"type":"LineString","coordinates":[[46.4309,41.8904],[47.5678,41.2055],[47.8711,41.2082],[48.378695,41.591014]]}},{"type":"Feature","properties":{"level":"country","left_geo_key":"poland","right_geo_key":"russia","left_area":41.188003,"right_area":2928.705159,"min_area":41.188003,"max_area":2928.705159},"geometry":{"type":"LineString","coordinates":[[19.636319,54.450855],[22.773019,54.373991]]}},{"type":"Feature","properties":{"level":"country","left_geo_key":"czechia","right_geo_key":"poland","left_area":9.809315,"right_area":41.188003,"min_area":9.809315,"max_area":41.188003},"geometry":{"type":"MultiLineString","coordinates":[[[15.264432,50.889535],[16.3316,50.644],[16.1996,50.4063],[16.6606,50.093],[17.0128,50.2317],[16.878819,50.420079],[17.709208,50.306657],[17.6328,50.1063],[18.5444,49.913],[18.8332,49.5103]],[[15.2561,50.8999],[15.264432,50.889535]],[[15.2538,50.969],[15.2561,50.8999]],[[15.1315,51.0058],[15.2538,50.969]],[[15.088175,51.004466],[15.1315,51.0058]],[[14.9821,50.99926],[15.088175,51.004466]],[[14.9821,50.887252],[14.9821,50.99926]],[[14.9841,50.8677],[14.9821,50.887252]],[[14.9821,50.867808],[14.9841,50.8677]],[[14.819715,50.876601],[14.9821,50.867808]]]}},{"type":"Feature","properties":{"level":"country","left_geo_key":"czechia","right_geo_key":"germany","left_area":9.809315,"right_area":45.903891,"min_area":9.809315,"max_area":45.903891},"geometry":{"type":"LineString","coordinates":[[14.819715,50.876601],[14.2875,51.0368],[14.3465,50.8802],[12.5102,50.3888],[12.3144,50.1673],[12.0761,50.3152],[12.5036,49.9158],[12.392471,49.736779],[12.636981,49.44029],[13.8157,48.7664]]}},{"type":"Feature","properties":{"level":"country","left_geo_key":"austria","right_geo_key":"czechia","left_area":10.054045,"right_area":9.809315,"min_area":9.809315,"max_area":10.054045},"geometry":{"type":"LineString","coordinates":[[13.8157,48.7664],[14.680473,48.592943],[15.004,49.0098],[16.945,48.6042]]}},{"type":"Feature","properties":{"level":"country","left_geo_key":"czechia","right_geo_key":"slovakia","left_area":9.809315,"right_area":5.905435,"min_area":5.905435,"max_area":9.809315},"geometry":{"type":"LineString","coordinates":[[16.945,48.6042],[17.135688,48.83659],[17.7449,48.8726],[18.5562,49.4902],[18.8332,49.5103]]}},{"type":"Feature","properties":{"level":"country","left_geo_key":"germany","right_geo_key":"switzerland","left_area":45.903891,"right_area":4.868256,"min_area":4.868256,"max_area":45.903891},"geometry":{"type":"LineString","coordinates":[[7.582433,47.590506],[8.5607,47.5894],[8.400859,47.680773],[8.572771,47.79634],[9.573728,47.513477]]}},{"type":"Feature","properties":{"level":"country","left_geo_key":"austria","right_geo_key":"germany","left_area":10.054045,"right_area":45.903891,"min_area":10.054045,"max_area":45.903891},"geometry":{"type":"LineString","coordinates":[[9.573728,47.513477],[9.786582,47.581662],[10.175,47.2724],[10.43381,47.573186],[11.213,47.3958],[12.2391,47.7274],[13.0088,47.4701],[13.0641,47.674],[12.7389,48.1134],[13.3078,48.3196],[13.464144,48.571516],[13.7165,48.5217],[13.8157,48.7664]]}},{"type":"Feature","properties":{"level":"country","left_geo_key":"germany","right_geo_key":"poland","left_area":45.903891,"right_area":41.188003,"min_area":41.188003,"max_area":45.903891},"geometry":{"type":"MultiLineString","coordinates":[[[14.819715,50.876601],[15.0143,51.2427],[14.592494,51.814299],[14.7614,52.0767],[14.5454,52.3822],[14.6448,52.5769],[14.136458,52.844099],[14.4247,53.2647],[14.275289,53.645812]],[[14.202434,53.888793],[14.2101,53.9385]]]}},{"type":"Feature","properties":{"level":"country","left_geo_key":"denmark","right_geo_key":"germany","left_area":6.135569,"right_area":45.903891,"min_area":6.135569,"max_area":45.903891},"geometry":{"type":"LineString","coordinates":[[9.483041,54.842463],[8.6608,54.8963]]}},{"type":"Feature","properties":{"level":"country","left_geo_key":"germany","right_geo_key":"netherlands","left_area":45.903891,"right_area":4.875735,"min_area":4.875735,"max_area":45.903891},"geometry":{"type":"LineString","coordinates":[[7.1946,53.245],[7.0367,52.6474],[6.684,52.526],[7.0482,52.3651],[6.6799,52.0605],[6.800272,51.961944],[5.928,51.8067],[6.200167,51.451712],[6.13486,51.145177],[5.8582,51.0193],[5.984614,50.765163]]}},{"type":"Feature","properties":{"level":"country","left_geo_key":"belgium","right_geo_key":"germany","left_area":3.897154,"right_area":45.903891,"min_area":3.897154,"max_area":45.903891},"geometry":{"type":"LineString","coordinates":[[5.984614,50.765163],[6.349291,50.395101],[6.117415,50.087603]]}},{"type":"Feature","properties":{"level":"country","left_geo_key":"germany","right_geo_key":"luxembourg","left_area":45.903891,"right_area":0.324545,"min_area":0.324545,"max_area":45.903891},"geometry":{"type":"LineString","coordinates":[[6.117415,50.087603],[6.49423,49.786902],[6.345743,49.469291]]}},{"type":"Feature","properties":{"level":"country","left_geo_key":"estonia","right_geo_key":"latvia","left_area":7.062457,"right_area":9.496086,"min_area":7.062457,"max_area":9.496086},"geometry":{"type":"LineString","coordinates":[[24.3062,57.8682],[25.2635,58.0751],[26.5151,57.5173],[27.3529,57.5276]]}},{"type":"Feature","properties":{"level":"country","left_geo_key":"norway","right_geo_key":"sweden","left_area":84.93385,"right_area":78.508897,"min_area":78.508897,"max_area":84.93385},"geometry":{"type":"LineString","coordinates":[[11.400259,59.025956],[11.6644,58.9201],[11.8117,59.2709],[11.6749,59.6071],[11.8917,59.7058],[11.8496,59.8724],[12.5247,60.1617],[12.5944,60.5149],[12.2561,60.9813],[12.6825,61.0403],[12.874171,61.359692],[12.1756,61.7115],[12.3151,62.2718],[12.0912,62.5863],[12.2227,63.0015],[11.9924,63.2889],[12.1703,63.5981],[12.7553,63.9914],[13.9394,64.0095],[14.1478,64.169],[14.0969,64.4653],[13.6428,64.584],[14.5143,65.3181],[14.5405,66.1254],[15.4819,66.2749],[15.4263,66.4912],[16.403071,67.047207],[16.1271,67.4228],[16.7829,67.897],[17.3,68.0979],[17.921,67.9729],[18.1886,68.1987],[18.1893,68.5384],[20.001456,68.365189],[20.2459,68.4774],[19.9622,68.5412],[20.3565,68.8046],[20.1023,69.0221],[20.6232,69.0364]]}},{"type":"Feature","properties":{"level":"country","left_geo_key":"finland","right_geo_key":"norway","left_area":62.195885,"right_area":84.93385,"min_area":62.195885,"max_area":84.93385},"geometry":{"type":"LineString","coordinates":[[20.6232,69.0364],[21.6388,69.2714],[22.4287,68.7101],[23.1976,68.618],[23.929,68.8162],[24.9052,68.557],[25.7958,68.9933],[25.9617,69.6525],[26.524997,69.919622],[27.8669,70.0753],[29.140403,69.665148],[29.3445,69.4644],[28.8648,69.2166],[29.033005,69.034525]]}},{"type":"Feature","properties":{"level":"country","left_geo_key":"finland","right_geo_key":"sweden","left_area":62.195885,"right_area":78.508897,"min_area":62.195885,"max_area":78.508897},"geometry":{"type":"LineString","coordinates":[[24.156949,65.830663],[23.683802,66.287531],[24.0013,66.8124],[23.583647,67.164859],[23.7652,67.4201],[23.446949,67.471283],[23.6431,67.9632],[22.8083,68.3949],[22.0722,68.477],[20.6232,69.0364]]}},{"type":"Feature","properties":{"level":"country","left_geo_key":"laos","right_geo_key":"vietnam","left_area":19.502175,"right_area":27.917953,"min_area":19.502175,"max_area":27.917953},"geometry":{"type":"LineString","coordinates":[[102.1187,22.3975],[102.6574,21.6584],[102.7892,21.8203],[102.951816,21.71239],[102.8092,21.2506],[103.1153,20.8684],[103.6854,20.6577],[104.0992,20.9577],[104.598471,20.655712],[104.3598,20.4397],[104.945986,19.993681],[104.610564,19.615763],[104.001,19.6807],[104.0813,19.4793],[103.8585,19.2953],[105.100873,18.701136],[105.1662,18.3068],[106.5245,16.9892],[106.6707,16.4444],[106.83257,16.514991],[107.4334,16.0574],[107.1502,15.7943],[107.656776,15.279704],[107.4447,15.0118],[107.5204,14.7046]]}},{"type":"Feature","properties":{"level":"country","left_geo_key":"cambodia","right_geo_key":"vietnam","left_area":15.030686,"right_area":27.917953,"min_area":15.030686,"max_area":27.917953},"geometry":{"type":"LineString","coordinates":[[107.5204,14.7046],[107.3199,14.1198],[107.6043,13.4985],[107.506003,12.349368],[106.394,11.9698],[106.4258,11.6621],[106.0154,11.7705],[105.8049,11.6249],[106.1773,10.7669],[105.7529,11.0156],[105.0837,10.9426],[105.0425,10.6908],[104.466629,10.417824]]}},{"type":"Feature","properties":{"level":"country","left_geo_key":"cambodia","right_geo_key":"laos","left_area":15.030686,"right_area":19.502175,"min_area":15.030686,"max_area":19.502175},"geometry":{"type":"LineString","coordinates":[[107.5204,14.7046],[106.8358,14.3071],[106.515772,14.582284],[105.976541,14.35568],[106.1495,14.0536],[106.0492,13.9155],[105.3641,14.1041],[105.185676,14.342606]]}},{"type":"Feature","properties":{"level":"country","left_geo_key":"cambodia","right_geo_key":"thailand","left_area":15.030686,"right_area":43.31024,"min_area":15.030686,"max_area":43.31024},"geometry":{"type":"LineString","coordinates":[[105.185676,14.342606],[105.0473,14.2141],[104.7804,14.437347],[103.134409,14.317383],[102.5977,13.6054],[102.331931,13.545142],[102.4793,12.6771],[102.7638,12.4253],[102.7,12.1387],[102.9138,11.7655]]}},{"type":"Feature","properties":{"level":"country","left_geo_key":"belgium","right_geo_key":"luxembourg","left_area":3.897154,"right_area":0.324545,"min_area":0.324545,"max_area":3.897154},"geometry":{"type":"LineString","coordinates":[[6.117415,50.087603],[5.9616,50.1656],[5.7536,49.9302],[5.794603,49.542152]]}},{"type":"Feature","properties":{"level":"country","left_geo_key":"saudiarabia","right_geo_key":"unitedarabemirates","left_area":171.09115,"right_area":6.292666,"min_area":6.292666,"max_area":171.09115},"geometry":{"type":"LineString","coordinates":[[51.581856,24.163898],[52.5585,22.9386],[55.1868,22.7036]]}},{"type":"Feature","properties":{"level":"country","left_geo_key":"belgium","right_geo_key":"netherlands","left_area":3.897154,"right_area":4.875735,"min_area":3.897154,"max_area":4.875735},"geometry":{"type":"MultiLineString","coordinates":[[[5.984614,50.765163],[5.6245,50.8303],[5.830573,51.145594],[5.2395,51.2569],[5.0303,51.4744],[4.2611,51.3694]],[[4.129579,51.282267],[3.350316,51.371145]]]}},{"type":"Feature","properties":{"level":"country","left_geo_key":"georgia","right_geo_key":"turkey","left_area":7.562707,"right_area":81.259258,"min_area":7.562707,"max_area":81.259258},"geometry":{"type":"LineString","coordinates":[[41.595241,41.492445],[42.452718,41.433287],[42.8009,41.5792],[43.4404,41.1066]]}},{"type":"Feature","properties":{"level":"country","left_geo_key":"armenia","right_geo_key":"georgia","left_area":3.127785,"right_area":7.562707,"min_area":3.127785,"max_area":7.562707},"geometry":{"type":"LineString","coordinates":[[43.4404,41.1066],[45.002867,41.289752]]}},{"type":"Feature","properties":{"level":"country","left_geo_key":"azerbaijan","right_geo_key":"georgia","left_area":9.125558,"right_area":7.562707,"min_area":7.562707,"max_area":9.125558},"geometry":{"type":"LineString","coordinates":[[45.002867,41.289752],[45.45,41.4322],[46.487182,41.050022],[46.6885,41.2844],[46.18,41.6552],[46.4309,41.8904]]}},{"type":"Feature","properties":{"level":"country","left_geo_key":"albania","right_geo_key":"northmacedonia","left_area":3.038754,"right_area":2.741419,"min_area":2.741419,"max_area":3.038754},"geometry":{"type":"LineString","coordinates":[[20.5671,41.8732],[20.5001,41.2355],[20.9653,40.8494]]}},{"type":"Feature","properties":{"level":"country","left_geo_key":"greece","right_geo_key":"northmacedonia","left_area":13.606777,"right_area":2.741419,"min_area":2.741419,"max_area":13.606777},"geometry":{"type":"LineString","coordinates":[[20.9653,40.8494],[22.693298,41.14544],[22.917604,41.346239]]}},{"type":"Feature","properties":{"level":"country","left_geo_key":"bulgaria","right_geo_key":"northmacedonia","left_area":12.419924,"right_area":2.741419,"min_area":2.741419,"max_area":12.419924},"geometry":{"type":"LineString","coordinates":[[22.917604,41.346239],[22.993183,41.756194],[22.4385,42.3401]]}},{"type":"Feature","properties":{"level":"country","left_geo_key":"northmacedonia","right_geo_key":"republicofserbia","left_area":2.741419,"right_area":8.732068,"min_area":2.741419,"max_area":8.732068},"geometry":{"type":"LineString","coordinates":[[22.4385,42.3401],[21.551092,42.272153]]}},{"type":"Feature","properties":{"level":"country","left_geo_key":"kosovo","right_geo_key":"northmacedonia","left_area":1.193032,"right_area":2.741419,"min_area":1.193032,"max_area":2.741419},"geometry":{"type":"LineString","coordinates":[[21.551092,42.272153],[20.5671,41.8732]]}},{"type":"Feature","properties":{"level":"country","left_geo_key":"albania","right_geo_key":"kosovo","left_area":3.038754,"right_area":1.193032,"min_area":1.193032,"max_area":3.038754},"geometry":{"type":"LineString","coordinates":[[20.5671,41.8732],[20.4817,42.2307],[20.065,42.5468]]}},{"type":"Feature","properties":{"level":"country","left_geo_key":"albania","right_geo_key":"montenegro","left_area":3.038754,"right_area":1.510601,"min_area":1.510601,"max_area":3.038754},"geometry":{"type":"LineString","coordinates":[[20.065,42.5468],[19.6218,42.605],[19.272,42.1807],[19.3749,42.0947]]}},{"type":"Feature","properties":{"level":"country","left_geo_key":"albania","right_geo_key":"greece","left_area":3.038754,"right_area":13.606777,"min_area":3.038754,"max_area":13.606777},"geometry":{"type":"LineString","coordinates":[[20.183783,39.637081],[20.386511,39.804142],[20.303,39.9791],[20.644026,40.099679],[21.027645,40.612819],[20.9653,40.8494]]}},{"type":"Feature","properties":{"level":"country","left_geo_key":"armenia","right_geo_key":"azerbaijan","left_area":3.127785,"right_area":9.125558,"min_area":3.127785,"max_area":9.125558},"geometry":{"type":"MultiLineString","coordinates":[[[45.002867,41.289752],[45.201,41.1267],[45.07,41.0621],[45.591281,40.846954],[45.3736,40.6753],[45.5262,40.441],[45.974166,40.213388],[45.8738,40.0098],[45.5794,39.9702],[46.510232,39.558916],[46.3609,39.4103],[46.6026,39.2155],[46.3953,39.1952],[46.498502,38.907747]],[[45.4793,40.634693],[45.4793,40.634693]],[[46.135144,38.864924],[45.7881,39.549],[45.1679,39.5655],[45.0335,39.7704]],[[45.0157,41.0232],[45.0157,41.0232]],[[45.190239,40.989373],[45.190239,40.989373]]]}},{"type":"Feature","properties":{"level":"country","left_geo_key":"azerbaijan","right_geo_key":"iran","left_area":9.125558,"right_area":156.159509,"min_area":9.125558,"max_area":156.159509},"geometry":{"type":"MultiLineString","coordinates":[[[46.498502,38.907747],[47.9907,39.6943],[48.3389,39.3789],[48.1062,39.2692],[48.2937,39.0046],[47.9931,38.8501],[48.612075,38.396597],[48.853046,38.43106]],[[46.135087,38.86491],[45.4386,39.0042],[44.865467,39.614937]],[[46.135144,38.864924],[46.135087,38.86491]]]}},{"type":"Feature","properties":{"level":"country","left_geo_key":"azerbaijan","right_geo_key":"turkey","left_area":9.125558,"right_area":81.259258,"min_area":9.125558,"max_area":81.259258},"geometry":{"type":"LineString","coordinates":[[45.0335,39.7704],[44.865467,39.614937]]}},{"type":"Feature","properties":{"level":"country","left_geo_key":"kosovo","right_geo_key":"republicofserbia","left_area":1.193032,"right_area":8.732068,"min_area":1.193032,"max_area":8.732068},"geometry":{"type":"LineString","coordinates":[[21.551092,42.272153],[21.744405,42.673462],[21.3787,42.7441],[20.807861,43.25433],[20.3454,42.8274]]}},{"type":"Feature","properties":{"level":"country","left_geo_key":"kosovo","right_geo_key":"montenegro","left_area":1.193032,"right_area":1.510601,"min_area":1.193032,"max_area":1.510601},"geometry":{"type":"LineString","coordinates":[[20.3454,42.8274],[20.038418,42.743147],[20.065,42.5468]]}},{"type":"Feature","properties":{"level":"country","left_geo_key":"bulgaria","right_geo_key":"turkey","left_area":12.419924,"right_area":81.259258,"min_area":12.419924,"max_area":81.259258},"geometry":{"type":"LineString","coordinates":[[27.824402,41.993502],[27.0465,42.0829],[26.3334,41.713]]}},{"type":"Feature","properties":{"level":"country","left_geo_key":"greece","right_geo_key":"turkey","left_area":13.606777,"right_area":81.259258,"min_area":13.606777,"max_area":81.259258},"geometry":{"type":"LineString","coordinates":[[26.3334,41.713],[26.5953,41.605],[26.630895,41.362974],[26.3317,41.2541],[26.35542,40.96744],[26.075158,40.741412]]}},{"type":"Feature","properties":{"level":"country","left_geo_key":"iraq","right_geo_key":"turkey","left_area":42.181414,"right_area":81.259258,"min_area":42.181414,"max_area":81.259258},"geometry":{"type":"LineString","coordinates":[[42.3572,37.11],[42.7716,37.3749],[43.8094,37.1997],[44.073994,37.311387],[44.2972,36.9699],[44.757512,37.14302]]}},{"type":"Feature","properties":{"level":"country","left_geo_key":"iran","right_geo_key":"turkey","left_area":156.159509,"right_area":81.259258,"min_area":81.259258,"max_area":156.159509},"geometry":{"type":"LineString","coordinates":[[44.757512,37.14302],[44.563021,37.744707],[44.2021,37.8972],[44.4592,38.3224],[44.2895,38.3823],[44.021,39.362],[44.380527,39.413691],[44.5657,39.7659],[44.865467,39.614937]]}},{"type":"Feature","properties":{"level":"country","left_geo_key":"armenia","right_geo_key":"turkey","left_area":3.127785,"right_area":81.259258,"min_area":3.127785,"max_area":81.259258},"geometry":{"type":"LineString","coordinates":[[45.0335,39.7704],[44.7746,39.7028],[44.3256,40.0347],[43.6654,40.1102],[43.56865,40.469876],[43.7241,40.7464],[43.4404,41.1066]]}},{"type":"Feature","properties":{"level":"country","left_geo_key":"andorra","right_geo_key":"spain","left_area":0.050187,"right_area":53.638475,"min_area":0.050187,"max_area":53.638475},"geometry":{"type":"LineString","coordinates":[[1.707,42.5028],[1.4364,42.4535],[1.4148,42.6093]]}},{"type":"Feature","properties":{"level":"country","left_geo_key":"portugal","right_geo_key":"spain","left_area":9.571231,"right_area":53.638475,"min_area":9.571231,"max_area":53.638475},"geometry":{"type":"LineString","coordinates":[[-8.6439,42.0415],[-8.2224,42.1536],[-8.1796,41.8107],[-6.6095,41.9623],[-6.5415,41.6589],[-6.2059,41.5703],[-6.9425,41.016],[-6.7944,40.3564],[-7.0346,40.1931],[-6.8797,40.0092],[-7.011539,39.715312],[-7.5482,39.6632],[-6.978902,39.004729],[-7.3455,38.441],[-6.958277,38.172088],[-7.444,37.7302],[-7.4689,37.4756]]}},{"type":"Feature","properties":{"level":"country","left_geo_key":"laos","right_geo_key":"myanmar","left_area":19.502175,"right_area":57.649106,"min_area":19.502175,"max_area":57.649106},"geometry":{"type":"LineString","coordinates":[[101.159645,21.533667],[100.723497,21.303643],[100.5178,20.9063],[100.6521,20.8828],[100.252066,20.732548],[100.099629,20.34103]]}},{"type":"Feature","properties":{"level":"country","left_geo_key":"laos","right_geo_key":"thailand","left_area":19.502175,"right_area":43.31024,"min_area":19.502175,"max_area":43.31024},"geometry":{"type":"LineString","coordinates":[[100.099629,20.34103],[100.3443,20.39],[100.542,20.1667],[100.3835,19.7639],[100.48736,19.524725],[101.2549,19.5472],[101.3264,19.0205],[101.039977,18.439137],[101.1575,18.0404],[100.9019,17.5619],[101.1385,17.475671],[102.0785,18.2138],[102.664788,17.82223],[103.3866,18.4415],[104,18.3184],[104.7816,17.4353],[104.7545,16.5289],[105.6409,15.682],[105.4477,15.1553],[105.5931,14.9908],[105.5075,14.564],[105.185676,14.342606]]}},{"type":"Feature","properties":{"level":"country","left_geo_key":"armenia","right_geo_key":"iran","left_area":3.127785,"right_area":156.159509,"min_area":3.127785,"max_area":156.159509},"geometry":{"type":"LineString","coordinates":[[46.135144,38.864924],[46.498502,38.907747]]}},{"type":"Feature","properties":{"level":"country","left_geo_key":"libya","right_geo_key":"tunisia","left_area":147.963651,"right_area":15.335112,"min_area":15.335112,"max_area":147.963651},"geometry":{"type":"LineString","coordinates":[[11.5051,33.1812],[11.5464,32.4343],[10.264,31.6805],[10.1081,31.4118],[10.221557,30.800665],[9.8713,30.3552],[9.5197,30.2289]]}},{"type":"Feature","properties":{"level":"country","left_geo_key":"algeria","right_geo_key":"libya","left_area":212.810518,"right_area":147.963651,"min_area":147.963651,"max_area":212.810518},"geometry":{"type":"LineString","coordinates":[[9.5197,30.2289],[9.2865,30.1171],[9.8261,29.1285],[9.777,28.2676],[9.9343,27.8274],[9.7213,27.2919],[9.9106,26.8431],[9.8358,26.5042],[9.3778,26.1689],[10.0079,25.3314],[10.032,24.8563],[10.257788,24.583107],[11.5414,24.2975],[11.9689,23.5174]]}},{"type":"Feature","properties":{"level":"country","left_geo_key":"libya","right_geo_key":"niger","left_area":147.963651,"right_area":100.546086,"min_area":100.546086,"max_area":147.963651},"geometry":{"type":"LineString","coordinates":[[11.9689,23.5174],[13.4823,23.1797],[14.2016,22.6232],[14.981662,22.982505]]}},{"type":"Feature","properties":{"level":"country","left_geo_key":"chad","right_geo_key":"libya","left_area":106.844129,"right_area":147.963651,"min_area":106.844129,"max_area":147.963651},"geometry":{"type":"LineString","coordinates":[[14.981662,22.982505],[16.0762,23.3996],[23.9813,19.4961]]}},{"type":"Feature","properties":{"level":"country","left_geo_key":"libya","right_geo_key":"sudan","left_area":147.963651,"right_area":156.949224,"min_area":147.963651,"max_area":156.949224},"geometry":{"type":"LineString","coordinates":[[23.9813,19.4961],[23.9813,19.9954],[24.968087,20.008239],[24.9812,21.9954]]}},{"type":"Feature","properties":{"level":"country","left_geo_key":"egypt","right_geo_key":"libya","left_area":90.759361,"right_area":147.963651,"min_area":90.759361,"max_area":147.963651},"geometry":{"type":"LineString","coordinates":[[24.9812,21.9954],[24.9812,29.1814],[24.696905,30.163313],[24.9949,30.7851],[24.849,31.3486],[25.1477,31.654298]]}},{"type":"Feature","properties":{"level":"country","left_geo_key":"algeria","right_geo_key":"tunisia","left_area":212.810518,"right_area":15.335112,"min_area":15.335112,"max_area":212.810518},"geometry":{"type":"LineString","coordinates":[[8.6238,36.8261],[8.1699,36.5258],[8.3577,36.4304],[8.2414,35.8277],[8.4313,35.2417],[8.2365,34.6477],[7.5175,34.095],[7.487029,33.870673],[7.725,33.2314],[8.0868,33.0943],[8.332534,32.526812],[9.045,32.0718],[9.5197,30.2289]]}},{"type":"Feature","properties":{"level":"country","left_geo_key":"moldova","right_geo_key":"romania","left_area":3.924701,"right_area":27.383842,"min_area":3.924701,"max_area":27.383842},"geometry":{"type":"LineString","coordinates":[[28.215975,45.475673],[28.0621,45.5936],[28.2472,46.4362],[28.0691,46.9885],[27.048,48.1222],[26.628836,48.267869]]}},{"type":"Feature","properties":{"level":"country","left_geo_key":"hungary","right_geo_key":"romania","left_area":11.087069,"right_area":27.383842,"min_area":11.087069,"max_area":27.383842},"geometry":{"type":"LineString","coordinates":[[22.8776,47.9467],[22.0079,47.5174],[21.135096,46.278887],[20.2428,46.1081]]}},{"type":"Feature","properties":{"level":"country","left_geo_key":"republicofserbia","right_geo_key":"romania","left_area":8.732068,"right_area":27.383842,"min_area":8.732068,"max_area":27.383842},"geometry":{"type":"LineString","coordinates":[[20.2428,46.1081],[20.775776,45.750606],[20.7671,45.4793],[21.48254,45.149046],[21.3634,45.0165],[21.5391,44.9085],[21.3428,44.8319],[22.1482,44.5009],[22.587509,44.667608],[22.751882,44.574413],[22.48,44.4558],[22.6916,44.2284]]}},{"type":"Feature","properties":{"level":"country","left_geo_key":"bulgaria","right_geo_key":"romania","left_area":12.419924,"right_area":27.383842,"min_area":12.419924,"max_area":27.383842},"geometry":{"type":"LineString","coordinates":[[22.6916,44.2284],[23.031,44.0931],[22.8888,43.8395],[25.4261,43.6544],[27.0275,44.177],[28.495287,43.746118]]}},{"type":"Feature","properties":{"level":"country","left_geo_key":"hungary","right_geo_key":"slovakia","left_area":11.087069,"right_area":5.905435,"min_area":5.905435,"max_area":11.087069},"geometry":{"type":"LineString","coordinates":[[22.1328,48.4048],[20.4805,48.5185],[19.9286,48.1301],[19.6232,48.227],[18.821,48.0305],[18.6928,47.778],[17.777841,47.765875],[17.181412,48.016945]]}},{"type":"Feature","properties":{"level":"country","left_geo_key":"austria","right_geo_key":"hungary","left_area":10.054045,"right_area":11.087069,"min_area":10.054045,"max_area":11.087069},"geometry":{"type":"LineString","coordinates":[[17.181412,48.016945],[17.053373,47.706721],[16.4318,47.6855],[16.683126,47.529102],[16.434,47.3969],[16.461319,46.999487],[16.094,46.8628]]}},{"type":"Feature","properties":{"level":"country","left_geo_key":"hungary","right_geo_key":"slovenia","left_area":11.087069,"right_area":2.347557,"min_area":2.347557,"max_area":11.087069},"geometry":{"type":"LineString","coordinates":[[16.094,46.8628],[16.324001,46.828157],[16.5153,46.5017]]}},{"type":"Feature","properties":{"level":"country","left_geo_key":"croatia","right_geo_key":"hungary","left_area":6.23296,"right_area":11.087069,"min_area":6.23296,"max_area":11.087069},"geometry":{"type":"LineString","coordinates":[[16.5153,46.5017],[17.8581,45.7717],[18.902395,45.908692]]}},{"type":"Feature","properties":{"level":"country","left_geo_key":"hungary","right_geo_key":"republicofserbia","left_area":11.087069,"right_area":8.732068,"min_area":8.732068,"max_area":11.087069},"geometry":{"type":"LineString","coordinates":[[18.902395,45.908692],[19.5499,46.1642],[20.2428,46.1081]]}},{"type":"Feature","properties":{"level":"country","left_geo_key":"poland","right_geo_key":"slovakia","left_area":41.188003,"right_area":5.905435,"min_area":5.905435,"max_area":41.188003},"geometry":{"type":"LineString","coordinates":[[22.552181,49.075329],[21.60934,49.422494],[20.3295,49.3918],[19.832,49.1859],[19.44134,49.591842],[19.1417,49.3942],[18.8332,49.5103]]}},{"type":"Feature","properties":{"level":"country","left_geo_key":"austria","right_geo_key":"slovakia","left_area":10.054045,"right_area":5.905435,"min_area":5.905435,"max_area":10.054045},"geometry":{"type":"LineString","coordinates":[[16.945,48.6042],[16.848613,48.363723],[17.181412,48.016945]]}},{"type":"Feature","properties":{"level":"country","left_geo_key":"ireland","right_geo_key":"unitedkingdom","left_area":9.305698,"right_area":33.375378,"min_area":9.305698,"max_area":33.375378},"geometry":{"type":"MultiLineString","coordinates":[[[-7.388227,55.010691],[-8.1463,54.4307],[-7.609,54.1399],[-7.2938,54.122],[-7.0178,54.4132],[-6.6165,54.0373],[-6.279891,54.102717]],[[-7.377,55.0289],[-7.388227,55.010691]],[[-7.2665,55.0652],[-7.377,55.0289]],[[-7.2471,55.0693],[-7.2665,55.0652]]]}},{"type":"Feature","properties":{"level":"country","left_geo_key":"bulgaria","right_geo_key":"greece","left_area":12.419924,"right_area":13.606777,"min_area":12.419924,"max_area":13.606777},"geometry":{"type":"MultiLineString","coordinates":[[[22.917,41.3358],[24.5102,41.5617],[25.2623,41.2381],[26.1073,41.3566],[26.0481,41.6891],[26.3334,41.713]],[[22.917604,41.346239],[22.917,41.3358]]]}},{"type":"Feature","properties":{"level":"country","left_geo_key":"angola","right_geo_key":"zambia","left_area":103.541661,"right_area":62.798491,"min_area":62.798491,"max_area":103.541661},"geometry":{"type":"LineString","coordinates":[[23.970723,-10.901847],[24.0308,-12.3851],[23.8657,-12.7897],[24.0006,-13.0015],[21.9799,-13.0015],[21.983762,-16.135398],[22.135637,-16.567177],[23.372518,-17.628873]]}},{"type":"Feature","properties":{"level":"country","left_geo_key":"botswana","right_geo_key":"zambia","left_area":50.674515,"right_area":62.798491,"min_area":50.674515,"max_area":62.798491},"geometry":{"type":"LineString","coordinates":[[25.216918,-17.786387],[25.2598,-17.7941]]}},{"type":"Feature","properties":{"level":"country","left_geo_key":"zambia","right_geo_key":"zimbabwe","left_area":62.798491,"right_area":33.388409,"min_area":33.388409,"max_area":62.798491},"geometry":{"type":"LineString","coordinates":[[25.2598,-17.7941],[25.9245,-17.999],[27.0213,-17.9585],[27.8169,-16.9596],[28.8225,-16.4708],[28.943222,-15.961116],[29.57653,-15.659881],[30.382894,-15.63157]]}},{"type":"Feature","properties":{"level":"country","left_geo_key":"mozambique","right_geo_key":"zambia","left_area":67.160931,"right_area":62.798491,"min_area":62.798491,"max_area":67.160931},"geometry":{"type":"LineString","coordinates":[[30.382894,-15.63157],[30.2138,-14.9885],[33.2027,-14.0139]]}},{"type":"Feature","properties":{"level":"country","left_geo_key":"guinea","right_geo_key":"sierraleone","left_area":20.180215,"right_area":5.851331,"min_area":5.851331,"max_area":20.180215},"geometry":{"type":"LineString","coordinates":[[-10.2822,8.4846],[-10.7353,8.2873],[-10.4819,8.6725],[-10.7463,9.0838],[-10.681303,9.287098],[-11.216324,9.982442],[-12.4723,9.8813],[-12.8191,9.2958],[-13.3011,9.0415]]}},{"type":"Feature","properties":{"level":"country","left_geo_key":"liberia","right_geo_key":"sierraleone","left_area":7.785804,"right_area":5.851331,"min_area":5.851331,"max_area":7.785804},"geometry":{"type":"LineString","coordinates":[[-11.4762,6.9194],[-10.6152,7.769],[-10.2822,8.4846]]}},{"type":"Feature","properties":{"level":"country","left_geo_key":"guinea","right_geo_key":"liberia","left_area":20.180215,"right_area":7.785804,"min_area":7.785804,"max_area":20.180215},"geometry":{"type":"LineString","coordinates":[[-10.2822,8.4846],[-9.777865,8.558294],[-9.5044,8.3462],[-9.3555,7.7419],[-9.4784,7.3769],[-9.1139,7.2004],[-8.8578,7.273],[-8.691713,7.674703],[-8.4854,7.558]]}},{"type":"Feature","properties":{"level":"country","left_geo_key":"guinea","right_geo_key":"ivorycoast","left_area":20.180215,"right_area":26.319431,"min_area":20.180215,"max_area":26.319431},"geometry":{"type":"LineString","coordinates":[[-8.4854,7.558],[-8.229,7.5443],[-7.98796,8.035107],[-8.2544,8.4465],[-7.6624,8.3749],[-7.9689,8.8128],[-7.76345,9.089656],[-7.9296,9.1839],[-7.872998,9.409063],[-8.1576,9.5309],[-7.9897,10.162]]}},{"type":"Feature","properties":{"level":"country","left_geo_key":"guinea","right_geo_key":"mali","left_area":20.180215,"right_area":106.814447,"min_area":20.180215,"max_area":106.814447},"geometry":{"type":"LineString","coordinates":[[-7.9897,10.162],[-8.2955,10.5374],[-8.3266,11.0238],[-8.6962,10.9627],[-8.371,11.3206],[-8.8472,11.6579],[-8.9759,12.3687],[-9.2659,12.4952],[-9.723,12.0254],[-10.2669,12.2178],[-10.7114,11.8904],[-10.941743,12.21081],[-11.3347,12.0262],[-11.5078,12.1916],[-11.388911,12.404033]]}},{"type":"Feature","properties":{"level":"country","left_geo_key":"guinea","right_geo_key":"senegal","left_area":20.180215,"right_area":16.449494,"min_area":16.449494,"max_area":20.180215},"geometry":{"type":"LineString","coordinates":[[-11.388911,12.404033],[-12.373362,12.314885],[-13.052,12.4723],[-13.0765,12.6359],[-13.730022,12.649318]]}},{"type":"Feature","properties":{"level":"country","left_geo_key":"guinea","right_geo_key":"guineabissau","left_area":20.180215,"right_area":2.668644,"min_area":2.668644,"max_area":20.180215},"geometry":{"type":"LineString","coordinates":[[-13.730022,12.649318],[-13.695,12.2929],[-13.9683,12.184],[-13.734575,12.009777],[-13.7248,11.7231],[-14.7111,11.4976],[-15.01625,10.986763]]}},{"type":"Feature","properties":{"level":"country","left_geo_key":"ivorycoast","right_geo_key":"liberia","left_area":26.319431,"right_area":7.785804,"min_area":7.785804,"max_area":26.319431},"geometry":{"type":"LineString","coordinates":[[-7.557066,4.372378],[-7.4465,5.8459],[-7.7866,5.9582],[-7.9349,6.2714],[-8.6018,6.4917],[-8.2841,7.0179],[-8.4854,7.558]]}},{"type":"Feature","properties":{"level":"country","left_geo_key":"centralafricanrepublic","right_geo_key":"sudan","left_area":50.517002,"right_area":156.949224,"min_area":50.517002,"max_area":156.949224},"geometry":{"type":"LineString","coordinates":[[24.20901,8.692096],[23.4901,8.7326],[23.6448,9.8631],[22.8611,10.9192]]}},{"type":"Feature","properties":{"level":"country","left_geo_key":"centralafricanrepublic","right_geo_key":"chad","left_area":50.517002,"right_area":106.844129,"min_area":50.517002,"max_area":106.844129},"geometry":{"type":"LineString","coordinates":[[22.8611,10.9192],[22.4376,10.9916],[21.7226,10.6367],[21.7188,10.2966],[20.4352,9.1381],[18.959807,8.935795],[19.1241,8.6751],[18.5893,8.0479],[17.62809,7.978132],[16.7824,7.5411],[16.5487,7.87],[15.434262,7.404505]]}},{"type":"Feature","properties":{"level":"country","left_geo_key":"cameroon","right_geo_key":"centralafricanrepublic","left_area":37.915929,"right_area":50.517002,"min_area":37.915929,"max_area":50.517002},"geometry":{"type":"LineString","coordinates":[[15.434262,7.404505],[14.7723,6.3183],[14.3894,6.0311],[14.6174,5.865],[14.5239,5.2797],[14.7173,4.622],[15.179913,4.060606],[15.0849,3.8858],[16.076537,2.8851],[16.1995,2.2122]]}},{"type":"Feature","properties":{"level":"country","left_geo_key":"eritrea","right_geo_key":"sudan","left_area":10.326436,"right_area":156.949224,"min_area":10.326436,"max_area":156.949224},"geometry":{"type":"LineString","coordinates":[[36.5264,14.2635],[36.4236,15.1115],[36.944,16.2529],[36.9801,17.07],[37.4034,17.0299],[37.506185,17.305405],[38.2502,17.5418],[38.4593,17.8907]]}},{"type":"Feature","properties":{"level":"country","left_geo_key":"birtawil","right_geo_key":"sudan","left_area":0.175376,"right_area":156.949224,"min_area":0.175376,"max_area":156.949224},"geometry":{"type":"LineString","coordinates":[[33.9991,21.7674],[33.5584,21.711]]}},{"type":"Feature","properties":{"level":"country","left_geo_key":"egypt","right_geo_key":"sudan","left_area":90.759361,"right_area":156.949224,"min_area":90.759361,"max_area":156.949224},"geometry":{"type":"LineString","coordinates":[[31.4355,21.9954],[31.4233,22.227],[31.210142,21.994406],[24.9812,21.9954]]}},{"type":"Feature","properties":{"level":"country","left_geo_key":"chad","right_geo_key":"sudan","left_area":106.844129,"right_area":156.949224,"min_area":106.844129,"max_area":156.949224},"geometry":{"type":"LineString","coordinates":[[23.9813,19.4961],[23.9844,15.7219],[23.0946,15.7043],[22.9067,15.5414],[22.969705,15.311016],[22.6663,14.6817],[22.3635,14.5435],[22.5464,14.1397],[22.0737,13.7714],[22.2676,13.3346],[21.8137,12.7823],[22.430819,12.619276],[22.5417,11.633],[22.9148,11.3961],[22.8611,10.9192]]}},{"type":"Feature","properties":{"level":"country","left_geo_key":"djibouti","right_geo_key":"eritrea","left_area":1.812307,"right_area":10.326436,"min_area":1.812307,"max_area":10.326436},"geometry":{"type":"LineString","coordinates":[[43.1177,12.7079],[42.6783,12.36],[42.3795,12.4659]]}},{"type":"Feature","properties":{"level":"country","left_geo_key":"austria","right_geo_key":"switzerland","left_area":10.054045,"right_area":4.868256,"min_area":4.868256,"max_area":10.054045},"geometry":{"type":"MultiLineString","coordinates":[[[9.573728,47.513477],[9.525071,47.256409]],[[9.6157,47.1068],[10.4538,46.8644]]]}},{"type":"Feature","properties":{"level":"country","left_geo_key":"austria","right_geo_key":"liechtenstein","left_area":10.054045,"right_area":0.013672,"min_area":0.013672,"max_area":10.054045},"geometry":{"type":"LineString","coordinates":[[9.525071,47.256409],[9.6157,47.1068]]}},{"type":"Feature","properties":{"level":"country","left_geo_key":"austria","right_geo_key":"italy","left_area":10.054045,"right_area":33.197033,"min_area":10.054045,"max_area":33.197033},"geometry":{"type":"LineString","coordinates":[[10.4538,46.8644],[10.984536,46.769578],[11.1566,46.9565],[12.1806,47.0852],[12.405,46.6901],[13.701,46.5197]]}},{"type":"Feature","properties":{"level":"country","left_geo_key":"austria","right_geo_key":"slovenia","left_area":10.054045,"right_area":2.347557,"min_area":2.347557,"max_area":10.054045},"geometry":{"type":"LineString","coordinates":[[13.701,46.5197],[14.5403,46.3786],[15.062,46.6496],[16.0146,46.6937],[16.094,46.8628]]}},{"type":"Feature","properties":{"level":"country","left_geo_key":"iraq","right_geo_key":"jordan","left_area":42.181414,"right_area":8.383807,"min_area":8.383807,"max_area":42.181414},"geometry":{"type":"LineString","coordinates":[[38.7745,33.3717],[39.0288,32.3283],[39.292,32.2445]]}},{"type":"Feature","properties":{"level":"country","left_geo_key":"iraq","right_geo_key":"saudiarabia","left_area":42.181414,"right_area":171.09115,"min_area":42.181414,"max_area":171.09115},"geometry":{"type":"LineString","coordinates":[[39.292,32.2445],[39.1577,32.1213],[40.3703,31.9385],[42.0754,31.0799],[44.6918,29.2018],[46.5324,29.0957]]}},{"type":"Feature","properties":{"level":"country","left_geo_key":"iraq","right_geo_key":"kuwait","left_area":42.181414,"right_area":1.628314,"min_area":1.628314,"max_area":42.181414},"geometry":{"type":"LineString","coordinates":[[46.5324,29.0957],[47.175949,30.016297],[47.781834,30.066573]]}},{"type":"Feature","properties":{"level":"country","left_geo_key":"iran","right_geo_key":"iraq","left_area":156.159509,"right_area":42.181414,"min_area":42.181414,"max_area":156.159509},"geometry":{"type":"LineString","coordinates":[[48.497461,29.981834],[48.0136,30.4639],[48.001901,30.977025],[47.6729,30.9947],[47.830035,31.794285],[47.4108,32.3953],[46.097,32.9543],[46.155216,33.255516],[45.3804,33.9736],[45.5344,34.1282],[45.5007,34.5917],[45.699025,34.569441],[45.6766,34.8183],[46.1511,35.1116],[45.9959,35.6584],[46.317926,35.794449],[45.3381,35.9793],[44.757512,37.14302]]}},{"type":"Feature","properties":{"level":"country","left_geo_key":"italy","right_geo_key":"slovenia","left_area":33.197033,"right_area":2.347557,"min_area":2.347557,"max_area":33.197033},"geometry":{"type":"LineString","coordinates":[[13.764386,45.589913],[13.8841,45.6351],[13.4795,45.9931],[13.6411,46.1714],[13.3653,46.2903],[13.701,46.5197]]}},{"type":"Feature","properties":{"level":"country","left_geo_key":"italy","right_geo_key":"switzerland","left_area":33.197033,"right_area":4.868256,"min_area":4.868256,"max_area":33.197033},"geometry":{"type":"LineString","coordinates":[[10.4538,46.8644],[10.453536,46.553457],[10.0314,46.5258],[10.102612,46.228945],[9.2632,46.4851],[9.0024,45.8207],[8.437705,46.243663],[8.4279,46.4487],[7.8437,45.9192],[7.039431,45.918864]]}},{"type":"Feature","properties":{"level":"country","left_geo_key":"italy","right_geo_key":"sanmarino","left_area":33.197033,"right_area":0.002971,"min_area":0.002971,"max_area":33.197033},"geometry":{"type":"LineString","coordinates":[[12.3957,43.9484],[12.3957,43.9484]]}},{"type":"Feature","properties":{"level":"country","left_geo_key":"italy","right_geo_key":"vatican","left_area":33.197033,"right_area":0.000001,"min_area":0.000001,"max_area":33.197033},"geometry":{"type":"LineString","coordinates":[[12.4527,41.903],[12.4527,41.903]]}},{"type":"Feature","properties":{"level":"country","left_geo_key":"liechtenstein","right_geo_key":"switzerland","left_area":0.013672,"right_area":4.868256,"min_area":0.013672,"max_area":4.868256},"geometry":{"type":"LineString","coordinates":[[9.6157,47.1068],[9.525071,47.256409]]}},{"type":"Feature","properties":{"level":"country","left_geo_key":"iran","right_geo_key":"pakistan","left_area":156.159509,"right_area":81.708298,"min_area":81.708298,"max_area":156.159509},"geometry":{"type":"LineString","coordinates":[[61.5882,25.2021],[61.8329,26.2254],[62.4106,26.5568],[63.1638,26.6451],[63.3196,27.1173],[62.7424,27.2668],[62.7615,28.2464],[61.826306,28.603207],[60.8444,29.8582]]}},{"type":"Feature","properties":{"level":"country","left_geo_key":"afghanistan","right_geo_key":"iran","left_area":62.585977,"right_area":156.159509,"min_area":62.585977,"max_area":156.159509},"geometry":{"type":"LineString","coordinates":[[60.8444,29.8582],[61.8264,31.015],[61.6869,31.3732],[60.8217,31.4947],[60.8303,32.2489],[60.5629,33.0583],[60.912,33.5284],[60.5118,33.6384],[60.4928,34.139],[60.8791,34.3376],[60.6997,34.5164],[61.0654,34.8147],[61.35625,35.620346]]}},{"type":"Feature","properties":{"level":"country","left_geo_key":"iran","right_geo_key":"turkmenistan","left_area":156.159509,"right_area":49.036685,"min_area":49.036685,"max_area":156.159509},"geometry":{"type":"LineString","coordinates":[[61.35625,35.620346],[61.1414,35.9824],[61.1658,36.6363],[60.3423,36.6371],[60.0192,37.0258],[59.4588,37.2148],[59.3323,37.5151],[57.3524,37.9675],[57.2073,38.2707],[55.4474,38.0837],[54.654,37.4389],[53.9137,37.3428]]}},{"type":"Feature","properties":{"level":"country","left_geo_key":"ghana","right_geo_key":"ivorycoast","left_area":19.570969,"right_area":26.319431,"min_area":19.570969,"max_area":26.319431},"geometry":{"type":"LineString","coordinates":[[-2.7666,5.161],[-2.7856,5.595],[-3.0298,5.7043],[-3.2625,6.6171],[-2.785702,7.940728],[-2.5063,8.2093],[-2.764964,9.05154],[-2.694984,9.483116]]}},{"type":"Feature","properties":{"level":"country","left_geo_key":"burkinafaso","right_geo_key":"ivorycoast","left_area":22.669907,"right_area":26.319431,"min_area":22.669907,"max_area":26.319431},"geometry":{"type":"LineString","coordinates":[[-2.694984,9.483116],[-2.798438,9.410552],[-3.2026,9.9082],[-3.9101,9.8885],[-4.3678,9.592],[-4.684674,9.693212],[-5.1357,10.3043],[-5.5171,10.44]]}},{"type":"Feature","properties":{"level":"country","left_geo_key":"ivorycoast","right_geo_key":"mali","left_area":26.319431,"right_area":106.814447,"min_area":26.319431,"max_area":106.814447},"geometry":{"type":"LineString","coordinates":[[-5.5171,10.44],[-6.24,10.2519],[-6.274006,10.716177],[-6.4215,10.5566],[-6.6679,10.6509],[-6.6683,10.3658],[-6.9731,10.3323],[-6.9924,10.1491],[-7.5158,10.4578],[-7.9897,10.162]]}},{"type":"Feature","properties":{"level":"country","left_geo_key":"bulgaria","right_geo_key":"republicofserbia","left_area":12.419924,"right_area":8.732068,"min_area":8.732068,"max_area":12.419924},"geometry":{"type":"LineString","coordinates":[[22.4385,42.3401],[22.4455,42.8302],[22.9846,43.1746],[22.3495,43.8079],[22.6916,44.2284]]}},{"type":"Feature","properties":{"level":"country","left_geo_key":"croatia","right_geo_key":"republicofserbia","left_area":6.23296,"right_area":8.732068,"min_area":6.23296,"max_area":8.732068},"geometry":{"type":"LineString","coordinates":[[18.902395,45.908692],[18.9121,45.5682],[19.088903,45.522817],[18.9775,45.3712],[19.4078,45.2031],[19.0601,45.1469],[19.016109,44.872748]]}},{"type":"Feature","properties":{"level":"country","left_geo_key":"bosniaandherzegovina","right_geo_key":"republicofserbia","left_area":5.827621,"right_area":8.732068,"min_area":5.827621,"max_area":8.732068},"geometry":{"type":"LineString","coordinates":[[19.016109,44.872748],[19.367543,44.882704],[19.1167,44.3437],[19.610999,44.0404],[19.2521,44.0075],[19.5074,43.6472],[19.195158,43.529212]]}},{"type":"Feature","properties":{"level":"country","left_geo_key":"montenegro","right_geo_key":"republicofserbia","left_area":1.510601,"right_area":8.732068,"min_area":1.510601,"max_area":8.732068},"geometry":{"type":"LineString","coordinates":[[19.195158,43.529212],[20.3454,42.8274]]}},{"type":"Feature","properties":{"level":"country","left_geo_key":"mali","right_geo_key":"senegal","left_area":106.814447,"right_area":16.449494,"min_area":16.449494,"max_area":106.814447},"geometry":{"type":"MultiLineString","coordinates":[[[-12.1726,14.6479],[-12.2641,14.7749]],[[-12.2304,14.5367],[-12.1726,14.6479]],[[-12.2088,14.3888],[-12.2304,14.5367]],[[-12.193173,14.381494],[-12.2088,14.3888]],[[-12.114583,14.344751],[-12.193173,14.381494]],[[-12.113075,14.329397],[-12.114583,14.344751]],[[-12.1196,14.3106],[-12.113075,14.329397]],[[-12.110602,14.304224],[-12.1196,14.3106]],[[-12.0345,14.2503],[-12.110602,14.304224]],[[-11.999353,14.154746],[-12.0345,14.2503]],[[-12.0253,13.9852],[-11.999353,14.154746]],[[-11.9629,13.9092],[-12.0253,13.9852]],[[-11.9629,13.8295],[-11.9629,13.9092]],[[-12.0976,13.7044],[-11.9629,13.8295]],[[-12.0152,13.5644],[-12.0976,13.7044]],[[-11.8985,13.4685],[-12.0152,13.5644]],[[-11.9,13.3822],[-11.8985,13.4685]],[[-11.88884,13.371314],[-11.9,13.3822]],[[-11.8888,13.3689],[-11.88884,13.371314]],[[-11.8446,13.3238],[-11.8888,13.3689]],[[-11.836776,13.320528],[-11.8446,13.3238]],[[-11.817842,13.31261],[-11.836776,13.320528]],[[-11.8171,13.3123],[-11.817842,13.31261]],[[-11.729213,13.403402],[-11.8171,13.3123]],[[-11.6131,13.3608],[-11.729213,13.403402]],[[-11.5331,13.1118],[-11.6131,13.3608]],[[-11.457409,13.060744],[-11.5331,13.1118]],[[-11.4387,12.9589],[-11.457409,13.060744]],[[-11.4018,12.9895],[-11.4387,12.9589]],[[-11.402935,12.861393],[-11.4018,12.9895]],[[-11.429133,12.704691],[-11.402935,12.861393]],[[-11.455927,12.544427],[-11.429133,12.704691]],[[-11.4567,12.5398],[-11.455927,12.544427]],[[-11.445921,12.532923],[-11.4567,12.5398]],[[-11.389939,12.468557],[-11.445921,12.532923]],[[-11.388911,12.404033],[-11.389939,12.468557]]]}},{"type":"Feature","properties":{"level":"country","left_geo_key":"burkinafaso","right_geo_key":"mali","left_area":22.669907,"right_area":106.814447,"min_area":22.669907,"max_area":106.814447},"geometry":{"type":"LineString","coordinates":[[-5.5171,10.44],[-5.504763,11.049807],[-5.2183,11.4222],[-5.390874,11.812571],[-4.4061,12.3075],[-4.483547,12.671882],[-4.2119,12.8192],[-4.336854,13.130307],[-3.973706,13.4682],[-3.4495,13.1688],[-3.2486,13.2928],[-3.287,13.6978],[-2.8952,13.6516],[-2.851464,14.013514],[-2.5974,14.2223],[-2.085,14.1597],[-1.9971,14.4707],[-0.7197,15.0785],[0.204396,14.91579]]}},{"type":"Feature","properties":{"level":"country","left_geo_key":"mali","right_geo_key":"niger","left_area":106.814447,"right_area":100.546086,"min_area":100.546086,"max_area":106.814447},"geometry":{"type":"LineString","coordinates":[[0.204396,14.91579],[0.9737,14.9913],[1.3315,15.2836],[3.5071,15.354],[3.8738,15.7209],[4.184,16.4161],[4.2286,19.1422]]}},{"type":"Feature","properties":{"level":"country","left_geo_key":"algeria","right_geo_key":"mali","left_area":212.810518,"right_area":106.814447,"min_area":106.814447,"max_area":212.810518},"geometry":{"type":"LineString","coordinates":[[4.2286,19.1422],[3.3331,18.9756],[3.1041,19.1355],[3.198813,19.81482],[1.7992,20.2949],[1.1472,20.7514],[1.030844,21.17715],[-4.8216,24.9951]]}},{"type":"Feature","properties":{"level":"country","left_geo_key":"mali","right_geo_key":"mauritania","left_area":106.814447,"right_area":89.585793,"min_area":89.585793,"max_area":106.814447},"geometry":{"type":"LineString","coordinates":[[-4.8216,24.9951],[-6.5931,24.9941],[-5.6233,16.5278],[-5.3533,16.312],[-5.511767,15.515476],[-9.3492,15.4956],[-9.3759,15.6859],[-9.4239,15.4405],[-10.7254,15.4331],[-10.9062,15.1198],[-11.523,15.6352],[-11.7271,15.5412],[-11.854472,14.877431],[-12.2641,14.7749]]}},{"type":"Feature","properties":{"level":"country","left_geo_key":"mauritania","right_geo_key":"senegal","left_area":89.585793,"right_area":16.449494,"min_area":16.449494,"max_area":89.585793},"geometry":{"type":"LineString","coordinates":[[-12.2641,14.7749],[-13.2473,15.6483],[-13.494712,16.138824],[-13.8448,16.126],[-14.4066,16.6608],[-16.137229,16.548223],[-16.466,16.1741]]}},{"type":"Feature","properties":{"level":"country","left_geo_key":"gambia","right_geo_key":"senegal","left_area":0.866797,"right_area":16.449494,"min_area":0.866797,"max_area":16.449494},"geometry":{"type":"LineString","coordinates":[[-15.516102,13.588282],[-15.081017,13.81699],[-14.3656,13.4548],[-13.9675,13.5756],[-13.8187,13.4294],[-14.3688,13.2357],[-15.1605,13.581],[-15.2771,13.3803],[-15.8071,13.3398],[-15.832596,13.161718],[-16.71843,13.120684]]}},{"type":"Feature","properties":{"level":"country","left_geo_key":"guineabissau","right_geo_key":"senegal","left_area":2.668644,"right_area":16.449494,"min_area":2.668644,"max_area":16.449494},"geometry":{"type":"LineString","coordinates":[[-16.703549,12.334796],[-15.677,12.4393],[-15.1951,12.6794],[-13.730022,12.649318]]}},{"type":"Feature","properties":{"level":"country","left_geo_key":"benin","right_geo_key":"nigeria","left_area":9.593283,"right_area":74.795054,"min_area":9.593283,"max_area":74.795054},"geometry":{"type":"MultiLineString","coordinates":[[[3.473603,11.431944],[3.5964,11.6958]],[[3.4684,11.4195],[3.473603,11.431944]],[[3.6625,11.1431],[3.4684,11.4195]],[[3.714469,11.116244],[3.6625,11.1431]],[[3.7541,10.9071],[3.714469,11.116244]],[[3.7313,10.825],[3.7541,10.9071]],[[3.73839,10.815075],[3.7313,10.825]],[[3.803828,10.723476],[3.73839,10.815075]],[[3.824152,10.695025],[3.803828,10.723476]],[[3.8374,10.5999],[3.824152,10.695025]],[[3.779047,10.427],[3.8374,10.5999]],[[3.6521,10.4358],[3.779047,10.427]],[[3.593,10.3309],[3.6521,10.4358]],[[3.588349,10.315737],[3.593,10.3309]],[[3.57705,10.278899],[3.588349,10.315737]],[[3.5734,10.267],[3.57705,10.278899]],[[3.662181,10.132663],[3.5734,10.267]],[[3.656814,10.118603],[3.662181,10.132663]],[[3.6058,10.0541],[3.656814,10.118603]],[[3.59039,9.954551],[3.6058,10.0541]],[[3.567435,9.919284],[3.59039,9.954551]],[[3.524037,9.86123],[3.567435,9.919284]],[[3.342,9.8136],[3.524037,9.86123]],[[3.3316,9.652],[3.342,9.8136]],[[3.260565,9.636867],[3.3316,9.652]],[[3.2457,9.6337],[3.260565,9.636867]],[[3.1326,9.4573],[3.2457,9.6337]],[[3.144927,9.271998],[3.1326,9.4573]],[[3.076,9.0952],[3.144927,9.271998]],[[2.7692,9.057],[3.076,9.0952]],[[2.7229,8.7712],[2.7692,9.057]],[[2.7448,8.4983],[2.7229,8.7712]],[[2.700221,8.332319],[2.7448,8.4983]],[[2.6971,8.3207],[2.700221,8.332319]],[[2.7344,8.19],[2.6971,8.3207]],[[2.6734,7.9056],[2.7344,8.19]],[[2.7272,7.7933],[2.6734,7.9056]],[[2.7206,7.5866],[2.7272,7.7933]],[[2.7923,7.4776],[2.7206,7.5866]],[[2.7412,7.4082],[2.7923,7.4776]],[[2.7363,7.1029],[2.7412,7.4082]],[[2.737449,7.101308],[2.7363,7.1029]],[[2.7353,7.096],[2.737449,7.101308]],[[2.7739,7.0508],[2.7353,7.096]],[[2.7151,6.9798],[2.7739,7.0508]],[[2.7287,6.78],[2.7151,6.9798]],[[2.769391,6.713785],[2.7287,6.78]],[[2.762987,6.680065],[2.769391,6.713785]],[[2.7038,6.3684],[2.762987,6.680065]]]}},{"type":"Feature","properties":{"level":"country","left_geo_key":"cameroon","right_geo_key":"nigeria","left_area":37.915929,"right_area":74.795054,"min_area":37.915929,"max_area":74.795054},"geometry":{"type":"LineString","coordinates":[[8.595843,4.826609],[8.8559,5.8475],[9.780742,6.775162],[10.1429,7.0077],[10.4966,6.8972],[10.5787,7.1308],[11.0367,6.7405],[11.1135,6.434],[11.3698,6.4558],[11.8813,7.102],[11.7424,7.2574],[12.1921,7.9607],[12.227,8.3863],[12.7729,8.7591],[12.864726,9.373875],[13.1955,9.5422],[13.242546,10.05182],[13.4349,10.1534],[13.764664,11.027956],[14.6058,11.5147],[14.6683,12.1781],[14.1889,12.3704],[14.0649,13.078]]}},{"type":"Feature","properties":{"level":"country","left_geo_key":"chad","right_geo_key":"nigeria","left_area":106.844129,"right_area":74.795054,"min_area":74.795054,"max_area":106.844129},"geometry":{"type":"LineString","coordinates":[[14.0649,13.078],[13.6073,13.7041]]}},{"type":"Feature","properties":{"level":"country","left_geo_key":"niger","right_geo_key":"nigeria","left_area":100.546086,"right_area":74.795054,"min_area":74.795054,"max_area":100.546086},"geometry":{"type":"LineString","coordinates":[[13.6073,13.7041],[12.856086,13.481253],[12.4727,13.0642],[10.675,13.3751],[10.1198,13.2501],[9.5903,12.8014],[8.6793,12.9236],[7.824,13.3453],[6.9371,12.9954],[6.335893,13.636517],[5.5218,13.8803],[4.831304,13.768297],[4.1258,13.473],[4.0888,12.9962],[3.645326,12.521012],[3.5964,11.6958]]}},{"type":"Feature","properties":{"level":"country","left_geo_key":"benin","right_geo_key":"niger","left_area":9.593283,"right_area":100.546086,"min_area":9.593283,"max_area":100.546086},"geometry":{"type":"LineString","coordinates":[[3.5964,11.6958],[2.889732,12.357401],[2.392877,12.240862],[2.375832,11.915411]]}},{"type":"Feature","properties":{"level":"country","left_geo_key":"benin","right_geo_key":"burkinafaso","left_area":9.593283,"right_area":22.669907,"min_area":9.593283,"max_area":22.669907},"geometry":{"type":"MultiLineString","coordinates":[[[2.2736,11.6521],[2.375832,11.915411]],[[2.0154,11.4316],[2.2736,11.6521]],[[2.005783,11.432365],[2.0154,11.4316]],[[1.8406,11.4455],[2.005783,11.432365]],[[1.823066,11.441333],[1.8406,11.4455]],[[1.6016,11.3887],[1.823066,11.441333]],[[1.5693,11.4533],[1.6016,11.3887]],[[1.4396,11.4738],[1.5693,11.4533]],[[1.340165,11.358521],[1.4396,11.4738]],[[1.3304,11.3472],[1.340165,11.358521]],[[1.3304,11.302324],[1.3304,11.3472]],[[1.3304,11.2888],[1.3304,11.302324]],[[1.307395,11.300779],[1.3304,11.2888]],[[1.281099,11.299012],[1.307395,11.300779]],[[1.2684,11.2479],[1.281099,11.299012]],[[1.155774,11.268127],[1.2684,11.2479]],[[1.1532,11.1832],[1.155774,11.268127]],[[1.147853,11.180773],[1.1532,11.1832]],[[1.0675,11.1443],[1.147853,11.180773]],[[1.067711,11.143828],[1.0675,11.1443]],[[1.1175,11.0322],[1.067711,11.143828]],[[1.106042,11.036234],[1.1175,11.0322]],[[0.986,11.0785],[1.106042,11.036234]],[[0.985955,11.07844],[0.986,11.0785]],[[0.979693,11.070103],[0.985955,11.07844]],[[0.965394,10.986364],[0.979693,11.070103]],[[0.9675,10.9795],[0.965394,10.986364]],[[0.964239,10.9796],[0.9675,10.9795]],[[0.942834,10.98026],[0.964239,10.9796]],[[0.899384,10.981598],[0.942834,10.98026]]]}},{"type":"Feature","properties":{"level":"country","left_geo_key":"benin","right_geo_key":"togo","left_area":9.593283,"right_area":4.63301,"min_area":4.63301,"max_area":9.593283},"geometry":{"type":"LineString","coordinates":[[0.899384,10.981598],[0.7688,10.3671],[1.330758,9.971579],[1.3264,9.522],[1.6012,9.0495],[1.5319,6.9919],[1.763498,6.350537],[1.6196,6.2139]]}},{"type":"Feature","properties":{"level":"country","left_geo_key":"croatia","right_geo_key":"slovenia","left_area":6.23296,"right_area":2.347557,"min_area":2.347557,"max_area":6.23296},"geometry":{"type":"MultiLineString","coordinates":[[[16.260987,46.51363],[16.5153,46.5017]],[[16.2609,46.5136],[16.260987,46.51363]],[[16.260871,46.513539],[16.2609,46.5136]],[[16.23873,46.467648],[16.260871,46.513539]],[[16.2375,46.4651],[16.23873,46.467648]],[[16.239834,46.460253],[16.2375,46.4651]],[[16.252358,46.376363],[16.239834,46.460253]],[[16.058,46.3775],[16.252358,46.376363]],[[16.0192,46.2988],[16.058,46.3775]],[[15.632748,46.194388],[16.0192,46.2988]],[[15.6228,46.1917],[15.632748,46.194388]],[[15.5899,46.1135],[15.6228,46.1917]],[[15.692695,46.039994],[15.5899,46.1135]],[[15.6661,45.8317],[15.692695,46.039994]],[[15.4625,45.8142],[15.6661,45.8317]],[[15.2635,45.7304],[15.4625,45.8142]],[[15.267947,45.71628],[15.2635,45.7304]],[[15.274342,45.695979],[15.267947,45.71628]],[[15.2778,45.685],[15.274342,45.695979]],[[15.311778,45.677261],[15.2778,45.685]],[[15.344215,45.661042],[15.311778,45.677261]],[[15.286812,45.609004],[15.344215,45.661042]],[[15.281657,45.604331],[15.286812,45.609004]],[[15.2696,45.5934],[15.281657,45.604331]],[[15.296255,45.555364],[15.2696,45.5934]],[[15.34083,45.491755],[15.296255,45.555364]],[[15.3518,45.4761],[15.34083,45.491755]],[[15.323581,45.456989],[15.3518,45.4761]],[[15.1393,45.43],[15.323581,45.456989]],[[14.9226,45.5149],[15.1393,45.43]],[[14.8816,45.4698],[14.9226,45.5149]],[[14.7972,45.4652],[14.8816,45.4698]],[[14.681182,45.531663],[14.7972,45.4652]],[[14.5809,45.6678],[14.681182,45.531663]],[[14.573633,45.658573],[14.5809,45.6678]],[[14.4689,45.5256],[14.573633,45.658573]],[[14.3728,45.4778],[14.4689,45.5256]],[[14.0929,45.4739],[14.3728,45.4778]],[[13.9875,45.5119],[14.0929,45.4739]],[[13.895793,45.429689],[13.9875,45.5119]],[[13.821181,45.439281],[13.895793,45.429689]],[[13.615705,45.486789],[13.821181,45.439281]]]}},{"type":"Feature","properties":{"level":"country","left_geo_key":"bosniaandherzegovina","right_geo_key":"croatia","left_area":5.827621,"right_area":6.23296,"min_area":5.827621,"max_area":6.23296},"geometry":{"type":"MultiLineString","coordinates":[[[17.614925,42.951799],[17.2705,43.4632],[16.3461,44.0685],[16.1165,44.5215],[15.737059,44.760878],[15.801321,45.190985],[16.3162,45.0012],[16.9326,45.2788],[17.8457,45.0653],[18.2379,45.1575],[19.016109,44.872748]],[[18.443413,42.544637],[17.6533,42.8909]]]}},{"type":"Feature","properties":{"level":"country","left_geo_key":"croatia","right_geo_key":"montenegro","left_area":6.23296,"right_area":1.510601,"min_area":1.510601,"max_area":6.23296},"geometry":{"type":"LineString","coordinates":[[18.4964,42.4163],[18.443413,42.544637]]}},{"type":"Feature","properties":{"level":"country","left_geo_key":"qatar","right_geo_key":"saudiarabia","left_area":0.99131,"right_area":171.09115,"min_area":0.99131,"max_area":171.09115},"geometry":{"type":"LineString","coordinates":[[50.8079,24.7466],[50.9789,24.5677],[51.395935,24.631017]]}},{"type":"Feature","properties":{"level":"country","left_geo_key":"kuwait","right_geo_key":"saudiarabia","left_area":1.628314,"right_area":171.09115,"min_area":1.628314,"max_area":171.09115},"geometry":{"type":"LineString","coordinates":[[47.6681,28.5335],[47.4334,28.9947],[46.5324,29.0957]]}},{"type":"Feature","properties":{"level":"country","left_geo_key":"jordan","right_geo_key":"saudiarabia","left_area":8.383807,"right_area":171.09115,"min_area":8.383807,"max_area":171.09115},"geometry":{"type":"LineString","coordinates":[[39.292,32.2445],[38.9634,31.9945],[36.9595,31.491],[37.9733,30.4945],[37.4702,29.9946],[36.7287,29.8535],[36.037431,29.203905],[35.4633,29.27382]]}},{"type":"Feature","properties":{"level":"country","left_geo_key":"saudiarabia","right_geo_key":"yemen","left_area":171.09115,"right_area":38.22143,"min_area":38.22143,"max_area":171.09115},"geometry":{"type":"LineString","coordinates":[[42.902718,16.450685],[43.1861,16.6833],[43.168989,17.329744],[43.460925,17.509178],[43.9151,17.3018],[45.1654,17.4284],[46.7101,17.2754],[47.1613,16.9474],[48.1619,18.1489],[49.0358,18.5797],[51.9786,18.9956]]}},{"type":"Feature","properties":{"level":"country","left_geo_key":"botswana","right_geo_key":"zimbabwe","left_area":50.674515,"right_area":33.388409,"min_area":33.388409,"max_area":50.674515},"geometry":{"type":"LineString","coordinates":[[29.347502,-22.184024],[29.0405,-22.0209],[29.0387,-21.7979],[28.0026,-21.5642],[27.6748,-21.0901],[27.6981,-20.5091],[27.2684,-20.4958],[27.1837,-20.0823],[26.1555,-19.5372],[25.2598,-17.7941]]}},{"type":"Feature","properties":{"level":"country","left_geo_key":"mozambique","right_geo_key":"zimbabwe","left_area":67.160931,"right_area":33.388409,"min_area":33.388409,"max_area":67.160931},"geometry":{"type":"LineString","coordinates":[[31.2889,-22.3973],[32.44097,-21.303252],[32.4816,-20.603],[33.0073,-20.032],[33.0328,-19.7842],[32.7634,-19.464],[32.852301,-19.098497],[32.6811,-18.955],[33.0381,-18.3631],[33.01823,-17.352101],[32.8301,-16.9415],[32.9685,-16.6816],[31.9103,-16.4289],[31.263689,-16.027217],[30.4026,-16.0012],[30.382894,-15.63157]]}},{"type":"Feature","properties":{"level":"country","left_geo_key":"pakistan","right_geo_key":"siachenglacier","left_area":81.708298,"right_area":0.206195,"min_area":0.206195,"max_area":81.708298},"geometry":{"type":"LineString","coordinates":[[76.763414,35.647076],[77.049,35.1104]]}},{"type":"Feature","properties":{"level":"country","left_geo_key":"afghanistan","right_geo_key":"pakistan","left_area":62.585977,"right_area":81.708298,"min_area":62.585977,"max_area":81.708298},"geometry":{"type":"LineString","coordinates":[[74.542399,37.021688],[74.0353,36.8156],[72.5652,36.8206],[71.6007,36.4493],[71.1659,36.0457],[71.5154,35.7015],[71.6337,35.2031],[70.9687,34.5497],[71.0467,34.0419],[69.8726,34.0172],[70.2944,33.3189],[69.4877,33.0284],[69.184243,31.820473],[68.8038,31.6026],[68.6758,31.7747],[68.1591,31.8259],[67.569,31.5299],[67.7494,31.328],[66.697,31.1958],[66.3663,30.9229],[66.1956,29.8353],[64.0861,29.3866],[62.4775,29.4078],[60.8444,29.8582]]}},{"type":"Feature","properties":{"level":"country","left_geo_key":"myanmar","right_geo_key":"thailand","left_area":57.649106,"right_area":43.31024,"min_area":43.31024,"max_area":57.649106},"geometry":{"type":"LineString","coordinates":[[100.099629,20.34103],[99.444946,20.369239],[99.5206,20.171],[99.0735,20.1012],[98.8993,19.7486],[98.042251,19.79499],[97.7671,19.3975],[97.7518,18.5825],[97.3576,18.5399],[97.6438,18.2913],[97.763463,17.687993],[98.5095,16.8927],[98.661521,16.296598],[98.9025,16.3816],[98.8072,16.1105],[98.556011,16.036104],[98.5599,15.3553],[98.1681,15.0828],[98.5477,14.3777],[99.0848,13.8785],[99.0932,13.0383],[99.628,11.8254],[98.766623,10.617628]]}},{"type":"Feature","properties":{"level":"country","left_geo_key":"dominicanrepublic","right_geo_key":"haiti","left_area":4.180825,"right_area":2.284089,"min_area":2.284089,"max_area":4.180825},"geometry":{"type":"LineString","coordinates":[[-71.7762,18.0393],[-71.7115,18.3161],[-72.0009,18.5825],[-71.726475,18.757896],[-71.8654,18.9644],[-71.6437,19.1525],[-71.7574,19.7101]]}},{"type":"Feature","properties":{"level":"country","left_geo_key":"chad","right_geo_key":"niger","left_area":106.844129,"right_area":100.546086,"min_area":100.546086,"max_area":106.844129},"geometry":{"type":"LineString","coordinates":[[14.981662,22.982505],[15.1804,21.5073],[15.9682,20.3528],[15.736,19.9035],[15.469298,16.913841],[13.4495,14.439],[13.6073,13.7041]]}},{"type":"Feature","properties":{"level":"country","left_geo_key":"cameroon","right_geo_key":"chad","left_area":37.915929,"right_area":106.844129,"min_area":37.915929,"max_area":106.844129},"geometry":{"type":"LineString","coordinates":[[14.0649,13.078],[14.4182,13.0811],[14.823721,12.622973],[15.0812,11.9717],[15.1382,10.5217],[15.663004,9.986815],[14.1735,9.975],[13.9476,9.6378],[15.201415,8.435005],[15.5408,7.7968],[15.434262,7.404505]]}},{"type":"Feature","properties":{"level":"country","left_geo_key":"elsalvador","right_geo_key":"guatemala","left_area":1.710137,"right_area":9.139891,"min_area":1.710137,"max_area":9.139891},"geometry":{"type":"LineString","coordinates":[[-90.0983,13.7314],[-89.5245,14.2318],[-89.5841,14.4018],[-89.360675,14.424579]]}},{"type":"Feature","properties":{"level":"country","left_geo_key":"elsalvador","right_geo_key":"honduras","left_area":1.710137,"right_area":9.446755,"min_area":1.710137,"max_area":9.446755},"geometry":{"type":"LineString","coordinates":[[-87.8172,13.4066],[-87.810062,13.908281],[-88.4968,13.8512],[-89.360675,14.424579]]}},{"type":"Feature","properties":{"level":"country","left_geo_key":"guatemala","right_geo_key":"honduras","left_area":9.139891,"right_area":9.446755,"min_area":9.139891,"max_area":9.446755},"geometry":{"type":"LineString","coordinates":[[-89.360675,14.424579],[-88.9734,15.1404]]}},{"type":"Feature","properties":{"level":"country","left_geo_key":"belize","right_geo_key":"guatemala","left_area":1.87173,"right_area":9.139891,"min_area":1.87173,"max_area":9.139891},"geometry":{"type":"LineString","coordinates":[[-88.945279,15.8857],[-89.2282,15.8808],[-89.1605,17.8143]]}},{"type":"Feature","properties":{"level":"country","left_geo_key":"guatemala","right_geo_key":"mexico","left_area":9.139891,"right_area":174.207841,"min_area":9.139891,"max_area":174.207841},"geometry":{"type":"LineString","coordinates":[[-89.1605,17.8143],[-90.9909,17.802],[-90.992,17.2519],[-91.414491,17.238864],[-90.3949,16.4192],[-90.4345,16.1072],[-91.7519,16.0463],[-92.202817,15.286396],[-92.0738,15.0737],[-92.237089,14.56006]]}},{"type":"Feature","properties":{"level":"country","left_geo_key":"algeria","right_geo_key":"niger","left_area":212.810518,"right_area":100.546086,"min_area":100.546086,"max_area":212.810518},"geometry":{"type":"LineString","coordinates":[[4.2286,19.1422],[5.7943,19.4498],[7.4827,20.8726],[11.9689,23.5174]]}},{"type":"Feature","properties":{"level":"country","left_geo_key":"algeria","right_geo_key":"mauritania","left_area":212.810518,"right_area":89.585793,"min_area":89.585793,"max_area":212.810518},"geometry":{"type":"LineString","coordinates":[[-8.6824,27.2854],[-4.8216,24.9951]]}},{"type":"Feature","properties":{"level":"country","left_geo_key":"eswatini","right_geo_key":"mozambique","left_area":1.54846,"right_area":67.160931,"min_area":1.54846,"max_area":67.160931},"geometry":{"type":"LineString","coordinates":[[31.9492,-25.9581],[32.113621,-26.826038]]}},{"type":"Feature","properties":{"level":"country","left_geo_key":"burundi","right_geo_key":"rwanda","left_area":2.191406,"right_area":2.053552,"min_area":2.053552,"max_area":2.191406},"geometry":{"type":"LineString","coordinates":[[30.5546,-2.4006],[29.9289,-2.3318],[29.702242,-2.806471],[29.3643,-2.8242],[29.1134,-2.5946],[29.0286,-2.7449]]}},{"type":"Feature","properties":{"level":"country","left_geo_key":"rwanda","right_geo_key":"uganda","left_area":2.053552,"right_area":19.601318,"min_area":2.053552,"max_area":19.601318},"geometry":{"type":"LineString","coordinates":[[30.4718,-1.0668],[29.9604,-1.4648],[29.5779,-1.3884]]}},{"type":"Feature","properties":{"level":"country","left_geo_key":"bangladesh","right_geo_key":"myanmar","left_area":12.069601,"right_area":57.649106,"min_area":12.069601,"max_area":57.649106},"geometry":{"type":"LineString","coordinates":[[92.5759,21.9776],[92.6338,21.2822],[92.3227,21.4619],[92.264958,21.056346]]}},{"type":"Feature","properties":{"level":"country","left_geo_key":"afghanistan","right_geo_key":"turkmenistan","left_area":62.585977,"right_area":49.036685,"min_area":49.036685,"max_area":62.585977},"geometry":{"type":"LineString","coordinates":[[66.511665,37.375962],[65.7589,37.5641],[65.5369,37.2571],[64.7788,37.118],[64.4777,36.2716],[64.045032,36.011367],[63.1041,35.8565],[63.079736,35.452229],[62.702983,35.25424],[62.2757,35.151],[62.0075,35.4389],[61.35625,35.620346]]}},{"type":"Feature","properties":{"level":"country","left_geo_key":"bosniaandherzegovina","right_geo_key":"montenegro","left_area":5.827621,"right_area":1.510601,"min_area":1.510601,"max_area":5.827621},"geometry":{"type":"LineString","coordinates":[[19.195158,43.529212],[18.918234,43.498252],[19.0697,43.3088],[18.8072,43.318],[18.452885,42.977854],[18.443413,42.544637]]}},{"type":"Feature","properties":{"level":"country","left_geo_key":"cuba","right_geo_key":"usnavalbaseguantanamobay","left_area":9.528618,"right_area":0.003934,"min_area":0.003934,"max_area":9.528618},"geometry":{"type":"MultiLineString","coordinates":[[[-75.095,19.8972],[-75.0949,19.9716]],[[-75.160972,19.970604],[-75.227358,19.905532]]]}},{"type":"Feature","properties":{"level":"country","left_geo_key":"colombia","right_geo_key":"ecuador","left_area":92.591823,"right_area":20.688438,"min_area":20.688438,"max_area":92.591823},"geometry":{"type":"LineString","coordinates":[[-75.303342,-0.099639],[-76.29867,0.453192],[-76.5508,0.2179],[-77.3975,0.3876],[-77.697247,0.829994],[-78.8287,1.4343]]}},{"type":"Feature","properties":{"level":"country","left_geo_key":"colombia","right_geo_key":"venezuela","left_area":92.591823,"right_area":74.767605,"min_area":74.767605,"max_area":92.591823},"geometry":{"type":"LineString","coordinates":[[-66.8751,1.2225],[-67.1976,2.402],[-67.6266,2.8134],[-67.841291,2.801687],[-67.3095,3.3839],[-67.8718,4.5216],[-67.8346,5.3393],[-67.451,6.198],[-67.8391,6.3075],[-69.2461,6.0807],[-70.1292,6.9725],[-72.0013,7.018204],[-72.477626,7.501887],[-72.3358,8.1039],[-72.7856,9.1024],[-73.0327,9.2946],[-73.3911,9.1728],[-72.503522,11.111863],[-72.2566,11.1678],[-71.975927,11.653545],[-71.381029,11.833782]]}},{"type":"Feature","properties":{"level":"country","left_geo_key":"colombia","right_geo_key":"panama","left_area":92.591823,"right_area":6.076863,"min_area":6.076863,"max_area":92.591823},"geometry":{"type":"LineString","coordinates":[[-77.394609,8.654782],[-77.4797,8.4679],[-77.169992,7.937484],[-77.58,7.5284],[-77.7642,7.7057],[-77.8202,7.4765]]}},{"type":"Feature","properties":{"level":"country","left_geo_key":"cameroon","right_geo_key":"gabon","left_area":37.915929,"right_area":21.103868,"min_area":21.103868,"max_area":37.915929},"geometry":{"type":"MultiLineString","coordinates":[[[11.3543,2.2785],[11.3221,2.1658]],[[11.649595,2.318102],[11.3543,2.2785]],[[11.732756,2.291504],[11.649595,2.318102]],[[11.762947,2.281848],[11.732756,2.291504]],[[11.7681,2.2802],[11.762947,2.281848]],[[11.796519,2.281676],[11.7681,2.2802]],[[12.299982,2.307833],[11.796519,2.281676]],[[12.334,2.3096],[12.299982,2.307833]],[[12.7499,2.2367],[12.334,2.3096]],[[12.8082,2.264],[12.7499,2.2367]],[[13.0409,2.2442],[12.8082,2.264]],[[13.1638,2.2832],[13.0409,2.2442]],[[13.262745,2.249618],[13.1638,2.2832]],[[13.290642,2.193198],[13.262745,2.249618]],[[13.2946,2.1611],[13.290642,2.193198]]]}},{"type":"Feature","properties":{"level":"country","left_geo_key":"cameroon","right_geo_key":"equatorialguinea","left_area":37.915929,"right_area":2.164353,"min_area":2.164353,"max_area":37.915929},"geometry":{"type":"LineString","coordinates":[[9.823611,2.284115],[11.3221,2.1658]]}},{"type":"Feature","properties":{"level":"country","left_geo_key":"equatorialguinea","right_geo_key":"gabon","left_area":2.164353,"right_area":21.103868,"min_area":2.164353,"max_area":21.103868},"geometry":{"type":"LineString","coordinates":[[11.3221,2.1658],[11.3363,0.9992],[9.9263,0.9275]]}},{"type":"Feature","properties":{"level":"country","left_geo_key":"burkinafaso","right_geo_key":"niger","left_area":22.669907,"right_area":100.546086,"min_area":22.669907,"max_area":100.546086},"geometry":{"type":"LineString","coordinates":[[0.204396,14.91579],[0.1529,14.5467],[0.5943,13.6889],[1.2687,13.3461],[0.9835,13.3684],[0.9835,13.0324],[1.5639,12.6321],[2.109,12.7056],[2.236035,12.421696],[2.0518,12.3419],[2.375832,11.915411]]}},{"type":"Feature","properties":{"level":"country","left_geo_key":"burkinafaso","right_geo_key":"ghana","left_area":22.669907,"right_area":19.570969,"min_area":19.570969,"max_area":22.669907},"geometry":{"type":"LineString","coordinates":[[-2.694984,9.483116],[-2.927057,10.637158],[-2.833296,10.985188],[-0.6348,10.908],[-0.165664,11.134827]]}},{"type":"Feature","properties":{"level":"country","left_geo_key":"burkinafaso","right_geo_key":"togo","left_area":22.669907,"right_area":4.63301,"min_area":4.63301,"max_area":22.669907},"geometry":{"type":"LineString","coordinates":[[-0.165664,11.134827],[0.899384,10.981598]]}},{"type":"Feature","properties":{"level":"country","left_geo_key":"ghana","right_geo_key":"togo","left_area":19.570969,"right_area":4.63301,"min_area":4.63301,"max_area":19.570969},"geometry":{"type":"LineString","coordinates":[[-0.165664,11.134827],[0.0162,11.0626],[-0.085614,10.643726],[0.3966,10.2832],[0.2314,9.419],[0.5376,9.3776],[0.3681,8.7615],[0.7128,8.298],[0.5727,8.191],[0.5193,6.8322],[1.183436,6.111389]]}},{"type":"Feature","properties":{"level":"country","left_geo_key":"mexico","right_geo_key":"unitedsofamerica","left_area":174.207841,"right_area":1115.89873,"min_area":174.207841,"max_area":1115.89873},"geometry":{"type":"LineString","coordinates":[[-114.882524,32.699622],[-114.725227,32.711401],[-114.8168,32.4985],[-111.0671,31.3336],[-108.2148,31.3274],[-108.2151,31.7778],[-106.413616,31.749553],[-104.8982,30.5694],[-104.5166,29.6543],[-103.3721,29.0237],[-103.1228,28.9965],[-102.680001,29.738363],[-102.325912,29.887215],[-101.4093,29.7658],[-100.676757,29.113797],[-100.2751,28.2772],[-99.512229,27.577939],[-99.4617,27.057],[-99.1064,26.423],[-97.366,25.8439],[-97.200167,25.960975]]}},{"type":"Feature","properties":{"level":"country","left_geo_key":"canada","right_geo_key":"unitedsofamerica","left_area":1690.066757,"right_area":1115.89873,"min_area":1115.89873,"max_area":1690.066757},"geometry":{"type":"MultiLineString","coordinates":[[[-67.176,45.1787],[-67.4713,45.2663],[-67.446627,45.599831],[-67.807,45.7129],[-67.813481,47.078938],[-68.2997,47.3678],[-68.8897,47.1906],[-69.224991,47.456824],[-70.0078,46.7041],[-70.2625,45.923],[-70.8924,45.2346],[-71.325826,45.287098],[-71.6038,45.0133],[-74.670852,45.005782]],[[-74.701825,45.005705],[-75.2702,44.8638],[-76.329056,44.176394],[-76.7972,43.6453],[-78.7508,43.6171],[-79.1743,43.4645],[-78.9153,42.9476],[-79.0194,42.8027],[-82.7111,41.6802],[-83.0684,41.8477],[-83.1285,42.24],[-82.5262,42.6199],[-82.1457,43.5764],[-82.5688,45.344181],[-83.6369,45.7739],[-83.4741,46.0231],[-83.9646,46.0632],[-84.1104,46.5265],[-84.5666,46.4612],[-84.8787,46.8979],[-88.357115,48.297301],[-89.3871,47.9805],[-90.7503,48.084],[-90.8738,48.2343],[-91.5748,48.0482],[-92.0705,48.3467],[-92.3846,48.2324],[-92.957885,48.612337],[-93.7568,48.5165],[-94.5929,48.7264],[-94.8273,49.2929],[-95.1606,49.3695],[-95.1771,48.9927],[-122.753,48.9925]],[[-141.0056,69.6509],[-140.9796,60.2958],[-139.9678,60.1884],[-139.093631,60.340666],[-139.1821,60.0734],[-137.6114,59.2393],[-137.4869,58.9001],[-136.5695,59.1722],[-136.3503,59.5924],[-135.471883,59.787881],[-135.0329,59.5731],[-134.9578,59.281],[-133.3922,58.4039],[-132.231,57.1968],[-132.3412,57.0804],[-132.0319,57.0284],[-132.1074,56.8588],[-131.8256,56.5933],[-130.0715,56.0841]]]}},{"type":"Feature","properties":{"level":"country","left_geo_key":"belize","right_geo_key":"mexico","left_area":1.87173,"right_area":174.207841,"min_area":1.87173,"max_area":174.207841},"geometry":{"type":"MultiLineString","coordinates":[[[-88.512537,18.462548],[-88.8654,17.899],[-89.0494,17.9992],[-89.1605,17.8143]],[[-88.348981,18.482783],[-88.512537,18.462548]]]}},{"type":"Feature","properties":{"level":"country","left_geo_key":"cyprusnomansarea","right_geo_key":"northerncyprus","left_area":0.029315,"right_area":0.344705,"min_area":0.029315,"max_area":0.344705},"geometry":{"type":"MultiLineString","coordinates":[[[33.921962,35.067681],[33.96959,35.063309]],[[32.722276,35.164017],[32.714634,35.163525]],[[32.717698,35.160852],[33.453585,35.08648]],[[33.462305,35.057379],[33.682543,35.048399]],[[32.608843,35.168944],[32.6407,35.1871]]]}}]}
