{"type":"FeatureCollection","features":[{"type":"Feature","properties":{"level":"country","left_geo_key":"indonesia","right_geo_key":"malaysia","left_area":152.632476,"right_area":26.654867,"min_area":26.654867,"max_area":152.632476},"geometry":{"type":"MultiLineString","coordinates":[[[117.2172,4.3534],[117.4365,4.1856],[117.5583,4.1677],[117.5671,4.1597]],[[116.8045,4.3301],[117.2172,4.3534]],[[116.722003,4.362725],[116.8045,4.3301]],[[116.7117,4.3668],[116.722003,4.362725]],[[116.587078,4.334628],[116.7117,4.3668]],[[116.5769,4.332],[116.587078,4.334628]],[[116.518455,4.381607],[116.5769,4.332]],[[116.5154,4.3842],[116.518455,4.381607]],[[116.511383,4.375036],[116.5154,4.3842]],[[116.4218,4.2918],[116.511383,4.375036]],[[116.3107,4.3834],[116.4218,4.2918]],[[116.1258,4.3789],[116.3107,4.3834]],[[116.004,4.2767],[116.1258,4.3789]],[[115.967243,4.331835],[116.004,4.2767]],[[115.9648,4.3355],[115.967243,4.331835]],[[115.831,4.3761],[115.9648,4.3355]],[[115.8175,4.2813],[115.831,4.3761]],[[115.654801,4.174296],[115.8175,4.2813]],[[115.6469,4.1691],[115.654801,4.174296]],[[115.6095,3.9969],[115.6469,4.1691]],[[115.5388,3.9206],[115.6095,3.9969]],[[115.56028,3.893427],[115.5388,3.9206]],[[115.58391,3.837495],[115.56028,3.893427]],[[115.5446,3.669],[115.58391,3.837495]],[[115.54923,3.650164],[115.5446,3.669]],[[115.6006,3.4412],[115.54923,3.650164]],[[115.59863,3.439206],[115.6006,3.4412]],[[115.5176,3.3572],[115.59863,3.439206]],[[115.4835,3.189],[115.5176,3.3572]],[[115.491571,3.181362],[115.4835,3.189]],[[115.4722,3.0505],[115.491571,3.181362]],[[115.31,2.9859],[115.4722,3.0505]],[[115.252136,3.033367],[115.31,2.9859]],[[115.2421,3.0416],[115.252136,3.033367]],[[115.1228,2.9129],[115.2421,3.0416]],[[115.091004,2.851619],[115.1228,2.9129]],[[115.079914,2.830246],[115.091004,2.851619]],[[115.0719,2.8148],[115.079914,2.830246]],[[115.096541,2.774636],[115.0719,2.8148]],[[115.089544,2.745622],[115.096541,2.774636]],[[115.057,2.7113],[115.089544,2.745622]],[[115.0565,2.6086],[115.057,2.7113]],[[115.155468,2.591511],[115.0565,2.6086]],[[115.167573,2.571998],[115.155468,2.591511]],[[115.189527,2.500793],[115.167573,2.571998]],[[114.935383,2.361144],[115.189527,2.500793]],[[114.934466,2.36064],[114.935383,2.361144]],[[114.9222,2.3539],[114.934466,2.36064]],[[114.919712,2.334359],[114.9222,2.3539]],[[114.887473,2.276934],[114.919712,2.334359]],[[114.7788,2.2472],[114.887473,2.276934]],[[114.75759,2.130883],[114.7788,2.2472]],[[114.7567,2.126],[114.75759,2.130883]],[[114.7806,2.0361],[114.7567,2.126]],[[114.840273,2.025862],[114.7806,2.0361]],[[114.833256,1.921231],[114.840273,2.025862]],[[114.6886,1.8502],[114.833256,1.921231]],[[114.687832,1.844076],[114.6886,1.8502]],[[114.669,1.694],[114.687832,1.844076]],[[114.5456,1.435],[114.669,1.694]],[[114.3982,1.5036],[114.5456,1.435]],[[114.182463,1.42385],[114.3982,1.5036]],[[114.0943,1.4657],[114.182463,1.42385]],[[113.901902,1.436618],[114.0943,1.4657]],[[113.8912,1.435],[113.901902,1.436618]],[[113.6248,1.2276],[113.8912,1.435]],[[113.5245,1.3136],[113.6248,1.2276]],[[113.508194,1.311069],[113.5245,1.3136]],[[113.3976,1.2939],[113.508194,1.311069]],[[113.089,1.4313],[113.3976,1.2939]],[[112.980951,1.433921],[113.089,1.4313]],[[112.995407,1.469025],[112.980951,1.433921]],[[113.0185,1.4924],[112.995407,1.469025]],[[113.012672,1.51095],[113.0185,1.4924]],[[112.999585,1.552608],[113.012672,1.51095]],[[112.9972,1.5602],[112.999585,1.552608]],[[112.987796,1.560334],[112.9972,1.5602]],[[112.4705,1.5677],[112.987796,1.560334]],[[112.17809,1.441611],[112.4705,1.5677]],[[112.1616,1.4345],[112.17809,1.441611]],[[112.169707,1.410794],[112.1616,1.4345]],[[112.1001,1.1549],[112.169707,1.410794]],[[111.9101,1.114],[112.1001,1.1549]],[[111.8231,1.0085],[111.9101,1.114]],[[111.6227,1.0303],[111.8231,1.0085]],[[111.5148,0.96538],[111.6227,1.0303]],[[111.4824,1.0129],[111.5148,0.96538]],[[111.359,1.013845],[111.4824,1.0129]],[[111.3518,1.0139],[111.359,1.013845]],[[111.207204,1.071382],[111.3518,1.0139]],[[111.1976,1.0752],[111.207204,1.071382]],[[110.8804,1.0105],[111.1976,1.0752]],[[110.782463,0.915256],[110.8804,1.0105]],[[110.735063,0.902013],[110.782463,0.915256]],[[110.6134,0.894],[110.735063,0.902013]],[[110.5539,0.8514],[110.6134,0.894]],[[110.4603,0.8797],[110.5539,0.8514]],[[110.3516,0.9865],[110.4603,0.8797]],[[110.271404,0.9936],[110.3516,0.9865]],[[110.209355,1.104731],[110.271404,0.9936]],[[110.1851,1.1542],[110.209355,1.104731]],[[110.180572,1.156282],[110.1851,1.1542]],[[110.0518,1.2155],[110.180572,1.156282]],[[109.9325,1.3785],[110.0518,1.2155]],[[109.8255,1.4176],[109.9325,1.3785]],[[109.658,1.5972],[109.8255,1.4176]],[[109.6472,1.7619],[109.658,1.5972]],[[109.5556,1.8022],[109.6472,1.7619]],[[109.5284,1.89],[109.5556,1.8022]],[[117.907,4.1567],[117.7036,4.1634]]]}},{"type":"Feature","properties":{"level":"country","left_geo_key":"indonesia","right_geo_key":"papuanewguinea","left_area":152.632476,"right_area":37.949799,"min_area":37.949799,"max_area":152.632476},"geometry":{"type":"LineString","coordinates":[[140.9745,-2.6005],[140.97504,-3.441059],[140.976833,-6.23026],[140.9769,-6.3351],[140.967282,-6.352192],[140.922439,-6.431876],[140.9213,-6.4339],[140.932688,-6.459434],[140.946305,-6.489967],[140.9502,-6.4987],[140.8504,-6.6236],[140.869468,-6.756513],[140.892062,-6.808073],[140.9772,-6.8966],[140.977,-9.1061]]}},{"type":"Feature","properties":{"level":"country","left_geo_key":"easttimor","right_geo_key":"indonesia","left_area":1.2411,"right_area":152.632476,"min_area":1.2411,"max_area":152.632476},"geometry":{"type":"MultiLineString","coordinates":[[[124.4505,-9.1802],[124.444441,-9.216038],[124.367105,-9.385161],[124.301812,-9.480393],[124.2534,-9.4806],[124.2107,-9.3789],[124.202647,-9.383214],[124.1211,-9.4269],[124.105013,-9.414871],[124.059405,-9.380768]],[[125.0616,-9.4858],[124.9579,-9.2119],[125.143773,-9.172683],[125.1527,-9.1708],[125.1624,-9.0606],[125.153054,-9.053005],[125.087131,-8.999439],[125.0765,-8.9908],[125.064487,-9.012297],[124.985946,-9.056896],[124.941304,-9.071739],[124.93143,-9.061618],[124.922325,-8.986915]]]}},{"type":"Feature","properties":{"level":"country","left_geo_key":"brunei","right_geo_key":"malaysia","left_area":0.456917,"right_area":26.654867,"min_area":0.456917,"max_area":26.654867},"geometry":{"type":"MultiLineString","coordinates":[[[115.2727,4.6368],[115.165467,4.867118],[115.1468,4.8856],[115.1462,4.9085]],[[115.2725,4.4747],[115.2727,4.6368]],[[115.354726,4.339428],[115.2725,4.4747]],[[115.352275,4.331975],[115.354726,4.339428]],[[115.0918,4.4054],[115.352275,4.331975]],[[115.029208,4.788901],[115.0918,4.4054]],[[114.934812,4.813015],[114.925258,4.808876],[114.783512,4.74748],[114.742,4.7295],[114.744419,4.715455],[114.7882,4.4612],[114.8456,4.3951],[114.7879,4.2942],[114.805021,4.253217],[114.779321,4.163358],[114.771717,4.144037],[114.6278,4.0167],[114.4774,4.145],[114.4325,4.2469],[114.2827,4.2649],[114.249823,4.456754],[114.2456,4.4814],[113.9988,4.6011]]]}},{"type":"Feature","properties":{"level":"country","left_geo_key":"malaysia","right_geo_key":"thailand","left_area":26.654867,"right_area":43.31024,"min_area":26.654867,"max_area":43.31024},"geometry":{"type":"MultiLineString","coordinates":[[[100.6126,6.4492],[100.724505,6.484776],[100.758522,6.46067],[100.798582,6.421638],[100.8056,6.4148],[100.8428,6.2439],[100.951261,6.267572],[100.95555,6.268508],[101.078393,6.236113],[101.0534,6.1576],[101.05794,6.149629],[101.079294,6.112142],[101.086564,6.09938],[101.072335,5.934138],[101.0153,5.8983],[100.9653,5.7924],[100.971177,5.786313],[101.112559,5.639885],[101.1222,5.6299],[101.158993,5.654703],[101.205141,5.685812],[101.225,5.6992],[101.249,5.787],[101.5347,5.906],[101.60645,5.86962],[101.6867,5.7612],[101.8123,5.7525],[101.9129,5.8593],[101.9347,5.9817],[102.06,6.0948],[102.072181,6.24992]],[[100.3874,6.5221],[100.6126,6.4492]],[[100.385887,6.524095],[100.3874,6.5221]],[[100.296156,6.642458],[100.385887,6.524095]],[[100.260095,6.690026],[100.296156,6.642458]],[[100.17179,6.694829],[100.260095,6.690026]],[[100.16115,6.634436],[100.17179,6.694829]]]}},{"type":"Feature","properties":{"level":"country","left_geo_key":"bolivia","right_geo_key":"chile","left_area":92.189652,"right_area":76.174727,"min_area":76.174727,"max_area":92.189652},"geometry":{"type":"MultiLineString","coordinates":[[[-69.500379,-17.592445],[-69.3342,-17.8058],[-69.3179,-17.9516],[-69.306172,-17.955989],[-69.089934,-18.036918],[-69.082684,-18.039632],[-69.1554,-18.1402],[-69.062031,-18.473501],[-69.0338,-18.6495],[-68.954954,-18.857906],[-68.9896,-18.9465],[-68.8948,-19.0765],[-68.455,-19.4154],[-68.7032,-19.7155],[-68.696133,-19.722017],[-68.5708,-19.8376],[-68.545744,-19.930558],[-68.5972,-20.0567],[-68.7755,-20.0897],[-68.7895,-20.1259],[-68.72366,-20.160809],[-68.6785,-20.3286],[-68.7577,-20.3643],[-68.7654,-20.4212],[-68.7076,-20.5009],[-68.68903,-20.512576],[-68.665681,-20.527257],[-68.491636,-20.63669],[-68.5651,-20.7195],[-68.564371,-20.733667],[-68.5728,-20.7429],[-68.5551,-20.9139],[-68.4163,-20.9598],[-68.2075,-21.2843],[-68.1984,-21.5719],[-68.1076,-21.7896],[-68.0962,-21.954],[-67.9606,-22.1029],[-67.9453,-22.3542],[-67.8607,-22.56189],[-67.8587,-22.5668],[-67.875769,-22.825555],[-67.8763,-22.8336],[-67.7714,-22.8887],[-67.6168,-22.8973],[-67.1939,-22.8222]],[[-69.5061,-17.5851],[-69.500379,-17.592445]],[[-69.5101,-17.5066],[-69.5061,-17.5851]]]}},{"type":"Feature","properties":{"level":"country","left_geo_key":"chile","right_geo_key":"peru","left_area":76.174727,"right_area":106.464462,"min_area":76.174727,"max_area":106.464462},"geometry":{"type":"LineString","coordinates":[[-69.5101,-17.5066],[-69.655208,-17.631336],[-69.6839,-17.656],[-69.738954,-17.657272],[-69.8498,-17.6916],[-69.7799,-17.9626],[-69.784804,-17.974193],[-69.813093,-18.041075],[-69.8436,-18.1132],[-69.856544,-18.127237],[-69.9703,-18.2506],[-70.1591,-18.326]]}},{"type":"Feature","properties":{"level":"country","left_geo_key":"argentina","right_geo_key":"chile","left_area":278.56436,"right_area":76.174727,"min_area":76.174727,"max_area":278.56436},"geometry":{"type":"MultiLineString","coordinates":[[[-68.448523,-52.339657],[-68.471329,-52.305181],[-69.2123,-52.138],[-69.4853,-52.1325],[-69.9528,-52.0074],[-71.9652,-51.9706],[-71.9485,-51.896],[-71.9817,-51.8449],[-72.1421,-51.7394],[-72.2811,-51.7015],[-72.345404,-51.593718],[-72.4501,-51.5527],[-72.349835,-51.469573],[-72.3134,-51.298],[-72.265268,-51.239862],[-72.4031,-51.1261],[-72.2659,-50.9607],[-72.2635,-50.8363],[-72.343322,-50.734579],[-72.3477,-50.729],[-72.32268,-50.644243],[-72.506,-50.6013],[-72.642988,-50.659472],[-72.6626,-50.6678],[-72.7784,-50.6196],[-73.0517,-50.7578],[-73.1777,-50.7495],[-73.202126,-50.629323],[-73.2619,-50.5566],[-73.299654,-50.310961],[-73.314644,-50.289345],[-73.444181,-50.18905],[-73.5306,-50.1408],[-73.524668,-50.126732],[-73.4808,-50.0227],[-73.484179,-50.018742],[-73.523434,-49.972766],[-73.565754,-49.923199],[-73.5684,-49.9201],[-73.473904,-49.773645],[-73.4651,-49.76]],[[-73.10306,-49.270873],[-73.1832,-49.2391],[-73.178159,-49.218004],[-73.17417,-49.201309],[-73.1713,-49.1893],[-73.121376,-49.133609],[-72.988241,-48.985094],[-72.9696,-48.9643],[-72.7812,-48.9339],[-72.61358,-48.807186],[-72.594637,-48.761779],[-72.6147,-48.51],[-72.5768,-48.4521],[-72.2951,-48.3333],[-72.340395,-48.08479],[-72.5439,-47.9148],[-72.3444,-47.6023],[-72.3196,-47.5119],[-72.3612,-47.451],[-72.1706,-47.4075],[-72.0382,-47.287],[-72.0415,-47.2037],[-71.8807,-47.2219],[-71.8741,-47.1425],[-72.0052,-47.0619],[-71.989284,-47.050737],[-72,-47.0422],[-71.927051,-46.98408],[-71.9696,-46.934],[-71.9462,-46.8311],[-71.6872,-46.6901],[-71.6849,-46.5192],[-71.7519,-46.393],[-71.7633,-46.2445],[-71.9147,-46.1523],[-71.757357,-46.101042],[-71.6123,-45.9705],[-71.6413,-45.9057],[-71.7649,-45.831],[-71.8018,-45.724],[-71.7824,-45.6418],[-71.759679,-45.577724],[-71.757024,-45.570238],[-71.7496,-45.5493],[-71.4891,-45.4985],[-71.5083,-45.4084],[-71.3743,-45.3592],[-71.3172,-45.2672],[-71.4872,-45.1233],[-71.5887,-44.9781],[-72.0533,-44.9068],[-72.0887,-44.7828],[-72.0478,-44.7548],[-71.6312,-44.78],[-71.4971,-44.7429],[-71.2978,-44.7956],[-71.2382,-44.7479],[-71.2134,-44.6071],[-71.1224,-44.5494],[-71.2098,-44.4276],[-71.845941,-44.378237],[-71.8606,-44.3771],[-71.85319,-44.370679],[-71.8104,-44.3336],[-71.809866,-44.319126],[-71.809007,-44.295852],[-71.8587,-44.1078],[-71.7622,-44.0641],[-71.6599,-43.9263],[-71.7618,-43.8284],[-71.757484,-43.792222],[-71.755,-43.7714],[-71.801713,-43.761723],[-71.8192,-43.7581],[-71.740233,-43.705192],[-71.709362,-43.676806],[-71.709986,-43.647584],[-71.72003,-43.609206],[-71.8815,-43.5245],[-71.879074,-43.512674],[-71.885171,-43.461238],[-71.9373,-43.4569],[-71.937538,-43.453232],[-71.938827,-43.433393],[-71.9411,-43.3984],[-71.9074,-43.3297],[-71.892973,-43.327455],[-71.7609,-43.3069],[-71.7457,-43.1992],[-71.778926,-43.180328],[-72.0544,-43.1054],[-72.13027,-43.019371],[-72.1485,-42.9987],[-72.133542,-42.942337],[-72.1484,-42.5926],[-72.140598,-42.583269],[-72.1432,-42.5571],[-72.089314,-42.521938],[-72.0458,-42.4699],[-72.067659,-42.36115],[-72.1337,-42.2876],[-72.020401,-42.138638],[-72.0098,-42.1247],[-71.998206,-42.131737],[-71.9238,-42.1769],[-71.910715,-42.17146],[-71.895298,-42.165051],[-71.751773,-42.091797],[-71.794,-41.8675],[-71.9259,-41.653],[-71.8569,-41.556],[-71.904,-41.3677],[-71.853258,-40.953468],[-71.9556,-40.7204],[-71.948102,-40.712793],[-71.8531,-40.6164],[-71.8618,-40.5497],[-71.858742,-40.543154],[-71.856436,-40.538217],[-71.8042,-40.4264],[-71.792644,-40.425355],[-71.7423,-40.4208],[-71.735784,-40.412568],[-71.6785,-40.3402],[-71.684502,-40.30236],[-71.73046,-40.294751],[-71.7427,-40.2965],[-71.746895,-40.292031],[-71.768111,-40.269428],[-71.8238,-40.2101],[-71.8007,-40.0797],[-71.6837,-40.099],[-71.6248,-39.931],[-71.626839,-39.926635],[-71.654587,-39.867221],[-71.692198,-39.786689],[-71.7105,-39.7475],[-71.712851,-39.659439],[-71.71398,-39.617126],[-71.7144,-39.6014],[-71.6898,-39.5684],[-71.681503,-39.573954],[-71.6178,-39.6166],[-71.5035,-39.6017],[-71.542,-39.5323],[-71.412,-39.318],[-71.431,-39.026],[-71.3999,-38.9105],[-71.236,-38.8116],[-71.230386,-38.810212],[-70.9295,-38.7358],[-70.8343,-38.5644],[-70.9738,-38.4247],[-71.01617,-38.248943],[-71.0197,-38.2343],[-71.012816,-38.149234],[-71.010355,-38.076042],[-71.185,-37.7061],[-71.122365,-37.483108],[-71.2046,-37.3154],[-71.1476,-37.1548],[-71.0891,-37.1034],[-71.1874,-36.9868],[-71.1357,-36.9515],[-71.143098,-36.939012],[-71.1969,-36.8482],[-71.194106,-36.841057],[-71.133449,-36.685975],[-71.1299,-36.6769],[-71.104828,-36.6806],[-71.056282,-36.671484],[-71.055932,-36.666428],[-71.045652,-36.518206],[-71.0433,-36.4843],[-71.028525,-36.482704],[-71.016438,-36.481398],[-70.948225,-36.474029],[-70.935,-36.4726],[-70.895496,-36.408649],[-70.8904,-36.4004],[-70.8072,-36.4334],[-70.718375,-36.406111],[-70.7149,-36.2753],[-70.5885,-36.1502],[-70.588477,-36.150202],[-70.5814,-36.1432],[-70.462217,-36.151549],[-70.3869,-36.0587],[-70.4127,-35.9689],[-70.404936,-35.955627],[-70.4202,-35.8684],[-70.3573,-35.8152],[-70.4215,-35.6597],[-70.420606,-35.649384],[-70.4227,-35.6439],[-70.416404,-35.491204],[-70.4692,-35.3947],[-70.4284,-35.3571],[-70.5789,-35.2597],[-70.5429,-35.2093],[-70.3866,-35.1667],[-70.3537,-34.9533],[-70.2767,-34.7982],[-70.3163,-34.7456],[-70.30919,-34.740076],[-70.2522,-34.6958],[-70.2278,-34.5853],[-70.0676,-34.4146],[-70.0482,-34.2835],[-70.0416,-34.283553],[-70.0403,-34.277],[-69.834398,-34.234437],[-69.838162,-34.213793],[-69.864986,-34.066687],[-69.882567,-33.970272],[-69.9148,-33.7935],[-69.8597,-33.7114],[-69.8939,-33.6428],[-69.8788,-33.558],[-69.7877,-33.3794],[-69.8368,-33.2657],[-69.9406,-33.2429],[-70.01,-33.2991],[-70.101261,-33.180324],[-70.1095,-33.1696],[-70.106653,-33.103328],[-70.103603,-33.032342],[-70.103,-33.0183],[-70.0342,-32.977],[-70.0002,-32.889],[-70.1557,-32.7384],[-70.160428,-32.503764],[-70.2453,-32.404],[-70.255528,-32.319052],[-70.268773,-32.307703],[-70.328233,-32.256757],[-70.3297,-32.2555],[-70.3846,-32.062],[-70.383078,-32.057745],[-70.377213,-32.041342],[-70.3733,-32.0304],[-70.324158,-32.039496],[-70.28132,-32.038006],[-70.270479,-32.009797],[-70.257517,-31.936041],[-70.329878,-31.901805],[-70.439272,-31.850047],[-70.4641,-31.8383],[-70.567539,-31.615623],[-70.58015,-31.588474],[-70.5898,-31.5677],[-70.569,-31.3042],[-70.4798,-31.0967],[-70.4086,-31.15],[-70.3398,-31.0417],[-70.326559,-31.041205],[-70.3209,-31.0337],[-70.280777,-31.035769],[-70.3352,-30.956],[-70.334098,-30.945108],[-70.330269,-30.907251],[-70.3195,-30.8008],[-70.2171,-30.5151],[-70.153567,-30.449571],[-70.165658,-30.397831],[-70.1738,-30.3822],[-70.170196,-30.378409],[-70.160039,-30.367723],[-70.1469,-30.3539],[-70.0302,-30.3971],[-69.9646,-30.3748],[-69.8358,-30.1619],[-69.8807,-30.0998],[-69.97033,-30.075257],[-69.9804,-30.0725],[-69.963509,-30.041651],[-69.9156,-29.8056],[-70.034466,-29.322821],[-70.0407,-29.2975],[-70.008181,-29.261845],[-69.913805,-29.158367],[-69.8945,-29.1372],[-69.866739,-29.125403],[-69.804232,-29.081625],[-69.8066,-28.9599],[-69.802344,-28.951034],[-69.7358,-28.8124],[-69.7534,-28.6734],[-69.6748,-28.5631],[-69.654,-28.401],[-69.653327,-28.400375],[-69.63544,-28.383782],[-69.54304,-28.298059],[-69.4905,-28.1984],[-69.414671,-28.202355],[-69.3032,-27.9995],[-69.1902,-27.9514],[-69.0174,-27.4604],[-68.9314,-27.3952],[-68.829,-27.136],[-68.7186,-27.1067],[-68.601006,-27.156414],[-68.518,-27.0769],[-68.336364,-27.039059],[-68.3054,-26.898],[-68.5702,-26.5506],[-68.5953,-26.4573],[-68.5752,-26.3035],[-68.409,-26.1442],[-68.606,-25.437],[-68.516,-25.1836],[-68.374571,-25.10727],[-68.386913,-25.082297],[-68.465382,-24.923516],[-68.466271,-24.921718],[-68.51438,-24.88952],[-68.5416,-24.8774],[-68.543762,-24.869855],[-68.5724,-24.7699],[-68.5037,-24.6123],[-68.456074,-24.610613],[-68.3977,-24.5005],[-68.384669,-24.500077],[-68.3798,-24.4911],[-68.31906,-24.487592],[-68.2445,-24.3854],[-67.3624,-24.0304],[-67.014,-23.0007],[-67.1939,-22.8222]],[[-68.6541,-54.8862],[-68.642,-54.7992]]]}},{"type":"Feature","properties":{"level":"country","left_geo_key":"chile","right_geo_key":"southernpatagonianicefield","left_area":76.174727,"right_area":0.173277,"min_area":0.173277,"max_area":76.174727},"geometry":{"type":"LineString","coordinates":[[-73.4651,-49.76],[-73.537311,-49.686102],[-73.5182,-49.6285],[-73.524819,-49.618968],[-73.557924,-49.571296],[-73.584914,-49.532429],[-73.5511,-49.444],[-73.462,-49.375],[-73.458447,-49.316676],[-73.145,-49.3037],[-73.10306,-49.270873]]}},{"type":"Feature","properties":{"level":"country","left_geo_key":"argentina","right_geo_key":"bolivia","left_area":278.56436,"right_area":92.189652,"min_area":92.189652,"max_area":278.56436},"geometry":{"type":"LineString","coordinates":[[-67.1939,-22.8222],[-67.0377,-22.6546],[-67.0327,-22.5246],[-66.945767,-22.491586],[-66.792478,-22.420975],[-66.7359,-22.2251],[-66.309683,-22.07772],[-66.24,-21.7924],[-66.225313,-21.796488],[-66.0945,-21.8329],[-66.049242,-21.913139],[-65.9545,-21.9331],[-65.944303,-21.941888],[-65.7446,-22.114],[-65.0204,-22.0966],[-64.5869,-22.2128],[-64.5428,-22.2755],[-64.546503,-22.284084],[-64.5423,-22.2915],[-64.5589,-22.3606],[-64.553405,-22.368964],[-64.4283,-22.5423],[-64.432019,-22.553723],[-64.4298,-22.5571],[-64.45125,-22.634103],[-64.3557,-22.7519],[-64.334472,-22.83099],[-64.2508,-22.5407],[-64.1605,-22.4385],[-63.9515,-22.0167],[-63.940383,-22.0156],[-63.896027,-22.011209],[-63.8131,-22.003],[-63.7518,-22.0457],[-63.6394,-21.9975],[-62.839269,-22.000814],[-62.8186,-22.0009],[-62.816761,-22.008354],[-62.7909,-22.1132],[-62.773588,-22.127531],[-62.649134,-22.230553]]}},{"type":"Feature","properties":{"level":"country","left_geo_key":"bolivia","right_geo_key":"paraguay","left_area":92.189652,"right_area":35.257023,"min_area":35.257023,"max_area":92.189652},"geometry":{"type":"LineString","coordinates":[[-62.649134,-22.230553],[-62.2757,-21.0666],[-62.2688,-20.5531],[-61.9442,-20.1041],[-61.7612,-19.6578],[-60.0064,-19.2981],[-59.0397,-19.3116],[-58.174449,-19.839122],[-58.1588,-20.1651]]}},{"type":"Feature","properties":{"level":"country","left_geo_key":"bolivia","right_geo_key":"brazil","left_area":92.189652,"right_area":707.163779,"min_area":92.189652,"max_area":707.163779},"geometry":{"type":"LineString","coordinates":[[-58.1588,-20.1651],[-57.8597,-19.9801],[-58.1246,-19.7299],[-57.811721,-19.104609],[-57.789,-19.0592],[-57.777786,-19.056963],[-57.7158,-19.0446],[-57.7276,-18.9419],[-57.7823,-18.9104],[-57.5667,-18.2561],[-57.4668,-18.2396],[-57.5511,-18.1836],[-57.7301,-17.8461],[-57.702306,-17.828572],[-57.707125,-17.8086],[-57.7779,-17.6955],[-57.8007,-17.5335],[-58.0102,-17.4968],[-58.3991,-17.2374],[-58.4803,-16.6837],[-58.3427,-16.4732],[-58.349306,-16.291242],[-58.394734,-16.300332],[-58.535601,-16.32852],[-58.537,-16.3288],[-60.1607,-16.2648],[-60.2464,-15.4783],[-60.5822,-15.0989],[-60.275414,-15.083679],[-60.2917,-14.6301],[-60.3692,-14.5428],[-60.3438,-14.4909],[-60.4543,-14.2966],[-60.456124,-14.286322],[-60.472298,-14.195171],[-60.4757,-14.176],[-60.47441,-14.173192],[-60.4776,-14.14],[-60.3957,-13.971],[-60.4906,-13.7877],[-60.8967,-13.5529],[-61.022,-13.5352],[-61.043447,-13.475116],[-61.085072,-13.485115],[-61.201039,-13.512974],[-61.2486,-13.5244],[-61.3477,-13.4937],[-61.5034,-13.5482],[-61.592823,-13.508022],[-61.848,-13.5308],[-61.87703,-13.456541],[-62.0992,-13.2626],[-62.112713,-13.164612],[-62.129674,-13.149623],[-62.3818,-13.1399],[-62.4585,-13.078],[-62.6417,-13.03],[-62.684928,-12.98217],[-62.7705,-13.0105],[-62.785087,-12.99893],[-62.9992,-12.8291],[-63.1052,-12.6452],[-63.194285,-12.66899],[-63.304245,-12.698353],[-63.3179,-12.702],[-63.326256,-12.697214],[-63.337042,-12.691038],[-63.4314,-12.637],[-63.474354,-12.567775],[-63.478554,-12.564004],[-63.783971,-12.46079],[-63.805894,-12.458254],[-63.9212,-12.5443],[-64.138896,-12.504385],[-64.176935,-12.497411],[-64.236056,-12.486571],[-64.371839,-12.461675],[-64.3957,-12.4573],[-64.407304,-12.446778],[-64.421839,-12.4336],[-64.4836,-12.3776],[-64.484102,-12.365656],[-64.4924,-12.3566],[-64.4942,-12.238],[-64.6649,-12.181],[-64.7064,-12.1061],[-64.735152,-12.139543],[-64.7395,-12.1446],[-64.8093,-12.0258],[-64.9974,-11.9963],[-65.048213,-11.815103],[-65.105191,-11.706279],[-65.1105,-11.7],[-65.1435,-11.7638],[-65.146388,-11.76203],[-65.2019,-11.728],[-65.17502,-11.61094],[-65.2192,-11.5845],[-65.233,-11.5083],[-65.3195,-11.4764],[-65.353,-11.3906],[-65.331129,-11.338965],[-65.3886,-11.2532],[-65.3683,-11.2054],[-65.3981,-11.178],[-65.3045,-10.962],[-65.307191,-10.944072],[-65.324732,-10.861628],[-65.3997,-10.8123],[-65.398865,-10.803057],[-65.394613,-10.755988],[-65.388336,-10.686508],[-65.414293,-10.644931],[-65.4357,-10.6258],[-65.45,-10.4749],[-65.449409,-10.473956],[-65.430007,-10.442954],[-65.300592,-10.236162],[-65.290098,-10.205984],[-65.3368,-9.9672],[-65.305846,-9.832014],[-65.413107,-9.684358],[-65.419858,-9.683311],[-65.4425,-9.6798],[-65.610321,-9.830243],[-65.6144,-9.8339],[-65.7822,-9.7463],[-65.800003,-9.74961],[-66.00249,-9.787263],[-66.6319,-9.9043],[-67.0643,-10.2569],[-67.172444,-10.319595],[-67.1847,-10.3267],[-67.317548,-10.326179],[-67.343088,-10.342976],[-67.3535,-10.3762],[-67.396675,-10.378215],[-67.540443,-10.472762],[-67.587944,-10.506769],[-67.7217,-10.7055],[-67.855548,-10.661137],[-68.0438,-10.6669],[-68.2933,-10.979],[-68.6157,-11.1125],[-68.784,-11.1353],[-68.781925,-11.1256],[-68.787,-11.126],[-68.774814,-11.005614],[-68.8047,-10.9947],[-68.884,-11.0164],[-68.905651,-11.012957],[-69.3959,-10.935],[-69.5776,-10.9523],[-69.570513,-10.964599]]}},{"type":"Feature","properties":{"level":"country","left_geo_key":"bolivia","right_geo_key":"peru","left_area":92.189652,"right_area":106.464462,"min_area":92.189652,"max_area":106.464462},"geometry":{"type":"LineString","coordinates":[[-69.570513,-10.964599],[-69.5705,-10.9646],[-68.6895,-12.4934],[-68.7934,-12.6202],[-68.753,-12.6547],[-68.753397,-12.656393],[-68.764362,-12.703096],[-68.7661,-12.7105],[-68.769214,-12.711568],[-68.8562,-12.7414],[-68.865999,-12.751332],[-68.909038,-12.794958],[-68.980901,-12.883479],[-68.978991,-13.182853],[-68.976868,-13.515614],[-68.9768,-13.5263],[-69.0326,-13.6459],[-69.1016,-13.6666],[-69.027,-13.7382],[-68.989,-13.9401],[-68.9,-14.0548],[-68.8644,-14.1912],[-69.0101,-14.2459],[-69.0101,-14.394798],[-69.0101,-14.3971],[-69.030443,-14.411028],[-69.159649,-14.514116],[-69.1645,-14.5664],[-69.169845,-14.567002],[-69.1704,-14.5776],[-69.237946,-14.591705],[-69.250788,-14.66056],[-69.2633,-14.727645],[-69.2676,-14.7507],[-69.3614,-14.788],[-69.3843,-14.9818],[-69.1481,-15.2333],[-69.281948,-15.343203],[-69.290173,-15.35893],[-69.2854,-15.3967],[-69.43,-15.6263],[-69.194505,-16.172713],[-69.1208,-16.2312],[-68.982,-16.21],[-68.8335,-16.329],[-69.0279,-16.4541],[-69.021937,-16.611558],[-69.0083,-16.6342],[-69.020502,-16.649452],[-69.020571,-16.649539],[-69.0371,-16.6702],[-69.1917,-16.743],[-69.4274,-17.0869],[-69.63145,-17.205929],[-69.647333,-17.243256],[-69.6644,-17.2886],[-69.655671,-17.293556],[-69.5371,-17.3511],[-69.535202,-17.361946],[-69.510327,-17.504102],[-69.5101,-17.5054],[-69.5101,-17.5066]]}},{"type":"Feature","properties":{"level":"country","left_geo_key":"brazil","right_geo_key":"peru","left_area":707.163779,"right_area":106.464462,"min_area":106.464462,"max_area":707.163779},"geometry":{"type":"LineString","coordinates":[[-69.570513,-10.964599],[-69.634895,-10.957035],[-69.7202,-10.9649],[-69.9561,-10.9193],[-70.261712,-11.052713],[-70.2894,-11.0648],[-70.308257,-11.061217],[-70.372316,-11.049046],[-70.4373,-11.0367],[-70.494996,-10.977931],[-70.547745,-10.947354],[-70.6413,-11.0108],[-70.6384,-9.8518],[-70.548144,-9.717492],[-70.6147,-9.5841],[-70.609665,-9.582225],[-70.5645,-9.5654],[-70.525,-9.4309],[-70.6064,-9.4488],[-71.0154,-9.8175],[-71.156223,-9.873655],[-71.2803,-9.9835],[-72.1957,-10.0056],[-72.172646,-9.866244],[-72.2652,-9.7622],[-72.322575,-9.533396],[-72.327894,-9.530866],[-72.8133,-9.4109],[-73.215,-9.409],[-72.981474,-9.136259],[-72.97214,-9.026953],[-72.975192,-8.994931],[-73.184736,-8.713651],[-73.3506,-8.5983],[-73.3564,-8.4798],[-73.5477,-8.3402],[-73.668,-8.0138],[-73.7788,-7.9541],[-73.782075,-7.942173],[-73.784371,-7.933817],[-73.7958,-7.8922],[-73.780639,-7.887417],[-73.7137,-7.8663],[-73.7122,-7.7882],[-73.969518,-7.591774],[-74.0097,-7.5611],[-74.006252,-7.555571],[-73.991843,-7.532464],[-73.9507,-7.466483],[-73.949975,-7.464469],[-73.9611,-7.3564],[-73.79436,-7.334112],[-73.726209,-7.309445],[-73.730069,-7.270181],[-73.8123,-7.1029],[-73.7486,-6.8755],[-73.3707,-6.5839],[-73.356454,-6.581832],[-73.3492,-6.5764],[-73.219784,-6.549862],[-73.1478,-6.4762],[-73.134121,-6.370578],[-73.2348,-6.0776],[-72.9769,-5.6517],[-72.9735,-5.4661],[-72.8949,-5.2557],[-72.9179,-5.1321],[-72.7602,-5.0647],[-72.6542,-5.0632],[-72.650505,-5.060295],[-72.541511,-4.974605],[-72.427826,-4.879953],[-72.3968,-4.8056],[-72.388532,-4.802944],[-72.2511,-4.7588],[-72.238543,-4.750022],[-71.9072,-4.5184],[-71.7848,-4.4805],[-71.627875,-4.483048],[-71.513721,-4.469709],[-71.4774,-4.4406],[-71.3459,-4.4501],[-71.2885,-4.3808],[-71.202851,-4.395237],[-71.1862,-4.3722],[-71.181071,-4.374831],[-71.1285,-4.4018],[-71.12079,-4.395602],[-71.0816,-4.3641],[-70.9687,-4.3853],[-70.8322,-4.1794],[-70.6831,-4.1638],[-70.655629,-4.127399],[-70.6468,-4.1157],[-70.614999,-4.156447],[-70.577744,-4.183082],[-70.575083,-4.17906],[-70.557445,-4.152405],[-70.5497,-4.1407],[-70.5009,-4.1774],[-70.4299,-4.1342],[-70.371802,-4.163037],[-70.3431,-4.1394],[-70.307,-4.2603],[-70.2167,-4.3289],[-70.1389,-4.2605],[-70.127932,-4.269154],[-70.068852,-4.315768],[-70.044567,-4.334929],[-70.014927,-4.324007],[-69.980286,-4.297495],[-69.969146,-4.276586],[-69.96544,-4.256457],[-69.959678,-4.225162]]}},{"type":"Feature","properties":{"level":"country","left_geo_key":"colombia","right_geo_key":"peru","left_area":92.591823,"right_area":106.464462,"min_area":92.591823,"max_area":106.464462},"geometry":{"type":"LineString","coordinates":[[-69.959678,-4.225162],[-69.984473,-4.203897],[-69.9928,-4.1809],[-70.1884,-4.029],[-70.217,-3.925],[-70.3111,-3.8293],[-70.3777,-3.8188],[-70.4909,-3.8785],[-70.7341,-3.782],[-70.0675,-2.7035],[-70.100281,-2.636482],[-70.1058,-2.6252],[-70.150395,-2.657302],[-70.1597,-2.664],[-70.200312,-2.625654],[-70.2959,-2.5354],[-70.3596,-2.5606],[-70.3449,-2.4966],[-70.4348,-2.4977],[-70.5786,-2.4055],[-70.633148,-2.441312],[-70.655831,-2.433266],[-70.6563,-2.4331],[-70.701048,-2.339868],[-70.7066,-2.3283],[-70.752613,-2.307248],[-70.984208,-2.201285],[-70.9927,-2.1974],[-71.0214,-2.1967],[-71.0206,-2.2589],[-71.12,-2.2521],[-71.204602,-2.32781],[-71.4208,-2.376],[-71.4565,-2.2551],[-71.51074,-2.286214],[-71.5384,-2.223],[-71.712,-2.1868],[-71.7385,-2.1377],[-71.831061,-2.184973],[-71.8411,-2.1901],[-71.9364,-2.3118],[-72.0894,-2.331],[-72.173671,-2.407812],[-72.181976,-2.409254],[-72.251,-2.3963],[-72.348547,-2.438161],[-72.389896,-2.445337],[-72.626,-2.3369],[-72.630068,-2.340558],[-72.693301,-2.39742],[-72.714571,-2.416546],[-72.7183,-2.4199],[-72.7461,-2.3734],[-72.82951,-2.396268],[-72.927626,-2.423168],[-72.9876,-2.3377],[-73.0589,-2.3106],[-73.06616,-2.320659],[-73.1425,-2.3041],[-73.1998,-2.2037],[-73.1111,-2.0734],[-73.19119,-1.794992],[-73.193,-1.7887],[-73.213633,-1.773843],[-73.25333,-1.745259],[-73.2573,-1.7424],[-73.328211,-1.779073],[-73.3327,-1.7811],[-73.446561,-1.728387],[-73.510191,-1.687177],[-73.499787,-1.519658],[-73.4955,-1.4985],[-73.498283,-1.495435],[-73.55773,-1.429969],[-73.575402,-1.410508],[-73.578409,-1.394517],[-73.5629,-1.3722],[-73.590989,-1.327608],[-73.600257,-1.312895],[-73.6366,-1.2552],[-73.685434,-1.230893],[-73.7547,-1.1833],[-73.8572,-1.2105],[-73.9141,-1.1231],[-74.040005,-1.071911],[-74.042,-1.0711],[-74.071388,-1.003566],[-74.0769,-0.9909],[-74.1196,-1.021],[-74.2668,-0.9723],[-74.3383,-0.8677],[-74.295926,-0.840657],[-74.2891,-0.8363],[-74.297661,-0.826711],[-74.3782,-0.7365],[-74.3649,-0.6762],[-74.41509,-0.556868],[-74.4229,-0.5383],[-74.63425,-0.347083],[-74.6423,-0.3398],[-74.7627,-0.3198],[-74.767197,-0.305454],[-74.795074,-0.216518],[-74.8037,-0.189],[-74.811955,-0.190297],[-74.846432,-0.195716],[-74.9335,-0.2094],[-75.196303,-0.035962],[-75.2067,-0.0291],[-75.211773,-0.033826],[-75.261053,-0.079727],[-75.288387,-0.105187],[-75.303342,-0.099639]]}},{"type":"Feature","properties":{"level":"country","left_geo_key":"ecuador","right_geo_key":"peru","left_area":20.688438,"right_area":106.464462,"min_area":20.688438,"max_area":106.464462},"geometry":{"type":"LineString","coordinates":[[-75.303342,-0.099639],[-75.314759,-0.129752],[-75.325858,-0.14009],[-75.4295,-0.1637],[-75.629343,-0.113571],[-75.6376,-0.1115],[-75.634587,-0.119334],[-75.625972,-0.141732],[-75.6101,-0.183],[-75.4848,-0.2477],[-75.4056,-0.4424],[-75.270535,-0.536638],[-75.265906,-0.571196],[-75.2966,-0.7345],[-75.294835,-0.740746],[-75.297,-0.747],[-75.240501,-0.954596],[-75.297862,-0.968637],[-75.33652,-0.967531],[-75.3586,-0.9669],[-75.409432,-0.926423],[-75.4126,-0.9239],[-75.573,-1.5373],[-76.0912,-2.1289],[-76.642117,-2.543826],[-77.601317,-2.89323],[-77.85288,-2.984865],[-77.8678,-2.9903],[-78.163279,-3.326063],[-78.184432,-3.3501],[-78.1964,-3.3637],[-78.1545,-3.4568],[-78.191967,-3.484933],[-78.220088,-3.487408],[-78.2697,-3.3995],[-78.3508,-3.3896],[-78.414904,-3.763062],[-78.417005,-3.775301],[-78.4704,-3.8302],[-78.4977,-3.9427],[-78.563787,-3.993793],[-78.5669,-3.9962],[-78.5766,-4.1001],[-78.67407,-4.309044],[-78.6824,-4.3269],[-78.673706,-4.347711],[-78.6372,-4.4351],[-78.6817,-4.5671],[-78.8986,-4.6942],[-78.9286,-4.7475],[-78.912841,-4.850201],[-78.991,-4.8904],[-79.0639,-5.0114],[-79.3172,-4.9444],[-79.4506,-4.8102],[-79.5272,-4.5966],[-79.5016,-4.541],[-79.527518,-4.524047],[-79.658,-4.4387],[-79.8329,-4.479],[-79.9041,-4.3986],[-80.1431,-4.2841],[-80.177377,-4.291908],[-80.189373,-4.29464],[-80.205,-4.2982],[-80.218621,-4.322144],[-80.365262,-4.460041],[-80.375255,-4.466703],[-80.475657,-4.420636],[-80.367897,-4.237006],[-80.358196,-4.220476],[-80.3453,-4.1985],[-80.4696,-4.2132],[-80.5091,-4.0958],[-80.492,-4.0149],[-80.4275,-3.9813],[-80.3046,-4.0052],[-80.165487,-3.879938],[-80.165,-3.8795],[-80.2216,-3.7694],[-80.2164,-3.6316],[-80.257231,-3.492273],[-80.278133,-3.420946],[-80.2797,-3.4156],[-80.290862,-3.415362]]}},{"type":"Feature","properties":{"level":"country","left_geo_key":"argentina","right_geo_key":"southernpatagonianicefield","left_area":278.56436,"right_area":0.173277,"min_area":0.173277,"max_area":278.56436},"geometry":{"type":"LineString","coordinates":[[-73.10306,-49.270873],[-73.0982,-49.2728],[-73.1187,-49.3924],[-73.0574,-49.4759],[-73.0597,-49.555],[-73.1967,-49.6824],[-73.4651,-49.76]]}},{"type":"Feature","properties":{"level":"country","left_geo_key":"argentina","right_geo_key":"uruguay","left_area":278.56436,"right_area":17.085665,"min_area":17.085665,"max_area":278.56436},"geometry":{"type":"LineString","coordinates":[[-58.0965,-32.281],[-58.1752,-32.1741],[-58.1453,-32.0179],[-58.196,-31.8726],[-58.054461,-31.799954],[-58.0489,-31.7971],[-58.026987,-31.734397],[-57.988207,-31.623428],[-57.9796,-31.5988],[-57.9875,-31.588586],[-58.0752,-31.4752],[-57.9051,-31.241],[-57.8552,-31.059],[-57.899603,-30.941351],[-57.853024,-30.918062],[-57.803093,-30.893097],[-57.8019,-30.8925],[-57.8019,-30.888883],[-57.8019,-30.848741],[-57.8019,-30.7733],[-57.8898,-30.5508],[-57.6527,-30.3291],[-57.6425,-30.1931]]}},{"type":"Feature","properties":{"level":"country","left_geo_key":"argentina","right_geo_key":"brazilianisland","left_area":278.56436,"right_area":0.000173,"min_area":0.000173,"max_area":278.56436},"geometry":{"type":"LineString","coordinates":[[-57.6425,-30.1931],[-57.614501,-30.183075],[-57.6117,-30.183],[-57.6028,-30.1905]]}},{"type":"Feature","properties":{"level":"country","left_geo_key":"argentina","right_geo_key":"brazil","left_area":278.56436,"right_area":707.163779,"min_area":278.56436,"max_area":707.163779},"geometry":{"type":"LineString","coordinates":[[-57.6028,-30.1905],[-57.57352,-30.168403],[-57.371961,-30.01629],[-57.322857,-29.969464],[-57.2915,-29.8151],[-57.0942,-29.752],[-56.802841,-29.445696],[-56.7627,-29.3729],[-56.697066,-29.334495],[-56.685726,-29.322574],[-56.6173,-29.1609],[-56.423587,-29.055632],[-56.3916,-28.9522],[-56.301,-28.8814],[-56.2948,-28.7958],[-56.0408,-28.609],[-56.0214,-28.5104],[-56.014348,-28.507177],[-55.8969,-28.4535],[-55.9056,-28.378],[-55.888024,-28.369226],[-55.874904,-28.362676],[-55.8423,-28.3464],[-55.795479,-28.358712],[-55.745032,-28.371977],[-55.68867,-28.386798],[-55.682891,-28.3729],[-55.678165,-28.313861],[-55.7725,-28.232],[-55.6167,-28.1295],[-55.5649,-28.1477],[-55.5099,-28.084],[-55.502294,-28.083439],[-55.4407,-28.0789],[-55.320519,-27.92331],[-55.3141,-27.915],[-55.1977,-27.8606],[-55.105514,-27.854592],[-55.0999,-27.8438],[-55.050023,-27.841377],[-55.0713,-27.7944],[-55.054995,-27.787725],[-55.029505,-27.77729],[-54.912196,-27.729268],[-54.8983,-27.6236],[-54.8189,-27.5362],[-54.6997,-27.553],[-54.596796,-27.459247],[-54.5895,-27.4526],[-54.575905,-27.461048],[-54.501305,-27.46748],[-54.456688,-27.439875],[-54.425742,-27.420728],[-54.4042,-27.4074],[-54.3716,-27.4544],[-54.3477,-27.3943],[-54.297165,-27.422643],[-54.275428,-27.408671],[-54.1895,-27.2609],[-54.0918,-27.2852],[-54.0051,-27.1882],[-53.971914,-27.190653],[-53.962312,-27.18308],[-53.9641,-27.154],[-53.935077,-27.161601],[-53.8822,-27.1199],[-53.842,-27.1635],[-53.7125,-26.9045],[-53.7697,-26.7266],[-53.768252,-26.715396],[-53.76273,-26.672671],[-53.7244,-26.3761],[-53.6616,-26.2598],[-53.8361,-25.9497],[-53.840105,-25.802255],[-53.91,-25.6292],[-53.9481,-25.6506],[-53.951433,-25.646434],[-54.0165,-25.5651],[-54.027094,-25.566723],[-54.044228,-25.569347],[-54.104546,-25.578585],[-54.1177,-25.5806],[-54.117047,-25.537372],[-54.127521,-25.50284],[-54.211552,-25.565107],[-54.2496,-25.5933],[-54.2992,-25.5527],[-54.393374,-25.586846],[-54.409228,-25.608382],[-54.4331,-25.6766],[-54.448912,-25.662292],[-54.5456,-25.5748],[-54.555333,-25.574818],[-54.568825,-25.574843],[-54.592326,-25.574886]]}},{"type":"Feature","properties":{"level":"country","left_geo_key":"argentina","right_geo_key":"paraguay","left_area":278.56436,"right_area":35.257023,"min_area":35.257023,"max_area":278.56436},"geometry":{"type":"LineString","coordinates":[[-54.592326,-25.574886],[-54.590903,-25.586457],[-54.6022,-25.5924],[-54.599372,-25.63933],[-54.615011,-25.656701],[-54.6429,-25.6616],[-54.636079,-25.680102],[-54.5879,-25.8108],[-54.590954,-25.829231],[-54.601382,-25.892177],[-54.60872,-25.9291],[-54.6562,-25.9692],[-54.65659,-25.986855],[-54.657542,-26.029885],[-54.663029,-26.278048],[-54.684208,-26.372319],[-54.699309,-26.419387],[-54.756246,-26.488041],[-54.7803,-26.5104],[-54.781796,-26.518849],[-54.790999,-26.570827],[-54.804599,-26.647639],[-54.86054,-26.660477],[-54.9033,-26.6599],[-54.909346,-26.671678],[-54.961,-26.7723],[-55.0609,-26.8052],[-55.10614,-26.852708],[-55.127399,-26.875033],[-55.1327,-26.8806],[-55.130217,-26.895186],[-55.136628,-26.94103],[-55.2806,-26.9343],[-55.418107,-26.991152],[-55.4308,-26.9964],[-55.4513,-27.0821],[-55.5338,-27.0994],[-55.577862,-27.155627],[-55.597714,-27.18096],[-55.599,-27.1826],[-55.5913,-27.3284],[-55.7547,-27.4437],[-55.886009,-27.347623],[-55.8928,-27.3349],[-55.906252,-27.332811],[-56.1246,-27.2989],[-56.2568,-27.3783],[-56.297,-27.4809],[-56.400124,-27.58642],[-56.5464,-27.4551],[-56.546709,-27.455171],[-56.5469,-27.455],[-56.7715,-27.5065],[-56.9044,-27.4187],[-57.165758,-27.483732],[-57.3352,-27.4095],[-57.5357,-27.4072],[-57.544948,-27.404397],[-58.009849,-27.263483],[-58.022,-27.2598],[-58.5108,-27.2784],[-58.6002,-27.313],[-58.6533,-27.1563],[-58.5655,-27.116],[-58.53599,-27.057636],[-58.5115,-27.0602],[-58.461643,-26.932905],[-58.3289,-26.8841],[-58.337676,-26.824409],[-58.2748,-26.7984],[-58.243224,-26.679004],[-58.204778,-26.655744],[-58.191737,-26.647854],[-58.1814,-26.6416],[-58.182967,-26.626508],[-58.189672,-26.561916],[-58.201531,-26.447678],[-58.171242,-26.292944],[-58.168983,-26.285851],[-58.1618,-26.2633],[-58.114569,-26.23147],[-58.1066,-26.2261],[-58.139741,-26.193033],[-58.137719,-26.191649],[-58.124,-26.2019],[-58.108982,-26.171985],[-57.8727,-26.0103],[-57.889503,-25.972939],[-57.896803,-25.956706],[-57.8524,-25.898],[-57.8782,-25.8832],[-57.8019,-25.8314],[-57.8056,-25.7699],[-57.7404,-25.7221],[-57.750756,-25.683636],[-57.57,-25.5467],[-57.5581,-25.4435],[-57.565436,-25.433775],[-57.571648,-25.42554],[-57.746525,-25.193717],[-57.758915,-25.177292],[-57.766,-25.1679],[-57.782053,-25.159956],[-57.946535,-25.078559],[-58.2241,-24.9412],[-58.3413,-24.9862],[-58.4734,-24.8513],[-58.789169,-24.781244],[-59.220722,-24.551603],[-59.2856,-24.5161],[-59.4597,-24.3585],[-60.0337,-24.007],[-60.348,-24.0108],[-60.613549,-23.903574],[-60.6212,-23.8958],[-60.987829,-23.809831],[-61.104948,-23.68157],[-61.1188,-23.6664],[-61.122069,-23.600825],[-61.1222,-23.5982],[-61.297,-23.4814],[-61.492998,-23.410722],[-61.507636,-23.380436],[-61.5161,-23.345],[-61.733,-23.2434],[-61.778949,-23.158834],[-61.78,-23.1569],[-61.9564,-23.0344],[-62.1535,-22.7478],[-62.187658,-22.644375],[-62.1876,-22.6386],[-62.189989,-22.637318],[-62.225834,-22.618076],[-62.240566,-22.610167],[-62.248241,-22.577977],[-62.2412,-22.5384],[-62.260483,-22.526635],[-62.6131,-22.3115],[-62.6196,-22.255],[-62.63958,-22.23846],[-62.642805,-22.235791],[-62.649134,-22.230553]]}},{"type":"Feature","properties":{"level":"country","left_geo_key":"cyprus","right_geo_key":"dhekeliasovereignbasearea","left_area":0.531791,"right_area":0.011706,"min_area":0.011706,"max_area":0.531791},"geometry":{"type":"MultiLineString","coordinates":[[[33.808998,35.044641],[33.859,34.9918],[33.8381,34.9637]],[[33.804958,35.048911],[33.808998,35.044641]],[[33.780793,34.976757],[33.7592,34.9887],[33.780414,34.978382]],[[33.7397,35.0026],[33.7428,35.0012],[33.7467,35.0027],[33.7521,35.0043],[33.7521,35.0144],[33.7462,35.0152],[33.7413,35.0137],[33.7402,35.0101],[33.7388,35.0053],[33.7397,35.0026]],[[33.859878,35.066796],[33.8801,35.0731],[33.882323,35.071642],[33.8981,35.0613]]]}},{"type":"Feature","properties":{"level":"country","left_geo_key":"dhekeliasovereignbasearea","right_geo_key":"northerncyprus","left_area":0.011706,"right_area":0.344705,"min_area":0.011706,"max_area":0.344705},"geometry":{"type":"MultiLineString","coordinates":[[[33.804958,35.048911],[33.744989,35.037459],[33.7185,35.0324],[33.718864,35.044709],[33.692105,35.052135],[33.682543,35.048399]],[[33.859878,35.066796],[33.889682,35.107601],[33.899967,35.098905],[33.914011,35.078969],[33.921962,35.067681]]]}},{"type":"Feature","properties":{"level":"country","left_geo_key":"cyprusnomansarea","right_geo_key":"dhekeliasovereignbasearea","left_area":0.029315,"right_area":0.011706,"min_area":0.011706,"max_area":0.029315},"geometry":{"type":"MultiLineString","coordinates":[[[33.682543,35.048399],[33.699984,35.012973],[33.7154,34.9973],[33.707751,34.997196]],[[33.8981,35.0613],[33.9065,35.0691],[33.921962,35.067681]]]}},{"type":"Feature","properties":{"level":"country","left_geo_key":"akrotirisovereignbasearea","right_geo_key":"cyprus","left_area":0.012339,"right_area":0.531791,"min_area":0.012339,"max_area":0.531791},"geometry":{"type":"MultiLineString","coordinates":[[[32.969876,34.63928],[32.9875,34.6734],[32.868414,34.694097],[32.852056,34.69694]],[[32.9625,34.625],[32.969876,34.63928]],[[32.983579,34.636069],[32.9625,34.625]]]}},{"type":"Feature","properties":{"level":"country","left_geo_key":"cyprus","right_geo_key":"cyprusnomansarea","left_area":0.531791,"right_area":0.029315,"min_area":0.029315,"max_area":0.531791},"geometry":{"type":"MultiLineString","coordinates":[[[33.546,34.995],[33.5196,35.0441],[33.468775,34.988678],[33.467134,35.006107],[33.46676,35.01007],[33.462305,35.057379]],[[33.453585,35.08648],[33.3987,35.158],[33.3091,35.1159],[33.1739,35.1627],[32.832408,35.060812]],[[32.644007,35.172273],[32.632106,35.1611]]]}},{"type":"Feature","properties":{"level":"country","left_geo_key":"cyprus","right_geo_key":"northerncyprus","left_area":0.531791,"right_area":0.344705,"min_area":0.344705,"max_area":0.531791},"geometry":{"type":"MultiLineString","coordinates":[[[33.462305,35.057379],[33.460189,35.06444],[33.4604,35.0776],[33.453585,35.08648]],[[33.859878,35.066796],[33.856391,35.065709],[33.855626,35.06547],[33.81575,35.053039],[33.8044,35.0495],[33.804958,35.048911]]]}},{"type":"Feature","properties":{"level":"country","left_geo_key":"india","right_geo_key":"siachenglacier","left_area":278.532975,"right_area":0.206195,"min_area":0.206195,"max_area":278.532975},"geometry":{"type":"LineString","coordinates":[[77.8003,35.4954],[77.4247,35.3029],[77.049,35.1104]]}},{"type":"Feature","properties":{"level":"country","left_geo_key":"india","right_geo_key":"pakistan","left_area":278.532975,"right_area":81.708298,"min_area":81.708298,"max_area":278.532975},"geometry":{"type":"LineString","coordinates":[[77.049,35.1104],[77.048996,35.11038],[77.0424,35.107],[77.014547,34.992356],[76.9338,34.9289],[76.782,34.9309],[76.777128,34.916629],[76.753872,34.848508],[76.74908,34.834474],[76.677119,34.76923],[76.645429,34.745471],[76.629873,34.742153],[76.4382,34.7629],[76.155,34.6617],[76.0583,34.6834],[76.04467,34.674695],[75.7771,34.5038],[75.6116,34.4984],[75.3481,34.5572],[75.2129,34.645],[75.0178,34.6297],[74.3489,34.7734],[74.313547,34.763623],[74.096313,34.703549],[73.9486,34.6627],[73.944976,34.651355],[73.924166,34.586214],[73.912352,34.549233],[73.911,34.545],[73.784405,34.383152],[73.7749,34.371],[73.796694,34.348603],[73.819894,34.324761],[73.8291,34.3153],[73.946262,34.289025],[73.9983,34.1968],[73.8933,34.1147],[73.8937,34.0543],[73.91215,34.043252],[73.939672,34.026772],[73.9767,34.0046],[74.2284,34.0129],[74.2723,33.9621],[74.190953,33.872344],[74.0346,33.8286],[73.9707,33.7471],[73.97106,33.741185],[73.976179,33.656976],[73.9767,33.6484],[74.1416,33.5494],[74.1578,33.4942],[74.0851,33.3143],[73.9918,33.2526],[74.0023,33.1777],[74.1539,33.0402],[74.312835,32.975718],[74.319554,32.894378],[74.3163,32.7911],[74.32893,32.780878],[74.335172,32.775826],[74.3462,32.7669],[74.5738,32.7525],[74.6853,32.8312],[74.634621,32.578285],[74.6326,32.5682],[74.6893,32.4714],[75.042256,32.45605],[75.331974,32.296014],[75.342726,32.261083],[75.2981,32.1598],[75.136768,32.089185],[75.057843,32.092998],[75.034578,32.094121],[75.0226,32.0947],[74.996715,32.070517],[74.93333,32.031003],[74.8286,32.0254],[74.767043,31.944325],[74.6984,31.9502],[74.5408,31.8109],[74.4995,31.6999],[74.540559,31.615829],[74.611944,31.469662],[74.593198,31.412227],[74.5253,31.2802],[74.5096,31.1561],[74.6588,31.0838],[74.4091,30.901],[74.313278,30.884932],[74.3107,30.8845],[74.1557,30.6596],[74.074201,30.603394],[74.0571,30.5916],[74.0441,30.5187],[73.8677,30.3874],[73.845234,30.356973],[73.8423,30.353],[73.9119,30.3038],[73.9444,30.1883],[73.7397,30.0485],[73.380871,29.930768],[73.3703,29.9273],[73.2329,29.5366],[72.9304,29.0477],[72.3546,28.7672],[72.2565,28.6456],[72.1499,28.3538],[71.9083,28.1356],[71.8609,27.9502],[71.5607,27.8685],[71.2263,27.8454],[70.8316,27.7015],[70.7104,27.7412],[70.6212,27.9441],[70.5349,28.016],[70.3595,28.0163],[70.095639,27.797593],[70.0907,27.7935],[69.9935,27.5711],[69.5344,27.1256],[69.4651,26.8078],[69.5042,26.7352],[69.8156,26.5803],[70.0561,26.5891],[70.1581,26.5301],[70.1469,26.2174],[70.06792,25.989865],[70.0646,25.9803],[70.115,25.8817],[70.222703,25.748943],[70.258486,25.704836],[70.2646,25.6973],[70.291559,25.694637],[70.417384,25.682208],[70.4772,25.6763],[70.5923,25.7088],[70.6539,25.6745],[70.6545,25.3966],[70.8486,25.1633],[70.9152,24.9466],[71.0566,24.6928],[70.9548,24.5845],[70.9771,24.4649],[71.073871,24.416011],[71.073419,24.407865],[71.02888,24.390604],[70.9177,24.3617],[70.876026,24.331367],[70.853278,24.314809],[70.8409,24.3058],[70.844739,24.290986],[70.8341,24.2613],[70.800898,24.247242],[70.771968,24.237147],[70.5847,24.2579],[70.5752,24.4],[70.558327,24.407737],[70.532643,24.419515],[70.5209,24.4249],[70.469832,24.409997],[70.1097,24.3049],[70.061937,24.219656],[69.972,24.1652],[69.7146,24.1686],[69.5631,24.2768],[69.155818,24.257069],[69.1482,24.2567],[69.054647,24.283443],[69.0485,24.2852],[68.9808,24.2554],[68.9042,24.3206],[68.8489,24.244],[68.7992,24.3291],[68.7473,24.3312],[68.7245,23.9652],[68.350023,23.958557],[68.344512,23.958459],[68.3299,23.9582],[68.305788,23.919212],[68.283217,23.928204],[68.274,23.9377],[68.270793,23.933154]]}},{"type":"Feature","properties":{"level":"country","left_geo_key":"bangladesh","right_geo_key":"india","left_area":12.069601,"right_area":278.532975,"min_area":12.069601,"max_area":278.532975},"geometry":{"type":"LineString","coordinates":[[89.071603,22.165616],[89.0762,22.175],[89.071065,22.182996],[89.0186,22.2647],[88.9984,22.4512],[88.980387,22.475993],[88.928,22.5481],[88.9564,22.585],[88.94984,22.606159],[88.92897,22.67348],[88.912064,22.728014],[88.929578,22.792803],[88.9468,22.8345],[88.942354,22.840062],[88.8428,22.9646],[88.8513,23.0751],[88.951556,23.204],[88.9542,23.2074],[88.71,23.2412],[88.696727,23.304377],[88.710462,23.348829],[88.7702,23.4888],[88.751335,23.481113],[88.732821,23.473569],[88.731437,23.473005],[88.610171,23.578913],[88.543013,23.647045],[88.5755,23.8366],[88.7171,23.9431],[88.725,24.0384],[88.675933,24.091226],[88.692226,24.167894],[88.720018,24.19464],[88.745753,24.219406],[88.7498,24.2233],[88.7375,24.2871],[88.675177,24.328327],[88.6601,24.3383],[88.616147,24.296379],[88.515823,24.308836],[88.496214,24.312069],[88.281196,24.417226],[88.1079,24.508],[88.0818,24.5999],[88.052528,24.622195],[88.032682,24.66412],[88.1312,24.8318],[88.124892,24.864538],[88.15931,24.931068],[88.2024,24.9453],[88.2549,24.88],[88.3228,24.8747],[88.4258,25.0511],[88.439423,25.172918],[88.9242,25.1679],[88.9824,25.2749],[88.975045,25.277933],[88.842,25.3328],[88.833428,25.35361],[88.792856,25.4521],[88.773754,25.49847],[88.7723,25.502],[88.768856,25.50068],[88.6781,25.4659],[88.672739,25.467144],[88.599709,25.484092],[88.522323,25.50872],[88.2599,25.789],[88.145405,25.776788],[88.089346,25.838091],[88.12768,25.993794],[88.154352,26.102124],[88.161593,26.131538],[88.3087,26.2061],[88.401451,26.323811],[88.4976,26.3527],[88.4611,26.4539],[88.343,26.4772],[88.332177,26.46379],[88.325838,26.464276],[88.349643,26.553262],[88.367236,26.598165],[88.37591,26.604498],[88.3979,26.5587],[88.409352,26.552336],[88.411,26.5451],[88.6519,26.4071],[88.7122,26.3283],[88.679683,26.285722],[88.6634,26.2644],[88.7479,26.2925],[88.83745,26.234119],[88.8407,26.232],[88.846493,26.239494],[88.893963,26.267707],[88.9753,26.2243],[89.011438,26.23715],[89.022636,26.241132],[89.0397,26.2472],[89.029481,26.255608],[88.8919,26.3688],[88.934558,26.418629],[88.9593,26.4286],[89.04795,26.377291],[89.0957,26.3345],[89.075944,26.27124],[89.0759,26.2711],[89.1316,26.1338],[89.3353,25.9986],[89.521549,25.972727],[89.547713,25.969093],[89.5491,25.9689],[89.6029,26.0553],[89.575347,26.153742],[89.584223,26.161624],[89.610805,26.18523],[89.637722,26.209133],[89.6584,26.2079],[89.6572,26.1654],[89.709725,26.138237],[89.73156,26.105725],[89.802408,26.000233],[89.825114,25.966424],[89.824805,25.965307],[89.792,25.9491],[89.813821,25.925561],[89.7831,25.8144],[89.8344,25.6348],[89.795,25.3742],[89.8346,25.2824],[89.9081,25.2969],[90.3646,25.15],[90.629644,25.170485],[90.822,25.1423],[91.228744,25.200898],[91.380597,25.172414],[91.6131,25.1251],[91.620183,25.127473],[91.7453,25.1694],[92.034,25.1817],[92.309021,25.069852],[92.413744,24.985485],[92.474623,24.935704],[92.482275,24.912126],[92.479079,24.878431],[92.3807,24.8367],[92.223,24.8914],[92.233309,24.782677],[92.227219,24.762975],[92.1059,24.4952],[92.1076,24.406],[92.025151,24.372466],[91.963177,24.34726],[91.931403,24.334337],[91.896431,24.320112],[91.8964,24.3201],[91.896352,24.319693],[91.867346,24.165707],[91.7966,24.2216],[91.753421,24.221248],[91.732843,24.22108],[91.723,24.221],[91.721467,24.162892],[91.701055,24.160309],[91.650421,24.188876],[91.631466,24.19957],[91.6245,24.2035],[91.617304,24.178187],[91.5587,24.0897],[91.363,24.0998],[91.3391,23.9952],[91.2741,23.9882],[91.2163,23.9084],[91.2052,23.7716],[91.1418,23.7399],[91.153357,23.716658],[91.1689,23.6854],[91.1408,23.6121],[91.2709,23.3646],[91.3135,23.101],[91.3709,23.0628],[91.361534,23.237546],[91.367051,23.250262],[91.384113,23.25805],[91.404027,23.251668],[91.420301,23.23321],[91.5194,23.0056],[91.520577,23.004717],[91.5236,22.9952],[91.5861,22.9445],[91.624882,22.969144],[91.76347,23.05721],[91.7762,23.0653],[91.775562,23.069363],[91.7437,23.2723],[91.805978,23.380529],[91.9408,23.4952],[91.936853,23.709758],[92.0035,23.6474],[92.008794,23.65043],[92.019,23.6401],[92.07267,23.686986],[92.1508,23.7317],[92.198484,23.674659],[92.2094,23.6616],[92.2232,23.687599],[92.244136,23.69856],[92.256087,23.658456],[92.3495,23.345],[92.346276,23.31944],[92.3276,23.1714],[92.3599,22.9266],[92.415178,22.880397],[92.4959,22.6956],[92.5759,21.9776]]}},{"type":"Feature","properties":{"level":"country","left_geo_key":"india","right_geo_key":"myanmar","left_area":278.532975,"right_area":57.649106,"min_area":57.649106,"max_area":278.532975},"geometry":{"type":"LineString","coordinates":[[92.5759,21.9776],[92.6509,22.0192],[92.653397,22.029452],[92.662862,22.068321],[92.679623,22.137148],[92.695821,22.143321],[92.85478,21.998137],[92.877569,21.977323],[92.8892,21.9667],[92.900742,22.001054],[92.913256,22.013869],[92.9681,21.9872],[92.969818,21.993813],[92.9749,21.9909],[93.0239,22.1888],[93.1417,22.1873],[93.131444,22.225161],[93.1737,22.2594],[93.173147,22.268423],[93.1743,22.2694],[93.17268,22.276027],[93.12845,22.457008],[93.092123,22.60565],[93.0795,22.7727],[93.1755,22.8817],[93.153549,23.041533],[93.160897,23.046795],[93.2728,23.0059],[93.3752,23.1422],[93.4324,23.6473],[93.3748,23.739],[93.313125,24.046899],[93.361977,24.074879],[93.402285,24.032943],[93.4567,23.96],[93.470094,23.962396],[93.7111,24.0055],[93.792878,23.944211],[93.8037,23.9361],[93.8472,23.937262],[93.953306,23.923688],[94.003889,23.9048],[94.124135,23.859899],[94.1319,23.857],[94.191348,24.029893],[94.33596,24.395641],[94.497552,24.672839],[94.508,24.689],[94.5895,24.7473],[94.7086,25.0259],[94.6891,25.1385],[94.5533,25.2041],[94.608,25.3946],[94.7824,25.5046],[94.80955,25.532482],[94.975749,25.703158],[95.0088,25.7371],[95.000266,25.831258],[95.000543,25.906623],[95.088564,25.990332],[95.137027,26.036422],[95.1512,26.0499],[95.122584,26.074519],[95.0418,26.2876],[95.0426,26.4597],[95.1191,26.6042],[95.2233,26.6704],[95.279,26.6529],[95.37967,26.690154],[95.396417,26.696351],[95.4106,26.7016],[95.4898,26.8107],[95.5748,26.8161],[95.778,26.9951],[95.8889,27.027],[96.0132,27.1908],[96.1426,27.2575],[96.5109,27.2925],[96.5869,27.3536],[96.711496,27.35605],[96.8538,27.2487],[96.8653,27.1716],[97.02902,27.091399],[97.038,27.087],[97.070089,27.089532],[97.117833,27.0933],[97.1229,27.0937],[97.0955,27.1913],[96.881546,27.457445],[96.883425,27.629394],[97.2412,27.9079],[97.3149,27.8846],[97.32264,27.902611],[97.345864,27.956653],[97.3623,27.9949],[97.353048,28.008258],[97.2929,28.0951],[97.323495,28.217479]]}},{"type":"Feature","properties":{"level":"country","left_geo_key":"china","right_geo_key":"india","left_area":954.894435,"right_area":278.532975,"min_area":278.532975,"max_area":954.894435},"geometry":{"type":"MultiLineString","coordinates":[[[97.323495,28.217479],[97.285255,28.235668],[97.229651,28.274606],[97.220763,28.283391],[97.216195,28.294419],[97.191813,28.311897],[97.182729,28.314991],[97.11555,28.366564],[97.115448,28.366588],[97.000673,28.338909],[96.997417,28.337083],[96.965791,28.330468],[96.933959,28.336618],[96.897889,28.354704],[96.718793,28.435694],[96.7169,28.4365],[96.562624,28.447222],[96.561518,28.447293],[96.512382,28.428808],[96.495226,28.42147],[96.441127,28.395416],[96.369644,28.378116],[96.322552,28.407705],[96.301852,28.420711],[96.336459,28.479667],[96.409019,28.558929],[96.502375,28.644476],[96.50189,28.660193],[96.501045,28.68761],[96.501044,28.687631],[96.597999,28.709908],[96.595923,28.728362],[96.592584,28.757884],[96.592553,28.757982],[96.544119,28.842904],[96.523751,28.864415],[96.510832,28.885525],[96.504367,28.912601],[96.47742,28.959849],[96.474659,28.962058],[96.460086,28.96335],[96.452128,28.970378],[96.451198,28.981385],[96.457605,28.994588],[96.429984,29.007315],[96.3666,29.0365],[96.365621,29.035955],[96.294655,28.992324],[96.248588,28.945343],[96.195323,28.941106],[96.195321,28.941112],[96.195292,28.941229],[96.175954,29.017354],[96.174625,29.108845],[96.183503,29.12376],[96.183514,29.123779],[96.183543,29.123817],[96.193642,29.136931],[96.210075,29.145767],[96.288098,29.164913],[96.327358,29.180344],[96.327484,29.180442],[96.342367,29.210647],[96.343577,29.212306],[96.3662,29.2572],[96.3371,29.2797],[96.321648,29.273856],[96.304126,29.261212],[96.26785,29.24173],[96.235339,29.241215],[96.235293,29.241214],[96.235288,29.241217],[96.205424,29.256949],[96.176279,29.286456],[96.166047,29.303174],[96.150957,29.354075],[96.141966,29.368467],[96.074536,29.369286],[96.07437,29.369272],[95.863262,29.324035],[95.863134,29.323985],[95.8631,29.324],[95.7448,29.3404],[95.744785,29.340333],[95.747365,29.273651],[95.717219,29.218382],[95.717175,29.218303],[95.717165,29.218284],[95.715901,29.218465],[95.5538,29.239],[95.553467,29.238146],[95.550684,29.230284],[95.552028,29.22013],[95.550167,29.212482],[95.543237,29.211875],[95.522544,29.158736],[95.521435,29.137861],[95.512277,29.132371],[95.4876,29.069],[95.487577,29.068994],[95.429824,29.046525],[95.367406,29.036496],[95.281553,29.052672],[95.224916,29.059364],[95.216338,29.064997],[95.214064,29.073084],[95.212824,29.081869],[95.208714,29.08827],[95.174677,29.099375],[95.116912,29.108095],[95.099032,29.11378],[95.047671,29.140803],[94.813332,29.168561],[94.798792,29.166438],[94.776571,29.166696],[94.761482,29.174706],[94.761493,29.174776],[94.7564,29.2305],[94.630503,29.319427],[94.63043,29.319452],[94.630333,29.319443],[94.532062,29.235794],[94.528628,29.23124],[94.514778,29.22106],[94.498242,29.21522],[94.494095,29.214432],[94.352307,29.16877],[94.346313,29.159074],[94.335771,29.149617],[94.323782,29.146026],[94.287602,29.147933],[94.2875,29.1479],[94.270804,29.097912],[94.271222,29.097494],[94.345785,29.025758],[94.347311,29.024349],[94.347278,29.024321],[94.3473,29.0243],[94.2502,28.9331],[93.99202,28.844607],[93.993136,28.801887],[93.981591,28.768131],[93.961093,28.729943],[93.927786,28.682752],[93.927655,28.682797],[93.634138,28.676154],[93.62553,28.67236],[93.607133,28.672204],[93.58401,28.675019],[93.446355,28.671904],[93.446213,28.671894],[93.442389,28.669879],[93.319738,28.604846],[93.317191,28.603474],[93.317079,28.603168],[93.302843,28.556921],[93.287179,28.520991],[93.286972,28.520517],[93.259068,28.496023],[93.258184,28.495175],[93.218838,28.457436],[93.186361,28.432054],[93.1863,28.432],[93.186307,28.43197],[93.218073,28.394647],[93.207825,28.340539],[93.207792,28.340533],[93.2078,28.3405],[92.922,28.2586],[92.87679,28.219664],[92.86537,28.205205],[92.85028,28.19195],[92.834921,28.183604],[92.834777,28.183526],[92.834723,28.18351],[92.819895,28.179263],[92.805322,28.178023],[92.790232,28.178901],[92.785375,28.183294],[92.783051,28.190459],[92.770117,28.192198],[92.770079,28.192182],[92.769998,28.192134],[92.678976,28.133343],[92.678611,28.133064],[92.678454,28.132885],[92.6373,28.072],[92.661068,28.05135],[92.689257,28.048315],[92.701349,28.037825],[92.701349,28.025241],[92.736392,27.985909],[92.736391,27.985908],[92.736364,27.985869],[92.71077,27.949702],[92.683674,27.91045],[92.636468,27.89537],[92.614782,27.881839],[92.575,27.8478],[92.574651,27.847758],[92.518151,27.839468],[92.51283,27.840349],[92.454649,27.833376],[92.439039,27.82329],[92.427567,27.821171],[92.417385,27.82891],[92.4173,27.8289],[92.392809,27.85599],[92.381058,27.842462],[92.375581,27.821119],[92.367933,27.803834],[92.350053,27.802542],[92.340385,27.814846],[92.3039,27.7862],[92.303892,27.78621],[92.303854,27.78616],[92.288764,27.793085],[92.275225,27.811689],[92.264631,27.834507],[92.239633,27.865259],[92.239568,27.865277],[92.239273,27.86514],[92.122922,27.80826],[92.10616,27.786081],[92.064878,27.761721],[92.034088,27.764832],[91.95225,27.724825],[91.952247,27.72482],[91.952242,27.724821],[91.9522,27.7248],[91.865022,27.729993],[91.864914,27.729988],[91.864911,27.729999],[91.8649,27.73],[91.8266,27.8076],[91.826465,27.807623],[91.729871,27.804136],[91.703759,27.82812],[91.680131,27.849823],[91.628339,27.852694],[91.628932,27.854352]],[[88.891947,27.315777],[88.891867,27.315825],[88.864632,27.33239],[88.852023,27.342363],[88.840128,27.356376],[88.816233,27.375098],[88.808202,27.378382],[88.795386,27.385926],[88.773578,27.408509],[88.759781,27.435071],[88.754355,27.464216],[88.755608,27.47777],[88.7416,27.5317],[88.741636,27.531805],[88.741022,27.54571],[88.748154,27.560128],[88.754377,27.568568],[88.855066,27.859102],[88.855072,27.859179],[88.855026,27.859416],[88.845024,27.8885],[88.842773,27.892407],[88.818899,27.915196],[88.810682,27.927857],[88.809752,27.944497],[88.817243,27.96929],[88.8029,28.011],[88.684288,28.065281],[88.652035,28.069399],[88.631675,28.083352],[88.62172,28.093915],[88.594,28.1066],[88.520704,28.044629],[88.51716,28.039582],[88.502146,28.028939],[88.502087,28.028897],[88.50207,28.028885],[88.502052,28.02889],[88.427874,28.013225],[88.399906,27.994881],[88.399854,27.994726],[88.399751,27.994726],[88.37877,27.982634],[88.197851,27.958295],[88.174855,27.949768],[88.16297,27.9469],[88.151187,27.94721],[88.129079,27.950125],[88.116318,27.94743],[88.115737,27.947262],[88.11563,27.947134],[88.099924,27.928322],[88.097496,27.904008],[88.104885,27.879721],[88.118212,27.860893]],[[80.996277,30.226885],[80.996275,30.22689],[80.996246,30.226931],[80.903217,30.279831],[80.866981,30.288488],[80.781663,30.320993],[80.767194,30.331431],[80.754998,30.345797],[80.738058,30.373748],[80.57551,30.466181],[80.575267,30.466255],[80.559971,30.465118],[80.545088,30.461036],[80.525141,30.458607],[80.508295,30.462328],[80.475429,30.480466],[80.424992,30.497829],[80.409762,30.505309],[80.179866,30.559484],[80.179839,30.559479],[80.179844,30.55949],[80.1798,30.5595],[80.181383,30.646182],[80.177255,30.649862],[80.16692,30.661902],[80.16661,30.674408],[80.172915,30.679162],[80.18201,30.680041],[80.182032,30.68004],[80.224593,30.734091],[80.224591,30.734094],[80.196066,30.748098],[80.169297,30.785254],[80.169227,30.7853],[80.123751,30.785087],[80.109249,30.778122],[80.092196,30.774505],[80.062534,30.784789],[80.062525,30.7848],[80.0625,30.7848],[79.960797,30.863276],[79.934893,30.872535],[79.91937,30.881182],[79.914635,30.883819],[79.903164,30.890209],[79.880426,30.912843],[79.865963,30.936451],[79.8335,30.9615],[79.597798,30.944765],[79.589488,30.940231],[79.577809,30.938371],[79.565923,30.942454],[79.544219,30.947414],[79.529646,30.953564],[79.512697,30.966173],[79.505061,30.973783],[79.414428,31.020385],[79.414408,31.020382],[79.401592,31.023637],[79.394978,31.036711],[79.391766,31.052619],[79.336536,31.131238],[79.319417,31.14228],[79.302162,31.16345],[79.30299,31.178992],[79.256916,31.244578],[79.25286,31.245437],[79.248472,31.256598],[79.2484,31.2567],[79.240995,31.310222],[79.239239,31.311724],[79.238327,31.329508],[79.238305,31.329666],[79.207628,31.351373],[79.192442,31.369789],[79.184251,31.384659],[79.1314,31.4384],[79.070247,31.461382],[79.07021,31.461381],[79.049937,31.422953],[79.015529,31.383397],[78.988801,31.343256],[78.968403,31.330606],[78.921076,31.269798],[78.921008,31.269685],[78.920944,31.269712],[78.81649,31.292515],[78.796048,31.288117],[78.784472,31.288272],[78.753156,31.301966],[78.745122,31.308095],[78.745101,31.308111],[78.745095,31.308116],[78.740857,31.317728],[78.73848,31.334988],[78.745508,31.373538],[78.757509,31.405241],[78.762504,31.444346],[78.762561,31.44511],[78.733003,31.467744],[78.695382,31.488105],[78.699511,31.509989],[78.699515,31.510013],[78.699516,31.510016],[78.699543,31.510035],[78.81888,31.607384],[78.81881,31.607462],[78.731688,31.667961],[78.731349,31.668042],[78.724875,31.672693],[78.724011,31.673313],[78.723972,31.673364],[78.71843,31.6806],[78.710472,31.69817],[78.698069,31.711037],[78.693212,31.71853],[78.692592,31.7284],[78.695175,31.737961],[78.695219,31.73888],[78.689001,31.753048],[78.670887,31.770517],[78.674091,31.78695],[78.674111,31.786976],[78.6741,31.787],[78.720096,31.902609],[78.720187,31.902912],[78.720316,31.903164],[78.744566,31.964116],[78.744578,31.9642],[78.744555,31.964243],[78.703055,32.004247],[78.678329,32.016755],[78.649287,32.036444],[78.553624,32.148287],[78.47388,32.225154],[78.469017,32.226533],[78.468541,32.226668],[78.457981,32.229662],[78.456333,32.242068],[78.4563,32.2421],[78.453205,32.318324],[78.43886,32.373296],[78.435966,32.377973],[78.434519,32.383761],[78.43638,32.396163],[78.441444,32.404948],[78.448162,32.410658],[78.44938,32.412509],[78.448803,32.42672],[78.448782,32.426782],[78.409198,32.476623],[78.380983,32.528041],[78.384807,32.547549],[78.408165,32.558376],[78.447542,32.566256],[78.558783,32.569124],[78.62994,32.577968],[78.630166,32.578013],[78.630308,32.578077],[78.676809,32.611372],[78.694452,32.629663],[78.713262,32.637518],[78.736827,32.629844],[78.750953,32.612831],[78.751,32.6128],[78.7715,32.4617],[78.9434,32.3464],[78.943544,32.346427],[78.976192,32.361618],[78.989834,32.364098],[79.014742,32.373994],[79.028178,32.377095],[79.039651,32.375984],[79.066316,32.370067],[79.075199,32.370781],[79.0753,32.3708],[79.095649,32.41132],[79.102902,32.449855],[79.112928,32.472386],[79.132875,32.48546],[79.132881,32.485462],[79.133275,32.485614],[79.1614,32.496467],[79.191166,32.50427],[79.197727,32.505263],[79.2874,32.5326],[79.307274,32.568445],[79.320466,32.592267],[79.32048,32.592263],[79.320711,32.592201],[79.379477,32.57645],[79.388907,32.560321],[79.4435,32.5348],[79.519546,32.618013],[79.531201,32.648317],[79.560565,32.662897],[79.620414,32.728387],[79.620673,32.728725],[79.61707,32.748077],[79.6139,32.765],[79.613769,32.765118],[79.564093,32.793928],[79.515173,32.854434],[79.377388,32.97925],[79.333586,32.994292],[79.339787,33.013257],[79.339835,33.013268],[79.399273,33.026878],[79.399266,33.026892],[79.381063,33.061768],[79.37317,33.11214],[79.373288,33.112248],[79.456091,33.250385],[79.456096,33.250399],[79.456094,33.250401],[79.09824,33.287675],[79.098028,33.287655],[79.075048,33.295743],[79.061946,33.303043],[79.040782,33.31205],[79.023041,33.31798],[78.993449,33.330782],[78.964986,33.344254],[78.917694,33.386258],[78.915948,33.387656],[78.824263,33.461059],[78.800985,33.494122],[78.800905,33.494236],[78.80089,33.49428],[78.781372,33.552785],[78.785784,33.61912],[78.748635,33.926126],[78.721117,33.994386],[78.730107,34.079244],[78.730109,34.079265],[78.732749,34.080784],[78.806073,34.122983],[78.811672,34.125008],[78.9762,34.2172],[78.951217,34.349113],[78.95118,34.349171],[78.950948,34.349356],[78.901395,34.379993],[78.885861,34.385758],[78.839249,34.396894],[78.801732,34.415006],[78.750676,34.471282],[78.665056,34.526118],[78.6646,34.5264],[78.569078,34.551874],[78.379432,34.578666],[78.335301,34.594375],[78.296027,34.624658],[78.296,34.6247],[78.273186,34.658867],[78.219919,34.822098],[78.20501,34.860779],[78.202492,34.865728],[78.162185,34.908826],[78.148129,34.94314],[78.13924,35.018949],[78.130145,35.055024],[78.13,35.0554],[78.129462,35.056291],[78.036404,35.194235],[78.001161,35.268908],[78.009843,35.347456],[78.019895,35.365498],[78.044288,35.491536],[78.044272,35.491589],[77.914966,35.44306],[77.912691,35.44099],[77.883132,35.431068],[77.857087,35.436598],[77.834246,35.452152],[77.815332,35.47334],[77.800406,35.495318],[77.8003,35.4954]]]}},{"type":"Feature","properties":{"level":"country","left_geo_key":"bhutan","right_geo_key":"india","left_area":3.668321,"right_area":278.532975,"min_area":3.668321,"max_area":278.532975},"geometry":{"type":"LineString","coordinates":[[91.628932,27.854352],[91.6283,27.8527],[91.5644,27.8514],[91.6358,27.7825],[91.582022,27.642419],[91.5733,27.6197],[91.592433,27.56598],[91.602094,27.538856],[91.6045,27.5321],[91.612996,27.527097],[91.700856,27.475355],[91.7271,27.4599],[91.821665,27.464666],[92.0236,27.4468],[92.077282,27.2887],[91.9877,27.104],[92.067,26.9948],[92.0728,26.8878],[92.002224,26.858038],[91.932307,26.864761],[91.8955,26.8683],[91.8631,26.8048],[91.8251,26.8585],[91.7021,26.8035],[91.5394,26.7988],[91.4606,26.8694],[91.423531,26.869468],[91.417869,26.869479],[91.4063,26.8695],[91.302603,26.779793],[91.0621,26.8046],[90.7171,26.767],[90.5878,26.7801],[90.330608,26.889843],[90.3286,26.8907],[90.1774,26.8321],[90.1272,26.7514],[89.835,26.7315],[89.807117,26.706733],[89.778275,26.702708],[89.5975,26.721],[89.5861,26.7841],[89.4429,26.797],[89.3417,26.8543],[89.0965,26.8214],[89.0216,26.9127],[88.948976,26.917986],[88.921804,26.944479],[88.891064,26.974453],[88.8864,26.979],[88.874294,26.967278],[88.8671,26.9642],[88.8276,27.0979],[88.743027,27.14396],[88.7759,27.2409],[88.8923,27.3155],[88.891947,27.315777]]}},{"type":"Feature","properties":{"level":"country","left_geo_key":"india","right_geo_key":"nepal","left_area":278.532975,"right_area":13.499779,"min_area":13.499779,"max_area":278.532975},"geometry":{"type":"LineString","coordinates":[[88.118212,27.860893],[88.163894,27.835126],[88.1597,27.7741],[88.02385,27.475907],[88.0233,27.4747],[88.024234,27.462666],[88.028903,27.301441],[88.018226,27.264981],[87.974156,27.114501],[87.9707,27.1027],[88.1428,26.8784],[88.166268,26.75847],[88.050996,26.425066],[88.027918,26.39639],[87.994165,26.377208],[87.90594,26.429058],[87.858267,26.457076],[87.8521,26.4607],[87.587,26.378],[87.4165,26.427],[87.3005,26.346],[87.2191,26.4081],[87.1063,26.4047],[87.0413,26.5802],[86.8219,26.4381],[86.6952,26.4182],[86.3014,26.609],[86.294423,26.607272],[86.2029,26.5846],[86.0114,26.6544],[85.839938,26.571622],[85.725845,26.644887],[85.7129,26.6532],[85.689031,26.804118],[85.6878,26.8119],[85.624947,26.841847],[85.607338,26.850236],[85.5986,26.8544],[85.417924,26.780085],[85.329724,26.74742],[85.1949,26.7589],[85.162,26.851],[85.040092,26.846579],[84.963349,26.903129],[84.864662,26.975848],[84.8175,27.0106],[84.640826,27.034658],[84.6577,27.2034],[84.6065,27.3105],[84.2894,27.3761],[84.1172,27.5133],[84.026973,27.45356],[83.8535,27.441],[83.854505,27.353368],[83.848,27.351],[83.5904,27.4566],[83.387,27.4705],[83.3049,27.3319],[83.1328,27.4442],[82.7521,27.495],[82.6797,27.6944],[82.4019,27.6772],[82.0272,27.9124],[81.8557,27.8509],[81.4735,28.0664],[81.4173,28.147],[81.407497,28.146626],[81.357645,28.144723],[81.2994,28.1425],[81.1697,28.3613],[80.8867,28.4528],[80.858,28.5024],[80.7817,28.5147],[80.559,28.673],[80.4975,28.6701],[80.471862,28.582289],[80.453612,28.587958],[80.4265,28.6168],[80.3498,28.6202],[80.054781,28.824285],[80.0339,28.9159],[80.1079,28.9948],[80.1326,29.1102],[80.2207,29.1261],[80.220487,29.135648],[80.219508,29.179447],[80.218924,29.205538],[80.221793,29.210447],[80.2582,29.2025],[80.2828,29.2913],[80.276134,29.303416],[80.2801,29.3102],[80.22214,29.425748],[80.3733,29.5842],[80.369,29.7579],[80.4762,29.8061],[80.5862,29.9541],[80.722081,30.021018],[80.7257,30.0228],[80.8679,30.2002],[80.9208,30.1767],[80.952343,30.197673],[80.996277,30.226885]]}},{"type":"Feature","properties":{"level":"country","left_geo_key":"china","right_geo_key":"siachenglacier","left_area":954.894435,"right_area":0.206195,"min_area":0.206195,"max_area":954.894435},"geometry":{"type":"MultiLineString","coordinates":[[[77.383731,35.471996],[77.383725,35.471999],[77.383605,35.472052],[77.352002,35.486052],[77.328111,35.502341],[77.2811,35.528],[77.212129,35.526717],[77.177542,35.523156],[77.141265,35.525378],[77.105298,35.537987],[77.092276,35.547805],[77.071089,35.571008],[77.058172,35.580101],[76.995767,35.581452],[76.976417,35.578656],[76.9358,35.579638],[76.915026,35.583152],[76.896422,35.589612],[76.887668,35.595694],[76.880506,35.60067],[76.856941,35.628576],[76.842989,35.641288],[76.824592,35.647799],[76.782837,35.645732],[76.777351,35.646112],[76.763414,35.647076]],[[77.412773,35.469412],[77.383731,35.471996]],[[77.419336,35.470211],[77.412773,35.469412]],[[77.660563,35.458102],[77.419336,35.470211]],[[77.660613,35.458095],[77.660563,35.458102]],[[77.689655,35.462694],[77.660613,35.458095]],[[77.70528,35.47003],[77.689655,35.462694]],[[77.8003,35.4954],[77.70528,35.47003]]]}},{"type":"Feature","properties":{"level":"country","left_geo_key":"china","right_geo_key":"nepal","left_area":954.894435,"right_area":13.499779,"min_area":13.499779,"max_area":954.894435},"geometry":{"type":"LineString","coordinates":[[80.996277,30.226885],[81.003303,30.212731],[80.996017,30.196969],[81.006507,30.188908],[81.019426,30.172268],[81.030898,30.152734],[81.043663,30.12023],[81.066607,30.087157],[81.074203,30.071912],[81.084413,30.028053],[81.084454,30.027876],[81.084849,30.026179],[81.097768,30.016929],[81.116699,30.02105],[81.194382,30.004525],[81.194506,30.004475],[81.21683,30.008195],[81.227269,30.022458],[81.225719,30.050467],[81.239516,30.058787],[81.257086,30.063541],[81.266801,30.069949],[81.267903,30.072053],[81.272021,30.079922],[81.275948,30.095373],[81.274501,30.102195],[81.266336,30.117749],[81.26695,30.125017],[81.267,30.1251],[81.285818,30.132369],[81.29326,30.132839],[81.309538,30.132064],[81.322405,30.133769],[81.33827,30.143536],[81.349989,30.157157],[81.350052,30.15723],[81.350138,30.157425],[81.357287,30.17356],[81.361834,30.204772],[81.374392,30.223118],[81.377854,30.232626],[81.376924,30.241204],[81.370516,30.257276],[81.369017,30.266061],[81.368972,30.267666],[81.379144,30.327209],[81.382143,30.331276],[81.387259,30.345126],[81.384894,30.360862],[81.3849,30.3609],[81.466653,30.339559],[81.483067,30.331896],[81.509371,30.328382],[81.520688,30.331948],[81.523031,30.339933],[81.614,30.4169],[81.756782,30.363133],[81.757366,30.362902],[81.779018,30.358045],[81.790157,30.359658],[81.954152,30.343427],[81.962108,30.333653],[81.969032,30.328279],[81.978851,30.326832],[81.988463,30.329778],[81.998178,30.334067],[82.007635,30.336806],[82.016115,30.337294],[82.088725,30.330107],[82.088767,30.330088],[82.088796,30.329989],[82.08698,30.282544],[82.0821,30.257327],[82.084994,30.230817],[82.085,30.230807],[82.085008,30.230795],[82.095898,30.213454],[82.114243,30.202189],[82.14034,30.19404],[82.1404,30.194],[82.14456,30.151846],[82.127576,30.124364],[82.128713,30.110773],[82.135224,30.089741],[82.144526,30.069432],[82.1538,30.0582],[82.153827,30.058166],[82.155461,30.057951],[82.247601,30.044133],[82.255733,30.039666],[82.27599,30.036927],[82.296334,30.036825],[82.2965,30.0368],[82.330366,30.021272],[82.339087,30.009229],[82.347304,30.003441],[82.363737,30.001167],[82.371844,30.002255],[82.424832,29.97796],[82.438926,29.965769],[82.457065,29.95409],[82.475823,29.945512],[82.524204,29.932397],[82.56683,29.896032],[82.618502,29.839833],[82.635865,29.829033],[82.645047,29.829303],[82.681808,29.797942],[82.681754,29.797717],[82.690952,29.780741],[82.746487,29.742763],[82.753221,29.737018],[82.77012,29.714156],[82.781076,29.705113],[82.793065,29.699506],[82.799347,29.697667],[82.822287,29.678097],[82.822365,29.677957],[82.836576,29.659793],[82.857454,29.666201],[82.869296,29.674001],[82.924221,29.669318],[82.931919,29.664185],[82.9421,29.662945],[82.964313,29.66589],[83.042572,29.607315],[83.054496,29.586051],[83.064935,29.57879],[83.079544,29.579642],[83.0796,29.5796],[83.1267,29.6234],[83.187225,29.612114],[83.187253,29.612095],[83.19087,29.606902],[83.194487,29.593647],[83.197175,29.589099],[83.204926,29.584914],[83.221876,29.579824],[83.228004,29.576632],[83.251401,29.556245],[83.252572,29.5552],[83.252608,29.555143],[83.257869,29.51687],[83.254019,29.51329],[83.248748,29.506572],[83.247197,29.494738],[83.26389,29.473073],[83.2639,29.473],[83.3552,29.4607],[83.355208,29.460687],[83.357785,29.442752],[83.355201,29.427972],[83.35701,29.415363],[83.38724,29.393504],[83.389411,29.382445],[83.388274,29.370224],[83.393132,29.356245],[83.405017,29.346479],[83.417781,29.340898],[83.428168,29.333456],[83.437212,29.305241],[83.448219,29.296766],[83.455409,29.294201],[83.517022,29.191829],[83.517052,29.191708],[83.523718,29.183594],[83.535965,29.179228],[83.56139,29.176231],[83.572035,29.168402],[83.583818,29.162149],[83.624435,29.155457],[83.639266,29.154759],[83.654971,29.160407],[83.654992,29.160414],[83.655013,29.160422],[83.65601,29.160779],[83.660614,29.169522],[83.69548,29.226167],[83.69549,29.226176],[83.696716,29.226551],[83.721285,29.233644],[83.745358,29.23447],[83.770628,29.232248],[83.79321,29.234754],[83.837859,29.254004],[83.86163,29.260205],[83.868865,29.263435],[83.877391,29.276767],[83.880757,29.279687],[83.9144,29.2894],[83.973482,29.275837],[83.975835,29.263745],[83.988237,29.269532],[83.994494,29.271014],[84.016101,29.266053],[84.021517,29.259766],[84.035211,29.247622],[84.05304,29.25036],[84.065533,29.254706],[84.0991,29.247],[84.099144,29.246962],[84.105336,29.219923],[84.112364,29.209097],[84.126007,29.206255],[84.141975,29.20827],[84.143846,29.208044],[84.161662,29.192533],[84.155204,29.175946],[84.141716,29.160263],[84.13226,29.143804],[84.137996,29.124657],[84.13805,29.12461],[84.175442,29.057503],[84.175461,29.057401],[84.176161,29.057029],[84.2314,29.026],[84.2067,28.9407],[84.206731,28.940683],[84.206725,28.940664],[84.225291,28.914115],[84.235147,28.90002],[84.285997,28.873743],[84.353259,28.861425],[84.3766,28.8488],[84.4378,28.7533],[84.437859,28.753281],[84.450845,28.73388],[84.475753,28.727292],[84.498594,28.72786],[84.515647,28.7214],[84.531977,28.712693],[84.551821,28.706388],[84.6072,28.6982],[84.61711,28.692003],[84.625821,28.67608],[84.632642,28.668794],[84.65228,28.662386],[84.669486,28.659251],[84.682126,28.651346],[84.682975,28.650759],[84.677756,28.604405],[84.69083,28.596137],[84.696053,28.595913],[84.793576,28.550567],[84.799144,28.546631],[84.81196,28.54198],[84.823949,28.540533],[84.875734,28.543435],[84.879973,28.54353],[84.891438,28.541773],[84.907871,28.537019],[84.918723,28.535675],[84.92849,28.538466],[84.936448,28.54477],[84.936511,28.544888],[84.994944,28.591191],[85.002491,28.594431],[85.00894,28.602281],[85.054872,28.638678],[85.054927,28.638689],[85.081105,28.627907],[85.11189,28.608823],[85.160982,28.595],[85.160992,28.594984],[85.083728,28.445555],[85.083674,28.445526],[85.077577,28.435681],[85.085323,28.383482],[85.08569,28.36945],[85.08569,28.361526],[85.081867,28.331702],[85.080212,28.318789],[85.087395,28.304113],[85.0874,28.30411],[85.087427,28.304096],[85.109409,28.292254],[85.134162,28.291969],[85.141847,28.295316],[85.195358,28.286682],[85.205734,28.278275],[85.223924,28.271686],[85.243406,28.267914],[85.259581,28.266932],[85.27312,28.269826],[85.280761,28.272904],[85.3431,28.262846],[85.345364,28.261248],[85.362572,28.259672],[85.377817,28.265976],[85.382444,28.270456],[85.431522,28.297058],[85.43156,28.297059],[85.44665,28.29215],[85.475692,28.279102],[85.488939,28.281232],[85.5989,28.2508],[85.598938,28.250837],[85.59894,28.250835],[85.611807,28.251145],[85.639093,28.287887],[85.646947,28.2937],[85.668135,28.300548],[85.675059,28.306387],[85.676196,28.31512],[85.675991,28.324691],[85.676,28.3247],[85.699178,28.283811],[85.699761,28.269102],[85.715574,28.243368],[85.734469,28.221555],[85.734487,28.221534],[85.734605,28.221436],[85.756605,28.203241],[85.782753,28.1881],[85.802651,28.180155],[85.863381,28.143312],[85.867037,28.132935],[85.87174,28.110921],[85.880067,28.10102],[85.890312,28.07503],[85.889827,28.071259],[85.890447,28.059193],[85.898302,28.036016],[85.908947,28.022425],[85.912001,28.02001],[85.951338,27.920222],[85.951218,27.91623],[85.96269,27.891374],[85.98026,27.885172],[86.026459,27.889927],[86.051419,27.88755],[86.0546,27.888013],[86.061703,27.889048],[86.075655,27.894784],[86.107104,27.922779],[86.107178,27.922845],[86.107187,27.922851],[86.112862,27.926798],[86.112242,27.937262],[86.107178,27.944239],[86.100563,27.950233],[86.099874,27.951291],[86.095236,27.96933],[86.098031,27.977518],[86.098134,27.985631],[86.089401,27.994726],[86.089401,27.994881],[86.089298,27.994881],[86.088547,27.995345],[86.080663,28.026006],[86.083923,28.038548],[86.084699,28.043871],[86.081546,28.0517],[86.070207,28.066672],[86.0702,28.0667],[86.156,28.1565],[86.181294,28.090399],[86.180765,28.088752],[86.172238,28.071828],[86.17446,28.062448],[86.18185,28.054878],[86.189137,28.043612],[86.19601,28.01457],[86.203038,28.002581],[86.217765,27.994985],[86.21792,27.994933],[86.218385,27.994726],[86.218799,27.99462],[86.303519,27.96238],[86.318224,27.945789],[86.327733,27.939691],[86.337551,27.938037],[86.345613,27.940931],[86.351918,27.943962],[86.387652,27.930364],[86.405713,27.917005],[86.425298,27.909925],[86.438837,27.910856],[86.475476,27.927599],[86.496921,27.937882],[86.510357,27.952317],[86.510461,27.952429],[86.510789,27.953418],[86.516764,27.971432],[86.516726,27.974327],[86.536396,28.043607],[86.538366,28.047178],[86.539576,28.054807],[86.553587,28.104155],[86.553901,28.104204],[86.572975,28.10443],[86.583118,28.098028],[86.596864,28.086504],[86.612315,28.080277],[86.627146,28.083481],[86.64947,28.10118],[86.658905,28.105449],[86.6801,28.1057],[86.734044,28.049536],[86.732204,28.034957],[86.739801,28.021495],[86.76998,28.01209],[86.840466,28.014777],[86.840715,28.014598],[86.871417,27.985758],[86.876898,27.970645],[86.893073,27.954186],[86.914647,27.94515],[86.914725,27.945117],[86.914827,27.945109],[86.940357,27.943102],[86.970226,27.947443],[86.977962,27.949549],[87.005676,27.951499],[87.005747,27.951461],[87.074224,27.894115],[87.116522,27.844581],[87.155796,27.825796],[87.155985,27.825787],[87.290408,27.816107],[87.290516,27.816081],[87.313926,27.828587],[87.314074,27.828707],[87.363514,27.855147],[87.363806,27.85524],[87.3691,27.8039],[87.369294,27.803942],[87.38679,27.804402],[87.47557,27.826701],[87.514518,27.835198],[87.552927,27.83024],[87.555978,27.827088],[87.559802,27.819078],[87.565073,27.810862],[87.573342,27.805022],[87.589981,27.804609],[87.621091,27.819543],[87.625803,27.820835],[87.675475,27.814424],[87.678529,27.813351],[87.700466,27.805642],[87.726821,27.807761],[87.756379,27.82037],[87.779841,27.839439],[87.798651,27.863468],[87.810338,27.884193],[87.8367,27.9083],[87.836746,27.908292],[87.856115,27.898608],[87.908338,27.896406],[87.952282,27.889111],[87.966392,27.882744],[87.978433,27.880522],[87.99153,27.882595],[88.0957,27.8653],[88.112854,27.861946],[88.118218,27.860885],[88.118212,27.860893]]}},{"type":"Feature","properties":{"level":"country","left_geo_key":"bhutan","right_geo_key":"china","left_area":3.668321,"right_area":954.894435,"min_area":3.668321,"max_area":954.894435},"geometry":{"type":"LineString","coordinates":[[88.891947,27.315777],[88.892331,27.315543],[88.91516,27.330869],[88.950808,27.328229],[88.971933,27.312385],[88.997019,27.330869],[88.996998,27.3309],[88.997,27.3309],[88.9511,27.4331],[88.970985,27.482196],[88.982966,27.492632],[88.980046,27.49798],[88.978514,27.500786],[88.993785,27.538489],[89.004966,27.54967],[89.002712,27.560491],[89.002735,27.560517],[89.119492,27.618196],[89.124655,27.614852],[89.127359,27.62729],[89.156021,27.665686],[89.198203,27.730582],[89.21659,27.771142],[89.224919,27.807811],[89.266404,27.8307],[89.299489,27.844245],[89.336025,27.869075],[89.350741,27.886456],[89.5615,28.1346],[89.65948,28.159713],[89.71781,28.169083],[89.755844,28.184379],[89.755917,28.184496],[89.916051,28.31556],[89.91613,28.315601],[89.952524,28.308247],[89.971593,28.31804],[89.990455,28.320624],[90.070532,28.34513],[90.0709,28.3452],[90.153012,28.322253],[90.153164,28.322185],[90.176209,28.325478],[90.192662,28.341931],[90.225594,28.358397],[90.225608,28.358388],[90.261804,28.30511],[90.261804,28.299141],[90.29147,28.261351],[90.329504,28.255796],[90.344497,28.282343],[90.3869,28.2991],[90.387092,28.299037],[90.416535,28.28268],[90.437008,28.28268],[90.474437,28.270415],[90.505422,28.249758],[90.547307,28.246536],[90.5877,28.2333],[90.595918,28.20599],[90.597596,28.200397],[90.597528,28.200351],[90.567973,28.1905],[90.557729,28.173428],[90.531888,28.155946],[90.515299,28.154287],[90.485737,28.124725],[90.485697,28.124685],[90.485669,28.124657],[90.480542,28.09896],[90.475232,28.072344],[90.492595,28.074412],[90.502496,28.074236],[90.510061,28.074101],[90.575277,28.065833],[90.597395,28.070587],[90.621889,28.072965],[90.645613,28.084385],[90.683797,28.087093],[90.683901,28.087072],[90.726896,28.061699],[90.755278,28.055173],[90.788701,28.047488],[90.803635,28.046657],[90.962617,27.992957],[90.975149,27.982092],[91.008842,27.96677],[91.051941,27.96279],[91.092558,27.971679],[91.11943,27.994726],[91.119637,27.994881],[91.125106,28.002306],[91.254139,28.071939],[91.269705,28.072861],[91.290088,28.09134],[91.290182,28.09139],[91.309599,28.056402],[91.341432,28.030564],[91.418641,27.994819],[91.418843,27.994726],[91.419251,27.994602],[91.436483,27.989375],[91.446438,27.986355],[91.460908,27.984365],[91.466664,27.98432],[91.6217,27.9507],[91.6528,27.9167],[91.638748,27.879993],[91.637124,27.87724],[91.628932,27.854352]]}},{"type":"Feature","properties":{"level":"country","left_geo_key":"china","right_geo_key":"myanmar","left_area":954.894435,"right_area":57.649106,"min_area":57.649106,"max_area":954.894435},"geometry":{"type":"LineString","coordinates":[[97.323495,28.217479],[97.323496,28.217478],[97.323514,28.217509],[97.430261,28.286298],[97.436667,28.286414],[97.447829,28.297602],[97.452377,28.317678],[97.452377,28.35548],[97.450206,28.364859],[97.446796,28.374006],[97.445349,28.382971],[97.446478,28.385095],[97.450552,28.392337],[97.465709,28.406691],[97.471497,28.414959],[97.474598,28.426199],[97.488137,28.441934],[97.50302,28.47772],[97.513975,28.494696],[97.527709,28.529495],[97.589466,28.495345],[97.589939,28.494696],[97.613607,28.481984],[97.613849,28.482128],[97.670458,28.511278],[97.670563,28.511195],[97.726943,28.416692],[97.740008,28.38261],[97.765165,28.352627],[97.765329,28.352431],[97.765434,28.352403],[97.797265,28.34393],[97.82008,28.353602],[97.8975,28.3553],[97.897668,28.355146],[97.94475,28.298842],[97.978753,28.2806],[97.978805,28.280557],[97.984886,28.224331],[97.984851,28.224221],[97.991052,28.214015],[98.004466,28.212123],[98.114954,28.143929],[98.115,28.14389],[98.1071,27.9731],[98.107121,27.973082],[98.107117,27.973074],[98.113525,27.961705],[98.129278,27.954081],[98.177293,27.912906],[98.177293,27.912888],[98.165316,27.893041],[98.156727,27.889203],[98.140087,27.878558],[98.145771,27.860729],[98.162411,27.842849],[98.1966,27.8232],[98.200402,27.812092],[98.198481,27.800449],[98.197861,27.780631],[98.202098,27.771252],[98.208403,27.766162],[98.211504,27.760322],[98.201788,27.736551],[98.204372,27.727301],[98.238065,27.680224],[98.254395,27.648133],[98.275686,27.570101],[98.294683,27.536651],[98.294703,27.536615],[98.294726,27.536606],[98.328602,27.522869],[98.363949,27.532171],[98.383276,27.555787],[98.383279,27.555795],[98.383344,27.556008],[98.392888,27.587154],[98.398159,27.619814],[98.398039,27.625947],[98.410288,27.684244],[98.42224,27.680895],[98.474537,27.657176],[98.492313,27.64343],[98.522182,27.656298],[98.522223,27.656271],[98.564306,27.603617],[98.56435,27.603536],[98.578406,27.591728],[98.604554,27.592735],[98.616543,27.59842],[98.618695,27.60007],[98.6657,27.5971],[98.681739,27.556655],[98.681759,27.556484],[98.671114,27.516151],[98.668323,27.475249],[98.674408,27.386786],[98.674421,27.386598],[98.674435,27.386549],[98.677315,27.376108],[98.682941,27.37393],[98.707697,27.337205],[98.707692,27.337164],[98.694848,27.278029],[98.680209,27.237047],[98.673594,27.207901],[98.672561,27.175603],[98.682689,27.110078],[98.691371,27.092404],[98.70274,27.086823],[98.716486,27.082482],[98.731368,27.068788],[98.731394,27.068705],[98.728933,27.026816],[98.72062,27.013959],[98.712662,26.995149],[98.724434,26.950276],[98.719954,26.874043],[98.718656,26.872676],[98.714522,26.862031],[98.718109,26.842658],[98.7181,26.8425],[98.736038,26.738461],[98.734366,26.734287],[98.731989,26.713513],[98.745604,26.682975],[98.747385,26.672647],[98.746768,26.66442],[98.747078,26.655738],[98.750695,26.646127],[98.755553,26.625043],[98.748525,26.605974],[98.727958,26.572591],[98.721137,26.538898],[98.717713,26.425425],[98.7074,26.3711],[98.694525,26.350701],[98.657781,26.311625],[98.649513,26.290593],[98.644552,26.271576],[98.642175,26.254523],[98.648169,26.244807],[98.657782,26.246442],[98.700272,26.165353],[98.700259,26.165329],[98.692404,26.159955],[98.686513,26.154115],[98.686566,26.148741],[98.6444,26.0979],[98.625736,26.14421],[98.625742,26.144348],[98.619334,26.145744],[98.602177,26.139956],[98.563007,26.131223],[98.550191,26.120784],[98.54554,26.105643],[98.545542,26.10562],[98.545571,26.105338],[98.547297,26.08828],[98.553808,26.071071],[98.555924,26.067078],[98.5754,25.9951],[98.575428,25.995072],[98.582437,25.982291],[98.589392,25.981216],[98.6924,25.879],[98.626158,25.806563],[98.626077,25.806506],[98.547241,25.827872],[98.539546,25.833721],[98.526833,25.838786],[98.509618,25.838068],[98.509475,25.838062],[98.50947,25.838062],[98.498101,25.830724],[98.474537,25.805764],[98.461307,25.794654],[98.452626,25.777963],[98.439293,25.743598],[98.432265,25.736105],[98.424721,25.730834],[98.418726,25.724219],[98.416659,25.712592],[98.416349,25.70019],[98.413248,25.692076],[98.375214,25.649288],[98.36984,25.636783],[98.363352,25.614127],[98.3326,25.567],[98.2894,25.5504],[98.268487,25.55982],[98.24716,25.579163],[98.232381,25.586553],[98.150452,25.612987],[98.150215,25.613063],[98.150181,25.613058],[98.140087,25.611461],[98.138433,25.598955],[98.138657,25.587198],[98.099888,25.500198],[98.099779,25.500047],[98.099469,25.493329],[98.102103,25.480159],[98.1102,25.4104],[98.094466,25.386666],[98.089961,25.385945],[98.075698,25.376075],[98.062572,25.354319],[98.044899,25.311944],[98.044724,25.31178],[98.020799,25.295478],[97.992395,25.282489],[97.976272,25.272257],[97.962042,25.25544],[97.888972,25.205649],[97.888939,25.205646],[97.887906,25.206453],[97.878203,25.214774],[97.871783,25.22766],[97.860311,25.244093],[97.82362,25.261612],[97.823605,25.261596],[97.820021,25.257799],[97.800986,25.237634],[97.80095,25.237517],[97.7036,25.0739],[97.703601,25.073864],[97.699597,25.065009],[97.70501,25.029925],[97.705117,25.026586],[97.703318,24.960416],[97.708278,24.927291],[97.724091,24.897215],[97.728977,24.89365],[97.7652,24.8347],[97.718005,24.827815],[97.685954,24.833524],[97.66394,24.829778],[97.642602,24.816815],[97.6425,24.8168],[97.5362,24.7451],[97.536199,24.745082],[97.536196,24.74508],[97.536093,24.745028],[97.532785,24.723324],[97.533412,24.709668],[97.513919,24.461946],[97.513872,24.461686],[97.513252,24.438587],[97.519556,24.430784],[97.51975,24.430811],[97.639813,24.439294],[97.639859,24.439285],[97.639995,24.439158],[97.653312,24.419232],[97.655465,24.412077],[97.657325,24.402],[97.662596,24.390063],[97.680985,24.377769],[97.662526,24.339637],[97.653605,24.338722],[97.638205,24.328103],[97.644506,24.302412],[97.644509,24.302397],[97.64451,24.302394],[97.7184,24.277669],[97.718963,24.234586],[97.71851,24.233974],[97.711172,24.228471],[97.704661,24.221727],[97.701561,24.210926],[97.704558,24.199248],[97.718717,24.181548],[97.719684,24.179256],[97.720096,24.147719],[97.720061,24.147442],[97.719957,24.147256],[97.517904,23.94421],[97.516456,23.942829],[97.532992,23.923709],[97.542225,23.919952],[97.62466,23.846736],[97.624666,23.846711],[97.624675,23.846723],[97.6247,23.8467],[97.669548,23.876557],[97.676963,23.878699],[97.696806,23.887122],[97.72735,23.915038],[97.780354,23.950325],[97.789514,23.953139],[97.804087,23.954508],[97.817832,23.958151],[97.836333,23.971768],[97.87664,24.014401],[97.876701,24.014438],[98.1051,24.1015],[98.237627,24.113069],[98.293256,24.100132],[98.330669,24.099486],[98.347309,24.104938],[98.378728,24.122405],[98.390728,24.126435],[98.433815,24.130197],[98.434952,24.13026],[98.435187,24.130246],[98.530716,24.10243],[98.54306,24.093957],[98.570241,24.082097],[98.585227,24.075715],[98.597113,24.083079],[98.597436,24.083173],[98.804148,24.127926],[98.818082,24.128968],[98.855289,24.138967],[98.8553,24.138974],[98.8562,24.0838],[98.685796,23.97788],[98.679899,23.976264],[98.663259,23.969546],[98.658815,23.961123],[98.658823,23.961114],[98.6588,23.9611],[98.66468,23.900666],[98.664189,23.890378],[98.671424,23.816739],[98.668323,23.808703],[98.663569,23.80307],[98.663672,23.796947],[98.675661,23.787386],[98.684963,23.784803],[98.690503,23.784778],[98.732537,23.777334],[98.738396,23.775552],[98.777877,23.7693],[98.777911,23.769276],[98.799572,23.72257],[98.800305,23.692715],[98.807953,23.675791],[98.849541,23.614828],[98.8496,23.6147],[98.806831,23.563776],[98.796274,23.557917],[98.784388,23.547039],[98.780874,23.532854],[98.799995,23.480738],[98.809813,23.474098],[98.827208,23.479179],[98.889597,23.406804],[98.889599,23.406798],[98.85965,23.33904],[98.853221,23.334985],[98.853426,23.32496],[98.853428,23.324887],[98.853428,23.324882],[98.853467,23.324868],[98.910679,23.29761],[98.910686,23.297597],[98.860146,23.212279],[98.85901,23.179423],[98.859009,23.179399],[98.859009,23.179387],[98.859707,23.179319],[98.941725,23.169939],[98.970734,23.162205],[98.990371,23.160034],[99.009388,23.162153],[99.009446,23.162147],[99.038912,23.128232],[99.039257,23.127142],[99.05507,23.109598],[99.074913,23.101666],[99.092173,23.101511],[99.111848,23.10397],[99.158397,23.099352],[99.164004,23.097687],[99.17868,23.096421],[99.18271,23.095206],[99.184881,23.094845],[99.194183,23.095775],[99.194262,23.095721],[99.199401,23.089209],[99.19966,23.073838],[99.202141,23.067275],[99.209582,23.061539],[99.21661,23.057379],[99.224878,23.056888],[99.236144,23.062314],[99.252733,23.075481],[99.260973,23.080982],[99.266736,23.083863],[99.284823,23.088153],[99.294021,23.096783],[99.298955,23.106338],[99.3338,23.1296],[99.363997,23.102966],[99.381045,23.081641],[99.40325,23.068344],[99.403265,23.068335],[99.433821,23.067281],[99.478196,23.065751],[99.478234,23.06573],[99.493137,23.034946],[99.491632,23.028208],[99.490392,23.012007],[99.498763,22.995161],[99.534526,22.949453],[99.5346,22.9493],[99.515308,22.908816],[99.5153,22.90881],[99.515264,22.908812],[99.43025,22.936586],[99.42993,22.936741],[99.413394,22.930746],[99.411224,22.919248],[99.415596,22.884706],[99.4036,22.8411],[99.3272,22.7605],[99.3272,22.760499],[99.327198,22.760498],[99.316966,22.754116],[99.307974,22.745176],[99.307871,22.719596],[99.340914,22.641736],[99.350003,22.563023],[99.347041,22.553353],[99.344148,22.533251],[99.346628,22.523071],[99.356343,22.506173],[99.357788,22.495489],[99.2431,22.3932],[99.243085,22.393164],[99.243068,22.393156],[99.237384,22.380134],[99.237562,22.379736],[99.144525,22.15356],[99.14447,22.153533],[99.144501,22.153503],[99.144507,22.153497],[99.166381,22.132087],[99.212269,22.11245],[99.252887,22.102786],[99.329988,22.095552],[99.364922,22.098859],[99.379358,22.104524],[99.486118,22.105979],[99.490392,22.104337],[99.505068,22.103355],[99.538799,22.106697],[99.539,22.1067],[99.6839,22.039],[99.739145,22.066772],[99.739162,22.066768],[99.739632,22.066541],[99.820902,22.017859],[99.821018,22.017779],[99.833678,22.019484],[99.84174,22.02708],[99.841998,22.036145],[99.866874,22.057877],[99.902922,22.051984],[99.94239,22.045502],[99.934913,22.032506],[99.934344,22.018864],[99.939822,22.005893],[99.950467,21.995351],[99.96566,21.963002],[99.965581,21.96271],[99.920286,21.85221],[99.920185,21.852001],[99.917963,21.82916],[99.922097,21.812261],[99.93588,21.783863],[99.949952,21.722714],[99.95026,21.721156],[99.960699,21.704774],[99.996718,21.686119],[100.055448,21.684985],[100.1428,21.6549],[100.132557,21.636111],[100.126115,21.634856],[100.115728,21.629482],[100.103946,21.615633],[100.094851,21.598838],[100.08865,21.581836],[100.085601,21.567574],[100.086066,21.550934],[100.089994,21.52892],[100.09728,21.508301],[100.10777,21.495537],[100.128337,21.482359],[100.162496,21.436367],[100.187091,21.42791],[100.187108,21.427905],[100.187145,21.427892],[100.197894,21.433215],[100.205374,21.438675],[100.256311,21.468712],[100.275202,21.475176],[100.289516,21.483134],[100.30228,21.49533],[100.302487,21.495537],[100.302965,21.496222],[100.363233,21.53176],[100.363259,21.531762],[100.36337,21.531741],[100.443412,21.463575],[100.44346,21.463497],[100.456689,21.455022],[100.474259,21.456831],[100.4971,21.461792],[100.545986,21.453007],[100.571825,21.455074],[100.621744,21.469078],[100.645774,21.479879],[100.661328,21.49533],[100.661535,21.495537],[100.703961,21.516414],[100.75662,21.569847],[100.792928,21.62041],[100.8349,21.6575],[100.882185,21.678635],[100.974281,21.704154],[100.992781,21.711441],[101.042907,21.745392],[101.055309,21.754539],[101.068382,21.761858],[101.0687,21.762],[101.118874,21.759801],[101.119751,21.757511],[101.124893,21.743685],[101.127656,21.695163],[101.136338,21.684724],[101.149257,21.676766],[101.150444,21.674976],[101.167551,21.628972],[101.166724,21.623281],[101.173855,21.611912],[101.167654,21.600181],[101.157732,21.586229],[101.154218,21.568039],[101.159024,21.552691],[101.163062,21.552422],[101.159645,21.533667]]}},{"type":"Feature","properties":{"level":"country","left_geo_key":"china","right_geo_key":"laos","left_area":954.894435,"right_area":19.502175,"min_area":19.502175,"max_area":954.894435},"geometry":{"type":"LineString","coordinates":[[101.159645,21.533667],[101.1611,21.5347],[101.186568,21.535299],[101.186582,21.534964],[101.184171,21.490906],[101.168274,21.424533],[101.171426,21.403398],[101.179126,21.398178],[101.184339,21.395525],[101.208192,21.383344],[101.226462,21.370893],[101.230795,21.371771],[101.225601,21.341682],[101.222844,21.335081],[101.207445,21.314824],[101.209512,21.308675],[101.218397,21.299944],[101.209021,21.245621],[101.208995,21.245526],[101.209003,21.245518],[101.209,21.2455],[101.225328,21.224245],[101.234782,21.206252],[101.244342,21.192868],[101.259655,21.179559],[101.259717,21.179505],[101.259741,21.179484],[101.275296,21.174109],[101.292711,21.176073],[101.313898,21.184755],[101.33887,21.200789],[101.4951,21.2428],[101.572613,21.228254],[101.5729,21.228163],[101.572906,21.228162],[101.579299,21.190455],[101.577241,21.185168],[101.581789,21.175659],[101.583149,21.175449],[101.681745,21.157111],[101.688294,21.145842],[101.704262,21.135093],[101.717905,21.134473],[101.73749,21.137574],[101.75599,21.143258],[101.766739,21.150648],[101.768453,21.16045],[101.769191,21.164669],[101.79317,21.203512],[101.796039,21.202945],[101.805238,21.204495],[101.813299,21.209559],[101.819294,21.215967],[101.82149,21.221071],[101.822808,21.224132],[101.823738,21.234467],[101.820224,21.247283],[101.812266,21.258135],[101.801155,21.267075],[101.788546,21.274206],[101.775352,21.278792],[101.715139,21.321073],[101.715114,21.321129],[101.71512,21.321331],[101.716985,21.343429],[101.725553,21.375389],[101.729687,21.474246],[101.744259,21.495588],[101.748239,21.514502],[101.73479,21.554281],[101.7348,21.5544],[101.760374,21.5809],[101.772682,21.582508],[101.793559,21.588244],[101.806168,21.605969],[101.803842,21.625916],[101.803289,21.62623],[101.752347,21.65907],[101.752321,21.659144],[101.755628,21.680021],[101.754801,21.689788],[101.752112,21.6937],[101.751501,21.806243],[101.751546,21.80637],[101.751081,21.816137],[101.739125,21.826282],[101.68149,21.918884],[101.680594,21.922642],[101.673883,21.931107],[101.6737,21.9314],[101.616568,21.953496],[101.616309,21.953648],[101.616254,21.953729],[101.603125,21.990478],[101.600392,22.007495],[101.592176,22.028114],[101.586715,22.036415],[101.557383,22.11852],[101.561842,22.130072],[101.566958,22.149347],[101.561532,22.176115],[101.549026,22.19353],[101.518227,22.228205],[101.518226,22.228215],[101.601076,22.276927],[101.601219,22.276988],[101.606128,22.284842],[101.619874,22.326442],[101.62251,22.342358],[101.623698,22.346647],[101.641113,22.363287],[101.643697,22.364683],[101.645713,22.384526],[101.644162,22.404008],[101.644663,22.414891],[101.654397,22.445772],[101.654549,22.446125],[101.654584,22.446165],[101.7131,22.4915],[101.784886,22.472204],[101.817795,22.406334],[101.842538,22.383395],[101.8426,22.383338],[101.842664,22.383327],[101.867921,22.378842],[101.877275,22.391864],[101.878652,22.398464],[101.995,22.4474],[102.1073,22.3975],[102.1187,22.3975]]}},{"type":"Feature","properties":{"level":"country","left_geo_key":"china","right_geo_key":"vietnam","left_area":954.894435,"right_area":27.917953,"min_area":27.917953,"max_area":954.894435},"geometry":{"type":"LineString","coordinates":[[102.1187,22.3975],[102.217917,22.410689],[102.218029,22.410675],[102.23131,22.426333],[102.234591,22.436874],[102.30203,22.543271],[102.376882,22.615572],[102.384324,22.628852],[102.382463,22.630816],[102.378588,22.639084],[102.372697,22.645751],[102.368575,22.648256],[102.387805,22.678594],[102.394969,22.680529],[102.407268,22.693448],[102.415226,22.709829],[102.421815,22.73225],[102.44259,22.765026],[102.442718,22.765175],[102.442749,22.765179],[102.523519,22.73108],[102.526331,22.725952],[102.528914,22.707814],[102.535787,22.695825],[102.55837,22.694947],[102.56576,22.699546],[102.570359,22.707091],[102.573039,22.710174],[102.607413,22.695662],[102.612475,22.691588],[102.632267,22.684973],[102.633034,22.684846],[102.72448,22.64624],[102.751898,22.625287],[102.771225,22.617794],[102.813393,22.608699],[102.813404,22.608693],[102.893572,22.487594],[102.893698,22.487362],[102.902587,22.477234],[102.919588,22.469224],[102.956537,22.459715],[102.989093,22.437598],[103.008937,22.430312],[103.029039,22.430157],[103.045059,22.440544],[103.048722,22.455342],[103.086075,22.502957],[103.091257,22.505087],[103.142004,22.537799],[103.145724,22.54555],[103.144691,22.555782],[103.13569,22.566206],[103.192017,22.638009],[103.228407,22.655828],[103.244891,22.668695],[103.252488,22.678565],[103.269954,22.723265],[103.309615,22.787895],[103.368797,22.767101],[103.368805,22.767093],[103.403558,22.719217],[103.402349,22.706522],[103.404313,22.688797],[103.410928,22.674741],[103.447515,22.618259],[103.473146,22.591645],[103.485445,22.584101],[103.503585,22.58142],[103.503608,22.581417],[103.503635,22.581413],[103.514281,22.587356],[103.546217,22.631436],[103.550919,22.64079],[103.549923,22.648662],[103.546449,22.676114],[103.569762,22.727644],[103.576809,22.740835],[103.582545,22.755796],[103.582581,22.755854],[103.6469,22.799],[103.683884,22.764465],[103.726412,22.716289],[103.794212,22.659445],[103.805322,22.647404],[103.809663,22.638723],[103.829662,22.609164],[103.836328,22.602756],[103.844183,22.599294],[103.866817,22.575419],[103.872657,22.57361],[103.888676,22.57175],[103.891599,22.570505],[103.898762,22.563816],[103.902784,22.558572],[103.917047,22.533251],[103.925418,22.528238],[103.940669,22.524684],[103.9595,22.5071],[103.959507,22.507123],[103.959525,22.507103],[103.973994,22.515268],[103.985363,22.527153],[103.987378,22.540176],[103.98557,22.554542],[103.98557,22.570251],[103.990066,22.585341],[104.003398,22.614951],[104.007481,22.630248],[104.013229,22.684331],[104.023698,22.718863],[104.02381,22.719183],[104.024111,22.719557],[104.053401,22.753164],[104.054041,22.753754],[104.054303,22.754199],[104.086863,22.791558],[104.087781,22.791787],[104.102146,22.794841],[104.128197,22.796827],[104.158085,22.806732],[104.241159,22.824391],[104.2331,22.804811],[104.228759,22.783442],[104.229689,22.761945],[104.236802,22.74213],[104.236815,22.742092],[104.236821,22.742076],[104.249481,22.72833],[104.304413,22.704662],[104.325239,22.692518],[104.340173,22.686368],[104.35547,22.688642],[104.361911,22.692536],[104.449004,22.745176],[104.468641,22.764865],[104.53334,22.814397],[104.551128,22.83275],[104.5512,22.8328],[104.562566,22.831691],[104.562692,22.829848],[104.561245,22.824396],[104.564656,22.819952],[104.570495,22.816257],[104.574474,22.812278],[104.579229,22.808867],[104.588427,22.806852],[104.594266,22.809022],[104.604447,22.82021],[104.609821,22.823001],[104.629045,22.820779],[104.662738,22.810934],[104.683202,22.812175],[104.700672,22.818212],[104.700772,22.818247],[104.70105,22.818416],[104.715344,22.827083],[104.728212,22.839098],[104.734256,22.847052],[104.8236,22.9241],[104.823596,22.924126],[104.823606,22.924132],[104.827947,22.934157],[104.827017,22.954285],[104.797923,23.085569],[104.811462,23.096188],[104.835905,23.099754],[104.861279,23.119598],[104.865516,23.133473],[104.866756,23.149467],[104.869105,23.159464],[104.8809,23.1717],[104.920873,23.15585],[104.921016,23.155771],[104.935072,23.154273],[104.945201,23.159828],[104.979947,23.189122],[104.986265,23.192694],[105.015688,23.206827],[105.0466,23.2268],[105.2009,23.254],[105.200933,23.254033],[105.217536,23.265351],[105.220952,23.274142],[105.312177,23.365777],[105.320062,23.354338],[105.324351,23.336742],[105.332258,23.317958],[105.34404,23.304186],[105.359646,23.291551],[105.375717,23.2815],[105.389515,23.275428],[105.399127,23.274885],[105.404409,23.276694],[105.45098,23.231691],[105.464342,23.206001],[105.473851,23.194503],[105.517156,23.167734],[105.517207,23.167678],[105.535102,23.111495],[105.53524,23.099013],[105.535294,23.094095],[105.539687,23.075466],[105.551572,23.059679],[105.56599,23.054098],[105.61956,23.052007],[105.644381,23.049198],[105.66495,23.043375],[105.690324,23.043969],[105.69036,23.043948],[105.8357,22.9172],[105.835729,22.917206],[105.853879,22.90465],[105.862251,22.90775],[105.866592,22.915062],[105.870106,22.923098],[105.871295,22.924141],[105.892552,22.928287],[105.903696,22.925501],[105.913204,22.92439],[105.94483,22.927697],[105.961211,22.9324],[105.973975,22.939893],[105.976455,22.944648],[106.1321,22.975],[106.202343,22.947023],[106.202385,22.946998],[106.202836,22.94624],[106.223177,22.910817],[106.227087,22.875556],[106.234011,22.863851],[106.255405,22.854653],[106.276593,22.851035],[106.296385,22.851113],[106.31566,22.8538],[106.457977,22.888966],[106.473738,22.897105],[106.475368,22.905759],[106.5169,22.9154],[106.59187,22.880549],[106.599157,22.864988],[106.610371,22.85287],[106.632747,22.849614],[106.639878,22.853387],[106.64213,22.857184],[106.717309,22.822236],[106.731035,22.800108],[106.730363,22.797628],[106.745091,22.797188],[106.76706,22.799109],[106.7987,22.7844],[106.796492,22.780582],[106.791497,22.772125],[106.758475,22.754219],[106.746641,22.744349],[106.739562,22.726779],[106.735531,22.695412],[106.726591,22.677273],[106.705094,22.646112],[106.697704,22.630868],[106.680207,22.579513],[106.6802,22.5795],[106.618467,22.598448],[106.607632,22.609991],[106.588075,22.607777],[106.587995,22.607768],[106.587984,22.607755],[106.577143,22.595314],[106.568771,22.574592],[106.557311,22.523497],[106.5303,22.4493],[106.530306,22.449218],[106.526913,22.43827],[106.526913,22.427779],[106.533028,22.403445],[106.533684,22.400836],[106.5365,22.3605],[106.536549,22.360477],[106.541796,22.345097],[106.555335,22.331971],[106.577453,22.324582],[106.617295,22.322773],[106.617323,22.322751],[106.6629,22.2233],[106.662895,22.223167],[106.660549,22.213426],[106.651815,22.205622],[106.639671,22.190895],[106.642358,22.176115],[106.648663,22.165056],[106.656104,22.155135],[106.659946,22.146615],[106.659062,22.123679],[106.658378,22.120098],[106.658649,22.112954],[106.654728,22.011153],[106.648198,21.995506],[106.648146,21.987031],[106.649593,21.977574],[106.6531,21.968909],[106.653103,21.968902],[106.653107,21.968893],[106.658947,21.962795],[106.674605,21.962175],[106.689746,21.972872],[106.722347,22.006971],[106.722364,22.00698],[106.722419,22.006992],[106.753523,21.993027],[106.75615,21.989512],[106.761008,21.985067],[106.781523,21.975042],[106.798943,21.972634],[106.898788,21.927805],[106.898829,21.927758],[106.920378,21.916958],[106.937741,21.920007],[106.951287,21.92761],[107.0094,21.9274],[106.995774,21.858127],[106.987144,21.844818],[106.989107,21.82425],[106.989109,21.824248],[106.989243,21.824115],[107.002905,21.810556],[107.021944,21.804651],[107.172044,21.715312],[107.172352,21.715058],[107.212143,21.70524],[107.243872,21.715161],[107.272458,21.718292],[107.272671,21.718299],[107.272735,21.718238],[107.329618,21.616146],[107.329655,21.616046],[107.329694,21.616011],[107.329705,21.616001],[107.333576,21.612509],[107.348155,21.599355],[107.382882,21.618888],[107.398664,21.634339],[107.4459,21.6469],[107.457042,21.631454],[107.461016,21.596357],[107.473781,21.59057],[107.491192,21.584112],[107.491196,21.58411],[107.491217,21.584105],[107.501324,21.581526],[107.509851,21.581785],[107.518274,21.587366],[107.520817,21.592261],[107.576598,21.607633],[107.592843,21.605607],[107.613204,21.605607],[107.671856,21.617648],[107.690253,21.624728],[107.724148,21.648293],[107.7601,21.6582],[107.839833,21.629924],[107.839856,21.629895],[107.844456,21.617493],[107.855463,21.600336],[107.86771,21.589226],[107.896132,21.569434],[107.930962,21.534242],[107.94379,21.530885],[107.988649,21.488132],[107.991188,21.485696]]}},{"type":"Feature","properties":{"level":"country","left_geo_key":"china","right_geo_key":"northkorea","left_area":954.894435,"right_area":12.878548,"min_area":12.878548,"max_area":954.894435},"geometry":{"type":"LineString","coordinates":[[124.3856,40.110499],[124.38571,40.110578],[124.534006,40.216249],[124.543023,40.21765],[124.548656,40.220905],[124.550206,40.224729],[124.550664,40.228119],[124.643807,40.29449],[124.69304,40.302812],[124.71247,40.310305],[124.72296,40.326687],[124.73128,40.349735],[124.736468,40.360517],[124.764748,40.380668],[124.779856,40.383479],[124.800837,40.394073],[124.849878,40.43159],[124.883758,40.46547],[124.8838,40.4655],[124.91644,40.463645],[124.917935,40.461097],[124.925894,40.457893],[124.935299,40.455568],[124.959587,40.453656],[124.986613,40.457377],[125.006612,40.456136],[125.026301,40.457377],[125.041287,40.461097],[125.0463,40.471071],[125.038858,40.483473],[125.027696,40.495876],[125.025669,40.497903],[125.025101,40.53436],[125.025112,40.534374],[125.05002,40.541816],[125.073585,40.548017],[125.089656,40.55551],[125.114616,40.56414],[125.133064,40.572873],[125.153063,40.583984],[125.181537,40.593957],[125.216418,40.602639],[125.242412,40.611321],[125.256106,40.615041],[125.264839,40.622483],[125.270989,40.632456],[125.275824,40.641159],[125.293088,40.64851],[125.293313,40.648579],[125.293399,40.648586],[125.326439,40.643961],[125.33667,40.641138],[125.340204,40.642033],[125.383339,40.635995],[125.384574,40.635092],[125.390878,40.632456],[125.413254,40.631785],[125.413264,40.631805],[125.4133,40.6318],[125.502847,40.721164],[125.533092,40.721805],[125.546476,40.725939],[125.553349,40.737101],[125.555364,40.758754],[125.560044,40.778244],[125.5601,40.7783],[125.600714,40.772279],[125.608126,40.76418],[125.609935,40.761286],[125.668691,40.762164],[125.682643,40.768882],[125.673342,40.784075],[125.644816,40.810585],[125.644894,40.810661],[125.726757,40.863614],[125.737007,40.865207],[125.745895,40.868153],[125.750753,40.874767],[125.754732,40.881692],[125.760933,40.885671],[125.762325,40.885751],[125.771612,40.886084],[125.779175,40.884637],[125.821963,40.869755],[125.831678,40.87084],[125.866694,40.889494],[125.915663,40.891251],[125.924024,40.884069],[125.936168,40.877403],[125.949604,40.88257],[125.96428,40.891304],[125.99425,40.89407],[125.995079,40.894146],[125.995154,40.894176],[126.007843,40.899313],[126.015336,40.909132],[126.010013,40.913886],[126.009183,40.91395],[126.023863,40.934641],[126.028565,40.93528],[126.045515,40.944685],[126.065824,40.968612],[126.071974,40.9806],[126.069286,40.989385],[126.075643,40.997085],[126.083704,41.002511],[126.093368,41.006232],[126.104065,41.009178],[126.101326,41.022097],[126.111506,41.032432],[126.12644,41.043232],[126.138171,41.056978],[126.123789,41.075484],[126.1238,41.0755],[126.2607,41.1431],[126.260755,41.143163],[126.274752,41.15258],[126.284364,41.164103],[126.294327,41.181411],[126.339068,41.232383],[126.346169,41.237691],[126.357331,41.249421],[126.363214,41.259893],[126.440853,41.348347],[126.440892,41.348382],[126.440925,41.348401],[126.487659,41.350415],[126.487659,41.344403],[126.521866,41.35189],[126.52209,41.351939],[126.522127,41.351947],[126.522127,41.377631],[126.508278,41.409153],[126.501372,41.434114],[126.501305,41.43438],[126.501385,41.434543],[126.512428,41.453054],[126.542229,41.488993],[126.555517,41.525285],[126.5773,41.5618],[126.577285,41.561876],[126.580883,41.575241],[126.577266,41.588315],[126.570371,41.597049],[126.56703,41.61405],[126.567034,41.614154],[126.567298,41.614364],[126.6635,41.667368],[126.669301,41.667122],[126.680102,41.671902],[126.712245,41.694175],[126.727954,41.701254],[126.714157,41.70991],[126.699635,41.716421],[126.690453,41.721999],[126.679509,41.735989],[126.679521,41.735993],[126.771302,41.704534],[126.771362,41.704484],[126.788622,41.695906],[126.79627,41.704949],[126.805099,41.722371],[126.833857,41.737622],[126.864793,41.747272],[126.869165,41.756347],[126.9396,41.7937],[126.939623,41.793682],[126.940654,41.771767],[126.946132,41.766186],[126.958586,41.766806],[126.978042,41.763801],[127.0683,41.6936],[127.066097,41.681685],[127.059613,41.682237],[127.048968,41.677741],[127.045454,41.668],[127.049433,41.653428],[127.058993,41.643299],[127.074031,41.635703],[127.079883,41.633882],[127.102791,41.623551],[127.101885,41.622293],[127.097234,41.612448],[127.113977,41.610355],[127.166056,41.594959],[127.140524,41.571007],[127.136508,41.569247],[127.118008,41.555759],[127.104675,41.537414],[127.104711,41.53741],[127.1047,41.5374],[127.1346,41.522],[127.17501,41.518984],[127.17971,41.51695],[127.182194,41.518448],[127.28156,41.511032],[127.275156,41.507338],[127.269058,41.504961],[127.28637,41.499018],[127.305128,41.494678],[127.344247,41.491319],[127.353704,41.492714],[127.371119,41.498088],[127.378974,41.498812],[127.388482,41.496021],[127.395924,41.49137],[127.40135,41.486823],[127.405122,41.484497],[127.427343,41.483102],[127.443053,41.488011],[127.457109,41.494729],[127.467276,41.497171],[127.491,41.4954],[127.54454,41.471447],[127.544752,41.468891],[127.558808,41.458246],[127.586852,41.452517],[127.630292,41.433083],[127.63069,41.432873],[127.638338,41.429875],[127.647071,41.432976],[127.648493,41.434724],[127.690179,41.438997],[127.690273,41.43897],[127.784634,41.436903],[127.810369,41.44357],[127.828869,41.433958],[127.848868,41.431322],[127.865146,41.43742],[127.871864,41.45375],[127.877918,41.458242],[127.951614,41.465796],[127.974235,41.450339],[127.984467,41.454008],[127.992735,41.46114],[128.001412,41.47085],[128.011812,41.42744],[128.011545,41.424346],[128.015162,41.413287],[128.015481,41.413221],[128.047793,41.404087],[128.046892,41.398766],[128.064152,41.388431],[128.08813,41.388896],[128.092081,41.391569],[128.111007,41.386219],[128.103943,41.379129],[128.145917,41.376352],[128.14611,41.376339],[128.146152,41.376369],[128.185695,41.404451],[128.287601,41.5447],[128.302995,41.583393],[128.302998,41.583402],[128.303,41.583406],[128.28326,41.605058],[128.281399,41.62299],[128.268997,41.643377],[128.25091,41.66012],[128.224142,41.669447],[128.223274,41.669981],[128.14116,41.759155],[128.097018,41.822616],[128.091023,41.841737],[128.057648,41.849848],[128.057621,41.849877],[128.057598,41.84991],[128.0346,41.9937],[128.062109,41.998442],[128.100532,41.999091],[128.261969,42.032862],[128.262426,42.032833],[128.403603,42.010749],[128.407593,42.008341],[128.416544,42.008725],[128.4883,41.9975],[128.488388,41.997507],[128.502368,41.996094],[128.514953,41.999736],[128.559338,42.003459],[128.56438,42.000797],[128.573681,42.004311],[128.574021,42.004691],[128.882423,42.030562],[128.883172,42.030409],[128.90348,42.026273],[128.940067,42.035368],[128.940078,42.035398],[128.9401,42.0354],[129.002271,42.094477],[129.0089,42.09508],[129.026574,42.101876],[129.053342,42.122856],[129.063471,42.136086],[129.064711,42.153759],[129.088482,42.143191],[129.105535,42.142106],[129.119798,42.149366],[129.120144,42.149665],[129.173254,42.190504],[129.177675,42.193446],[129.184008,42.198773],[129.2042,42.2143],[129.204237,42.214324],[129.211162,42.219956],[129.214262,42.225692],[129.209301,42.234684],[129.201977,42.235123],[129.199137,42.261733],[129.202894,42.262744],[129.211162,42.267008],[129.214779,42.275638],[129.214159,42.283699],[129.216123,42.291063],[129.228008,42.297729],[129.22067,42.303672],[129.212402,42.307755],[129.20372,42.310158],[129.193902,42.310778],[129.193902,42.310801],[129.206744,42.318204],[129.226148,42.318142],[129.236276,42.323878],[129.242244,42.338668],[129.242271,42.338735],[129.241928,42.339659],[129.240307,42.344031],[129.24022,42.344067],[129.2311,42.3676],[129.264087,42.382049],[129.296635,42.387233],[129.303766,42.389584],[129.305729,42.400289],[129.3521,42.4206],[129.352135,42.420616],[129.35205,42.420703],[129.340136,42.445426],[129.340146,42.445472],[129.340248,42.445493],[129.363526,42.444403],[129.372082,42.432553],[129.386241,42.428109],[129.39544,42.430202],[129.406189,42.435964],[129.418798,42.441054],[129.43398,42.441106],[129.4341,42.4411],[129.525736,42.376293],[129.526801,42.373074],[129.535173,42.36956],[129.545302,42.371317],[129.55419,42.376872],[129.559461,42.387],[129.560288,42.396793],[129.560442,42.397182],[129.568116,42.405568],[129.587676,42.411366],[129.594498,42.422218],[129.595634,42.435602],[129.661847,42.439783],[129.671185,42.437928],[129.703328,42.442372],[129.728856,42.475858],[129.73361,42.511799],[129.732954,42.523626],[129.7631,42.6062],[129.763065,42.606237],[129.763066,42.606238],[129.763066,42.612387],[129.756035,42.613692],[129.7416,42.629],[129.755717,42.6437],[129.776709,42.647191],[129.772434,42.661108],[129.787539,42.676837],[129.787561,42.676854],[129.78756,42.676859],[129.787545,42.676979],[129.786527,42.684734],[129.777524,42.691195],[129.755627,42.722262],[129.755625,42.722277],[129.75564,42.722387],[129.782019,42.780519],[129.789524,42.79248],[129.795002,42.806484],[129.795503,42.810234],[129.867716,42.96937],[129.893291,42.971538],[129.907037,42.976138],[129.897735,42.978747],[129.890087,42.982804],[129.884092,42.988514],[129.879787,42.995971],[129.8798,42.996],[129.9957,42.9619],[129.995711,42.961902],[129.995713,42.961901],[130.008219,42.960557],[130.047286,42.961901],[130.094312,42.976939],[130.11931,42.981454],[130.1215,42.9818],[130.09882,42.921554],[130.098756,42.921516],[130.0988,42.9215],[130.140407,42.907124],[130.193841,42.908209],[130.231584,42.903221],[130.239,42.9022],[130.248865,42.821617],[130.24221,42.782015],[130.243037,42.743361],[130.262674,42.708609],[130.262829,42.708492],[130.320354,42.660211],[130.324789,42.650292],[130.356816,42.629608],[130.427046,42.570664],[130.431242,42.561512],[130.452273,42.549491],[130.452533,42.549342],[130.467933,42.554897],[130.471033,42.569754],[130.46975,42.570995],[130.501387,42.610784],[130.501407,42.610784],[130.523354,42.561951],[130.52519,42.549239],[130.530771,42.53048],[130.530801,42.530498]]}},{"type":"Feature","properties":{"level":"country","left_geo_key":"china","right_geo_key":"russia","left_area":954.894435,"right_area":2928.705159,"min_area":954.894435,"max_area":2928.705159},"geometry":{"type":"MultiLineString","coordinates":[[[130.530801,42.530498],[130.5308,42.5305],[130.534147,42.537935],[130.5719,42.6218],[130.5039,42.6778],[130.50381,42.677814],[130.3797,42.6967],[130.586333,42.817203],[130.5865,42.8173],[130.586799,42.817318],[130.730863,42.825892],[130.731,42.8259],[130.748041,42.83753],[130.79423,42.869052],[130.7943,42.8691],[130.992092,42.848732],[130.992419,42.848729],[130.999752,42.85981],[131.023883,42.896274],[131.0239,42.8963],[131.102954,42.910392],[131.102997,42.910412],[131.094346,42.944395],[131.07523,43.019482],[131.0752,43.0196],[131.075247,43.019649],[131.103905,43.049531],[131.12325,43.069703],[131.149982,43.097576],[131.189852,43.139151],[131.189431,43.14061],[131.183727,43.157749],[131.1691,43.2017],[131.179396,43.218139],[131.24243,43.318779],[131.2809,43.3802],[131.280898,43.38021],[131.2617,43.4638],[131.261616,43.463874],[131.1657,43.549],[131.165701,43.549065],[131.1703,43.7811],[131.17036,43.781399],[131.175684,43.807908],[131.207419,43.965909],[131.2129,43.9932],[131.2615,44.0461],[131.261489,44.046134],[131.0658,44.682],[130.981997,44.770311],[130.930128,44.82497],[130.9301,44.825],[130.930139,44.825027],[130.971775,44.85406],[131.04532,44.905344],[131.0454,44.9054],[131.117557,44.91736],[131.283016,44.944783],[131.39103,44.962686],[131.442943,44.971291],[131.443,44.9713],[131.6091,45.0897],[131.609105,45.089772],[131.61212,45.137623],[131.615096,45.184834],[131.6151,45.1849],[131.615132,45.184908],[131.71116,45.208665],[131.7113,45.2087],[131.730972,45.226582],[131.853084,45.337586],[131.8531,45.3376],[131.853195,45.337515],[131.876426,45.316713],[131.9688,45.234],[131.969203,45.233913],[132.9212,45.0279],[132.921208,45.027904],[133.09878,45.10779],[133.0988,45.107808],[133.100956,45.232588],[133.101294,45.25215],[133.101899,45.287124],[133.1019,45.2872],[133.1798,45.4938],[133.247881,45.524442],[133.415428,45.599853],[133.4773,45.6277],[133.467603,45.654678],[133.4516,45.6992],[133.451603,45.699204],[133.511364,45.778551],[133.5114,45.7786],[133.4849,45.8284],[133.48492,45.828426],[133.500239,45.848042],[133.531528,45.888107],[133.5316,45.8882],[133.531791,45.888158],[133.563346,45.881243],[133.585844,45.876312],[133.5859,45.8763],[133.593276,45.892607],[133.609993,45.929563],[133.6101,45.9298],[133.6499,45.9278],[133.649969,45.927935],[133.67799,45.982298],[133.719675,46.06317],[133.72,46.0638],[133.702741,46.105094],[133.6874,46.1418],[133.701058,46.149148],[133.777477,46.190262],[133.815109,46.210508],[133.856866,46.232974],[133.89,46.2508],[133.890001,46.250806],[133.893902,46.297382],[133.894301,46.302144],[133.896398,46.327179],[133.8964,46.3272],[133.8634,46.3393],[133.92599,46.371295],[133.926,46.3713],[133.921501,46.41009],[133.921491,46.410106],[133.876631,46.438653],[133.8478,46.457],[133.878779,46.513959],[133.897331,46.548069],[133.9203,46.5903],[133.920363,46.59035],[134.014766,46.664973],[134.0148,46.665],[134.0418,46.7527],[134.041779,46.752756],[134.021955,46.805514],[134.0167,46.8195],[134.028153,46.847256],[134.066989,46.94138],[134.114082,47.055514],[134.1142,47.0558],[134.114222,47.055811],[134.163026,47.082523],[134.227261,47.117679],[134.227284,47.117731],[134.227063,47.118154],[134.192796,47.183786],[134.168337,47.230631],[134.154154,47.257796],[134.1541,47.2579],[134.174523,47.306085],[134.1836,47.3275],[134.183706,47.327576],[134.277047,47.394423],[134.3129,47.4201],[134.431584,47.431994],[134.500409,47.438891],[134.500451,47.438914],[134.500721,47.439121],[134.686544,47.624739],[134.724501,47.662654],[134.766533,47.70464],[134.772579,47.710732],[134.765679,47.720831],[134.733704,47.767633],[134.667682,47.864271],[134.645839,47.896242],[134.6458,47.8963],[134.5991,47.9107],[134.591134,47.930524],[134.571043,47.980525],[134.5594,48.0095],[134.6518,48.103694],[134.68285,48.135347],[134.683,48.1355],[134.702977,48.252463],[134.703,48.2526],[134.686254,48.263531],[134.542642,48.357273],[134.542601,48.357299],[134.5426,48.3573],[134.4713,48.3399],[134.441742,48.350424],[134.3671,48.377],[134.01186,48.305918],[133.7379,48.2511],[133.737853,48.251064],[133.700894,48.222548],[133.64951,48.182904],[133.560543,48.114263],[133.544006,48.101504],[133.544,48.1015],[133.543992,48.1015],[133.412702,48.10304],[133.355991,48.103705],[133.290592,48.104471],[133.092058,48.106799],[133.091971,48.106782],[133.056175,48.085438],[132.975609,48.037397],[132.834969,47.953534],[132.805935,47.936221],[132.8059,47.9362],[132.805888,47.936201],[132.759389,47.941301],[132.674603,47.9506],[132.674597,47.950595],[132.660741,47.925166],[132.60771,47.827846],[132.577598,47.772585],[132.5472,47.7168],[132.394362,47.730817],[132.3324,47.7365],[132.204412,47.701635],[132.161917,47.690059],[132.1617,47.69],[131.927607,47.670145],[131.9035,47.6681],[131.811073,47.681054],[131.703,47.6962],[131.702851,47.696148],[131.654244,47.679231],[131.603427,47.661544],[131.6033,47.6615],[131.603219,47.66154],[131.562862,47.681345],[131.441005,47.741149],[131.440896,47.74117],[131.440782,47.741177],[131.129755,47.681464],[131.111432,47.677946],[131.1039,47.6765],[131.103746,47.676539],[130.941802,47.718],[130.9418,47.718],[130.907028,47.884167],[130.906976,47.884262],[130.906571,47.884618],[130.683862,48.049319],[130.6824,48.0504],[130.6634,48.1164],[130.708275,48.164008],[130.76248,48.221514],[130.819213,48.281701],[130.8194,48.2819],[130.743485,48.411284],[130.7433,48.4116],[130.753134,48.458014],[130.758978,48.485598],[130.758975,48.485698],[130.6393,48.4772],[130.639283,48.477252],[130.61861,48.542346],[130.60771,48.576669],[130.607677,48.576712],[130.607621,48.57674],[130.529742,48.616279],[130.5297,48.6163],[130.529767,48.616417],[130.639743,48.809978],[130.6743,48.8708],[130.618009,48.872206],[130.478718,48.875684],[130.32134,48.879615],[130.2018,48.8826],[130.201736,48.882633],[129.926554,49.025672],[129.9265,49.0257],[129.912912,49.045522],[129.873569,49.102913],[129.844653,49.145093],[129.824755,49.174119],[129.8247,49.1742],[129.7418,49.1957],[129.737432,49.206906],[129.711268,49.274025],[129.7112,49.2742],[129.539008,49.303699],[129.539,49.3037],[129.480616,49.421268],[129.480603,49.421274],[129.480473,49.421305],[129.3787,49.425],[129.371528,49.409057],[129.341,49.3412],[129.293067,49.360513],[129.217981,49.390767],[129.21788,49.390785],[129.217844,49.390783],[129.163441,49.374588],[129.0879,49.3521],[129.0146,49.4311],[129.014563,49.431106],[128.790976,49.466071],[128.76012,49.470897],[128.7601,49.4709],[128.760106,49.470916],[128.779762,49.525184],[128.796895,49.572487],[128.7969,49.5725],[128.687094,49.60309],[128.6867,49.6032],[128.655965,49.59916],[128.561391,49.586728],[128.357121,49.559877],[128.294585,49.551657],[128.227096,49.542785],[128.1983,49.539],[128.067141,49.546698],[128.0671,49.5467],[127.9679,49.6032],[127.945811,49.599629],[127.8547,49.5849],[127.813665,49.604598],[127.722002,49.648599],[127.722,49.6486],[127.68684,49.702223],[127.6443,49.7671],[127.5387,49.7899],[127.538694,49.789925],[127.517859,49.884368],[127.499614,49.967064],[127.4867,50.0256],[127.510494,50.067532],[127.5906,50.2087],[127.534025,50.234713],[127.3307,50.3282],[127.33938,50.355332],[127.3585,50.4151],[127.348016,50.426822],[127.302625,50.477572],[127.3026,50.4776],[127.313624,50.494725],[127.331661,50.522746],[127.367087,50.577779],[127.367088,50.577792],[127.367077,50.577828],[127.2949,50.6664],[127.294891,50.666501],[127.290977,50.710649],[127.287411,50.750876],[127.2874,50.751],[127.187814,50.837824],[127.034138,50.971806],[127.027813,50.97732],[126.9464,51.0483],[126.946368,51.04841],[126.90381,51.193365],[126.9038,51.1934],[126.903812,51.193417],[126.947396,51.258456],[126.981167,51.30885],[126.981169,51.308859],[126.981135,51.308916],[126.9173,51.3247],[126.891445,51.284882],[126.869938,51.251759],[126.8699,51.2517],[126.869801,51.25173],[126.8237,51.2656],[126.814111,51.324833],[126.8141,51.3249],[126.814209,51.324995],[126.839331,51.346769],[126.9019,51.401],[126.843656,51.411319],[126.8003,51.419],[126.8304,51.5081],[126.830369,51.508114],[126.715631,51.559316],[126.6769,51.5766],[126.72351,51.635659],[126.7237,51.6359],[126.721993,51.653533],[126.718331,51.691359],[126.715805,51.717449],[126.715759,51.71749],[126.715749,51.717515],[126.6624,51.7334],[126.662321,51.73349],[126.4461,51.9825],[126.491443,52.038747],[126.5513,52.113],[126.531263,52.152575],[126.53117,52.152658],[126.526632,52.153703],[126.490665,52.161601],[126.3167,52.1998],[126.312203,52.227882],[126.3122,52.2279],[126.312207,52.227903],[126.439217,52.275269],[126.43928,52.275293],[126.439238,52.27532],[126.375437,52.296433],[126.315894,52.316136],[126.3157,52.3162],[126.34369,52.391373],[126.343688,52.391377],[126.343574,52.391473],[126.216868,52.464761],[126.2168,52.4648],[126.202288,52.490696],[126.170412,52.547579],[126.170365,52.547595],[126.082774,52.593354],[126.082569,52.593382],[126.066234,52.59214],[125.990867,52.586405],[125.9908,52.5864],[125.990784,52.586535],[125.9828,52.653],[126.043436,52.672011],[126.0686,52.6799],[126.0351,52.7271],[126.035133,52.727113],[126.10382,52.754389],[126.104047,52.754479],[126.094945,52.766385],[126.088,52.7754],[125.9853,52.7645],[125.985264,52.764535],[125.862219,52.882838],[125.8374,52.9067],[125.73356,52.894842],[125.6465,52.8849],[125.693838,52.937571],[125.733481,52.981679],[125.7335,52.9817],[125.638028,53.046081],[125.638,53.0461],[125.5213,53.0424],[125.51452,53.044972],[125.499449,53.05069],[125.0737,53.2122],[124.9192,53.1939],[124.88825,53.139753],[124.870105,53.108008],[124.8701,53.108],[124.870084,53.108013],[124.822167,53.147064],[124.822,53.1472],[124.75161,53.148306],[124.721102,53.148786],[124.7202,53.1488],[124.720173,53.148824],[124.695662,53.170262],[124.651662,53.208746],[124.6516,53.2088],[124.383814,53.246084],[124.3837,53.2461],[124.383601,53.246189],[124.33297,53.291656],[124.232777,53.38163],[124.232706,53.381652],[124.232543,53.381659],[124.122699,53.352935],[124.1218,53.3527],[124.095693,53.36718],[124.040298,53.397905],[124.010106,53.414651],[123.876817,53.48858],[123.876552,53.488674],[123.876279,53.488739],[123.786719,53.499704],[123.7018,53.5101],[123.655298,53.538373],[123.6143,53.5633],[123.584288,53.549577],[123.5196,53.52],[123.519598,53.520016],[123.5144,53.5624],[123.481649,53.518301],[123.4815,53.5181],[123.461916,53.52302],[123.385176,53.542299],[123.365061,53.547352],[123.2773,53.5694],[123.164356,53.516473],[123.1642,53.5164],[123.135789,53.512435],[122.8597,53.4739],[122.4252,53.4524],[122.42509,53.452444],[122.358529,53.479216],[122.3168,53.496],[122.278303,53.488417],[122.189237,53.470872],[122.156238,53.464372],[121.982075,53.430065],[121.545463,53.344061],[121.407935,53.31697],[121.2035,53.2767],[121.202583,53.27671],[121.133397,53.277445],[120.874876,53.280194],[120.874255,53.28016],[120.874236,53.280156],[120.82938,53.248875],[120.791964,53.222782],[120.660262,53.130939],[120.605161,53.092514],[120.2802,52.8659],[120.280012,52.86582],[120.245005,52.850922],[120.1972,52.830578],[120.127469,52.800903],[120.033065,52.760728],[120.033,52.760683],[120.032997,52.760585],[120.0301,52.6394],[120.030121,52.639379],[120.0794,52.59],[120.411269,52.629672],[120.4642,52.636],[120.464216,52.635994],[120.706568,52.550593],[120.7074,52.5503],[120.696804,52.480992],[120.6904,52.4391],[120.69031,52.438982],[120.628414,52.357918],[120.6284,52.3579],[120.654819,52.29928],[120.6549,52.2991],[120.758083,52.23741],[120.7581,52.2374],[120.782713,52.162236],[120.78404,52.158184],[120.7841,52.158],[120.771263,52.133483],[120.740268,52.074288],[120.70768,52.012049],[120.662405,51.925583],[120.6621,51.925],[120.661986,51.924967],[120.59917,51.906642],[120.551232,51.892658],[120.49324,51.875741],[120.493113,51.875704],[120.4931,51.8757],[120.125419,51.666848],[120.085919,51.644411],[120.085888,51.644377],[120.055279,51.587601],[120.020636,51.523343],[119.981115,51.450035],[119.96261,51.41571],[119.957662,51.406534],[119.953101,51.398073],[119.9529,51.3977],[119.952882,51.397696],[119.8953,51.384],[119.895313,51.383973],[119.912551,51.349895],[119.9127,51.3496],[119.8288,51.2797],[119.828798,51.27969],[119.815,51.2159],[119.814991,51.215901],[119.7723,51.2185],[119.772294,51.218473],[119.766361,51.190784],[119.75939,51.158252],[119.758957,51.156233],[119.740804,51.071517],[119.7408,51.0715],[119.710279,51.048664],[119.637197,50.993984],[119.573879,50.946609],[119.524311,50.909522],[119.518,50.9048],[119.517995,50.904742],[119.513028,50.846274],[119.510632,50.818067],[119.5049,50.7506],[119.395839,50.672456],[119.381276,50.662021],[119.293735,50.599297],[119.2936,50.5992],[119.259197,50.493235],[119.243774,50.445727],[119.2437,50.4455],[119.243564,50.445432],[119.180017,50.413688],[119.1376,50.3925],[119.159473,50.376062],[119.177703,50.362363],[119.187884,50.354712],[119.1879,50.3547],[119.233967,50.352131],[119.294105,50.348778],[119.3529,50.3455],[119.350976,50.301603],[119.346384,50.196796],[119.344031,50.14311],[119.344,50.1424],[119.343908,50.142265],[119.3013,50.0798],[119.0917,49.9866],[118.990275,49.979344],[118.78531,49.964681],[118.685726,49.957557],[118.64447,49.954605],[118.644365,49.954575],[118.644244,49.95451],[118.488796,49.86547],[118.414456,49.822888],[118.377904,49.801951],[118.326398,49.772448],[118.224,49.713794],[118.127326,49.65842],[118.075703,49.62885],[118.022566,49.598413],[117.8738,49.5132],[117.873766,49.513206],[117.614855,49.563866],[117.330081,49.619586],[117.252925,49.62245],[117.057588,49.672886],[116.722312,49.801664],[116.684278,49.823265],[116.684166,49.823102]],[[87.818099,49.153965],[87.818081,49.154003],[87.816331,49.165791],[87.8163,49.1658],[87.476838,49.088423],[87.40046,49.071014],[87.4004,49.071],[87.400219,49.071034],[87.3238,49.0853]]]}},{"type":"Feature","properties":{"level":"country","left_geo_key":"china","right_geo_key":"mongolia","left_area":954.894435,"right_area":184.474555,"min_area":184.474555,"max_area":954.894435},"geometry":{"type":"LineString","coordinates":[[116.684166,49.823102],[116.472921,49.516462],[116.457728,49.492794],[116.247767,49.181469],[116.037806,48.870145],[116.033568,48.852368],[116.035658,48.847211],[116.0282,48.7675],[115.8004,48.5304],[115.8004,48.530365],[115.791206,48.513836],[115.786555,48.49301],[115.786555,48.473011],[115.800155,48.353946],[115.8,48.242359],[115.799991,48.242328],[115.799859,48.242245],[115.668562,48.191389],[115.536441,48.149155],[115.51422,48.131637],[115.514221,48.131608],[115.514224,48.131513],[115.51453,48.122103],[115.545846,47.992989],[115.561866,47.933199],[115.575667,47.90982],[115.575715,47.909738],[115.575902,47.909565],[115.5999,47.887414],[115.852701,47.705565],[115.914455,47.68393],[115.914506,47.683912],[115.914532,47.683923],[115.9729,47.709053],[116.084198,47.806826],[116.0843,47.8069],[116.24387,47.86289],[116.243891,47.862894],[116.428893,47.835143],[116.49969,47.836358],[116.501251,47.836592],[116.822,47.8763],[116.955208,47.842732],[116.972839,47.83765],[117.047356,47.81946],[117.047881,47.819241],[117.098153,47.792196],[117.317107,47.654069],[117.360826,47.650865],[117.362006,47.651916],[117.511969,47.778282],[117.527224,47.78649],[117.623172,47.871988],[117.7669,47.9931],[117.874722,48.002206],[117.972778,47.997898],[117.997169,47.999991],[118.05741,48.017635],[118.1825,48.0282],[118.182528,48.028196],[118.206252,48.023297],[118.254311,48.002859],[118.280046,47.998131],[118.472248,47.989474],[118.4728,47.9894],[118.696864,47.812035],[118.713301,47.793621],[118.767406,47.756156],[118.790014,47.749432],[119.08321,47.661687],[119.08346,47.661562],[119.083553,47.661459],[119.110956,47.588549],[119.116532,47.556039],[119.122113,47.53896],[119.133879,47.527555],[119.133896,47.527539],[119.134162,47.527428],[119.157564,47.517669],[119.251046,47.492942],[119.291,47.4844],[119.317744,47.462147],[119.31776,47.462117],[119.317679,47.461962],[119.288954,47.429275],[119.288822,47.429147],[119.2888,47.4291],[119.281897,47.414859],[119.320654,47.40703],[119.366412,47.378214],[119.491267,47.296354],[119.503899,47.279182],[119.512994,47.262672],[119.525086,47.250812],[119.576374,47.240554],[119.699959,47.159526],[119.700016,47.159465],[119.761474,47.027364],[119.761713,47.015478],[119.764968,47.003825],[119.767294,46.998114],[119.770136,46.992998],[119.784285,46.978332],[119.7843,46.9783],[119.824591,46.948496],[119.831683,46.942149],[119.83685,46.93357],[119.839692,46.925664],[119.843516,46.918171],[119.852301,46.910729],[119.862947,46.909024],[119.879131,46.908151],[119.8792,46.9081],[119.88363,46.877858],[119.881447,46.872851],[119.88124,46.860552],[119.883101,46.855436],[119.886821,46.851457],[119.887564,46.850998],[119.895786,46.794863],[119.885891,46.770066],[119.883101,46.753013],[119.887183,46.74428],[119.903358,46.7264],[119.906985,46.718406],[119.907,46.7183],[119.873447,46.674182],[119.872662,46.673225],[119.87252,46.673119],[119.823923,46.651363],[119.817265,46.651624],[119.796284,46.658833],[119.782228,46.655629],[119.770033,46.643562],[119.754426,46.62439],[119.742209,46.614781],[119.6978,46.5949],[119.657926,46.596659],[119.623478,46.616329],[119.602188,46.619688],[119.575884,46.619171],[119.501263,46.628008],[119.452946,46.627491],[119.363287,46.613047],[119.317212,46.611686],[119.3169,46.6117],[119.037137,46.668672],[119.036969,46.668723],[119.009729,46.689426],[118.984913,46.724539],[118.967239,46.740456],[118.947034,46.737148],[118.946959,46.737083],[118.89063,46.713512],[118.890579,46.713525],[118.890253,46.71391],[118.879648,46.72733],[118.875203,46.74397],[118.867452,46.758336],[118.846523,46.765493],[118.846509,46.76549],[118.846473,46.765481],[118.816241,46.758181],[118.792211,46.737768],[118.771863,46.713065],[118.720287,46.676831],[118.720071,46.676739],[118.684621,46.683457],[118.647414,46.697719],[118.60938,46.705781],[118.595169,46.703042],[118.572105,46.691857],[118.377254,46.711813],[118.371203,46.713971],[118.335547,46.722162],[118.30082,46.724849],[118.268987,46.722937],[118.238291,46.715393],[118.218798,46.706646],[118.11634,46.673472],[118.101969,46.67307],[118.083882,46.668264],[118.057804,46.654519],[117.94983,46.61956],[117.923789,46.615192],[117.900638,46.607596],[117.878437,46.596444],[117.878313,46.596382],[117.877999,46.596117],[117.859297,46.580285],[117.855445,46.574847],[117.7976,46.5203],[117.6252,46.5357],[117.604446,46.555551],[117.582001,46.591989],[117.568151,46.603539],[117.556266,46.601601],[117.556243,46.601589],[117.3938,46.5714],[117.393805,46.571372],[117.393795,46.57137],[117.393812,46.571337],[117.405492,46.510841],[117.405474,46.510806],[117.369197,46.475691],[117.357518,46.448406],[117.354052,46.394664],[117.337525,46.357356],[117.337486,46.357301],[116.8317,46.3864],[116.831617,46.38637],[116.814606,46.38673],[116.804581,46.382906],[116.791869,46.371959],[116.642979,46.317976],[116.603559,46.309319],[116.581959,46.298012],[116.568532,46.290984],[116.5683,46.2909],[116.3572,46.1056],[116.357175,46.105565],[116.357166,46.105559],[116.338712,46.080256],[116.213209,45.908175],[116.213195,45.908155],[116.207098,45.88087],[116.220947,45.849761],[116.242134,45.82692],[116.251357,45.803964],[116.2516,45.8033],[116.16994,45.709146],[116.169893,45.709099],[116.012,45.6786],[116.011905,45.678538],[116.002149,45.675559],[115.982822,45.659643],[115.767331,45.530142],[115.702152,45.47692],[115.6674,45.4543],[115.3373,45.3947],[115.33728,45.394698],[115.126337,45.39444],[114.939351,45.373824],[114.9389,45.3738],[114.838296,45.396602],[114.737317,45.425032],[114.703593,45.427134],[114.703313,45.427151],[114.702871,45.427095],[114.66931,45.42281],[114.533803,45.385525],[114.533711,45.3855],[114.533695,45.385491],[114.52379,45.38028],[114.519449,45.370927],[114.517507,45.359545],[114.4189,45.2015],[114.418706,45.201359],[114.211767,45.06216],[114.163605,45.040146],[114.149342,45.030069],[114.139214,45.019165],[114.120403,44.993224],[114.089444,44.961905],[114.0893,44.9618],[113.916754,44.915644],[113.913801,44.915451],[113.890611,44.908651],[113.8893,44.9083],[113.604811,44.739707],[113.604788,44.739702],[113.510326,44.753557],[113.488917,44.766261],[113.473208,44.770705],[113.331217,44.779829],[112.7485,44.8653],[112.586212,44.923724],[112.586027,44.923822],[112.564529,44.943924],[112.523912,44.993275],[112.441333,45.052393],[112.412807,45.066036],[112.379631,45.070738],[112.315772,45.069949],[112.042044,45.081091],[112.011488,45.087482],[111.984637,45.087154],[111.973351,45.087017],[111.958261,45.084536],[111.957795,45.084228],[111.8996,45.052933],[111.863177,45.046295],[111.843333,45.039526],[111.786489,45.008572],[111.760651,44.989296],[111.738568,44.966337],[111.738533,44.9663],[111.738296,44.965955],[111.551361,44.69319],[111.541026,44.668231],[111.540096,44.652211],[111.542434,44.633838],[111.451096,44.47896],[111.446871,44.475891],[111.424134,44.448037],[111.406357,44.416463],[111.397055,44.387369],[111.396435,44.346597],[111.410595,44.326081],[111.445836,44.310758],[111.511271,44.207856],[111.519425,44.18857],[111.543584,44.15704],[111.543816,44.156737],[111.544002,44.156551],[111.634457,44.065942],[111.66815,44.041344],[111.762648,43.995049],[111.838686,43.938884],[111.838785,43.938792],[111.83898,43.938539],[111.944294,43.786408],[111.944299,43.786395],[111.933424,43.696801],[111.933353,43.696636],[111.933223,43.69657],[111.7726,43.6693],[111.772571,43.669277],[111.753829,43.663202],[111.637379,43.559222],[111.568127,43.502847],[111.567691,43.50254],[111.566781,43.502211],[111.529069,43.490351],[111.428681,43.483936],[111.401396,43.475513],[111.338558,43.438177],[111.096092,43.366656],[110.973449,43.315615],[110.973412,43.3156],[110.973368,43.315569],[110.933724,43.287772],[110.796989,43.148918],[110.680096,43.057657],[110.66573,43.0374],[110.647236,43.000256],[110.534733,42.891486],[110.473391,42.854905],[110.449413,42.837335],[110.424815,42.785245],[110.42474,42.785176],[110.290826,42.731257],[110.139871,42.682615],[110.105661,42.666673],[110.093156,42.657862],[110.084267,42.650059],[110.077534,42.645379],[110.0602,42.6384],[110.059721,42.638291],[110.042719,42.635952],[109.987322,42.636468],[109.912701,42.62882],[109.667644,42.549078],[109.6673,42.549],[109.513131,42.465651],[109.510349,42.464748],[109.504871,42.464928],[109.500013,42.463327],[109.493812,42.455213],[109.4938,42.4552],[109.411254,42.445139],[109.328551,42.440486],[109.286893,42.429982],[109.25453,42.426038],[109.253414,42.425939],[108.994463,42.449529],[108.961287,42.447539],[108.960829,42.447359],[108.7969,42.3984],[108.796157,42.398467],[108.536455,42.435111],[108.406995,42.433583],[108.242955,42.448385],[108.234768,42.450072],[108.177355,42.454309],[108.04968,42.43912],[107.622396,42.388286],[107.195113,42.337453],[106.767829,42.286619],[106.318218,42.140052],[105.868607,41.993484],[105.473851,41.840341],[105.418872,41.818066],[105.21848,41.748463],[105.218259,41.748435],[105.200896,41.743474],[105.149093,41.70246],[104.97389,41.58616],[104.97383,41.586145],[104.935434,41.622422],[104.913678,41.638338],[104.892336,41.644772],[104.762424,41.645072],[104.5049,41.6566],[104.5008,41.8706],[104.500784,41.870598],[103.691547,41.75922],[103.691427,41.759235],[103.398112,41.876411],[103.104797,41.993588],[103.104383,41.993639],[103.073481,42.004517],[102.727042,42.064548],[102.380603,42.124579],[102.034192,42.184605],[101.8865,42.278],[101.7354,42.4612],[101.735088,42.461313],[101.637599,42.515442],[101.525111,42.537424],[101.524945,42.537456],[101.524444,42.537489],[101.41074,42.544872],[101.21871,42.529834],[100.818132,42.578729],[100.417553,42.627623],[100.016975,42.676518],[99.971551,42.676285],[99.621903,42.597443],[99.474486,42.564201],[97.1933,42.7873],[97.186213,42.786718],[96.832669,42.759604],[96.474659,42.732147],[96.379285,42.720548],[96.339492,42.845047],[96.337199,42.86648],[96.330688,42.889709],[96.318723,42.910028],[96.318699,42.910069],[96.318534,42.910226],[96.294308,42.933272],[96.135748,43.048869],[95.8744,43.2471],[95.833252,43.40714],[95.832837,43.408902],[95.832572,43.40932],[95.613272,43.813865],[95.589235,43.869494],[95.53552,43.957295],[95.535284,43.95768],[95.535246,43.957713],[95.510273,43.979125],[95.474926,43.986619],[95.422733,43.988634],[95.327985,44.006586],[95.327524,44.006694],[95.327499,44.006725],[95.324532,44.075638],[95.328269,44.09824],[95.321447,44.148417],[95.321464,44.148554],[95.333592,44.177556],[95.340568,44.187537],[95.344852,44.204483],[95.351597,44.220613],[95.359688,44.231823],[95.389247,44.260762],[95.397722,44.280502],[95.379428,44.287117],[95.261275,44.276032],[95.0368,44.255],[94.946771,44.278027],[94.905762,44.294248],[94.721289,44.3357],[94.7209,44.3358],[94.674584,44.370781],[94.672598,44.373778],[94.657199,44.388816],[94.588531,44.435775],[94.588055,44.4361],[94.587959,44.436143],[94.460311,44.493306],[94.430132,44.504468],[94.366364,44.504313],[94.338494,44.512106],[94.321158,44.529285],[94.295464,44.571389],[94.27748,44.589579],[94.195005,44.65433],[94.181879,44.660841],[94.165342,44.665854],[94.149012,44.667197],[94.12553,44.659129],[93.927595,44.672886],[93.927424,44.672933],[93.927086,44.673196],[93.714,44.8746],[93.713893,44.874643],[93.688265,44.891059],[93.526517,44.950805],[93.5253,44.9513],[93.378587,44.970426],[93.36136,44.978393],[93.341,44.984852],[93.317229,44.985886],[93.287417,44.982311],[93.212497,44.992078],[93.165713,45.007642],[93.139152,45.009864],[93.098889,45.006888],[92.861,45.0379],[92.860813,45.037892],[92.847593,45.039112],[92.831736,45.036633],[92.785054,45.034612],[92.752715,45.037976],[92.721501,45.03186],[92.307263,45.013926],[92.285354,45.019527],[92.267887,45.019527],[92.218898,45.010122],[92.218788,45.010141],[92.159984,45.031771],[92.108414,45.058181],[92.075651,45.068878],[92.042991,45.074821],[92.009401,45.076216],[91.987428,45.074396],[91.595415,45.071546],[91.563951,45.077146],[91.552272,45.075338],[91.54328,45.071824],[91.533998,45.071102],[91.4561,45.1375],[91.455965,45.137495],[91.43848,45.146134],[91.41688,45.145669],[91.399723,45.136884],[91.397705,45.1353],[91.249138,45.129701],[91.248921,45.129782],[91.165854,45.167752],[91.147749,45.187217],[91.135036,45.197862],[91.101343,45.210678],[91.056963,45.217526],[91.056798,45.217551],[91.056557,45.217558],[91.011323,45.218946],[90.975149,45.214864],[90.929069,45.195755],[90.873231,45.186205],[90.872603,45.187369],[90.857833,45.216281],[90.860324,45.231659],[90.865905,45.242563],[90.866629,45.25357],[90.854433,45.270623],[90.837173,45.280028],[90.822978,45.284507],[90.7533,45.4209],[90.753257,45.42093],[90.753251,45.42095],[90.737955,45.441724],[90.685174,45.469028],[90.651722,45.492661],[90.651138,45.493142],[90.651279,45.493879],[90.7108,45.7522],[90.939202,45.96337],[90.975149,45.987323],[90.986208,45.993111],[91.002435,46.021843],[91.005432,46.068094],[90.995923,46.113724],[90.99578,46.113909],[90.8992,46.2817],[90.927942,46.336878],[90.935772,46.343865],[90.975149,46.416548],[90.986105,46.435255],[91.001401,46.475045],[91.014113,46.493184],[91.035611,46.529073],[91.045326,46.551087],[91.047493,46.566386],[91.047495,46.566405],[91.047496,46.566409],[91.047472,46.566431],[90.998106,46.620293],[91.011736,46.662941],[91.014292,46.689844],[91.01556,46.703197],[91.004812,46.74043],[90.975149,46.774149],[90.939683,46.798647],[90.9394,46.7989],[90.923256,46.842248],[90.934428,46.856831],[90.936495,46.864427],[90.932775,46.874789],[90.92585,46.880654],[90.917685,46.885408],[90.91014,46.892384],[90.900322,46.910678],[90.893707,46.92817],[90.885129,46.944733],[90.869833,46.960339],[90.849472,46.973206],[90.828182,46.982301],[90.805547,46.986849],[90.782193,46.986339],[90.71214,47.014684],[90.712116,47.014702],[90.46872,47.308922],[90.468712,47.308946],[90.474108,47.329157],[90.475232,47.33029],[90.485567,47.344915],[90.490011,47.361839],[90.487221,47.378194],[90.487164,47.378256],[90.442662,47.446429],[90.443606,47.462789],[90.441228,47.493045],[90.427276,47.506559],[90.394616,47.524671],[90.384915,47.534892],[90.371471,47.555487],[90.352035,47.588311],[90.345451,47.595347],[90.327749,47.622465],[90.327437,47.623037],[90.327453,47.623059],[90.3496,47.6478],[90.349539,47.647825],[90.3448,47.658642],[90.32351,47.670166],[90.302116,47.678512],[90.250056,47.688222],[90.0829,47.7561],[90.063867,47.849362],[90.064352,47.85062],[90.060096,47.867842],[90.059857,47.868809],[90.059856,47.868811],[90.044612,47.879766],[90.003685,47.880368],[90.002496,47.880386],[89.96317,47.888654],[89.963133,47.888642],[89.946685,47.883177],[89.939037,47.870852],[89.938673,47.867384],[89.88914,47.824335],[89.889066,47.824317],[89.888757,47.8243],[89.75139,47.8243],[89.751296,47.824317],[89.740238,47.836151],[89.731143,47.864754],[89.723391,47.878164],[89.707268,47.889042],[89.682023,47.892651],[89.575442,47.997808],[89.571876,48.020455],[89.5418,48.031023],[89.503663,48.029989],[89.484756,48.025297],[89.456392,48.022461],[89.425425,48.021644],[89.409198,48.023116],[89.369201,48.038154],[89.354266,48.038774],[89.334268,48.032366],[89.285692,48.005598],[89.285368,48.005362],[89.0747,47.9843],[88.9323,48.097],[88.932257,48.097003],[88.916825,48.105954],[88.889282,48.110915],[88.831456,48.105153],[88.806537,48.105919],[88.8054,48.106],[88.804535,48.106379],[88.775335,48.120552],[88.709189,48.166363],[88.680664,48.17303],[88.656542,48.17125],[88.596204,48.197698],[88.5962,48.197703],[88.573,48.3253],[88.572963,48.325335],[88.565116,48.342993],[88.503048,48.392267],[88.50269,48.392551],[88.502529,48.392603],[88.479126,48.400148],[88.459127,48.398132],[88.439645,48.393714],[88.416701,48.394101],[88.416694,48.394104],[88.347213,48.440653],[88.332107,48.453994],[88.304975,48.46895],[88.304873,48.469006],[88.304829,48.469021],[88.235627,48.493191],[88.218762,48.494907],[88.069572,48.539778],[88.062511,48.542878],[88.058914,48.542984],[87.951839,48.575188],[87.95182,48.575202],[87.951814,48.575218],[88.017928,48.656876],[88.055018,48.673413],[88.063854,48.682611],[88.05941,48.708087],[88.059398,48.708097],[88.05939,48.708103],[88.033779,48.72912],[87.975488,48.755992],[87.95244,48.761107],[87.907585,48.758834],[87.841697,48.779349],[87.84159,48.779395],[87.801819,48.813918],[87.800511,48.830302],[87.796067,48.839759],[87.787489,48.84658],[87.77674,48.85118],[87.754726,48.857277],[87.7382,48.86914],[87.7379,48.8694],[87.743586,48.905114],[87.743615,48.905181],[87.743655,48.905227],[87.810106,48.937576],[87.835858,48.945902],[87.872426,48.967915],[87.87259,48.968014],[87.8726,48.96802],[87.872238,49.00409],[87.856942,49.015614],[87.837821,49.02042],[87.836044,49.021349],[87.816,49.0506],[87.816003,49.050771],[87.821078,49.071838],[87.829657,49.085997],[87.835548,49.100725],[87.832447,49.123876],[87.818099,49.153965]]}},{"type":"Feature","properties":{"level":"country","left_geo_key":"china","right_geo_key":"kazakhstan","left_area":954.894435,"right_area":328.561956,"min_area":328.561956,"max_area":954.894435},"geometry":{"type":"LineString","coordinates":[[87.3238,49.0853],[87.180707,49.115987],[87.161997,49.122791],[87.116797,49.129693],[87.1163,49.1298],[86.860099,49.105357],[86.859483,49.105324],[86.838193,49.093852],[86.821559,49.067106],[86.794147,49.039512],[86.760058,49.02011],[86.743521,49.007707],[86.727502,48.990344],[86.713859,48.969932],[86.709415,48.954222],[86.709416,48.954216],[86.709422,48.954169],[86.711585,48.937066],[86.718045,48.912519],[86.741868,48.878723],[86.7737,48.858518],[86.789462,48.839139],[86.788972,48.838517],[86.751626,48.797235],[86.746105,48.792837],[86.739181,48.783535],[86.739221,48.783182],[86.744498,48.703535],[86.669004,48.634242],[86.6211,48.603158],[86.605545,48.59011],[86.593556,48.574142],[86.579937,48.548739],[86.54642,48.517219],[86.546293,48.517185],[86.352464,48.48953],[86.333831,48.4904],[86.307432,48.483105],[86.307385,48.483092],[86.307372,48.483088],[86.30732,48.483055],[86.192111,48.418262],[86.19203,48.418234],[86.005995,48.429551],[85.783828,48.407603],[85.783686,48.407589],[85.783683,48.407589],[85.747406,48.390097],[85.718674,48.358832],[85.586383,48.141249],[85.586309,48.140918],[85.531628,47.970789],[85.528712,47.966608],[85.517808,47.944646],[85.515379,47.92028],[85.562797,47.744813],[85.5954,47.6241],[85.59098,47.570483],[85.579975,47.523767],[85.584574,47.493097],[85.584574,47.492942],[85.600232,47.463202],[85.670357,47.384344],[85.670406,47.384227],[85.673628,47.343232],[85.667205,47.326053],[85.670202,47.309051],[85.677516,47.293778],[85.678987,47.275065],[85.678987,47.274893],[85.668393,47.241872],[85.665584,47.227354],[85.660043,47.207717],[85.65966,47.206525],[85.659576,47.206467],[85.620262,47.195845],[85.601627,47.194433],[85.577494,47.189162],[85.556824,47.178749],[85.547109,47.162032],[85.546103,47.155376],[85.524785,47.108895],[85.516878,47.100304],[85.508093,47.082528],[85.506372,47.068747],[85.498615,47.051832],[85.432129,47.053124],[85.312068,47.040297],[85.301175,47.039625],[85.246145,47.044416],[85.225836,47.041574],[85.205114,47.033719],[85.205034,47.033657],[85.015689,46.91178],[84.990398,46.907681],[84.975774,46.901996],[84.959393,46.890886],[84.93681,46.861017],[84.936756,46.86099],[84.849362,46.840515],[84.840175,46.839132],[84.825905,46.835019],[84.7396,46.8148],[84.715533,46.835172],[84.715531,46.835179],[84.72442,46.850268],[84.738579,46.866159],[84.749586,46.882462],[84.751602,46.91799],[84.751598,46.917996],[84.751591,46.918007],[84.731655,46.947756],[84.699202,46.970235],[84.663584,46.983837],[84.663545,46.983852],[84.662787,46.983891],[84.616003,46.98628],[84.597309,46.983036],[84.457726,46.981213],[84.421803,46.993102],[84.405886,46.994239],[84.38935,46.993153],[84.388626,46.992998],[84.265843,47.00013],[84.15908,46.993257],[84.158718,46.993153],[84.158149,46.993102],[84.157839,46.992998],[84.117313,46.976768],[83.9053,46.974],[83.5245,47.0671],[83.524493,47.067102],[83.353392,47.144979],[83.31417,47.15795],[83.272986,47.164183],[83.150452,47.21148],[83.150356,47.211538],[83.126378,47.217584],[83.099093,47.219703],[83.071601,47.218514],[83.046899,47.214664],[83.021475,47.205905],[83.013516,47.194588],[83.01517,47.154384],[83.012173,47.142653],[83.001321,47.121363],[82.99822,47.110252],[82.99946,47.100046],[83.006282,47.080616],[83.005993,47.07683],[83.005018,47.068715],[82.990159,47.032169],[82.985508,47.012532],[82.98835,46.992998],[82.993363,46.975609],[82.991837,46.959005],[82.991801,46.958709],[82.991794,46.958692],[82.841378,46.735922],[82.838953,46.732446],[82.838033,46.730044],[82.730661,46.468266],[82.70785,46.434169],[82.701287,46.416858],[82.69163,46.373108],[82.674707,46.331849],[82.674364,46.331127],[82.607856,46.255214],[82.568272,46.19651],[82.541866,46.131501],[82.521292,46.021966],[82.4889,45.9017],[82.445256,45.822696],[82.372212,45.73416],[82.336038,45.635148],[82.304619,45.582852],[82.297148,45.554587],[82.297137,45.554545],[82.297116,45.554467],[82.291493,45.533191],[82.32746,45.493348],[82.327476,45.493348],[82.327615,45.493348],[82.32777,45.493297],[82.328483,45.49305],[82.362652,45.481204],[82.383403,45.479072],[82.631993,45.415802],[82.631997,45.415769],[82.614616,45.248756],[82.614574,45.248557],[82.5397,45.1237],[82.475813,45.115702],[82.475675,45.115763],[82.417655,45.144987],[82.341826,45.20489],[82.294594,45.228197],[82.245295,45.231814],[82.191758,45.222202],[82.093186,45.186815],[81.9501,45.1445],[81.949666,45.144634],[81.910121,45.15802],[81.891001,45.17373],[81.875343,45.181068],[81.807293,45.188715],[81.787276,45.232695],[81.781447,45.266644],[81.765169,45.307727],[81.739362,45.337964],[81.7393,45.3381],[81.6652,45.348],[80.980731,45.161127],[80.976018,45.161069],[80.853875,45.126503],[80.796462,45.132801],[80.745696,45.144274],[80.697478,45.143659],[80.6971,45.1437],[80.4676,45.1063],[80.467586,45.106291],[80.467574,45.106292],[80.445353,45.104225],[80.425096,45.092132],[80.415762,45.074419],[80.365,45.0432],[80.364963,45.043198],[80.29053,45.046244],[80.26485,45.038989],[80.150116,45.034164],[80.147593,45.034462],[80.104452,45.032244],[80.103379,45.032189],[80.103358,45.032188],[80.061707,45.018959],[80.023776,44.993275],[79.997508,44.97695],[79.878483,44.914848],[79.878152,44.914727],[79.858205,44.90372],[79.843043,44.87355],[79.843014,44.873493],[79.843012,44.873489],[79.868644,44.849357],[79.990924,44.794017],[79.991737,44.793649],[79.992033,44.793629],[80.039383,44.790497],[80.150858,44.807691],[80.244567,44.815988],[80.244745,44.815974],[80.244933,44.815907],[80.267922,44.806709],[80.314508,44.780317],[80.37793,44.762697],[80.4974,44.7149],[80.432075,44.686297],[80.411143,44.682803],[80.376313,44.67128],[80.355932,44.652958],[80.355849,44.652883],[80.355842,44.652826],[80.354506,44.641772],[80.359157,44.632574],[80.377131,44.61542],[80.3772,44.6153],[80.361866,44.562124],[80.337866,44.494029],[80.33044,44.45314],[80.330424,44.45305],[80.330443,44.452777],[80.332905,44.417393],[80.347814,44.362677],[80.3732,44.231],[80.373129,44.230773],[80.346031,44.158908],[80.3389,44.1215],[80.338899,44.121494],[80.345101,44.103097],[80.354003,44.094728],[80.422967,43.972483],[80.423132,43.972149],[80.423237,43.972004],[80.7127,43.4589],[80.643029,43.326446],[80.64286,43.32622],[80.658466,43.310639],[80.695984,43.303275],[80.735464,43.288883],[80.735544,43.288798],[80.759295,43.234401],[80.759959,43.218784],[80.76523,43.199948],[80.788174,43.168245],[80.788191,43.168184],[80.753418,43.104033],[80.753315,43.104019],[80.683949,43.119599],[80.660017,43.132821],[80.61868,43.13426],[80.618469,43.134267],[80.618199,43.134173],[80.575887,43.119411],[80.552184,43.10628],[80.432059,43.055524],[80.410213,43.048665],[80.369191,43.028961],[80.368148,43.02846],[80.368112,43.028384],[80.355126,43.000581],[80.373797,42.975231],[80.373829,42.975188],[80.373833,42.975182],[80.407732,42.954692],[80.476152,42.930275],[80.481542,42.929706],[80.554485,42.898906],[80.554482,42.898895],[80.274069,42.82316],[80.264899,42.823666],[80.248259,42.816199],[80.227485,42.790981],[80.219504,42.769368],[80.152549,42.66048],[80.152451,42.660369],[80.143769,42.644762],[80.140048,42.622955],[80.145423,42.607116],[80.153484,42.591536],[80.162373,42.552391],[80.173741,42.536914],[80.191723,42.517451],[80.205993,42.465444],[80.194722,42.446299],[80.196169,42.434594],[80.2187,42.354935],[80.225521,42.339019],[80.235547,42.324575],[80.248318,42.311189],[80.2684,42.238],[80.24911,42.204918],[80.249093,42.2049],[80.249086,42.204893],[80.210328,42.189519],[80.210838,42.188277]]}},{"type":"Feature","properties":{"level":"country","left_geo_key":"china","right_geo_key":"kyrgyzstan","left_area":954.894435,"right_area":21.401522,"min_area":21.401522,"max_area":954.894435},"geometry":{"type":"LineString","coordinates":[[80.210838,42.188277],[80.21653,42.174404],[80.219837,42.141873],[80.224591,42.125569],[80.235133,42.110945],[80.247432,42.098413],[80.2565,42.0844],[80.2312,42.0337],[80.086912,42.021846],[79.930862,42.023276],[79.879496,42.013199],[79.842909,42.00183],[79.826786,41.992244],[79.812833,41.97762],[79.803842,41.959998],[79.79979,41.946624],[79.747561,41.879779],[79.747514,41.879745],[79.74524,41.8795],[79.695421,41.875083],[79.655737,41.875843],[79.610985,41.867626],[79.610614,41.867428],[79.524234,41.828989],[79.489856,41.819257],[79.411148,41.778666],[79.411,41.7786],[79.348756,41.776853],[79.30413,41.787554],[79.282323,41.783497],[79.264856,41.774506],[79.264761,41.774439],[79.125688,41.713634],[79.088743,41.702546],[79.039329,41.675876],[78.954198,41.638655],[78.915834,41.63317],[78.897437,41.626272],[78.807313,41.578445],[78.672128,41.538448],[78.658278,41.532453],[78.645049,41.52372],[78.637401,41.512868],[78.632461,41.497986],[78.545432,41.459935],[78.51038,41.454422],[78.442283,41.414837],[78.378041,41.386749],[78.377675,41.386622],[78.359899,41.377527],[78.343466,41.362024],[78.339332,41.344041],[78.345572,41.330367],[78.349496,41.270462],[78.34946,41.270402],[78.331477,41.258723],[78.291582,41.240791],[78.275356,41.228854],[78.250345,41.200535],[78.231335,41.172856],[78.228323,41.16847],[78.07522,41.039685],[78.074955,41.039512],[78.074935,41.039506],[78.008757,41.04588],[77.997647,41.049795],[77.866699,41.064058],[77.831223,41.062979],[77.831042,41.062973],[77.819088,41.060021],[77.797556,41.054704],[77.79712,41.054527],[77.5035,40.9811],[77.464711,40.986037],[77.445226,40.993675],[77.388795,41.011658],[77.332985,41.02065],[77.301152,41.019306],[77.266803,41.011224],[77.008964,41.044039],[77.007733,41.044214],[76.900143,41.025766],[76.860972,41.013208],[76.834927,40.99352],[76.826476,40.984075],[76.815451,40.974774],[76.783974,40.957139],[76.766818,40.944685],[76.757446,40.925839],[76.7574,40.9258],[76.762496,40.847063],[76.762477,40.847017],[76.762098,40.846712],[76.742252,40.832494],[76.707286,40.817613],[76.674214,40.795444],[76.6479,40.7649],[76.647859,40.764851],[76.630805,40.728885],[76.627294,40.67509],[76.609401,40.597104],[76.556391,40.56569],[76.531173,40.534995],[76.498927,40.464611],[76.476499,40.436138],[76.476244,40.435946],[76.408418,40.395149],[76.361984,40.371904],[76.330191,40.34811],[76.290008,40.39161],[76.283333,40.417276],[76.273411,40.434122],[76.244209,40.441191],[76.244193,40.441194],[76.244162,40.441202],[76.243707,40.440812],[76.151575,40.368238],[76.151351,40.368131],[76.150849,40.368222],[76.128913,40.37308],[76.095231,40.387355],[76.07611,40.391954],[76.051616,40.390197],[76.051563,40.390178],[75.962422,40.357331],[75.949297,40.343068],[75.938031,40.326222],[75.925579,40.313341],[75.901978,40.298947],[75.901887,40.2989],[75.83559,40.300803],[75.79375,40.30891],[75.772046,40.31015],[75.750549,40.308342],[75.736316,40.303651],[75.6649,40.3057],[75.6402,40.3673],[75.669238,40.432261],[75.669314,40.432365],[75.666936,40.450245],[75.657221,40.461097],[75.651346,40.465304],[75.607883,40.54496],[75.605648,40.569411],[75.587665,40.611941],[75.559954,40.632802],[75.559863,40.63287],[75.559845,40.63287],[75.523793,40.63318],[75.481832,40.614111],[75.26324,40.480166],[75.253318,40.47598],[75.241536,40.474068],[75.229237,40.470347],[75.223966,40.462441],[75.220142,40.452984],[75.212494,40.444716],[75.212414,40.444701],[75.183595,40.445058],[75.175287,40.448127],[75.15658,40.458152],[75.13808,40.463888],[75.113172,40.460787],[75.071881,40.44644],[75.0024,40.4473],[74.952079,40.466675],[74.879181,40.505074],[74.856443,40.513187],[74.835359,40.511637],[74.832312,40.508116],[74.820063,40.493964],[74.816032,40.48368],[74.815102,40.480114],[74.807041,40.461769],[74.794638,40.440737],[74.787404,40.420738],[74.794627,40.405569],[74.7946,40.4055],[74.8621,40.3262],[74.786481,40.328667],[74.746683,40.336505],[74.724668,40.337539],[74.7058,40.3313],[74.705755,40.331286],[74.705646,40.331201],[74.612817,40.271911],[74.598681,40.266174],[74.565402,40.24695],[74.538868,40.224679],[74.333912,40.093772],[74.333788,40.09373],[74.333639,40.093712],[74.251186,40.100013],[74.237876,40.10391],[74.20315,40.109853],[74.167655,40.106396],[74.167596,40.10639],[74.166771,40.106127],[74.13287,40.095332],[74.131013,40.094364],[74.040998,40.064752],[74.003989,40.060812],[73.976704,40.043603],[73.9767,40.0436],[73.966368,40.033268],[73.957894,40.021434],[73.952106,40.008257],[73.951512,40.004613],[73.909244,39.939191],[73.907561,39.937873],[73.893195,39.918133],[73.892204,39.912815],[73.843335,39.837174],[73.83201,39.82372],[73.823112,39.805873],[73.823018,39.805685],[73.823015,39.80567],[73.818574,39.786048],[73.819814,39.766721],[73.829529,39.746981],[73.843068,39.740366],[73.856075,39.737892],[73.926629,39.59325],[73.926784,39.592882],[73.914945,39.578967],[73.899292,39.571539],[73.883066,39.561204],[73.870457,39.546786],[73.859192,39.524255],[73.85355,39.506809],[73.848029,39.489735],[73.838314,39.475679],[73.820744,39.468186],[73.632642,39.448343],[73.631919,39.428809],[73.642523,39.371976]]}},{"type":"Feature","properties":{"level":"country","left_geo_key":"china","right_geo_key":"tajikistan","left_area":954.894435,"right_area":14.644658,"min_area":14.644658,"max_area":954.894435},"geometry":{"type":"LineString","coordinates":[[73.642523,39.371976],[73.642564,39.371758],[73.64257,39.371658],[73.629079,39.307886],[73.610111,39.26546],[73.602256,39.235772],[73.607822,39.207402],[73.607837,39.207324],[73.608039,39.207048],[73.631402,39.175103],[73.656619,39.155775],[73.683258,39.12766],[73.691863,39.094462],[73.698168,39.078417],[73.70933,39.065472],[73.768654,39.029919],[73.801624,39.001445],[73.804094,39.000125],[73.8261,38.9769],[73.756289,38.92698],[73.739922,38.926927],[73.717185,38.918582],[73.702922,38.907032],[73.688969,38.89109],[73.680821,38.873015],[73.680807,38.872984],[73.680804,38.872977],[73.683698,38.854942],[73.695791,38.840111],[73.696784,38.83924],[73.735577,38.757305],[73.732688,38.737172],[73.736408,38.721669],[73.772272,38.674617],[73.779093,38.660199],[73.788602,38.618574],[73.797387,38.602839],[73.816403,38.586586],[73.83356,38.577956],[73.869734,38.566794],[73.887097,38.559043],[73.917276,38.53708],[73.932882,38.529665],[74.028759,38.527239],[74.028897,38.527236],[74.028978,38.527251],[74.045537,38.530414],[74.058681,38.546921],[74.0588,38.547],[74.044911,38.603455],[74.044917,38.603459],[74.084397,38.614027],[74.091425,38.620434],[74.092872,38.628754],[74.092666,38.637694],[74.095043,38.645756],[74.109099,38.662292],[74.109116,38.662301],[74.159433,38.664],[74.202013,38.652319],[74.221443,38.649709],[74.243768,38.6502],[74.31336,38.669199],[74.3134,38.6692],[74.8262,38.4696],[74.838285,38.379515],[74.838253,38.379416],[74.837407,38.378232],[74.824349,38.361152],[74.784303,38.325672],[74.774795,38.309627],[74.771074,38.29154],[74.771281,38.196274],[74.790676,38.081654],[74.790711,38.081449],[74.790781,38.081346],[74.809935,38.053208],[74.880408,38.021666],[74.891573,37.974426],[74.888793,37.930916],[74.89117,37.904251],[74.890756,37.897714],[74.89396,37.892262],[74.905226,37.886939],[74.913688,37.88085],[74.913695,37.880821],[74.913656,37.880687],[74.910302,37.87207],[74.894581,37.852109],[74.887346,37.848931],[74.883212,37.843867],[74.886106,37.83056],[74.89117,37.823041],[74.891206,37.823014],[74.896368,37.819124],[74.898405,37.817589],[74.898428,37.817579],[74.965157,37.767533],[74.965171,37.767463],[74.965167,37.767453],[74.943033,37.735552],[74.938609,37.730825],[74.931891,37.721575],[74.930512,37.717507],[74.8861,37.6535],[74.886105,37.653458],[74.882178,37.634422],[74.891893,37.599205],[74.915044,37.570731],[74.945223,37.548562],[74.9896,37.527917],[75.092046,37.453171],[75.103973,37.44061],[75.132499,37.418492],[75.163784,37.40083],[75.164068,37.400623],[75.115239,37.387797],[75.091778,37.378443],[75.079582,37.361235],[75.078535,37.345599],[74.989918,37.288636],[74.975402,37.284289],[74.951528,37.281291],[74.932924,37.272506],[74.923726,37.255195],[74.91268,37.239013],[74.912667,37.238994],[74.892307,37.231114],[74.892286,37.23111]]}},{"type":"Feature","properties":{"level":"country","left_geo_key":"afghanistan","right_geo_key":"china","left_area":62.585977,"right_area":954.894435,"min_area":62.585977,"max_area":954.894435},"geometry":{"type":"LineString","coordinates":[[74.892286,37.23111],[74.892165,37.231086],[74.7833,37.2197],[74.783189,37.219807],[74.743995,37.288397],[74.737381,37.296123],[74.721464,37.297776],[74.709372,37.290826],[74.709316,37.290769],[74.574596,37.24184],[74.532225,37.232199],[74.500083,37.23163],[74.487267,37.225946],[74.476622,37.210055],[74.474597,37.205521],[74.382392,37.172033],[74.38226,37.172047],[74.368308,37.167061],[74.366137,37.14776],[74.38257,37.126572],[74.382989,37.126325],[74.5192,37.0302],[74.530808,37.025947],[74.542354,37.021669],[74.542399,37.021688]]}},{"type":"Feature","properties":{"level":"country","left_geo_key":"china","right_geo_key":"pakistan","left_area":954.894435,"right_area":81.708298,"min_area":81.708298,"max_area":954.894435},"geometry":{"type":"LineString","coordinates":[[74.542399,37.021688],[74.542487,37.021724],[74.60029,37.03751],[74.62607,37.042753],[74.66245,37.054484],[74.662629,37.054452],[74.68198,37.047228],[74.692216,37.03588],[74.719191,37.01645],[74.766668,37.015614],[74.8243,36.9941],[74.866755,36.916682],[74.866779,36.916559],[74.87236,36.907102],[74.885796,36.911443],[74.891997,36.920977],[74.9001,36.947668],[74.924971,36.970873],[74.925077,36.97091],[75.1001,36.9941],[75.134741,36.983302],[75.161231,36.964205],[75.195131,36.948883],[75.305256,36.930152],[75.350754,36.91597],[75.351297,36.915784],[75.351312,36.915772],[75.403044,36.791961],[75.403387,36.784784],[75.410518,36.747319],[75.431867,36.72298],[75.431912,36.722928],[75.431981,36.722925],[75.49258,36.720705],[75.498885,36.72763],[75.501882,36.737965],[75.507439,36.746772],[75.5705,36.7667],[75.7287,36.7232],[75.874633,36.619619],[75.874779,36.619471],[75.886005,36.602176],[75.9768,36.4618],[75.976811,36.461756],[75.981083,36.445444],[75.981099,36.445384],[75.974253,36.365568],[75.968623,36.341814],[75.968828,36.302328],[75.96883,36.301971],[75.96888,36.301875],[75.976582,36.286985],[75.981632,36.281852],[76.0144,36.2304],[76.014385,36.230384],[76.001593,36.222131],[75.983403,36.215413],[75.97007,36.202339],[75.96914,36.191694],[75.972624,36.184137],[75.921494,36.127515],[75.91457,36.123894],[75.901444,36.113611],[75.894339,36.097443],[75.894313,36.097384],[75.894317,36.09736],[75.899997,36.063485],[75.922321,36.031652],[75.953017,36.007261],[75.984333,35.995633],[76.045078,35.992458],[76.089962,35.978112],[76.090055,35.977975],[76.123974,35.901256],[76.127787,35.862102],[76.138122,35.826652],[76.165962,35.806287],[76.166027,35.806239],[76.166264,35.806227],[76.189799,35.804999],[76.219628,35.81161],[76.267926,35.816481],[76.280542,35.814249],[76.296562,35.809495],[76.311962,35.80965],[76.335569,35.823305],[76.3841,35.8282],[76.384102,35.828202],[76.403119,35.830992],[76.410354,35.836832],[76.414638,35.84302],[76.459739,35.864908],[76.476499,35.865254],[76.500167,35.871507],[76.537087,35.902445],[76.5372,35.9025],[76.556567,35.815348],[76.55112,35.784018],[76.570757,35.751256],[76.571636,35.750848],[76.740767,35.659345],[76.745424,35.655034],[76.763407,35.647076],[76.763414,35.647076]]}},{"type":"Feature","properties":{"level":"country","left_geo_key":"egypt","right_geo_key":"israel","left_area":90.759361,"right_area":2.106723,"min_area":2.106723,"max_area":90.759361},"geometry":{"type":"LineString","coordinates":[[34.4804,30.6512],[34.532845,30.404689],[34.5884,30.3588],[34.591553,30.351238],[34.694923,30.103296],[34.7304,30.0182],[34.869907,29.532807]]}},{"type":"Feature","properties":{"level":"country","left_geo_key":"israel","right_geo_key":"jordan","left_area":2.106723,"right_area":8.383807,"min_area":2.106723,"max_area":8.383807},"geometry":{"type":"MultiLineString","coordinates":[[[34.999339,29.725922],[35.0863,30.034],[35.1453,30.1234],[35.14,30.4302],[35.4385,31.1037],[35.3957,31.2577],[35.456362,31.431388],[35.457189,31.43869],[35.4581,31.4919],[35.452216,31.491485]],[[35.4069,32.4148],[35.552,32.3953],[35.56,32.6327],[35.579973,32.643981],[35.6122,32.6815],[35.6118,32.6819],[35.748853,32.73936],[35.7576,32.7443]]]}},{"type":"Feature","properties":{"level":"country","left_geo_key":"israel","right_geo_key":"palestine","left_area":2.106723,"right_area":0.569697,"min_area":0.569697,"max_area":2.106723},"geometry":{"type":"MultiLineString","coordinates":[[[35.452216,31.491485],[35.3901,31.4871],[35.1649,31.3623],[34.8788,31.3628],[34.971003,31.623069],[35.027467,31.66323],[35.14027,31.731979],[35.175891,31.729239],[35.241022,31.724229],[35.2492,31.7236],[35.251229,31.736564],[35.26,31.7926],[35.215902,31.860884],[35.2053,31.8773],[35.191383,31.846408],[35.147224,31.820337],[35.0763,31.8542],[35.059995,31.851377],[35.046751,31.849083],[35.008085,31.842388],[35.012455,31.851749],[35.0343,31.8611],[35.028805,31.886765],[35.019633,31.929607],[35.002654,32.008913],[34.9614,32.2016],[35.0003,32.232],[35.004096,32.249279],[35.008455,32.269121],[35.040043,32.412902],[35.053373,32.440488],[35.142798,32.506347],[35.202154,32.539048],[35.3929,32.4945],[35.4069,32.4148]],[[34.4812,31.5831],[34.556,31.5398],[34.3673,31.3928],[34.353577,31.306195]]]}},{"type":"Feature","properties":{"level":"country","left_geo_key":"israel","right_geo_key":"syria","left_area":2.106723,"right_area":18.379157,"min_area":2.106723,"max_area":18.379157},"geometry":{"type":"LineString","coordinates":[[35.7576,32.7443],[35.8881,32.9449],[35.8115,33.1119],[35.813774,33.121399],[35.8302,33.19],[35.7686,33.2727],[35.784244,33.32271],[35.7638,33.3344],[35.796244,33.361072],[35.802633,33.381495]]}},{"type":"Feature","properties":{"level":"country","left_geo_key":"israel","right_geo_key":"lebanon","left_area":2.106723,"right_area":0.976124,"min_area":0.976124,"max_area":2.106723},"geometry":{"type":"LineString","coordinates":[[35.802633,33.381495],[35.8057,33.3913],[35.6181,33.2561],[35.5495,33.281],[35.540931,33.257096],[35.5369,33.2579],[35.4851,33.1026],[35.3452,33.0556],[35.274187,33.099537],[35.2715,33.1012],[35.1052,33.089]]}},{"type":"Feature","properties":{"level":"country","left_geo_key":"jordan","right_geo_key":"palestine","left_area":8.383807,"right_area":0.569697,"min_area":0.569697,"max_area":8.383807},"geometry":{"type":"LineString","coordinates":[[35.452216,31.491485],[35.4587,31.4944],[35.4801,31.6411],[35.5594,31.7653],[35.5228,32.0578],[35.561,32.3847],[35.4069,32.4148]]}},{"type":"Feature","properties":{"level":"country","left_geo_key":"lebanon","right_geo_key":"syria","left_area":0.976124,"right_area":18.379157,"min_area":0.976124,"max_area":18.379157},"geometry":{"type":"LineString","coordinates":[[35.802633,33.381495],[35.9195,33.4624],[35.9332,33.5278],[36.0385,33.5863],[35.9216,33.6403],[35.9484,33.7092],[35.997408,33.745691],[36.1383,33.8506],[36.3696,33.837],[36.2816,33.8911],[36.28264,33.899333],[36.2886,33.9465],[36.3911,34.0447],[36.4807,34.0628],[36.5982,34.2099],[36.5159,34.3616],[36.521856,34.401286],[36.5092,34.4324],[36.490644,34.447549],[36.422815,34.496072],[36.409908,34.498333],[36.340001,34.510579],[36.3199,34.5141],[36.4402,34.6294],[36.3675,34.6292],[36.3238,34.6795],[36.211692,34.629207],[36.2012,34.6245],[36.166118,34.63104]]}},{"type":"Feature","properties":{"level":"country","left_geo_key":"ethiopia","right_geo_key":"southsudan","left_area":92.716268,"right_area":51.360447,"min_area":51.360447,"max_area":92.716268},"geometry":{"type":"LineString","coordinates":[[34.0707,9.4546],[34.083104,9.204702],[34.0902,8.5565],[33.9708,8.4454],[33.750567,8.37036],[33.735231,8.371067],[33.642546,8.434809],[33.606381,8.459681],[33.6001,8.464],[33.2352,8.4556],[33.217191,8.431385],[33.163116,8.358676],[33.1612,8.3561],[33.198149,8.240958],[33.1999,8.2355],[33.182508,8.152081],[33.178976,8.135137],[33.096129,8.054479],[33.0311,7.9963],[33.022696,7.980204],[32.994254,7.925731],[32.9898,7.9172],[33.015,7.8506],[33.056139,7.800626],[33.0583,7.798],[33.2339,7.7832],[33.2916,7.7331],[33.4623,7.7495],[33.7066,7.6619],[34.0065,7.4099],[34.04,7.2473],[34.1814,7.1672],[34.205432,7.057104],[34.206,7.0545],[34.229714,7.032262],[34.288847,6.976808],[34.2976,6.9686],[34.5037,6.89],[34.5247,6.7529],[34.7035,6.6849],[34.8447,6.2487],[34.952667,6.072676],[34.9844,5.841],[35.088863,5.641304],[35.0987,5.6225],[35.262,5.5119],[35.2546,5.4259],[35.286328,5.380432],[35.294441,5.368806],[35.3024,5.3574],[35.306836,5.359351],[35.4693,5.4308],[35.803326,5.311168],[35.7516,4.8544],[35.88609,4.6562],[35.911101,4.619342]]}},{"type":"Feature","properties":{"level":"country","left_geo_key":"ethiopia","right_geo_key":"kenya","left_area":92.716268,"right_area":47.645481,"min_area":47.645481,"max_area":92.716268},"geometry":{"type":"LineString","coordinates":[[35.911101,4.619342],[35.9228,4.6021],[35.9338,4.5222],[35.938583,4.518833],[36.0453,4.4437],[36.8884,4.416297],[36.920009,4.404951],[37.085777,4.294676],[37.212938,4.210084],[38.076805,3.63541],[38.111553,3.612294],[38.1141,3.6106],[38.446,3.6017],[38.509,3.6508],[38.5471,3.6095],[38.6603,3.5945],[38.661,3.622],[38.722,3.5604],[38.8952,3.5136],[39.089664,3.518282],[39.2194,3.4687],[39.301313,3.490939],[39.314811,3.488083],[39.3113,3.4661],[39.4362,3.4624],[39.5044,3.4033],[39.7642,3.6857],[39.8485,3.8673],[40.7637,4.2849],[41.163,3.9427],[41.6998,3.9969],[41.8359,3.9495],[41.856698,3.961233]]}},{"type":"Feature","properties":{"level":"country","left_geo_key":"ethiopia","right_geo_key":"somalia","left_area":92.716268,"right_area":38.447479,"min_area":38.447479,"max_area":92.716268},"geometry":{"type":"LineString","coordinates":[[41.856698,3.961233],[41.9412,4.0862],[42.079199,4.176407],[42.8316,4.3023],[42.8996,4.3611],[42.9604,4.5174],[43.1193,4.6477],[43.5285,4.8416],[43.934256,4.945135],[44.9415,4.9115],[46.4239,6.4967],[47.9792,7.9966]]}},{"type":"Feature","properties":{"level":"country","left_geo_key":"ethiopia","right_geo_key":"somaliland","left_area":92.716268,"right_area":13.793141,"min_area":13.793141,"max_area":92.716268},"geometry":{"type":"LineString","coordinates":[[47.9792,7.9966],[46.9792,7.9966],[44.005989,9.001141],[43.6215,9.3369],[43.419,9.413],[43.3707,9.5442],[43.2488,9.6523],[43.1872,9.8833],[43.0677,9.9225],[42.9819,10.0916],[42.8363,10.2081],[42.7658,10.4519],[42.6486,10.611],[42.9012,10.9366],[42.906846,10.991911]]}},{"type":"Feature","properties":{"level":"country","left_geo_key":"djibouti","right_geo_key":"ethiopia","left_area":1.812307,"right_area":92.716268,"min_area":1.812307,"max_area":92.716268},"geometry":{"type":"LineString","coordinates":[[42.906846,10.991911],[42.9081,11.0042],[42.832516,10.995846],[42.764513,11.025269],[42.7296,11.065],[42.624509,11.085845],[42.611775,11.088371],[42.6081,11.0891],[42.3767,11.0067],[42.0963,10.9903],[41.931509,10.932058],[41.774368,10.991276],[41.788,11.2597],[41.7491,11.538],[41.7924,11.7045],[41.9364,11.8274],[42.3795,12.4659]]}},{"type":"Feature","properties":{"level":"country","left_geo_key":"eritrea","right_geo_key":"ethiopia","left_area":10.326436,"right_area":92.716268,"min_area":10.326436,"max_area":92.716268},"geometry":{"type":"LineString","coordinates":[[42.3795,12.4659],[42.1849,12.733],[41.9466,12.8762],[41.7118,13.2479],[41.192,13.6159],[41.0436,13.8725],[40.8332,14.106],[40.464974,14.256117],[40.4216,14.2738],[40.221088,14.424537],[40.1944,14.4446],[40.12785,14.457724],[40.094959,14.464211],[40.0869,14.4658],[40.03155,14.452443],[39.902948,14.428576],[39.7969,14.4951],[39.6509,14.4966],[39.5323,14.5676],[39.4486,14.5051],[39.2934,14.4903],[39.290685,14.488703],[39.2082,14.4402],[39.1275,14.6022],[39.0097,14.6512],[38.9938,14.5852],[38.883141,14.505911],[38.50304,14.430477],[38.442175,14.419877],[38.319569,14.514537],[38.2293,14.6797],[38.040093,14.717694],[37.995498,14.739482],[37.8915,14.8795],[37.565,14.1167],[37.2938,14.4574],[37.141445,14.425112],[37.1211,14.4208],[37.054246,14.279209],[37.046619,14.276691],[36.8164,14.3321],[36.781011,14.323729],[36.5264,14.2635]]}},{"type":"Feature","properties":{"level":"country","left_geo_key":"ethiopia","right_geo_key":"sudan","left_area":92.716268,"right_area":156.949224,"min_area":92.716268,"max_area":156.949224},"geometry":{"type":"LineString","coordinates":[[36.5264,14.2635],[36.437261,13.985967],[36.4582,13.8201],[36.3913,13.5994],[36.2336,13.3616],[36.1384,13.0133],[36.1236,12.7214],[35.693526,12.652283],[35.3537,12.146],[35.3174,12.0237],[35.2156,11.8966],[35.066244,11.800497],[35.05987,11.782327],[35.0731,11.549],[34.949689,11.265575],[34.960821,11.225471],[34.977502,11.165378],[34.9803,11.1553],[34.9143,10.964],[34.945058,10.883895],[34.9507,10.8692],[34.8513,10.7458],[34.7729,10.6883],[34.764468,10.704237],[34.7374,10.7554],[34.5578,10.8778],[34.408403,10.763029],[34.2795,10.5655],[34.3259,10.2236],[34.0982,9.6797],[34.0707,9.4546]]}},{"type":"Feature","properties":{"level":"country","left_geo_key":"southsudan","right_geo_key":"sudan","left_area":51.360447,"right_area":156.949224,"min_area":51.360447,"max_area":156.949224},"geometry":{"type":"LineString","coordinates":[[34.0707,9.4546],[33.9009,9.4553],[33.894234,9.470307],[33.8814,9.4992],[33.9049,9.7107],[33.968947,9.852184],[33.967772,9.959002],[33.962061,10.059403],[33.952221,10.084538],[33.905558,10.184585],[33.660109,10.400936],[33.379627,10.643106],[33.1507,10.731],[33.151689,10.734534],[33.1821,10.8432],[33.0829,11.5846],[33.129806,11.680876],[33.2092,12.2104],[32.73328,12.194993],[32.7467,12.0027],[32.0822,11.9998],[32.3452,11.7091],[32.345222,11.706631],[32.3488,11.3076],[32.4307,11.0822],[31.93795,10.644058],[31.8642,10.4721],[31.6648,10.2142],[31.2348,9.7923],[31.1644,9.764],[30.7791,9.7199],[30.4846,9.972],[30.013,10.2705],[29.6154,10.0581],[29.6139,9.9145],[29.4831,9.7617],[29.1323,9.6677],[28.9138,9.529],[28.8287,9.4275],[28.8438,9.3245],[28.0451,9.3314],[27.8951,9.5954],[27.0804,9.6068],[26.6257,9.4807],[26.1795,9.959],[26.1026,9.9878],[26.10234,9.988185],[26.0167,10.1149],[25.9197,10.1679],[25.888008,10.35538],[25.870928,10.37912],[25.831984,10.416184],[25.671482,10.392859],[25.536145,10.369897],[25.082335,10.287864],[24.9763,9.9674],[24.798859,9.804069],[24.79344,9.682458],[24.7944,9.5322],[24.78624,9.520854],[24.6802,9.3734],[24.661,9.1823],[24.656923,9.175161],[24.656,9.1673],[24.564854,9.004899],[24.5584,8.8867],[24.54401,8.883202],[24.4029,8.8489],[24.401806,8.848267],[24.242279,8.755886],[24.183,8.7179],[24.20901,8.692096]]}},{"type":"Feature","properties":{"level":"country","left_geo_key":"centralafricanrepublic","right_geo_key":"southsudan","left_area":50.517002,"right_area":51.360447,"min_area":50.517002,"max_area":51.360447},"geometry":{"type":"LineString","coordinates":[[24.20901,8.692096],[24.220809,8.680391],[24.238965,8.615512],[24.242023,8.586247],[24.185319,8.498224],[24.1372,8.4389],[24.13886,8.426105],[24.1529,8.3179],[24.3321,8.2457],[24.4311,8.2714],[24.5129,8.2071],[24.8002,8.1803],[25.0592,7.8961],[25.2169,7.8641],[25.275,7.642],[25.1652,7.5799],[25.1904,7.5012],[25.36,7.3356],[25.422596,7.305583],[25.8607,7.0955],[25.941173,7.038568],[26.0323,6.9741],[26.046218,6.940119],[26.088148,6.837751],[26.0912,6.8303],[26.378,6.6533],[26.287725,6.432326],[26.2851,6.4259],[26.290505,6.420647],[26.398559,6.315618],[26.463471,6.252524],[26.5095,6.1864],[26.4213,6.0937],[26.488697,6.099005],[26.510181,6.082272],[26.5436,6.0308],[26.588335,6.021399],[26.7763,5.9819],[26.8189,5.8946],[26.841564,5.885241],[26.845124,5.883772],[27.01209,5.814827],[27.102872,5.777342],[27.117467,5.771315],[27.200096,5.647859],[27.2113,5.5949],[27.242885,5.583928],[27.257307,5.562381],[27.2201,5.4131],[27.274654,5.249349],[27.2809,5.2306],[27.333361,5.187191],[27.404176,5.112213],[27.418311,5.087916]]}},{"type":"Feature","properties":{"level":"country","left_geo_key":"democraticrepublicofthecongo","right_geo_key":"southsudan","left_area":189.832603,"right_area":51.360447,"min_area":51.360447,"max_area":189.832603},"geometry":{"type":"LineString","coordinates":[[27.418311,5.087916],[27.424338,5.077555],[27.4413,5.0707],[27.439613,5.051299],[27.506665,4.936039],[27.520769,4.920573],[27.599262,4.89733],[27.641,4.8909],[27.644992,4.883789],[27.674126,4.831889],[27.685155,4.812242],[27.7442,4.7878],[27.745707,4.77895],[27.7526,4.7777],[27.764449,4.668845],[27.7769,4.5957],[27.779049,4.59454],[28.014,4.55],[28.0497,4.4191],[28.1017,4.4421],[28.167124,4.360299],[28.3032,4.3522],[28.368023,4.288536],[28.625475,4.425136],[28.6952,4.5326],[28.7469,4.5493],[28.771269,4.524005],[28.805457,4.488517],[28.909083,4.487958],[28.9862,4.4959],[29.2213,4.3407],[29.265733,4.380976],[29.334487,4.443299],[29.44594,4.648076],[29.4492,4.6571],[29.450779,4.656968],[29.548358,4.648795],[29.6068,4.6439],[29.76266,4.571756],[29.774585,4.566237],[29.7967,4.556],[29.7878,4.3688],[29.9303,4.3087],[29.932105,4.239832],[30.1227,4.1025],[30.200518,3.960239],[30.496942,3.875571],[30.5155,3.8708],[30.515655,3.870226],[30.528287,3.823349],[30.5629,3.6949],[30.543,3.6129],[30.755658,3.659625],[30.7651,3.6617],[30.793122,3.594285],[30.839911,3.512682],[30.848626,3.513811],[30.877555,3.517559]]}},{"type":"Feature","properties":{"level":"country","left_geo_key":"southsudan","right_geo_key":"uganda","left_area":51.360447,"right_area":19.601318,"min_area":19.601318,"max_area":51.360447},"geometry":{"type":"LineString","coordinates":[[30.877555,3.517559],[30.867378,3.544549],[30.951358,3.68221],[31.189242,3.78171],[31.247285,3.777588],[31.5054,3.6599],[31.6685,3.705],[31.775766,3.810645],[31.9019,3.7043],[31.9437,3.5913],[32.1558,3.5118],[32.1878,3.6192],[32.3718,3.7311],[32.7564,3.769],[32.9796,3.8792],[33.1645,3.7631],[33.186385,3.762201],[33.4906,3.7497],[33.9771,4.2197]]}},{"type":"Feature","properties":{"level":"country","left_geo_key":"kenya","right_geo_key":"southsudan","left_area":47.645481,"right_area":51.360447,"min_area":47.645481,"max_area":51.360447},"geometry":{"type":"LineString","coordinates":[[33.9771,4.2197],[34.3812,4.6202],[35.2457,4.9817],[35.2634,4.9485],[35.4116,5.0304],[35.4337,5.0038],[35.3961,4.9264],[35.5708,4.9043],[35.5222,4.7805],[35.611661,4.620287],[35.6121,4.6195],[35.7004,4.5891],[35.7394,4.6811],[35.7784,4.6783],[35.7812,4.6199],[35.911101,4.619342]]}},{"type":"Feature","properties":{"level":"country","left_geo_key":"kenya","right_geo_key":"somalia","left_area":47.645481,"right_area":38.447479,"min_area":38.447479,"max_area":47.645481},"geometry":{"type":"LineString","coordinates":[[41.856698,3.961233],[41.885,3.9772],[41.3427,3.2011],[40.9798,2.82887],[40.9798,-0.8708],[41.5229,-1.5728],[41.5359,-1.6763],[41.533419,-1.679288]]}},{"type":"Feature","properties":{"level":"country","left_geo_key":"somalia","right_geo_key":"somaliland","left_area":38.447479,"right_area":13.793141,"min_area":13.793141,"max_area":38.447479},"geometry":{"type":"LineString","coordinates":[[48.9391,11.2491],[48.9391,9.4512],[47.9792,7.9966]]}},{"type":"Feature","properties":{"level":"country","left_geo_key":"kenya","right_geo_key":"uganda","left_area":47.645481,"right_area":19.601318,"min_area":19.601318,"max_area":47.645481},"geometry":{"type":"LineString","coordinates":[[33.9771,4.2197],[34.008103,4.20058],[34.09785,3.982027],[34.105866,3.955674],[34.1096,3.9434],[34.091021,3.89388],[34.0848,3.8773],[34.205,3.8745],[34.152808,3.819323],[34.1508,3.8172],[34.166273,3.786254],[34.170768,3.777265],[34.1737,3.7714],[34.233627,3.777843],[34.2416,3.7787],[34.284618,3.712146],[34.2904,3.7032],[34.348896,3.725113],[34.4464,3.6467],[34.4345,3.5262],[34.388755,3.473645],[34.3821,3.466],[34.434,3.182],[34.537316,3.10368],[34.5747,2.9461],[34.583387,2.934364],[34.5847,2.9287],[34.616698,2.889362],[34.633079,2.869223],[34.6405,2.8601],[34.730695,2.838022],[34.8187,2.598],[34.870413,2.59182],[34.917539,2.463735],[34.8656,2.3475],[35.000185,1.914512],[34.989118,1.791595],[34.974585,1.669978],[34.779,1.3885],[34.7979,1.2319],[34.66479,1.196871],[34.663,1.1964],[34.652701,1.189094],[34.481483,1.067638],[34.4772,1.0646],[34.468912,1.033771],[34.408224,0.870282],[34.307673,0.768671],[34.306311,0.767295],[34.2984,0.7593],[34.2521,0.655],[34.1496,0.6036],[34.0766,0.3338],[33.896334,0.09774],[33.8905,0.0901],[33.9535,-0.1544],[33.8948,-0.6627],[33.904189,-1.0022]]}},{"type":"Feature","properties":{"level":"country","left_geo_key":"kenya","right_geo_key":"unitedrepublicoftanzania","left_area":47.645481,"right_area":77.054372,"min_area":47.645481,"max_area":77.054372},"geometry":{"type":"LineString","coordinates":[[33.904189,-1.0022],[33.9804,-1.0026],[37.6449,-3.046],[37.7001,-3.3144],[37.614008,-3.388279],[37.585879,-3.41835],[37.596128,-3.499129],[37.59625,-3.499716],[37.665209,-3.521754],[37.713126,-3.537068],[37.7223,-3.54],[37.771,-3.6554],[39.149184,-4.641535]]}},{"type":"Feature","properties":{"level":"country","left_geo_key":"malawi","right_geo_key":"unitedrepublicoftanzania","left_area":9.93507,"right_area":77.054372,"min_area":9.93507,"max_area":77.054372},"geometry":{"type":"LineString","coordinates":[[34.9646,-11.5736],[34.958523,-11.553795],[34.895493,-11.397458],[34.867376,-11.369686],[34.783305,-11.344695],[34.7722,-11.3444],[34.770761,-11.340966],[34.7166,-11.2117],[34.712471,-11.207722],[34.6211,-11.1197],[34.598799,-10.99599],[34.5979,-10.991],[34.61872,-10.926569],[34.671245,-10.743526],[34.5794,-10.5265],[34.5853,-10.3007],[34.529756,-10.033154],[34.3179,-9.7192],[34.0127,-9.4775],[33.9459,-9.55],[33.9513,-9.6736],[33.9119,-9.718],[33.7346,-9.5841],[33.439,-9.6215],[33.431405,-9.61442],[33.3003,-9.4922],[33.143174,-9.491613],[33.113,-9.4915],[32.9923,-9.3914],[32.9209,-9.4079]]}},{"type":"Feature","properties":{"level":"country","left_geo_key":"malawi","right_geo_key":"zambia","left_area":9.93507,"right_area":62.798491,"min_area":9.93507,"max_area":62.798491},"geometry":{"type":"LineString","coordinates":[[32.9209,-9.4079],[32.934234,-9.47208],[32.992,-9.5018],[32.984476,-9.545072],[32.986324,-9.608669],[33.0583,-9.6543],[33.0983,-9.5885],[33.1754,-9.6023],[33.178425,-9.61144],[33.2167,-9.7271],[33.337,-9.8237],[33.338305,-9.827127],[33.342736,-9.838763],[33.3656,-9.8988],[33.325295,-10.006934],[33.318321,-10.074186],[33.5333,-10.2312],[33.555603,-10.380262],[33.643474,-10.526029],[33.6735,-10.5694],[33.671166,-10.571966],[33.488869,-10.772398],[33.4805,-10.7816],[33.3326,-10.8136],[33.2326,-10.8833],[33.2803,-10.9133],[33.3037,-11.0346],[33.3909,-11.1648],[33.2736,-11.4094],[33.272025,-11.409075],[33.2652,-11.4231],[33.237103,-11.417867],[33.22161,-11.51014],[33.216443,-11.56576],[33.3026,-11.6097],[33.314,-11.7722],[33.260455,-12.154593],[33.3495,-12.3279],[33.5256,-12.3353],[33.5181,-12.3718],[33.3504,-12.5327],[33.2632,-12.5285],[33.1813,-12.6082],[33.171971,-12.604437],[33.1228,-12.5846],[33.0248,-12.6127],[32.944875,-12.76281],[32.945929,-12.802693],[32.952852,-12.849703],[33.0136,-12.9172],[32.968648,-13.126975],[32.9928,-13.2164],[32.9379,-13.2559],[32.8743,-13.4432],[32.8191,-13.4717],[32.8,-13.5371],[32.6633,-13.5963],[32.7699,-13.6469],[32.8078,-13.6992],[32.800333,-13.712201],[32.763,-13.7772],[32.8594,-13.8081],[32.868653,-13.818472],[32.892288,-13.844966],[32.9239,-13.8804],[32.931569,-13.897586],[32.975872,-13.996875],[32.99042,-14.029479],[33.009911,-14.041211],[33.1303,-13.9306],[33.143325,-13.945586],[33.2027,-14.0139]]}},{"type":"Feature","properties":{"level":"country","left_geo_key":"malawi","right_geo_key":"mozambique","left_area":9.93507,"right_area":67.160931,"min_area":9.93507,"max_area":67.160931},"geometry":{"type":"MultiLineString","coordinates":[[[33.2027,-14.0139],[33.2802,-14.0608],[33.314513,-14.192914],[33.372433,-14.280145],[33.447205,-14.389403],[33.49614,-14.442605],[33.6624,-14.607],[33.6992,-14.4962],[33.714503,-14.501627],[33.8024,-14.5328],[34.00328,-14.486679],[34.080828,-14.468874],[34.358871,-14.405037],[34.3721,-14.402],[34.460597,-14.526502],[34.504267,-14.587939],[34.5181,-14.6074],[34.514171,-14.637075],[34.5842,-14.9845],[34.580502,-14.994225],[34.5823,-15.0013],[34.553165,-15.106185],[34.559084,-15.200171],[34.5691,-15.2712],[34.563982,-15.277962],[34.4101,-15.4813],[34.404,-15.6468],[34.2471,-15.7941],[34.2332,-15.8898],[34.4045,-16.0597],[34.3852,-16.1865],[34.4265,-16.2739],[34.5247,-16.3008],[34.714512,-16.520121],[34.7321,-16.5292],[34.9009,-16.7333],[35.0045,-16.8146],[35.1183,-16.8334],[35.1251,-16.9329],[35.0365,-17.0359],[35.074407,-17.11053],[35.255261,-17.126236],[35.294391,-17.1089],[35.307475,-17.009206],[35.307882,-16.993592],[35.276,-16.9552],[35.3102,-16.8506],[35.275876,-16.698929],[35.1685,-16.6171],[35.1319,-16.5376],[35.144747,-16.529285],[35.1447,-16.5291],[35.218279,-16.465619],[35.2588,-16.2715],[35.272882,-16.255631],[35.353441,-16.164845],[35.3746,-16.141],[35.38068,-16.140138],[35.413067,-16.135545],[35.4564,-16.1294],[35.495061,-16.1645],[35.50767,-16.168953],[35.54565,-16.156581],[35.740923,-16.063384],[35.786439,-16.027189],[35.8405,-15.4172],[35.7842,-15.1718],[35.9043,-14.8869],[35.8699,-14.8856],[35.868868,-14.878085],[35.8356,-14.6358],[35.0841,-13.7042],[34.863656,-13.516274],[34.844269,-13.514199],[34.648599,-13.493256],[34.6406,-13.4924],[34.5453,-13.3257],[34.4945,-12.6874],[34.3556,-12.2049],[34.363434,-12.172603],[34.373463,-12.131261],[34.3801,-12.1039],[34.5638,-11.8309],[34.6167,-11.5783],[34.9646,-11.5736]],[[34.662362,-12.081462],[34.6941,-12.0004],[34.728504,-12.020498],[34.752614,-12.055808],[34.732,-12.088473],[34.702292,-12.113364],[34.662362,-12.081462]],[[34.58581,-12.044071],[34.5616,-11.9786],[34.6275,-11.9873],[34.612987,-12.062698],[34.605843,-12.066591],[34.58581,-12.044071]]]}},{"type":"Feature","properties":{"level":"country","left_geo_key":"uganda","right_geo_key":"unitedrepublicoftanzania","left_area":19.601318,"right_area":77.054372,"min_area":19.601318,"max_area":77.054372},"geometry":{"type":"LineString","coordinates":[[33.904189,-1.0022],[30.7771,-0.9858],[30.6513,-1.0628],[30.541046,-1.064531],[30.4934,-1.0602],[30.489417,-1.065342],[30.473,-1.0656],[30.4718,-1.0668]]}},{"type":"Feature","properties":{"level":"country","left_geo_key":"rwanda","right_geo_key":"unitedrepublicoftanzania","left_area":2.053552,"right_area":77.054372,"min_area":2.053552,"max_area":77.054372},"geometry":{"type":"LineString","coordinates":[[30.4718,-1.0668],[30.453,-1.0973],[30.45742,-1.106655],[30.4563,-1.1081],[30.5499,-1.3024],[30.7375,-1.4067],[30.7389,-1.4895],[30.831353,-1.606601],[30.8379,-1.8368],[30.797,-1.9293],[30.803278,-1.930308],[30.8168,-2.0187],[30.8878,-2.0825],[30.823221,-2.347234],[30.720272,-2.365045],[30.6877,-2.35],[30.660869,-2.375322],[30.6379,-2.397],[30.5546,-2.4006]]}},{"type":"Feature","properties":{"level":"country","left_geo_key":"burundi","right_geo_key":"unitedrepublicoftanzania","left_area":2.191406,"right_area":77.054372,"min_area":2.191406,"max_area":77.054372},"geometry":{"type":"LineString","coordinates":[[30.5546,-2.4006],[30.5081,-2.4635],[30.416,-2.6456],[30.418535,-2.658026],[30.420769,-2.668981],[30.4232,-2.6809],[30.493006,-2.671432],[30.4136,-2.8344],[30.420275,-2.843518],[30.4158,-2.8517],[30.483927,-2.930463],[30.484121,-2.930688],[30.4933,-2.9413],[30.543876,-2.902685],[30.6349,-2.9701],[30.798719,-2.993373],[30.7832,-3.0621],[30.8322,-3.1728],[30.7998,-3.2746],[30.6405,-3.3329],[30.6103,-3.3764],[30.6391,-3.4195],[30.4323,-3.5519],[30.3816,-3.7883],[30.3117,-3.7899],[30.01078,-4.259752],[29.982724,-4.281592],[29.79572,-4.370985],[29.7823,-4.3774],[29.7283,-4.4616],[29.4073,-4.4626],[29.405599,-4.471924]]}},{"type":"Feature","properties":{"level":"country","left_geo_key":"democraticrepublicofthecongo","right_geo_key":"unitedrepublicoftanzania","left_area":189.832603,"right_area":77.054372,"min_area":77.054372,"max_area":189.832603},"geometry":{"type":"LineString","coordinates":[[29.405599,-4.471924],[29.4109,-4.5023],[29.3238,-4.9202],[29.6124,-5.7044],[29.4761,-6.0021],[29.532579,-6.286602],[29.707,-6.6193],[30.0909,-6.89],[30.2945,-7.1494],[30.4416,-7.5963],[30.655,-7.9274],[30.7521,-8.1941]]}},{"type":"Feature","properties":{"level":"country","left_geo_key":"unitedrepublicoftanzania","right_geo_key":"zambia","left_area":77.054372,"right_area":62.798491,"min_area":62.798491,"max_area":77.054372},"geometry":{"type":"LineString","coordinates":[[30.7521,-8.1941],[30.8283,-8.3881],[30.9595,-8.5505],[31.015618,-8.581713],[31.056984,-8.604722],[31.0778,-8.6163],[31.092287,-8.611397],[31.1198,-8.6166],[31.192227,-8.586797],[31.248,-8.6219],[31.256233,-8.620273],[31.284072,-8.614771],[31.3659,-8.5986],[31.539,-8.7035],[31.5533,-8.8091],[31.679682,-8.911559],[31.6896,-8.9196],[31.773473,-8.89615],[31.9366,-8.9326],[31.9381,-9.0618],[32.0572,-9.0496],[32.2113,-9.1268],[32.218035,-9.12734],[32.4234,-9.1438],[32.511679,-9.250555],[32.518,-9.2582],[32.7132,-9.2858],[32.9209,-9.4079]]}},{"type":"Feature","properties":{"level":"country","left_geo_key":"mozambique","right_geo_key":"unitedrepublicoftanzania","left_area":67.160931,"right_area":77.054372,"min_area":67.160931,"max_area":77.054372},"geometry":{"type":"LineString","coordinates":[[34.9646,-11.5736],[35.5763,-11.6052],[35.65632,-11.575181],[35.6648,-11.572],[35.711872,-11.487616],[35.865204,-11.4218],[35.871639,-11.423176],[35.961069,-11.470092],[35.9698,-11.5024],[36.1519,-11.5711],[36.180325,-11.648645],[36.196711,-11.693345],[36.1997,-11.7015],[36.500663,-11.686402],[36.5027,-11.6863],[36.558711,-11.728099],[36.563,-11.7313],[36.577395,-11.726231],[36.735444,-11.67057],[36.747,-11.6665],[36.83244,-11.573094],[36.849314,-11.572403],[36.9059,-11.5928],[37.0324,-11.5649],[37.1416,-11.6747],[37.4697,-11.7195],[37.5038,-11.6727],[37.8044,-11.5445],[37.8752,-11.3191],[37.952837,-11.280868],[37.976218,-11.2759],[38.077896,-11.256614],[38.2566,-11.2771],[38.3477,-11.3588],[38.4923,-11.4135],[38.638549,-11.289111],[38.778,-11.2537],[38.8963,-11.1677],[39.214565,-11.16692],[39.248488,-11.166836],[39.2633,-11.1668],[39.4827,-10.9992],[39.7605,-10.9431],[39.776266,-10.934695],[39.825676,-10.908353],[40.0081,-10.8111],[40.126294,-10.725564],[40.198099,-10.673598],[40.3892,-10.5353],[40.408688,-10.498286]]}},{"type":"Feature","properties":{"level":"country","left_geo_key":"jordan","right_geo_key":"syria","left_area":8.383807,"right_area":18.379157,"min_area":8.383807,"max_area":18.379157},"geometry":{"type":"LineString","coordinates":[[35.7576,32.7443],[35.7638,32.747],[35.765512,32.746344],[36.0036,32.6551],[36.0699,32.5166],[36.081418,32.517155],[36.1882,32.5223],[36.3731,32.3864],[36.8194,32.3168],[38.7745,33.3717]]}},{"type":"Feature","properties":{"level":"country","left_geo_key":"iraq","right_geo_key":"syria","left_area":42.181414,"right_area":18.379157,"min_area":18.379157,"max_area":42.181414},"geometry":{"type":"LineString","coordinates":[[38.7745,33.3717],[40.6905,34.3315],[40.979939,34.425872],[41.2042,34.7931],[41.2013,35.243],[41.2611,35.4942],[41.3635,35.6552],[41.3545,35.8256],[41.242981,36.063394],[41.2366,36.077],[41.277,36.3548],[41.3854,36.5164],[41.8173,36.5997],[42.3768,37.062],[42.3572,37.11]]}},{"type":"Feature","properties":{"level":"country","left_geo_key":"syria","right_geo_key":"turkey","left_area":18.379157,"right_area":81.259258,"min_area":18.379157,"max_area":81.259258},"geometry":{"type":"LineString","coordinates":[[42.3572,37.11],[42.355196,37.168622],[42.341864,37.233099],[42.194372,37.312462],[42.0092,37.1756],[41.4798,37.0756],[41.2013,37.065],[40.8964,37.1227],[40.709,37.1005],[39.7653,36.7422],[39.2396,36.6613],[39.0322,36.7012],[38.725,36.6939],[38.48,36.8557],[38.2243,36.9084],[37.4461,36.6342],[37.22658,36.656404],[37.0333,36.6287],[37.0106,36.7195],[36.9459,36.7627],[36.659308,36.826355],[36.5338,36.4625],[36.613222,36.320392],[36.6486,36.3059],[36.67,36.2373],[36.660086,36.23654],[36.472505,36.222161],[36.3856,36.2155],[36.358,35.994],[36.336723,35.988413],[36.1969,35.9517],[36.1576,35.8226],[36.142023,35.827758],[35.9924,35.8773],[35.9803,35.9269],[35.9113,35.9177]]}},{"type":"Feature","properties":{"level":"country","left_geo_key":"djibouti","right_geo_key":"somaliland","left_area":1.812307,"right_area":13.793141,"min_area":1.812307,"max_area":13.793141},"geometry":{"type":"LineString","coordinates":[[43.2407,11.4879],[42.9237,10.9988],[42.906846,10.991911]]}},{"type":"Feature","properties":{"level":"country","left_geo_key":"france","right_geo_key":"spain","left_area":71.556992,"right_area":53.638475,"min_area":53.638475,"max_area":71.556992},"geometry":{"type":"MultiLineString","coordinates":[[[-1.789181,43.375749],[-1.7964,43.3744],[-1.7524,43.2991],[-1.6549,43.2975],[-1.6219,43.247],[-1.5392,43.2836],[-1.4035,43.2433],[-1.421857,43.154397],[-1.4878,43.0818],[-1.4571,43.0451],[-1.439608,43.041342],[-1.3831,43.0292],[-1.3311,43.1073],[-1.311476,43.086175],[-1.277534,43.049635],[-1.2749,43.0468],[-1.224364,43.031333],[-1.042402,42.97564],[-0.9815,42.957],[-0.974569,42.956672],[-0.7597,42.9465],[-0.730469,42.878361],[-0.7301,42.8775],[-0.569,42.7726],[-0.47625,42.798933],[-0.4239,42.7907],[-0.3051,42.8308],[-0.2351,42.7862],[-0.223775,42.787598],[-0.118852,42.729427],[-0.1085,42.7134],[-0.0389,42.6851],[0.1692,42.7265],[0.2902,42.6703],[0.3542,42.7175],[0.3893,42.6851],[0.404975,42.685063],[0.6436,42.6845],[0.655134,42.824264],[0.807316,42.83134],[1.032148,42.783734],[1.068586,42.775779],[1.0891,42.7713],[1.160958,42.707078],[1.1625,42.7057],[1.32371,42.708385],[1.4148,42.6093]],[[1.707,42.5028],[1.912,42.442],[1.9834,42.3545],[1.997882,42.35815],[2.053204,42.372094],[2.2774,42.4286],[2.516899,42.32938],[2.5253,42.3259],[2.539359,42.330867],[2.643604,42.3677],[2.9337,42.4702],[3.181,42.4315]],[[1.970374,42.460984],[1.9834,42.4413],[1.982669,42.446132],[1.971002,42.462095],[1.970374,42.460984]]]}},{"type":"Feature","properties":{"level":"country","left_geo_key":"andorra","right_geo_key":"france","left_area":0.050187,"right_area":71.556992,"min_area":0.050187,"max_area":71.556992},"geometry":{"type":"LineString","coordinates":[[1.4148,42.6093],[1.449669,42.620198],[1.503345,42.636975],[1.722,42.6099],[1.7651,42.5634],[1.707,42.5028]]}},{"type":"Feature","properties":{"level":"country","left_geo_key":"france","right_geo_key":"monaco","left_area":71.556992,"right_area":0.000515,"min_area":0.000515,"max_area":71.556992},"geometry":{"type":"LineString","coordinates":[[7.366806,43.72299],[7.367356,43.723545],[7.422329,43.753398],[7.4375,43.7434]]}},{"type":"Feature","properties":{"level":"country","left_geo_key":"france","right_geo_key":"italy","left_area":71.556992,"right_area":33.197033,"min_area":33.197033,"max_area":71.556992},"geometry":{"type":"LineString","coordinates":[[7.499722,43.819736],[7.494003,43.880828],[7.674649,44.052783],[7.6788,44.0566],[7.678778,44.056713],[7.6556,44.1761],[7.3216,44.1319],[6.9961,44.2378],[6.874,44.3584],[6.9178,44.4363],[6.842683,44.52569],[6.846262,44.546687],[6.9599,44.6832],[7.034825,44.695506],[7.0494,44.6979],[7.0049,44.828],[6.7454,44.9078],[6.7235,45.0134],[6.6027,45.1035],[6.729417,45.15449],[6.8441,45.1301],[7.017361,45.214731],[7.0622,45.2185],[7.072999,45.241908],[7.098918,45.298089],[7.137025,45.380689],[7.1529,45.4151],[7.149622,45.41714],[6.980112,45.522606],[6.9511,45.6468],[6.808298,45.712404],[6.79399,45.74102],[6.79045,45.783495],[6.797915,45.814512],[6.949,45.8578],[7.0077,45.9205],[7.0221,45.9253],[7.039431,45.918864]]}},{"type":"Feature","properties":{"level":"country","left_geo_key":"france","right_geo_key":"switzerland","left_area":71.556992,"right_area":4.868256,"min_area":4.868256,"max_area":71.556992},"geometry":{"type":"LineString","coordinates":[[7.039431,45.918864],[7.002777,45.957111],[6.9828,45.9954],[6.954427,46.007564],[6.8692,46.0441],[6.868908,46.045598],[6.863636,46.072646],[6.856668,46.108397],[6.8539,46.1226],[6.7792,46.147161],[6.8277,46.2695],[6.756858,46.355692],[6.7557,46.3571],[6.782879,46.406524],[6.7871,46.4142],[6.707515,46.428519],[6.585821,46.450415],[6.547,46.4574],[6.3016,46.3945],[6.22322,46.323734],[6.2141,46.3155],[6.2812,46.2401],[6.1079,46.1386],[5.9588,46.1305],[5.9585,46.212],[6.0897,46.2464],[6.132192,46.362458],[6.1351,46.3704],[6.074387,46.441218],[6.1457,46.5516],[6.1319,46.5956],[6.4292,46.7608],[6.4426,46.9442],[6.6654,47.0213],[6.69877,47.08398],[6.6991,47.0846],[6.971061,47.286207],[7.019278,47.321951],[7.034448,47.333196],[7.0443,47.3405],[7.028812,47.342877],[6.93768,47.35686],[6.877696,47.366065],[6.891994,47.381353],[6.9685,47.4352],[6.971252,47.466105],[6.992687,47.489025],[7.1808,47.4883],[7.1626,47.4599],[7.2448,47.4177],[7.3785,47.4306],[7.384695,47.435458],[7.409215,47.454684],[7.485326,47.514363],[7.501265,47.526861],[7.548475,47.563879],[7.582433,47.590506]]}},{"type":"Feature","properties":{"level":"country","left_geo_key":"france","right_geo_key":"germany","left_area":71.556992,"right_area":45.903891,"min_area":45.903891,"max_area":71.556992},"geometry":{"type":"LineString","coordinates":[[7.582433,47.590506],[7.5925,47.5984],[7.54637,47.650222],[7.517553,47.69794],[7.531247,47.75622],[7.610193,47.955842],[7.6211,47.9714],[7.605464,47.999744],[7.5857,48.1297],[7.752,48.3553],[7.8103,48.615],[8.0842,48.8041],[8.186354,48.962072],[8.1887,48.9657],[8.042303,49.003245],[7.918741,49.034933],[7.9138,49.0362],[7.635,49.0378],[7.4105,49.1689],[7.400956,49.164658],[7.299383,49.119506],[7.27699,49.109552],[7.2681,49.1056],[7.054565,49.117156],[7.037841,49.118062],[7.0205,49.119],[6.9879,49.1824],[6.915771,49.206247],[6.9144,49.2067],[6.912549,49.206463],[6.838668,49.197004],[6.8277,49.1956],[6.810198,49.148741],[6.755362,49.153187],[6.724103,49.157484],[6.710577,49.174499],[6.7025,49.2136],[6.643264,49.259183],[6.573952,49.346383],[6.5743,49.3618],[6.526902,49.405575],[6.50454,49.426227],[6.4945,49.4355],[6.363361,49.465289],[6.345743,49.469291]]}},{"type":"Feature","properties":{"level":"country","left_geo_key":"france","right_geo_key":"luxembourg","left_area":71.556992,"right_area":0.324545,"min_area":0.324545,"max_area":71.556992},"geometry":{"type":"LineString","coordinates":[[6.345743,49.469291],[6.222,49.4974],[6.211339,49.495111],[6.1936,49.4994],[5.9781,49.4451],[5.7907,49.5378],[5.794603,49.542152]]}},{"type":"Feature","properties":{"level":"country","left_geo_key":"belgium","right_geo_key":"france","left_area":3.897154,"right_area":71.556992,"min_area":3.897154,"max_area":71.556992},"geometry":{"type":"LineString","coordinates":[[5.794603,49.542152],[5.768381,49.538267],[5.7463,49.5494],[5.4777,49.4952],[5.391214,49.603628],[5.3835,49.6133],[5.294436,49.625873],[5.2801,49.6779],[5.154981,49.695469],[4.9891,49.7906],[4.858128,49.793965],[4.85964,49.881037],[4.862,49.9003],[4.860009,49.902299],[4.7883,49.9743],[4.8705,50.1223],[4.8562,50.132459],[4.831441,50.150047],[4.8156,50.1613],[4.801067,50.152424],[4.680549,50.078817],[4.6761,50.0761],[4.646369,49.98622],[4.4648,49.9356],[4.177502,49.969582],[4.141835,50.018838],[4.144034,50.028351],[4.21,50.0602],[4.1282,50.1462],[4.1976,50.2585],[4.181708,50.258192],[4.1253,50.2571],[3.9821,50.3426],[3.7987,50.3485],[3.792995,50.345681],[3.6969,50.2982],[3.6083,50.4765],[3.4771,50.5199],[3.425148,50.503867],[3.283216,50.525075],[3.243952,50.645321],[3.226012,50.700265],[3.2244,50.7052],[3.1292,50.7791],[3.113684,50.777006],[3.071074,50.771254],[2.9714,50.7578],[2.9001,50.7031],[2.7867,50.7234],[2.602,50.8381],[2.594112,50.861167],[2.6117,50.9412],[2.603862,50.953955],[2.5218,51.0875]]}},{"type":"Feature","properties":{"level":"country","left_geo_key":"france","right_geo_key":"suriname","left_area":71.556992,"right_area":11.806176,"min_area":11.806176,"max_area":71.556992},"geometry":{"type":"MultiLineString","coordinates":[[[-54.4934,2.4171],[-54.483357,2.422787],[-54.3756,2.4838],[-54.212147,2.777682],[-54.172036,2.923215],[-54.175548,3.057345],[-54.183121,3.118507],[-54.188196,3.15949],[-54.1905,3.1781],[-54.003,3.4554],[-53.995092,3.617618],[-54.003209,3.626157],[-54.082462,3.709525],[-54.2411,3.8764],[-54.3444,4.0249],[-54.344141,4.030586],[-54.34085,4.10287],[-54.339325,4.136385],[-54.376723,4.174277],[-54.4066,4.1915],[-54.408926,4.206904],[-54.409691,4.211971],[-54.4508,4.4842],[-54.425633,4.614379],[-54.426852,4.620143],[-54.481342,4.877678],[-54.4867,4.903],[-54.482072,4.911517],[-54.3113,5.2258],[-54.187475,5.330076]],[[-54.5203,2.3489],[-54.4934,2.4171]],[[-54.6153,2.3263],[-54.5203,2.3489]],[[-54.611462,2.323196],[-54.6153,2.3263]]]}},{"type":"Feature","properties":{"level":"country","left_geo_key":"brazil","right_geo_key":"france","left_area":707.163779,"right_area":71.556992,"min_area":71.556992,"max_area":707.163779},"geometry":{"type":"LineString","coordinates":[[-54.611462,2.323196],[-54.5882,2.3244],[-54.509982,2.241104],[-54.48355,2.219722],[-54.288397,2.156206],[-54.20734,2.160339],[-54.1945,2.1631],[-54.192236,2.161109],[-54.1885,2.1613],[-54.121223,2.120235],[-54.099348,2.135483],[-54.005288,2.201054],[-53.835902,2.319134],[-53.771095,2.364311],[-53.7648,2.3687],[-53.76337,2.364443],[-53.7482,2.3193],[-53.743189,2.317614],[-53.5473,2.2517],[-53.39735,2.309691],[-53.333171,2.334512],[-53.3226,2.3386],[-53.2342,2.251],[-53.2797,2.205],[-53.1323,2.2193],[-52.967705,2.182264],[-52.7077,2.3589],[-52.5579,2.5656],[-52.565238,2.604702],[-52.5721,2.623],[-52.569496,2.627388],[-52.5716,2.6386],[-52.4224,2.8905],[-52.3553,3.1516],[-52.2279,3.2601],[-51.9954,3.6853],[-51.959316,3.735566],[-51.7832,3.9809]]}},{"type":"Feature","properties":{"level":"country","left_geo_key":"guyana","right_geo_key":"suriname","left_area":17.183148,"right_area":11.806176,"min_area":11.806176,"max_area":17.183148},"geometry":{"type":"LineString","coordinates":[[-57.297948,5.373299],[-57.320534,5.329334],[-57.312907,5.309513],[-57.2983,5.311],[-57.268467,5.237473],[-57.253917,5.252193],[-57.2476,5.2718],[-57.242857,5.263381],[-57.193518,5.1758],[-57.1898,5.1692],[-57.20309,5.167691],[-57.243029,5.163157],[-57.2955,5.1572],[-57.298206,5.042104],[-57.2805,5.0261],[-57.298603,5.025218],[-57.6869,5.0063],[-57.800771,4.925137],[-57.900947,4.853735],[-57.903262,4.85058],[-57.9147,4.822431],[-57.836,4.6698],[-57.841468,4.657613],[-57.8374,4.6509],[-57.952192,4.400995],[-57.9474,4.3188],[-58.063513,4.156937],[-58.048198,4.061587],[-58.038952,4.01915],[-57.8751,3.8122],[-57.833624,3.675045],[-57.6604,3.5352],[-57.642074,3.387044],[-57.509312,3.355159],[-57.3084,3.3949],[-57.286,3.1424],[-57.226178,3.030066],[-57.1886,2.9595],[-57.2063,2.8566],[-57.129897,2.8008],[-57.0995,2.7786],[-57.093826,2.763432],[-57.0921,2.763],[-57.0224,2.5845],[-56.9596,2.5247],[-56.882771,2.302525],[-56.8262,2.2617],[-56.752739,2.120788],[-56.684447,2.027482],[-56.5798,2.0168],[-56.4851,1.9532],[-56.4818,1.9416]]}},{"type":"Feature","properties":{"level":"country","left_geo_key":"brazil","right_geo_key":"suriname","left_area":707.163779,"right_area":11.806176,"min_area":11.806176,"max_area":707.163779},"geometry":{"type":"LineString","coordinates":[[-56.4818,1.9416],[-56.446921,1.933441],[-56.0197,1.8335],[-55.9538,1.8533],[-55.9168,1.9222],[-55.9258,2.0617],[-56.054,2.2241],[-56.1439,2.2747],[-56.061209,2.353276],[-56.034365,2.378784],[-55.983,2.5265],[-55.7243,2.3969],[-55.6083,2.434],[-55.3996,2.4302],[-55.3378,2.5113],[-55.328405,2.509496],[-55.2753,2.4993],[-55.268971,2.502976],[-55.172,2.5593],[-55.081387,2.545949],[-54.9769,2.6069],[-54.8803,2.4473],[-54.7212,2.458],[-54.719568,2.450094],[-54.6925,2.319],[-54.611462,2.323196]]}},{"type":"Feature","properties":{"level":"country","left_geo_key":"guyana","right_geo_key":"venezuela","left_area":17.183148,"right_area":74.767605,"min_area":17.183148,"max_area":74.767605},"geometry":{"type":"LineString","coordinates":[[-59.851357,8.334838],[-59.8156,8.2878],[-59.8293,8.2451],[-59.9677,8.1884],[-60.044415,8.037014],[-60.0465,8.0329],[-60.2311,7.9641],[-60.3748,7.8236],[-60.5398,7.8001],[-60.6013,7.6338],[-60.7306,7.5254],[-60.605575,7.322929],[-60.6,7.3139],[-60.6436,7.2507],[-60.6186,7.183104],[-60.605474,7.172394],[-60.542139,7.130579],[-60.4753,7.1885],[-60.372,7.1723],[-60.2958,7.0707],[-60.3773,6.9385],[-60.6207,6.8459],[-60.710113,6.769438],[-60.7215,6.7597],[-60.874099,6.807745],[-60.899693,6.802402],[-60.9284,6.7359],[-61.1393,6.7044],[-61.20554,6.550655],[-61.15414,6.465153],[-61.142998,6.446619],[-61.1398,6.4413],[-61.151824,6.384941],[-61.158993,6.334844],[-61.157091,6.327309],[-61.1216,6.1867],[-61.2561,6.1144],[-61.3863,5.9566],[-61.38281,5.929876],[-60.805933,5.27685],[-60.703215,5.199575]]}},{"type":"Feature","properties":{"level":"country","left_geo_key":"brazil","right_geo_key":"guyana","left_area":707.163779,"right_area":17.183148,"min_area":17.183148,"max_area":707.163779},"geometry":{"type":"LineString","coordinates":[[-60.703215,5.199575],[-60.4391,5.1814],[-60.371799,5.206984],[-60.246034,5.254794],[-60.2134,5.2672],[-60.1317,5.2434],[-60.126547,5.23256],[-60.123,5.2319],[-60.030101,5.117335],[-59.9831,5.0859],[-59.986393,5.063435],[-60.036803,4.719576],[-60.0385,4.708],[-60.15766,4.53127],[-60.15575,4.527331],[-59.9433,4.5039],[-59.903526,4.484881],[-59.766923,4.419561],[-59.6867,4.3812],[-59.68937,4.372867],[-59.6871,4.3715],[-59.736272,4.210112],[-59.6462,4.134],[-59.6537,4.0642],[-59.556988,3.952778],[-59.5277,3.9395],[-59.535245,3.927728],[-59.6801,3.7017],[-59.8629,3.5817],[-59.822476,3.360304],[-59.8218,3.3566],[-59.9692,3.0427],[-59.9937,2.8573],[-59.996401,2.681248],[-59.989464,2.657333],[-59.912008,2.390308],[-59.907494,2.374748],[-59.7417,2.2638],[-59.758037,1.880014],[-59.6455,1.8277],[-59.679023,1.760939],[-59.67475,1.755211],[-59.5307,1.7031],[-59.2421,1.3778],[-58.972,1.3123],[-58.970881,1.311275],[-58.834,1.1858],[-58.6826,1.2825],[-58.5351,1.2716],[-58.494883,1.309616],[-58.48812,1.321531],[-58.5018,1.4538],[-58.49853,1.454832],[-58.480312,1.460578],[-58.403739,1.484731],[-58.341302,1.566161],[-58.3205,1.6012],[-58.1873,1.5676],[-58.169764,1.545624],[-58.094149,1.518113],[-58.051352,1.517338],[-58.021049,1.531573],[-57.9691,1.6555],[-57.7588,1.7135],[-57.5612,1.709],[-57.3415,1.9688],[-57.258171,1.952393],[-57.1045,2.0215],[-57.0112,1.9186],[-56.8065,1.8736],[-56.6396,1.9369],[-56.598798,1.917098],[-56.4818,1.9416]]}},{"type":"Feature","properties":{"level":"country","left_geo_key":"northkorea","right_geo_key":"southkorea","left_area":12.878548,"right_area":9.825831,"min_area":9.825831,"max_area":12.878548},"geometry":{"type":"LineString","coordinates":[[128.3649,38.6243],[128.306407,38.596449],[128.2811,38.534863],[128.2811,38.4844],[128.2256,38.3998],[128.0399,38.3043],[127.3771,38.3185],[127.0905,38.2859],[126.9719,38.2189],[126.7619,37.979],[126.699695,37.952202],[126.666084,37.919271],[126.6675,37.8278],[126.667422,37.827744]]}},{"type":"Feature","properties":{"level":"country","left_geo_key":"northkorea","right_geo_key":"russia","left_area":12.878548,"right_area":2928.705159,"min_area":12.878548,"max_area":2928.705159},"geometry":{"type":"LineString","coordinates":[[130.691527,42.31164],[130.60849,42.42471],[130.548038,42.507027],[130.530801,42.530498]]}},{"type":"Feature","properties":{"level":"country","left_geo_key":"morocco","right_geo_key":"westernsahara","left_area":55.341517,"right_area":8.071886,"min_area":8.071886,"max_area":55.341517},"geometry":{"type":"MultiLineString","coordinates":[[[-8.817,27.6615],[-8.7734,27.46],[-8.7958,27.3077],[-8.7529,27.1905],[-8.7939,27.1202],[-9.4121,27.088],[-9.7344,26.8604],[-9.8169,26.8497],[-10.0317,26.9102],[-10.2505,26.8604],[-10.5503,26.9903],[-10.7568,27.0196],[-10.9218,27.0098],[-11.3916,26.8829],[-11.3159,26.7442],[-11.3369,26.6329],[-11.5107,26.4698],[-11.7172,26.1036],[-12.0558,25.9958],[-12.31,25.1104],[-12.4301,24.8302],[-12.9902,24.4698],[-13.31,23.9806],[-13.77,23.7901],[-13.8901,23.6905],[-14.02,23.4103],[-14.1001,23.0997],[-14.2202,22.3096],[-14.6299,21.8604],[-14.6098,21.7501],[-14.75,21.5001],[-14.9702,21.4405],[-16.04,21.5001],[-16.73,21.4698],[-17.0137,21.42]],[[-8.8165,27.6615],[-8.817,27.6615]],[[-8.6824,27.6614],[-8.8165,27.6615]]]}},{"type":"Feature","properties":{"level":"country","left_geo_key":"algeria","right_geo_key":"morocco","left_area":212.810518,"right_area":55.341517,"min_area":55.341517,"max_area":212.810518},"geometry":{"type":"LineString","coordinates":[[-8.6824,27.6614],[-8.6788,28.6928],[-7.639049,29.376545],[-7.6195,29.3894],[-7.3496,29.3834],[-7.1469,29.5092],[-6.9582,29.5092],[-6.7835,29.4463],[-6.6996,29.5162],[-6.4131,29.5651],[-6.32226,29.571876],[-5.7562,29.6141],[-5.7212,29.5232],[-5.6373,29.4953],[-5.5395,29.5232],[-5.1761,29.9775],[-4.8756,30.1802],[-4.624,30.285],[-4.3724,30.5086],[-4.1557,30.5855],[-3.8342,30.6275],[-3.6455,30.7113],[-3.6595,30.8371],[-3.5547,30.9559],[-3.720497,31.1627],[-3.8275,31.1438],[-3.833454,31.154073],[-3.8377,31.1614],[-3.8428,31.1702],[-3.8025,31.3506],[-3.6735,31.3892],[-3.6595,31.6478],[-2.8278,31.7946],[-2.9387,32.0486],[-2.8812,32.0763],[-2.5161,32.1322],[-1.2103,32.0897],[-1.2118,32.1583],[-1.3096,32.1674],[-1.2441,32.3569],[-1.23942,32.359934],[-1.032,32.4944],[-1.4233,32.7424],[-1.5588,32.9337],[-1.506467,32.977573],[-1.499056,33.011905],[-1.499373,33.046376],[-1.6742,33.238],[-1.6832,33.3692],[-1.6173,33.5544],[-1.6624,33.6447],[-1.7468,33.7024],[-1.7025,33.7728],[-1.7187,33.8981],[-1.673309,34.08697],[-1.8096,34.3725],[-1.7142,34.4851],[-1.728405,34.497367],[-1.8711,34.5966],[-1.862479,34.61315],[-1.7877,34.7567],[-1.9797,34.8653],[-2.002638,34.91607],[-2.008444,34.920375],[-2.1938,35.0036],[-2.2226,35.0893]]}},{"type":"Feature","properties":{"level":"country","left_geo_key":"morocco","right_geo_key":"spain","left_area":55.341517,"right_area":53.638475,"min_area":53.638475,"max_area":55.341517},"geometry":{"type":"MultiLineString","coordinates":[[[-2.944141,35.282608],[-2.951324,35.28392],[-2.964491,35.309264],[-2.964685,35.315744]],[[-4.297674,35.171523],[-4.297745,35.171505]],[[-5.3407,35.8474],[-5.385725,35.902362]]]}},{"type":"Feature","properties":{"level":"country","left_geo_key":"mauritania","right_geo_key":"westernsahara","left_area":89.585793,"right_area":8.071886,"min_area":8.071886,"max_area":89.585793},"geometry":{"type":"LineString","coordinates":[[-17.0569,20.7669],[-17.0774,20.9045],[-16.9683,21.3246],[-16.961093,21.324616],[-13.0152,21.3334],[-13.0933,22.4955],[-13.155,22.6888],[-13.1523,22.82],[-13.0152,23.018],[-12.6194,23.2708],[-12.3539,23.3225],[-12.02847,23.457204],[-12.019264,23.483763],[-12.0153,25.9949],[-8.7072,25.995],[-8.6808,26.0131],[-8.6823,27.2717],[-8.6824,27.2854]]}},{"type":"Feature","properties":{"level":"country","left_geo_key":"algeria","right_geo_key":"westernsahara","left_area":212.810518,"right_area":8.071886,"min_area":8.071886,"max_area":212.810518},"geometry":{"type":"LineString","coordinates":[[-8.6824,27.2854],[-8.682135,27.388835],[-8.6824,27.6614]]}},{"type":"Feature","properties":{"level":"country","left_geo_key":"costarica","right_geo_key":"nicaragua","left_area":4.229205,"right_area":10.719251,"min_area":4.229205,"max_area":10.719251},"geometry":{"type":"MultiLineString","coordinates":[[[-83.66693,10.930527],[-83.6713,10.9265],[-83.6756,10.926],[-83.6756,10.9294],[-83.673,10.9313],[-83.673,10.931774]],[[-83.696091,10.936516],[-83.69607,10.936488],[-83.68676,10.924511],[-83.681,10.9171],[-83.663,10.807],[-83.9173,10.7135],[-83.92584,10.720553],[-83.987061,10.771115],[-84.000449,10.782172],[-84.102526,10.78546],[-84.1916,10.7817],[-84.194044,10.788408],[-84.199077,10.802222],[-84.225699,10.875297],[-84.352613,10.980189],[-84.411809,10.965502],[-84.447277,10.956703],[-84.4489,10.9563],[-84.557316,11.011283],[-84.659902,11.062167],[-84.9314,10.9419],[-85.5978,11.2099],[-85.6776,11.1196]]]}},{"type":"Feature","properties":{"level":"country","left_geo_key":"costarica","right_geo_key":"panama","left_area":4.229205,"right_area":6.076863,"min_area":4.229205,"max_area":6.076863},"geometry":{"type":"LineString","coordinates":[[-82.9437,8.2486],[-83.0433,8.3347],[-82.8483,8.4652],[-82.8498,8.6299],[-82.9242,8.7412],[-82.8669,8.8381],[-82.728725,8.927394],[-82.764184,8.957318],[-82.928068,9.063213],[-82.9394,9.0596],[-82.9443,9.4372],[-82.9416,9.438726],[-82.8613,9.4841],[-82.876148,9.562582],[-82.8774,9.5692],[-82.8475,9.6007],[-82.83761,9.595374],[-82.716022,9.529895],[-82.646784,9.492608],[-82.6011,9.5487],[-82.5628,9.5387]]}},{"type":"Feature","properties":{"level":"country","left_geo_key":"honduras","right_geo_key":"nicaragua","left_area":9.446755,"right_area":10.719251,"min_area":9.446755,"max_area":10.719251},"geometry":{"type":"LineString","coordinates":[[-83.146507,14.995311],[-83.3903,15.031],[-83.469996,14.988774],[-83.570385,14.935584],[-83.692245,14.871017],[-83.712254,14.860415],[-83.79762,14.815185],[-83.896683,14.790248],[-83.9247,14.8038],[-83.9247,14.783196],[-83.97995,14.769288],[-84.07042,14.778929],[-84.102603,14.782358],[-84.1227,14.7845],[-84.096923,14.745882],[-84.096501,14.743168],[-84.1682,14.715],[-84.256027,14.743094],[-84.2673,14.7467],[-84.2673,14.716166],[-84.282307,14.680321],[-84.321433,14.687153],[-84.368329,14.695343],[-84.3761,14.6967],[-84.476782,14.623786],[-84.490919,14.62702],[-84.5274,14.6604],[-84.6993,14.6747],[-84.7921,14.8211],[-84.912416,14.808553],[-84.9206,14.8077],[-85.0245,14.7125],[-85.025327,14.692475],[-85.0296,14.589],[-85.07129,14.556338],[-85.0864,14.5445],[-85.143437,14.563609],[-85.1455,14.5643],[-85.2058,14.4072],[-85.158,14.3383],[-85.367575,14.243332],[-85.3725,14.2411],[-85.494898,14.091389],[-85.671588,13.989012],[-85.7273,13.965],[-85.7334,13.8318],[-85.9361,13.9182],[-86.0284,13.9961],[-86.0202,14.0552],[-86.1105,14.0371],[-86.120546,14.027518],[-86.123998,14.024225],[-86.1841,13.9669],[-86.3252,13.7638],[-86.7272,13.7683],[-86.73519,13.757332],[-86.756872,13.727568],[-86.7712,13.7079],[-86.767064,13.684402],[-86.7741,13.6546],[-86.713665,13.296743],[-86.720969,13.285906],[-86.811321,13.28794],[-86.8334,13.2934],[-86.840315,13.288593],[-86.9108,13.2396],[-86.928,13.0812],[-87.00655,13.006761],[-87.0469,12.9806],[-87.085219,12.980124]]}},{"type":"Feature","properties":{"level":"country","left_geo_key":"centralafricanrepublic","right_geo_key":"republicofthecongo","left_area":50.517002,"right_area":28.042876,"min_area":28.042876,"max_area":50.517002},"geometry":{"type":"LineString","coordinates":[[18.6264,3.4769],[18.5825,3.4774],[18.4721,3.6321],[18.3799,3.5744],[18.2649,3.5747],[18.1816,3.4774],[18.082,3.5635],[17.85333,3.541195],[17.8421,3.5401],[17.821844,3.581151],[17.799472,3.609541],[17.5868,3.6322],[17.471853,3.700593],[17.415501,3.676997],[17.3344,3.6185],[17.191322,3.583126],[17.146498,3.572044],[17.0092,3.5381],[16.824434,3.533353],[16.751957,3.531492],[16.657915,3.529076],[16.620867,3.512006],[16.592782,3.486858],[16.4655,3.1565],[16.4908,3.0678],[16.4455,2.9577],[16.4791,2.8363],[16.1995,2.2122]]}},{"type":"Feature","properties":{"level":"country","left_geo_key":"cameroon","right_geo_key":"republicofthecongo","left_area":37.915929,"right_area":28.042876,"min_area":28.042876,"max_area":37.915929},"geometry":{"type":"LineString","coordinates":[[16.1995,2.2122],[16.129272,2.198465],[16.11624,2.195916],[16.099291,2.16583],[16.0685,1.998466],[16.094406,1.902359],[16.159,1.7348],[16.143367,1.720729],[16.0699,1.6546],[16.016781,1.765098],[15.9018,1.7937],[15.895252,1.799188],[15.885,1.8016],[15.726085,1.917888],[15.4829,1.9759],[15.3492,1.9233],[15.345405,1.926531],[15.2126,2.0396],[15.1517,2.041],[15.084705,1.987264],[15.0749,1.9794],[14.997705,2.023406],[14.977038,2.031992],[14.962316,2.027535],[14.923727,2.015853],[14.8925,2.0064],[14.903651,2.045955],[14.857,2.1159],[14.7648,2.0655],[14.733001,2.110482],[14.720623,2.108223],[14.7205,2.0996],[14.706993,2.105736],[14.703427,2.107356],[14.6461,2.1334],[14.575452,2.196815],[14.476497,2.157982],[14.4329,2.1321],[14.420968,2.13619],[14.3203,2.1707],[13.2946,2.1611]]}},{"type":"Feature","properties":{"level":"country","left_geo_key":"gabon","right_geo_key":"republicofthecongo","left_area":21.103868,"right_area":28.042876,"min_area":21.103868,"max_area":28.042876},"geometry":{"type":"LineString","coordinates":[[13.2946,2.1611],[13.282904,2.060514],[13.2066,1.9852],[13.192093,1.926324],[13.162614,1.806681],[13.1502,1.7563],[13.1296,1.5925],[13.208833,1.466586],[13.246776,1.351342],[13.248716,1.33553],[13.2491,1.3324],[13.164437,1.251646],[13.1603,1.2477],[13.2502,1.2218],[13.367139,1.288807],[13.436748,1.286711],[13.51,1.2773],[13.521329,1.284164],[13.6422,1.3574],[13.755656,1.376081],[13.7582,1.3765],[13.78904,1.425421],[13.874207,1.417317],[14.0707,1.3751],[14.1445,1.3916],[14.253437,1.322712],[14.2829,1.1301],[14.4604,0.9212],[14.456447,0.888773],[14.392257,0.754217],[14.3288,0.6212],[14.2318,0.5426],[14.076,0.5395],[14.043114,0.423385],[13.9452,0.3504],[13.877588,0.209695],[13.8712,0.1964],[13.889093,0.141473],[13.916453,-0.020771],[13.8312,-0.2054],[13.8774,-0.2605],[13.9216,-0.2379],[14.0954,-0.2766],[14.1597,-0.4551],[14.3206,-0.4445],[14.49,-0.6009],[14.3918,-1.0233],[14.46353,-1.21823],[14.45546,-1.252304],[14.4263,-1.331],[14.433862,-1.343505],[14.442721,-1.358156],[14.473964,-1.409825],[14.4806,-1.4208],[14.4631,-1.5487],[14.374992,-1.605437],[14.3648,-1.612],[14.440633,-1.679076],[14.4411,-1.6796],[14.437729,-1.699264],[14.4067,-1.7356],[14.397837,-1.897012],[14.2376,-1.9911],[14.227235,-2.137972],[14.221476,-2.147139],[14.148,-2.2248],[14.1605,-2.244197],[14.224447,-2.343427],[14.2301,-2.3522],[14.1633,-2.374],[14.15683,-2.385257],[14.1442,-2.3902],[14.075907,-2.488721],[13.857608,-2.462868],[13.854158,-2.449023],[13.9019,-2.3663],[13.889702,-2.346314],[13.742237,-2.104691],[13.7409,-2.1025],[13.59833,-2.319303],[13.539809,-2.369995],[13.470053,-2.426219],[13.252909,-2.383274],[13.1768,-2.362],[13.141027,-2.361147],[12.993198,-2.357622],[12.975684,-2.357205],[13.0023,-2.2967],[13.000942,-2.292353],[13.0082,-2.2765],[12.985179,-2.241894],[12.974833,-2.226343],[12.9456,-2.1824],[12.93063,-2.187455],[12.891931,-2.153409],[12.8161,-1.9435],[12.812353,-1.941087],[12.6324,-1.8252],[12.5235,-1.8633],[12.4995,-1.9179],[12.428101,-1.898929],[12.4231,-1.8976],[12.44,-2.0458],[12.4953,-2.1128],[12.494724,-2.116273],[12.4479,-2.3079],[12.0623,-2.415],[11.9384,-2.3291],[11.748624,-2.409915],[11.6559,-2.3456],[11.605677,-2.347553],[11.57231,-2.348851],[11.5582,-2.3494],[11.6244,-2.612],[11.5256,-2.8433],[11.6168,-2.8268],[11.767243,-2.993348],[11.772807,-3.01023],[11.734929,-3.040905],[11.7064,-3.0499],[11.703495,-3.066363],[11.696323,-3.107005],[11.6857,-3.1672],[11.703021,-3.176306],[11.9444,-3.3032],[11.832643,-3.554046],[11.825,-3.5712],[11.874958,-3.606001],[11.898276,-3.634631],[11.897938,-3.653101],[11.879605,-3.676377],[11.833387,-3.702626],[11.6876,-3.6987],[11.5698,-3.545],[11.4826,-3.5093],[11.414,-3.5876],[11.2125,-3.6973],[11.114,-3.9369]]}},{"type":"Feature","properties":{"level":"country","left_geo_key":"angola","right_geo_key":"republicofthecongo","left_area":103.541661,"right_area":28.042876,"min_area":28.042876,"max_area":103.541661},"geometry":{"type":"LineString","coordinates":[[12.101011,-4.938196],[12.143421,-4.887177],[12.165809,-4.841545],[12.1876,-4.768],[12.198024,-4.775884],[12.2352,-4.804],[12.3077,-4.7836],[12.312287,-4.772824],[12.3776,-4.6194],[12.382676,-4.618202],[12.6081,-4.565],[12.749674,-4.404808],[12.7617,-4.3912],[12.826005,-4.403562],[12.861113,-4.410311],[12.8699,-4.412],[12.905397,-4.457178],[13.073163,-4.634731]]}},{"type":"Feature","properties":{"level":"country","left_geo_key":"democraticrepublicofthecongo","right_geo_key":"republicofthecongo","left_area":189.832603,"right_area":28.042876,"min_area":28.042876,"max_area":189.832603},"geometry":{"type":"LineString","coordinates":[[13.073163,-4.634731],[13.088,-4.5795],[13.102852,-4.591308],[13.140909,-4.621565],[13.341063,-4.780698],[13.351132,-4.788704],[13.3588,-4.7948],[13.365806,-4.81356],[13.401608,-4.874203],[13.4823,-4.7748],[13.5914,-4.7794],[13.705979,-4.690746],[13.711,-4.4645],[13.725898,-4.456976],[13.763851,-4.437807],[13.79,-4.4246],[13.799318,-4.429362],[13.82807,-4.444056],[13.92152,-4.491815],[13.941506,-4.491866],[14.0211,-4.4154],[14.3686,-4.2784],[14.461113,-4.438667],[14.4665,-4.448],[14.3508,-4.559],[14.406104,-4.689761],[14.4109,-4.7011],[14.401994,-4.862811],[14.415384,-4.879657],[14.5015,-4.8407],[14.6727,-4.8999],[14.821719,-4.820173],[14.847281,-4.787998],[15.025522,-4.563649],[15.204,-4.339],[15.469993,-4.192183],[15.485,-4.1839],[15.545659,-4.053593],[15.5491,-4.0462],[15.9121,-3.9174],[16.2207,-3.3317],[16.177,-2.8825],[16.2256,-2.6352],[16.1769,-2.2868],[16.2068,-2.161],[16.5078,-1.8903],[16.525586,-1.865171],[16.618349,-1.687192],[16.6289,-1.6373],[16.8287,-1.2763],[16.83605,-1.269504],[16.941007,-1.172449],[17.0226,-1.097],[17.028221,-1.094926],[17.031654,-1.093659],[17.339309,-0.980139],[17.7495,-0.5234],[17.7164,-0.1958],[17.854,0.2411],[17.939165,0.36787],[17.918847,0.549515],[17.879795,0.898638],[17.8666,1.0166],[17.873787,1.02904],[17.9562,1.1717],[17.960956,1.187379],[17.988717,1.278905],[18.071422,1.564435],[18.0724,2.1452],[18.072433,2.145273],[18.2252,2.4865],[18.3932,2.7137],[18.5284,3.0648],[18.6197,3.1448],[18.6264,3.4769]]}},{"type":"Feature","properties":{"level":"country","left_geo_key":"centralafricanrepublic","right_geo_key":"democraticrepublicofthecongo","left_area":50.517002,"right_area":189.832603,"min_area":50.517002,"max_area":189.832603},"geometry":{"type":"LineString","coordinates":[[27.418311,5.087916],[27.304016,5.126184],[27.1575,5.1854],[27.123576,5.1866],[27.043839,5.189422],[27.0275,5.19],[27.006109,5.171886],[26.917295,5.096678],[26.857653,5.046173],[26.804609,5.061588],[26.7394,5.0944],[26.711028,5.088783],[26.5025,5.0475],[26.3906,5.149],[26.2307,5.1852],[26.1983,5.2384],[26.0884,5.2446],[26.051919,5.201291],[26.049243,5.200684],[26.003976,5.213156],[25.967221,5.223282],[25.9628,5.2245],[25.893,5.1852],[25.5437,5.3753],[25.368588,5.312392],[25.3636,5.3106],[25.3077,5.1853],[25.346543,5.14459],[25.2923,5.0283],[25.1295,5.0186],[25.0761,4.9518],[24.963373,4.989535],[24.9581,4.9913],[24.7306,4.9175],[24.666844,4.936923],[24.6574,4.9398],[24.5137,5.0872],[24.394686,5.105977],[24.3825,5.1079],[24.384714,5.098011],[24.3678,5.0845],[24.383764,5.030326],[24.33393,5.011266],[24.293375,4.995756],[24.2846,4.9924],[24.257714,4.939223],[24.241972,4.944778],[24.2298,4.9612],[24.212584,4.955147],[24.206531,4.953019],[24.10552,4.917507],[23.962692,4.867292],[23.9465,4.8616],[23.9244,4.8178],[23.7985,4.8147],[23.581338,4.730139],[23.5666,4.7244],[23.4372,4.6466],[23.4145,4.5908],[23.2649,4.6351],[23.180245,4.725739],[23.1687,4.7381],[23.0293,4.7449],[22.971651,4.825949],[22.965,4.8353],[22.927924,4.824547],[22.894982,4.814993],[22.8888,4.8132],[22.888417,4.798463],[22.868258,4.747705],[22.803455,4.721176],[22.780007,4.711577],[22.7764,4.7101],[22.757704,4.663113],[22.676318,4.48626],[22.587,4.4494],[22.611134,4.381609],[22.504515,4.194712],[22.477678,4.170407],[22.3033,4.1287],[22.0089,4.2424],[21.8786,4.241662],[21.7229,4.2951],[21.5278,4.2493],[21.2883,4.3334],[21.2109,4.2916],[21.0842,4.3882],[20.8715,4.4534],[20.6031,4.4097],[20.4567,4.5248],[20.4565,4.6215],[20.349694,4.758096],[20.3389,4.7719],[20.004,4.9745],[19.8909,5.0021],[19.829784,5.089712],[19.8247,5.097],[19.7196,5.136],[19.645316,5.136],[19.4315,5.136],[19.110203,4.919113],[19.073667,4.89445],[19.069,4.8913],[18.7533,4.4006],[18.63706,4.360625],[18.5765,4.3728],[18.5419,4.3279],[18.6465,4.046],[18.593,3.7098],[18.6264,3.4769]]}},{"type":"Feature","properties":{"level":"country","left_geo_key":"angola","right_geo_key":"democraticrepublicofthecongo","left_area":103.541661,"right_area":189.832603,"min_area":103.541661,"max_area":189.832603},"geometry":{"type":"MultiLineString","coordinates":[[[13.073163,-4.634731],[13.073091,-4.634998],[13.07293,-4.635597],[12.873862,-4.712416],[12.8332,-4.7227],[12.827327,-4.730374],[12.6789,-4.9243],[12.444237,-5.069987],[12.4389,-5.0733],[12.5307,-5.1627],[12.509,-5.7263],[12.259,-5.7367],[12.2105,-5.7634]],[[13.360345,-5.882131],[13.9436,-5.8416],[14.5766,-5.9047],[16.3157,-5.8546],[16.3961,-5.8941],[16.48559,-5.888836],[16.53521,-5.898835],[16.5941,-5.9332],[16.6111,-6.0898],[16.7179,-6.1741],[16.693,-6.3984],[16.736069,-6.576126],[16.734,-6.5861],[16.745003,-6.61299],[16.820547,-6.797611],[16.8329,-6.8278],[16.84016,-6.83101],[16.915,-6.8641],[16.9646,-6.9972],[16.944473,-7.044699],[16.930939,-7.07664],[16.9271,-7.0857],[16.939973,-7.154952],[16.950295,-7.210485],[16.9508,-7.2132],[16.9961,-7.298],[17.056083,-7.345955],[17.1462,-7.418],[17.149671,-7.426955],[17.162777,-7.460773],[17.182351,-7.51128],[17.2029,-7.5643],[17.2666,-7.6104],[17.316,-7.7536],[17.442616,-7.874646],[17.449543,-7.888964],[17.487947,-7.968334],[17.5443,-8.0848],[17.6002,-8.0985],[17.881106,-8.051496],[17.9819,-8.1053],[18.0982,-8.1093],[18.119598,-8.025637],[18.127804,-8.022022],[18.5076,-7.9975],[18.5165,-7.9322],[18.741211,-7.937652],[18.7738,-8.002],[19.3555,-8.002],[19.3309,-7.8986],[19.37864,-7.690013],[19.381,-7.6797],[19.3556,-7.5741],[19.4583,-7.5603],[19.5132,-7.4794],[19.4764,-7.3159],[19.5218,-7.0019],[20.2462,-7.0019],[20.307912,-6.940043],[20.323182,-6.924737],[20.6115,-6.916],[20.5245,-7.1431],[20.5205,-7.2864],[21.7883,-7.2918],[21.844961,-7.417208],[21.8541,-7.586],[21.775982,-7.79232],[21.7705,-7.8068],[21.7539,-7.9973],[21.8512,-8.1435],[21.9439,-8.4559],[21.8599,-8.8464],[21.8516,-9.2338],[21.7962,-9.4171],[21.8789,-9.6571],[22.1676,-9.9537],[22.2028,-10.1306],[22.3134,-10.3686],[22.2718,-10.4817],[22.274906,-10.499908],[22.28314,-10.548173],[22.3169,-10.746063],[22.1655,-10.8524],[22.2373,-11.059548],[22.2376,-11.2495],[22.4403,-11.1469],[22.501,-11.0424],[22.7277,-11.0968],[22.844228,-11.056192],[23.0143,-11.1025],[23.1968,-11.0719],[23.456,-10.961],[23.8337,-11.0285],[23.970723,-10.901847]]]}},{"type":"Feature","properties":{"level":"country","left_geo_key":"democraticrepublicofthecongo","right_geo_key":"zambia","left_area":189.832603,"right_area":62.798491,"min_area":62.798491,"max_area":189.832603},"geometry":{"type":"LineString","coordinates":[[23.970723,-10.901847],[23.993647,-10.880659],[24.06127,-10.902278],[24.1143,-10.9279],[24.1177,-11.0308],[24.2751,-11.0479],[24.3705,-11.1002],[24.3961,-11.2597],[24.2855,-11.3812],[24.29779,-11.39389],[24.308148,-11.404585],[24.3101,-11.4066],[24.327305,-11.411824],[24.48979,-11.461163],[24.4909,-11.4615],[24.492383,-11.460593],[24.7125,-11.326],[25.3103,-11.1948],[25.3249,-11.2837],[25.278,-11.3718],[25.3368,-11.6335],[25.343636,-11.63709],[25.4636,-11.7001],[25.4956,-11.7765],[25.6215,-11.7289],[25.738845,-11.800648],[25.744,-11.8038],[25.8596,-11.802],[25.9941,-11.9048],[26.3092,-11.9365],[26.4146,-11.9118],[26.6971,-12.0175],[26.707198,-12.00959],[26.7174,-12.013],[26.849827,-11.953256],[26.9128,-11.9425],[26.922613,-11.920418],[26.971844,-11.809638],[27.0215,-11.6979],[27.013755,-11.63698],[27.020966,-11.607275],[27.173729,-11.571108],[27.2342,-11.8091],[27.4207,-11.922],[27.5205,-12.1796],[27.6382,-12.2936],[27.826944,-12.274868],[27.866204,-12.270971],[27.981,-12.3745],[28.092038,-12.382643],[28.1313,-12.4292],[28.3037,-12.4354],[28.4227,-12.5213],[28.501729,-12.651045],[28.491556,-12.705284],[28.474,-12.7365],[28.48232,-12.75453],[28.5428,-12.8856],[28.64813,-12.855037],[28.708,-12.8898],[28.8537,-13.1371],[28.9034,-13.1623],[28.9808,-13.3802],[29.136952,-13.393841],[29.15428,-13.404971],[29.194552,-13.430841],[29.1948,-13.431],[29.551,-13.2242],[29.6575,-13.2601],[29.6017,-13.3744],[29.6261,-13.4298],[29.771219,-13.453878],[29.7822,-13.4557],[29.782389,-13.441312],[29.799228,-12.159586],[29.7993,-12.1541],[29.4895,-12.2315],[29.453942,-12.332808],[29.4504,-12.3429],[29.488018,-12.36846],[29.519798,-12.40171],[29.509583,-12.427829],[29.487202,-12.448662],[29.255,-12.3662],[29.048432,-12.37813],[29.00564,-12.322588],[28.9447,-12.2061],[28.761198,-12.005307],[28.747448,-11.990261],[28.742,-11.9843],[28.736181,-11.984279],[28.4972,-11.8574],[28.3557,-11.5182],[28.410024,-11.383541],[28.4396,-11.3482],[28.460129,-11.259339],[28.474193,-11.198463],[28.5635,-10.8119],[28.6944,-10.6633],[28.691802,-10.652866],[28.677997,-10.59743],[28.629929,-10.404409],[28.588878,-10.239562],[28.579982,-10.203838],[28.5793,-10.2011],[28.620105,-10.11949],[28.6285,-10.1027],[28.627945,-9.942392],[28.6965,-9.7965],[28.696309,-9.796263],[28.6985,-9.792],[28.6252,-9.6956],[28.591572,-9.569448],[28.6111,-9.551],[28.609185,-9.547726],[28.6178,-9.5433],[28.605945,-9.542188],[28.525547,-9.404739],[28.516,-9.3783],[28.50645,-9.372091],[28.3525,-9.272],[28.5991,-9.0964],[28.8931,-8.7658],[28.9355,-8.5908],[28.896984,-8.501207],[30.7521,-8.1941]]}},{"type":"Feature","properties":{"level":"country","left_geo_key":"burundi","right_geo_key":"democraticrepublicofthecongo","left_area":2.191406,"right_area":189.832603,"min_area":2.191406,"max_area":189.832603},"geometry":{"type":"LineString","coordinates":[[29.405599,-4.471924],[29.3395,-4.0932],[29.215,-3.8999],[29.2346,-3.0466],[28.9869,-2.7968],[29.0286,-2.7449]]}},{"type":"Feature","properties":{"level":"country","left_geo_key":"democraticrepublicofthecongo","right_geo_key":"rwanda","left_area":189.832603,"right_area":2.053552,"min_area":2.053552,"max_area":189.832603},"geometry":{"type":"LineString","coordinates":[[29.0286,-2.7449],[28.91685,-2.669857],[28.898583,-2.657591],[28.893557,-2.627344],[28.8981,-2.5763],[28.881058,-2.552132],[28.866357,-2.463674],[28.876327,-2.404197],[29.1348,-2.1977],[29.1305,-1.8433],[29.305511,-1.571322],[29.342204,-1.52879],[29.4349,-1.5068],[29.444197,-1.497431],[29.4451,-1.4973],[29.566701,-1.397584],[29.5779,-1.3884]]}},{"type":"Feature","properties":{"level":"country","left_geo_key":"democraticrepublicofthecongo","right_geo_key":"uganda","left_area":189.832603,"right_area":19.601318,"min_area":19.601318,"max_area":189.832603},"geometry":{"type":"LineString","coordinates":[[29.5779,-1.3884],[29.5547,-0.9286],[29.6108,-0.864],[29.7016,0.0552],[29.718631,0.088413],[29.787045,0.158512],[29.787259,0.15873],[29.8006,0.1724],[29.8326,0.337],[29.9405,0.4983],[29.946901,0.805458],[29.975783,0.837224],[30.1657,0.9214],[30.259906,1.145003],[30.297868,1.161272],[30.4783,1.2386],[30.6817,1.5003],[31.0258,1.7782],[31.2715,2.103],[31.2801,2.1514],[31.1901,2.2215],[31.1776,2.3029],[31.049791,2.298232],[30.9849,2.3946],[30.973771,2.396867],[30.968,2.4054],[30.960381,2.399595],[30.8718,2.3321],[30.797554,2.436509],[30.795,2.4401],[30.7077,2.4623],[30.8534,2.8534],[30.844,2.9328],[30.748789,3.04939],[30.8042,3.246],[30.91,3.3934],[30.908898,3.403655],[30.904275,3.446692],[30.8964,3.52],[30.877555,3.517559]]}},{"type":"Feature","properties":{"level":"country","left_geo_key":"belarus","right_geo_key":"ukraine","left_area":28.097145,"right_area":70.587922,"min_area":28.097145,"max_area":70.587922},"geometry":{"type":"LineString","coordinates":[[31.7643,52.1006],[31.3831,52.1175],[31.244635,52.046246],[31.166113,52.063902],[31.11264,52.075926],[31.0963,52.0796],[31.043239,52.073502],[30.935172,52.061082],[30.9188,52.0592],[30.9412,51.9938],[30.8969,51.9983],[30.891294,51.994275],[30.84642,51.962061],[30.714,51.867],[30.704127,51.853563],[30.658735,51.791785],[30.53397,51.621982],[30.517855,51.60005],[30.5151,51.5963],[30.528774,51.585583],[30.570986,51.529656],[30.5629,51.5218],[30.615159,51.463115],[30.611251,51.457995],[30.586,51.4518],[30.593625,51.434902],[30.6383,51.3359],[30.549492,51.245293],[30.3551,51.3053],[30.3074,51.4096],[30.1486,51.4844],[29.8286,51.43],[29.6608,51.4931],[29.649219,51.487255],[29.4464,51.3849],[29.3199,51.3656],[29.224883,51.503786],[29.155142,51.605212],[29.148,51.6156],[29.106316,51.622973],[29.07564,51.6284],[29.0632,51.6306],[29.046649,51.618328],[28.7999,51.5326],[28.7182,51.4116],[28.647,51.439],[28.6039,51.5535],[28.4612,51.5717],[28.3282,51.5364],[28.21,51.652],[28.076566,51.561511],[28.056918,51.560805],[27.8313,51.6129],[27.789037,51.514926],[27.7143,51.4637],[27.6641,51.4929],[27.7052,51.5684],[27.6768,51.5948],[27.5123,51.6231],[27.496901,51.620861],[27.4773,51.6237],[27.269042,51.597306],[27.2775,51.6511],[27.2036,51.6551],[27.1511,51.7568],[26.8548,51.7493],[26.6657,51.8014],[26.4456,51.8056],[26.409863,51.848144],[26.4078,51.8506],[25.7679,51.9285],[25.138,51.9489],[24.841809,51.901504],[24.46666,51.880527],[24.387252,51.876087],[24.3696,51.8751],[24.2441,51.7182],[23.9813,51.586],[23.735712,51.642704],[23.7262,51.6449],[23.629,51.629],[23.611587,51.530855],[23.60897,51.516105]]}},{"type":"Feature","properties":{"level":"country","left_geo_key":"poland","right_geo_key":"ukraine","left_area":41.188003,"right_area":70.587922,"min_area":41.188003,"max_area":70.587922},"geometry":{"type":"LineString","coordinates":[[23.60897,51.516105],[23.6083,51.512326],[23.6081,51.5112],[23.610312,51.509947],[23.677295,51.430718],[23.683892,51.408197],[23.6287,51.326],[23.816,51.1788],[23.950604,50.979903],[23.970918,50.949886],[23.9793,50.9375],[24.1302,50.8689],[24.1309,50.8391],[23.9929,50.8362],[23.9595,50.7889],[24.081,50.713],[24.100875,50.577068],[24.094623,50.531625],[24.070292,50.517338],[24.0079,50.4807],[23.9813,50.4048],[23.6957,50.3768],[23.683802,50.368396],[23.1015,49.9571],[22.6658,49.5674],[22.6409,49.5288],[22.730936,49.293349],[22.733387,49.266521],[22.7339,49.2609],[22.693952,49.169912],[22.6878,49.1559],[22.845473,49.080156],[22.8638,49.0154],[22.778685,49.031769],[22.5607,49.0855],[22.552181,49.075329]]}},{"type":"Feature","properties":{"level":"country","left_geo_key":"slovakia","right_geo_key":"ukraine","left_area":5.905435,"right_area":70.587922,"min_area":5.905435,"max_area":70.587922},"geometry":{"type":"LineString","coordinates":[[22.552181,49.075329],[22.535579,49.055507],[22.474226,48.982254],[22.400906,48.894714],[22.3689,48.8565],[22.366765,48.85013],[22.350512,48.801649],[22.314782,48.695069],[22.1537,48.5859],[22.1328,48.4048]]}},{"type":"Feature","properties":{"level":"country","left_geo_key":"hungary","right_geo_key":"ukraine","left_area":11.087069,"right_area":70.587922,"min_area":11.087069,"max_area":70.587922},"geometry":{"type":"LineString","coordinates":[[22.1328,48.4048],[22.172462,48.404429],[22.24421,48.403758],[22.263138,48.376821],[22.2568,48.3573],[22.276733,48.357473],[22.3571,48.2431],[22.360909,48.243125],[22.3636,48.2387],[22.478597,48.242507],[22.4814,48.2426],[22.620852,48.10215],[22.6212,48.1018],[22.795623,48.091346],[22.811115,48.083049],[22.831565,48.066315],[22.8408,47.9668],[22.8776,47.9467]]}},{"type":"Feature","properties":{"level":"country","left_geo_key":"romania","right_geo_key":"ukraine","left_area":27.383842,"right_area":70.587922,"min_area":27.383842,"max_area":70.587922},"geometry":{"type":"MultiLineString","coordinates":[[[22.8776,47.9467],[22.885643,47.954391],[22.8979,47.951],[22.911673,47.979282],[22.935802,48.002355],[23.0203,47.9847],[23.049032,48.007295],[23.078035,48.030104],[23.1617,48.0959],[23.4608,47.9713],[23.6461,47.9966],[23.816203,47.967634],[23.938125,47.946872],[24.188233,47.904283],[24.219313,47.89899],[24.231,47.897],[24.256406,47.904139],[24.5421,47.9438],[24.8966,47.7101],[24.926313,47.715438],[25.080089,47.743062],[25.0803,47.7431],[25.2617,47.8986],[26.1257,47.9784],[26.141461,47.989819],[26.237466,48.059379],[26.2553,48.0723],[26.259181,48.081739],[26.284411,48.143095],[26.3118,48.2097],[26.5874,48.2494],[26.603557,48.263528],[26.628836,48.267869]],[[28.215975,45.475673],[28.1995,45.4618],[28.258339,45.443205],[28.270433,45.433937],[28.3302,45.3229],[28.7101,45.227],[28.8027,45.2442],[28.763418,45.28005],[28.7897,45.3214],[28.9476,45.286257],[28.9528,45.2851],[28.985762,45.301689],[29.292784,45.425838],[29.397332,45.429299],[29.472399,45.414362],[29.6503,45.3461],[29.667459,45.252152]]]}},{"type":"Feature","properties":{"level":"country","left_geo_key":"moldova","right_geo_key":"ukraine","left_area":3.924701,"right_area":70.587922,"min_area":3.924701,"max_area":70.587922},"geometry":{"type":"LineString","coordinates":[[26.628836,48.267869],[26.69639,48.322659],[26.7744,48.2872],[26.776002,48.297584],[26.781246,48.331574],[26.785962,48.362144],[26.827983,48.388906],[26.833694,48.390754],[26.9432,48.3513],[27.047373,48.397422],[27.2086,48.3606],[27.318935,48.422952],[27.4202,48.4171],[27.599847,48.482302],[27.607093,48.480712],[27.627,48.4513],[27.7853,48.4416],[27.9264,48.3394],[28.064872,48.316783],[28.077429,48.310181],[28.085579,48.272807],[28.091261,48.246752],[28.0933,48.2374],[28.163775,48.255184],[28.1999,48.2117],[28.213144,48.213187],[28.217,48.2081],[28.269839,48.219554],[28.353951,48.229],[28.3174,48.1354],[28.33422,48.141703],[28.4116,48.1707],[28.417097,48.159637],[28.4594,48.0745],[28.469294,48.08431],[28.505833,48.120537],[28.536529,48.150972],[28.55981,48.153502],[28.63614,48.14303],[28.778506,48.11578],[28.81446,48.072865],[28.888382,47.984632],[28.9148,47.9531],[28.932306,47.949339],[28.973956,47.940391],[29.0172,47.9311],[29.085478,47.966858],[29.11637,47.974189],[29.194543,47.906564],[29.226,47.8756],[29.204321,47.836965],[29.1867,47.8182],[29.190156,47.81172],[29.212014,47.770736],[29.2267,47.7432],[29.218285,47.718672],[29.1174,47.5333],[29.1556,47.45],[29.2326,47.4463],[29.400883,47.287999],[29.4096,47.2798],[29.451449,47.314136],[29.493568,47.335907],[29.519471,47.331014],[29.564855,47.309309],[29.569301,47.301395],[29.5448,47.1356],[29.486598,47.107911],[29.4809,47.1052],[29.49023,47.101797],[29.571441,47.072181],[29.592104,47.064645],[29.6021,47.061],[29.574599,46.939863],[29.5732,46.9337],[29.918244,46.80765],[29.9474,46.5883],[29.8988,46.5531],[29.9161,46.5188],[30.117629,46.429024],[30.1182,46.4287],[30.110313,46.402314],[30.097542,46.390024],[29.858545,46.343588],[29.847237,46.342032],[29.729754,46.453102],[29.7141,46.4712],[29.5986,46.3631],[29.456964,46.484174],[29.4567,46.4844],[29.369504,46.421261],[29.3621,46.4159],[29.316766,46.461807],[29.3067,46.472],[29.293097,46.421358],[29.284686,46.406984],[29.253284,46.388333],[29.200654,46.372349],[29.2002,46.524],[29.184177,46.530025],[29.173187,46.534157],[29.1627,46.5381],[28.9458,46.4548],[28.9329,46.2726],[28.934261,46.271115],[28.967992,46.234317],[29.003895,46.195151],[28.9464,46.1051],[28.955032,46.019851],[28.7576,45.9612],[28.756545,45.956836],[28.7402,45.9532],[28.739071,45.884538],[28.725882,45.829967],[28.719594,45.826102],[28.509137,45.696735],[28.5042,45.6937],[28.502555,45.690386],[28.486846,45.658748],[28.4829,45.6508],[28.513481,45.610592],[28.5231,45.5932],[28.4809,45.502],[28.27048,45.521493],[28.2704,45.5215],[28.270318,45.521431],[28.215975,45.475673]]}},{"type":"Feature","properties":{"level":"country","left_geo_key":"russia","right_geo_key":"ukraine","left_area":2928.705159,"right_area":70.587922,"min_area":70.587922,"max_area":2928.705159},"geometry":{"type":"MultiLineString","coordinates":[[[33.636554,46.145656],[33.6616,46.2102],[33.669124,46.209798],[33.783513,46.203683],[33.8019,46.2027],[33.807536,46.200624],[34.0679,46.1047],[34.3339,46.0697],[34.4646,45.9553],[34.6886,45.974],[34.7633,45.932],[34.770189,45.910314],[34.786243,45.859782],[34.806655,45.79553],[34.862538,45.769668],[35.0019,45.729]],[[38.2035,47.1923],[38.2982,47.256],[38.2919,47.287],[38.1887,47.301],[38.258,47.3932],[38.2603,47.4929],[38.319,47.5913],[38.713,47.6757],[38.819772,47.831919],[38.8309,47.8482],[38.851052,47.847868],[39.256526,47.841184],[39.741777,47.833186],[39.780394,47.916385],[39.789939,47.95381],[39.7619,48.0098],[39.763466,48.010482],[39.7599,48.015],[39.800915,48.026798],[39.834178,48.04129],[39.8431,48.1198],[39.981784,48.245612],[39.988254,48.261246],[39.982404,48.279292],[39.959414,48.292264],[39.8159,48.3082],[39.9241,48.3761],[39.84608,48.493131],[39.8421,48.4991],[39.8551,48.5561],[39.6317,48.5869],[39.7029,48.7466],[39.710321,48.752527],[39.7794,48.8077],[39.9753,48.7897],[40.036948,48.852134],[40.035495,48.870494],[39.994217,48.873414],[39.794624,48.887528],[39.7823,48.8884],[39.77872,48.891013],[39.691408,48.954748],[39.6875,48.9576],[39.687433,48.958253],[39.683819,48.993658],[39.6811,49.0203],[39.695625,49.021981],[39.6983,49.0284],[39.923126,49.057964],[39.9521,49.1245],[40.134618,49.241269],[40.1481,49.3496],[40.0349,49.4871],[40.121975,49.571358],[40.118078,49.582939],[40.072659,49.594233],[39.99453,49.600859],[39.8015,49.5422],[39.783958,49.549203],[39.6229,49.6135],[39.563416,49.714004],[39.2609,49.7445],[39.1558,49.8736],[39.0323,49.8073],[38.9374,49.8035],[38.6378,49.9572],[38.3763,49.9749],[38.2812,50.0624],[38.189359,50.060517],[38.1662,49.9406],[38.020622,49.910937],[37.9959,49.9059],[37.935099,49.979925],[37.896483,50.011075],[37.7276,50.0787],[37.5971,50.1969],[37.5992,50.2909],[37.48,50.34],[37.42178,50.422568],[37.34352,50.409069],[36.8486,50.3237],[36.6169,50.2064],[36.607832,50.210704],[36.54251,50.241707],[36.426959,50.296551],[36.350786,50.289245],[36.292,50.274],[36.281157,50.282566],[36.1058,50.4211],[35.8374,50.4232],[35.6969,50.3451],[35.684749,50.346038],[35.634396,50.349925],[35.6114,50.3517],[35.607907,50.356564],[35.559534,50.423916],[35.55166,50.434879],[35.501925,50.460707],[35.4464,50.476],[35.437952,50.49393],[35.3777,50.6218],[35.4689,50.6685],[35.2822,50.9611],[35.2781,50.9927],[35.326744,51.013484],[35.339155,51.02808],[35.273617,51.038275],[35.162764,51.055519],[35.1436,51.0585],[35.110181,51.135276],[35.06349,51.206097],[34.6749,51.1677],[34.6084,51.234],[34.186,51.2489],[34.3087,51.3346],[34.235158,51.379136],[34.196,51.3856],[34.198116,51.401568],[34.206511,51.464918],[34.214496,51.52518],[34.0891,51.6666],[34.357315,51.705824],[34.38179,51.719023],[34.4127,51.7777],[34.145027,51.932629],[34.0962,51.9518],[34.089002,51.999971],[34.05673,52.165031],[33.8041,52.3546],[33.6879,52.3558],[33.5317,52.2888],[33.4653,52.3527],[33.1965,52.3689],[32.8908,52.2423],[32.3943,52.3268],[32.3536,52.3216],[32.3633,52.2557],[32.360102,52.249231],[32.341899,52.212407],[32.3067,52.1412],[32.2333,52.0809],[31.9272,52.0311],[31.926603,52.031699],[31.8587,52.0999],[31.7643,52.1006]]]}},{"type":"Feature","properties":{"level":"country","left_geo_key":"belarus","right_geo_key":"russia","left_area":28.097145,"right_area":2928.705159,"min_area":28.097145,"max_area":2928.705159},"geometry":{"type":"LineString","coordinates":[[31.7643,52.1006],[31.72298,52.178746],[31.6889,52.2432],[31.683205,52.246397],[31.5674,52.3114],[31.6086,52.3544],[31.5582,52.52],[31.599765,52.548147],[31.4917,52.6671],[31.494818,52.669412],[31.5702,52.7253],[31.5695,52.7675],[31.2471,53.0144],[31.356355,53.091334],[31.3785,53.182],[31.4164,53.2],[31.512109,53.197772],[31.7386,53.1925],[31.8068,53.11],[32.000949,53.094332],[32.161861,53.098506],[32.4236,53.2044],[32.469288,53.285196],[32.479738,53.303675],[32.4806,53.3052],[32.7175,53.3349],[32.7178,53.4311],[32.4294,53.5616],[32.3991,53.6354],[32.406558,53.637871],[32.4061,53.6394],[32.470924,53.675343],[32.443786,53.711645],[32.094885,53.806531],[31.7447,53.7949],[31.838037,53.97589],[31.828309,54.022793],[31.812276,54.049669],[31.3247,54.2292],[31.31844,54.241038],[31.209,54.448],[31.0646,54.4923],[31.1679,54.6216],[30.7626,54.802],[30.8148,54.928],[30.915291,54.965446],[30.9066,55.0126],[30.917144,55.015748],[30.9132,55.0246],[30.944947,55.02405],[31.00206,55.041104],[30.98621,55.122168],[30.985235,55.126022],[30.7943,55.2855],[30.906599,55.395811],[30.909026,55.464603],[30.888593,55.58625],[30.866433,55.599663],[30.7422,55.5944],[30.655829,55.657299],[30.5964,55.6653],[30.589651,55.705492],[30.522892,55.754108],[30.4778,55.7791],[30.2178,55.8551],[30.1063,55.8219],[29.9078,55.8432],[29.8057,55.7715],[29.6842,55.7706],[29.4809,55.6811],[29.468994,55.690283],[29.354832,55.778337],[29.3436,55.787],[29.370081,55.823492],[29.4256,55.9],[29.421664,55.90441],[29.3774,55.954],[29.0308,56.0242],[28.809,55.9346],[28.7319,55.9468],[28.596625,56.090357],[28.582126,56.092167],[28.503906,56.090716],[28.332853,56.055471],[28.300283,56.04876],[28.2898,56.0466],[28.215177,56.097337],[28.1489,56.1424]]}},{"type":"Feature","properties":{"level":"country","left_geo_key":"belarus","right_geo_key":"latvia","left_area":28.097145,"right_area":9.496086,"min_area":9.496086,"max_area":28.097145},"geometry":{"type":"LineString","coordinates":[[28.1489,56.1424],[28.138725,56.140975],[28.111,56.1568],[27.943544,56.113638],[27.938534,56.112347],[27.9271,56.1094],[27.645,55.9228],[27.5927,55.7942],[27.3292,55.8176],[27.311037,55.809259],[27.171493,55.81672],[27.1108,55.8363],[27.014233,55.825129],[26.969641,55.81997],[26.9578,55.8186],[26.932459,55.797483],[26.774365,55.701869],[26.6156,55.688],[26.613265,55.680622]]}},{"type":"Feature","properties":{"level":"country","left_geo_key":"belarus","right_geo_key":"lithuania","left_area":28.097145,"right_area":9.193842,"min_area":9.193842,"max_area":28.097145},"geometry":{"type":"LineString","coordinates":[[26.613265,55.680622],[26.598913,55.635285],[26.574939,55.559549],[26.5433,55.4596],[26.515434,55.42481],[26.4455,55.3375],[26.456142,55.336271],[26.7686,55.3002],[26.7897,55.2572],[26.657,55.2153],[26.5789,55.1185],[26.2644,55.1401],[26.144742,54.977259],[25.988398,54.955358],[25.9079,54.9481],[25.899633,54.942923],[25.817532,54.891512],[25.7827,54.8697],[25.765382,54.840697],[25.724854,54.77282],[25.7212,54.7667],[25.7404,54.5685],[25.6462,54.5204],[25.5287,54.321],[25.6878,54.321],[25.759108,54.261366],[25.7723,54.2489],[25.742881,54.155451],[25.516,54.1448],[25.4993,54.2118],[25.554,54.2313],[25.4594,54.2989],[25.3697,54.2479],[25.2241,54.2585],[25.072,54.1322],[24.851,54.145],[24.837009,54.134358],[24.808253,54.112487],[24.7825,54.0929],[24.788991,54.080719],[24.7871,54.0776],[24.813585,54.007903],[24.7887,53.9697],[24.6668,53.9939],[24.614731,53.974597],[24.3779,53.8868],[24.2764,53.8918],[24.1696,53.9589],[23.6426,53.899],[23.4856,53.9393]]}},{"type":"Feature","properties":{"level":"country","left_geo_key":"belarus","right_geo_key":"poland","left_area":28.097145,"right_area":41.188003,"min_area":28.097145,"max_area":41.188003},"geometry":{"type":"LineString","coordinates":[[23.4856,53.9393],[23.5909,53.6113],[23.786729,53.266894],[23.878084,53.168773],[23.8831,53.164],[23.88298,53.163514],[23.867363,53.100523],[23.863191,53.083697],[23.9097,53.0127],[23.909985,53.006691],[23.9113,53.0051],[23.9225,52.7426],[23.869,52.67],[23.3923,52.5096],[23.1835,52.2813],[23.209752,52.236088],[23.4915,52.1741],[23.499122,52.156061],[23.556601,52.122488],[23.5794,52.1215],[23.612867,52.089624],[23.6425,52.0614],[23.6649,52.0112],[23.5946,51.8433],[23.6287,51.8098],[23.5324,51.659],[23.6062,51.5174],[23.60897,51.516105]]}},{"type":"Feature","properties":{"level":"country","left_geo_key":"namibia","right_geo_key":"southafrica","left_area":72.151648,"right_area":113.15953,"min_area":72.151648,"max_area":113.15953},"geometry":{"type":"LineString","coordinates":[[16.4871,-28.5729],[16.6731,-28.4598],[16.68219,-28.466742],[16.698543,-28.479231],[16.713713,-28.490817],[16.733645,-28.48341],[16.743224,-28.474235],[16.796038,-28.349599],[16.7644,-28.2832],[16.8152,-28.2708],[16.893,-28.0826],[16.8957,-28.081779],[17.058384,-28.032281],[17.0764,-28.0268],[17.1809,-28.0995],[17.184196,-28.113073],[17.2131,-28.2321],[17.3345,-28.2229],[17.371569,-28.291874],[17.3948,-28.3351],[17.396284,-28.353338],[17.397873,-28.372851],[17.3997,-28.3953],[17.332397,-28.462336],[17.391025,-28.549454],[17.4096,-28.5714],[17.409361,-28.576699],[17.4036,-28.7043],[17.598,-28.6896],[17.6287,-28.7641],[17.9133,-28.7813],[18.180949,-28.900353],[18.7457,-28.8399],[18.9545,-28.8667],[19.1202,-28.9575],[19.275744,-28.877746],[19.273553,-28.847671],[19.267336,-28.762316],[19.2659,-28.7426],[19.273889,-28.74067],[19.376271,-28.715929],[19.461423,-28.695352],[19.5624,-28.5381],[19.565132,-28.537346],[19.5688,-28.5312],[19.9817,-28.4223],[19.9818,-24.765],[19.9814,-24.7525],[19.986367,-24.757522]]}},{"type":"Feature","properties":{"level":"country","left_geo_key":"botswana","right_geo_key":"namibia","left_area":50.674515,"right_area":72.151648,"min_area":50.674515,"max_area":72.151648},"geometry":{"type":"LineString","coordinates":[[19.986367,-24.757522],[19.9783,-22.0007],[20.972,-22.0007],[20.9848,-21.964],[20.9934,-18.3186],[21.4757,-18.2995],[22.9814,-18.02],[23.2928,-17.999],[23.3945,-18.1862],[23.5113,-18.2603],[23.6099,-18.4777],[23.7158,-18.4191],[23.916,-18.2012],[24.192615,-18.028625],[24.273209,-18.022056],[24.2938,-18.020378],[24.3058,-18.0194],[24.319066,-18.004105],[24.39194,-17.957169],[24.408072,-17.961025],[24.4339,-17.9672],[24.5184,-18.0573],[24.8208,-17.8393],[25.032563,-17.811013],[25.169217,-17.792758],[25.216918,-17.786387]]}},{"type":"Feature","properties":{"level":"country","left_geo_key":"namibia","right_geo_key":"zambia","left_area":72.151648,"right_area":62.798491,"min_area":62.798491,"max_area":72.151648},"geometry":{"type":"LineString","coordinates":[[25.216918,-17.786387],[25.24831,-17.782193],[25.2535,-17.7815],[25.13483,-17.698598],[25.0406,-17.5845],[25.038882,-17.584056],[25.037,-17.5812],[24.6844,-17.4924],[24.565163,-17.531331],[24.407,-17.4745],[24.2205,-17.4795],[23.378996,-17.637499],[23.372518,-17.628873]]}},{"type":"Feature","properties":{"level":"country","left_geo_key":"angola","right_geo_key":"namibia","left_area":103.541661,"right_area":72.151648,"min_area":72.151648,"max_area":103.541661},"geometry":{"type":"LineString","coordinates":[[23.372518,-17.628873],[21.629145,-17.966046],[21.4055,-18.0093],[21.402847,-18.008536],[21.259707,-17.967295],[21.146713,-17.934741],[20.8062,-18.0314],[20.5655,-17.9852],[20.556131,-17.979767],[20.5529,-17.9791],[20.343951,-17.859343],[20.0343,-17.8959],[19.984573,-17.875598],[19.952,-17.8623],[19.776,-17.8851],[19.706578,-17.856633],[19.685592,-17.848027],[19.4213,-17.8594],[19.18035,-17.803127],[18.89,-17.7993],[18.762,-17.7477],[18.750931,-17.737514],[18.742467,-17.729724],[18.6428,-17.638],[18.505135,-17.457478],[18.44622,-17.389897],[14.28715,-17.388129],[14.2191,-17.3881],[13.971237,-17.41745],[13.9573,-17.4191],[13.5213,-17.1219],[13.4589,-17.0018],[13.1663,-16.9511],[12.911,-17.0235],[12.71199,-17.141934],[12.5672,-17.2346],[12.559118,-17.232911],[12.5546,-17.2356],[12.308273,-17.216783],[12.2426,-17.2248],[12.16405,-17.148768],[12.0752,-17.143],[11.8076,-17.2659],[11.786526,-17.254556]]}},{"type":"Feature","properties":{"level":"country","left_geo_key":"mozambique","right_geo_key":"southafrica","left_area":67.160931,"right_area":113.15953,"min_area":67.160931,"max_area":113.15953},"geometry":{"type":"MultiLineString","coordinates":[[[32.242137,-26.844494],[32.114089,-26.826106],[32.113621,-26.826038]],[[31.9492,-25.9581],[31.9058,-25.813],[31.992867,-25.621219],[31.9956,-25.6152],[31.9664,-25.4797],[31.9866,-24.4231],[31.8695,-24.1638],[31.8558,-23.9465],[31.851383,-23.942606],[31.7552,-23.8578],[31.749341,-23.843793],[31.6423,-23.5879],[31.5276,-23.4568],[31.5363,-23.157],[31.291746,-22.406038],[31.2889,-22.3973]]]}},{"type":"Feature","properties":{"level":"country","left_geo_key":"eswatini","right_geo_key":"southafrica","left_area":1.54846,"right_area":113.15953,"min_area":1.54846,"max_area":113.15953},"geometry":{"type":"LineString","coordinates":[[32.113621,-26.826038],[31.9901,-26.8083],[31.9421,-27.1007],[31.9683,-27.3163],[31.5265,-27.3109],[31.157,-27.2056],[30.9536,-27.0003],[30.961,-26.9112],[30.95497,-26.900827],[30.907919,-26.819885],[30.8802,-26.7722],[30.857644,-26.785569],[30.7957,-26.7855],[30.8046,-26.3975],[30.9699,-26.2091],[31.110976,-25.927608],[31.326669,-25.753369],[31.365505,-25.744355],[31.416787,-25.743724],[31.8919,-25.9838],[31.9492,-25.9581]]}},{"type":"Feature","properties":{"level":"country","left_geo_key":"southafrica","right_geo_key":"zimbabwe","left_area":113.15953,"right_area":33.388409,"min_area":33.388409,"max_area":113.15953},"geometry":{"type":"LineString","coordinates":[[31.2889,-22.3973],[31.1633,-22.3226],[30.8379,-22.2823],[30.335,-22.3447],[29.772116,-22.135805],[29.7589,-22.1309],[29.741102,-22.133198],[29.475918,-22.167442],[29.354005,-22.183184],[29.347502,-22.184024]]}},{"type":"Feature","properties":{"level":"country","left_geo_key":"botswana","right_geo_key":"southafrica","left_area":50.674515,"right_area":113.15953,"min_area":50.674515,"max_area":113.15953},"geometry":{"type":"LineString","coordinates":[[29.347502,-22.184024],[29.182645,-22.205312],[29.045097,-22.223074],[29.0387,-22.2239],[28.9602,-22.3102],[28.914306,-22.448267],[28.854715,-22.475545],[28.6239,-22.5628],[28.3769,-22.575],[28.317797,-22.601764],[28.2868,-22.6158],[28.283205,-22.618014],[28.1962,-22.6716],[28.186869,-22.691654],[28.157703,-22.754335],[28.146865,-22.777626],[28.0454,-22.8478],[28.0218,-22.9266],[27.9492,-22.9539],[27.9301,-23.057],[27.8157,-23.1047],[27.814062,-23.107762],[27.7742,-23.1252],[27.74327,-23.215691],[27.6984,-23.1935],[27.608,-23.2167],[27.5489,-23.3608],[27.4252,-23.4127],[27.382962,-23.407845],[27.354733,-23.404599],[27.3356,-23.4024],[27.205228,-23.518524],[27.199934,-23.52324],[27.1956,-23.5271],[27.123933,-23.532932],[27.1231,-23.533],[27.061397,-23.653516],[27.0243,-23.6425],[27.017707,-23.651299],[27.0042,-23.6458],[26.9672,-23.7187],[26.82429,-24.274948],[26.812061,-24.282615],[26.5312,-24.4587],[26.40401,-24.632787],[26.2788,-24.6285],[25.8741,-24.7434],[25.8352,-25.0164],[25.5873,-25.6195],[25.4584,-25.7112],[25.1778,-25.7633],[25.0133,-25.743],[24.8289,-25.826],[24.665,-25.8233],[24.4567,-25.743],[24.3389,-25.7518],[24.1835,-25.6259],[23.9248,-25.6292],[23.4593,-25.2822],[23.449207,-25.281251],[23.385673,-25.275278],[23.2657,-25.264],[23.237644,-25.268226],[23.199451,-25.27398],[23.0307,-25.2994],[23.016692,-25.313077],[22.850493,-25.475346],[22.8446,-25.4811],[22.804809,-25.685104],[22.798467,-25.694166],[22.7464,-25.7553],[22.748973,-25.764892],[22.7405,-25.777],[22.731909,-25.861406],[22.7195,-25.8743],[22.7194,-25.9843],[22.5638,-26.1811],[22.4509,-26.2101],[22.3429,-26.3174],[22.2573,-26.3409],[22.0577,-26.6176],[21.7806,-26.6782],[21.7734,-26.7868],[21.6872,-26.8552],[21.4266,-26.8227],[21.401948,-26.826153],[21.1225,-26.8653],[20.9077,-26.8],[20.688684,-26.8807],[20.6147,-26.7532],[20.6053,-26.4933],[20.836513,-26.138793],[20.8414,-26.1313],[20.7941,-25.8939],[20.670565,-25.688008],[20.6627,-25.6749],[20.646574,-25.551134],[20.639297,-25.49528],[20.6344,-25.4577],[20.5358,-25.3712],[20.369126,-25.041557],[20.3649,-25.0332],[20.319582,-25.006249],[20.024082,-24.795655],[19.986367,-24.757522]]}},{"type":"Feature","properties":{"level":"country","left_geo_key":"lesotho","right_geo_key":"southafrica","left_area":2.792618,"right_area":113.15953,"min_area":2.792618,"max_area":113.15953},"geometry":{"type":"LineString","coordinates":[[29.282165,-29.502316],[29.36902,-29.44649],[29.391248,-29.432203],[29.4322,-29.357],[29.3118,-29.0898],[29.2084,-29.0689],[28.9808,-28.909],[28.859,-28.773],[28.858923,-28.772959],[28.6995,-28.6885],[28.692961,-28.676695],[28.689,-28.6744],[28.620298,-28.573717],[28.545814,-28.589233],[28.398542,-28.622922],[28.2971,-28.7069],[28.164,-28.7054],[28.0047,-28.8807],[27.9262,-28.8534],[27.867939,-28.909058],[27.8613,-28.9154],[27.842698,-28.914289],[27.7283,-28.938],[27.591177,-29.133456],[27.3502,-29.4803],[27.346876,-29.481684],[27.094061,-29.586936],[27.0622,-29.6002],[27.0022,-29.6665],[27.0801,-29.7351],[27.303725,-30.116137],[27.3814,-30.1427],[27.3437,-30.2129],[27.372844,-30.298104],[27.401676,-30.313562],[27.519797,-30.376891],[27.5297,-30.3822],[27.537399,-30.394462],[27.7436,-30.6003],[28.0788,-30.6588],[28.1276,-30.4651],[28.12838,-30.464306],[28.2385,-30.3523],[28.1985,-30.3011],[28.216,-30.2674],[28.3839,-30.1442],[28.7956,-30.0894],[29.1328,-29.9247],[29.1138,-29.7501],[29.1613,-29.6669],[29.272469,-29.616386],[29.278898,-29.604304],[29.281433,-29.525142],[29.2755,-29.5066],[29.282165,-29.502316]]}},{"type":"Feature","properties":{"level":"country","left_geo_key":"oman","right_geo_key":"unitedarabemirates","left_area":26.994353,"right_area":6.292666,"min_area":6.292666,"max_area":26.994353},"geometry":{"type":"MultiLineString","coordinates":[[[56.3833,24.9782],[56.329,24.9727],[56.3083,24.8952],[56.1712,24.824],[56.105075,24.738249],[56.0315,24.7541],[55.9648,24.8539],[55.9609,24.8812],[56.019509,24.882474],[56.0253,24.8826],[55.990111,24.946354],[55.976115,24.97171],[55.9759,24.9721],[55.897,24.9686],[55.7991,24.8861],[55.8182,24.6434],[55.763485,24.541649],[55.7612,24.5374],[55.770434,24.509865],[55.803211,24.359958],[55.786337,24.295782],[55.768932,24.229584],[55.7677,24.2249],[55.9332,24.2207],[55.983266,24.07564],[55.876681,24.034413],[55.7885,24.0096],[55.787066,24.009688],[55.62967,24.019399],[55.6183,24.0201],[55.577175,24.002333],[55.464691,23.953737],[55.4528,23.9486],[55.5306,23.8747],[55.533975,23.761019],[55.5341,23.7568],[55.222483,23.084799],[55.1948,23.0251],[55.1868,22.7036]],[[56.1564,25.6559],[56.153764,25.665718],[56.146955,25.691084],[56.1404,25.7155],[56.150666,25.731679],[56.157291,25.804132],[56.1445,25.8379],[56.1784,26.035],[56.153228,26.071968],[56.1006,26.0629]],[[56.2375,25.6166],[56.1564,25.6559]],[[56.222441,25.232749],[56.229992,25.286712],[56.2336,25.3125],[56.2606,25.3311],[56.3444,25.2665],[56.230563,25.219648],[56.22,25.2153],[56.222441,25.232749]],[[56.2596,25.276],[56.263,25.2492],[56.276433,25.261253],[56.2596,25.276]]]}},{"type":"Feature","properties":{"level":"country","left_geo_key":"oman","right_geo_key":"saudiarabia","left_area":26.994353,"right_area":171.09115,"min_area":26.994353,"max_area":171.09115},"geometry":{"type":"LineString","coordinates":[[55.1868,22.7036],[55.6376,21.979],[54.9784,19.9954],[51.9786,18.9956]]}},{"type":"Feature","properties":{"level":"country","left_geo_key":"oman","right_geo_key":"yemen","left_area":26.994353,"right_area":38.22143,"min_area":26.994353,"max_area":38.22143},"geometry":{"type":"LineString","coordinates":[[51.9786,18.9956],[52.7301,17.2999],[52.731791,17.299131],[52.8016,17.2674],[53.0903,16.6424]]}},{"type":"Feature","properties":{"level":"country","left_geo_key":"tajikistan","right_geo_key":"uzbekistan","left_area":14.644658,"right_area":48.479925,"min_area":14.644658,"max_area":48.479925},"geometry":{"type":"MultiLineString","coordinates":[[[70.505501,40.34627],[70.3714,40.3649],[70.3696,40.4755],[70.590054,40.596826],[70.7671,40.7376],[70.6374,40.7706],[70.6193,40.8032],[70.699,40.807101],[70.697607,40.813135],[70.416617,41.0282],[70.3635,41.0324],[70.3359,40.927],[70.2804,40.8777],[69.8253,40.714],[69.7177,40.6363],[69.6601,40.6387],[69.5092,40.7747],[69.4178,40.8042],[69.3551,40.7804],[69.3142,40.7293],[69.3135,40.6094],[69.206566,40.550517],[69.3127,40.3428],[69.3053,40.2938],[69.2084,40.2983],[69.2853,40.2186],[69.275148,40.208637],[69.264244,40.197936],[69.2477,40.1817],[69.045047,40.228496],[69.040935,40.22907],[68.845339,40.205154],[68.610653,40.16878],[68.668791,40.124306],[68.696486,40.111706],[68.9307,40.1468],[68.987,40.0917],[68.976486,40.088459],[68.8261,40.0421],[68.803816,40.048813],[68.778727,40.056371],[68.782892,40.032029],[68.8774,39.9006],[68.86917,39.893022],[68.8383,39.8646],[68.752,39.9728],[68.773884,39.868755],[68.7752,39.8625],[68.7282,39.825],[68.695433,39.857691],[68.660003,39.85355],[68.624349,39.833022],[68.6058,39.6669],[68.5173,39.5488],[68.502602,39.54709],[68.3376,39.5279],[67.7176,39.6234],[67.505626,39.544693],[67.4946,39.4937],[67.478386,39.48958],[67.4273,39.4766],[67.350176,39.220051],[67.6676,39.1318],[67.688362,39.002876],[68.1009,38.9793],[68.1737,38.8673],[68.136,38.8045],[68.0667,38.788],[68.0626,38.5231],[68.15622,38.37807],[68.3562,38.2126],[68.3443,38.1155],[68.2487,37.949],[68.134162,37.912149],[68.0502,37.7604],[67.8292,37.5279],[67.7851,37.2036],[67.746491,37.21668]],[[70.6221,40.1996],[70.505501,40.34627]],[[70.959,40.2384],[70.6221,40.1996]],[[70.618224,40.973773],[70.5659,41.0184],[70.60294,40.97949],[70.624191,40.965209],[70.618224,40.973773]]]}},{"type":"Feature","properties":{"level":"country","left_geo_key":"kyrgyzstan","right_geo_key":"uzbekistan","left_area":21.401522,"right_area":48.479925,"min_area":21.401522,"max_area":48.479925},"geometry":{"type":"MultiLineString","coordinates":[[[70.959,40.2384],[70.9951,40.2666],[71.201,40.2638],[71.2639,40.3182],[71.5212,40.2037],[71.537165,40.209252],[71.646,40.2471],[71.6731,40.1479],[71.691114,40.145998],[71.698724,40.145195],[71.7072,40.1443],[71.8365,40.2492],[72.007109,40.240595],[72.0189,40.24],[72.012312,40.248018],[71.986477,40.27946],[71.961995,40.309255],[72.079663,40.393014],[72.178153,40.454941],[72.189928,40.455461],[72.233107,40.44149],[72.383273,40.392903],[72.3941,40.3894],[72.404561,40.405074],[72.415384,40.421291],[72.4252,40.436],[72.418218,40.451812],[72.38506,40.526905],[72.356412,40.591782],[72.364044,40.597939],[72.6255,40.5105],[72.6824,40.5777],[72.7484,40.5751],[72.7839,40.6697],[73.118,40.7829],[73.129547,40.806177],[73.135673,40.818526],[73.1433,40.8339],[73.0034,40.8702],[72.877763,40.836093],[72.873,40.8348],[72.838795,40.86454],[72.8301,40.8721],[72.6582,40.8672],[72.481985,40.979301],[72.4767,41.0118],[72.3324,41.0728],[72.317556,41.055621],[72.1651,40.9994],[72.158755,41.177917],[72.1584,41.1879],[72.149414,41.185643],[72.0338,41.1566],[71.8716,41.1945],[71.847,41.3418],[71.739529,41.442635],[71.7304,41.4512],[71.681819,41.440058],[71.6841,41.5341],[71.6495,41.5499],[71.6153,41.5321],[71.617573,41.516673],[71.6331,41.4113],[71.5855,41.3235],[71.5238,41.2967],[71.429827,41.328813],[71.4126,41.3347],[71.3937,41.1127],[71.3252,41.1573],[71.2761,41.1132],[71.2064,41.1888],[71.1644,41.1162],[71.033093,41.185378],[71.0247,41.1898],[70.978335,41.198679],[70.76953,41.249399],[70.7597,41.3725],[70.6678,41.4714],[70.47486,41.406271],[70.3449,41.4935],[70.344807,41.493514],[70.3444,41.4938],[70.1665,41.5202],[70.1693,41.5783],[70.4537,41.7121],[70.6489,41.8874],[70.81823,41.934393],[70.8251,41.9363],[70.8455,42.0304],[70.9771,42.0442],[71.2382,42.1602],[71.2499,42.1984],[71.070238,42.279913],[71.0458,42.291],[70.997761,42.267241],[70.931895,42.255725]],[[71.164144,40.046759],[71.1769,40.042],[71.215474,40.035039],[71.2373,40.0311],[71.183681,39.975169],[71.2191,39.9009],[71.0093,39.8857],[71.0504,39.9629],[70.9584,40.0631],[70.960138,40.070676],[70.9771,40.1446],[71.0312,40.1469],[71.164144,40.046759]],[[71.751788,39.917135],[71.6753,39.9258],[71.7606,39.9837],[71.7855,39.9897],[71.778244,39.960402],[71.7671,39.9154],[71.751788,39.917135]]]}},{"type":"Feature","properties":{"level":"country","left_geo_key":"kazakhstan","right_geo_key":"uzbekistan","left_area":328.561956,"right_area":48.479925,"min_area":48.479925,"max_area":328.561956},"geometry":{"type":"LineString","coordinates":[[70.931895,42.255725],[70.9478,42.2481],[70.85455,42.198909],[70.8424,42.1925],[70.791781,42.191446],[70.721582,42.1831],[70.5945,42.0219],[70.4554,42.0937],[70.3579,42.0622],[70.1111,41.826],[69.899855,41.710653],[69.8917,41.7062],[69.811357,41.6948],[69.6076,41.6583],[69.3938,41.545],[69.3907,41.4697],[69.229146,41.460766],[69.105761,41.406291],[69.0675,41.3878],[69.044129,41.370933],[69.0392,41.2203],[69.023242,41.212303],[68.7738,41.0873],[68.6894,40.9649],[68.594411,40.919366],[68.564389,40.862716],[68.557159,40.81084],[68.571715,40.763687],[68.616423,40.618866],[68.6174,40.6157],[68.615644,40.615446],[68.4711,40.5945],[68.145783,40.74081],[67.9975,40.8075],[68.058078,40.859863],[68.095811,40.911277],[68.114684,40.974201],[68.119888,41.031143],[68.0344,41.0427],[68.029259,41.05081],[67.997334,41.101174],[67.9435,41.1861],[67.8541,41.159],[66.733,41.1581],[66.6882,41.1992],[66.6026,41.4938],[66.5041,41.9935],[66.0172,41.9976],[66.017067,42.012977],[66.013949,42.374173],[66.0137,42.403],[66.055482,42.466966],[66.1013,42.9903],[65.8126,42.8758],[65.808237,42.882017],[65.5169,43.2972],[65.2714,43.417],[64.9229,43.7191],[64.4267,43.547],[63.208,43.6275],[62.0283,43.4809],[61.1617,44.1681],[61.0363,44.3828],[58.541029,45.55418],[56.642169,45.140727],[55.9784,44.993875],[55.9784,41.322099]]}},{"type":"Feature","properties":{"level":"country","left_geo_key":"turkmenistan","right_geo_key":"uzbekistan","left_area":49.036685,"right_area":48.479925,"min_area":48.479925,"max_area":49.036685},"geometry":{"type":"LineString","coordinates":[[55.9784,41.322099],[56.019616,41.319383],[57.022578,41.262989],[57.061939,41.291255],[57.149366,41.368483],[57.138277,41.376807],[57.0196,41.4659],[56.9605,41.6472],[56.9501,41.8661],[56.9784,41.8951],[57.1155,41.9521],[57.2078,42.0706],[57.3823,42.1636],[57.6198,42.1482],[57.8505,42.1914],[57.8355,42.2404],[57.9288,42.3309],[57.9086,42.4304],[57.9977,42.4934],[58.004353,42.49215],[58.325,42.4319],[58.3847,42.3878],[58.395916,42.300943],[58.473697,42.298197],[58.3062,42.5287],[58.1213,42.6242],[58.2827,42.6889],[58.5345,42.6545],[58.5879,42.7912],[58.8944,42.5478],[59.1461,42.5268],[59.246998,42.390291],[59.28599,42.337538],[59.4265,42.2868],[59.8664,42.3042],[60.0282,42.1995],[60.026334,42.196015],[60.009184,42.163983],[59.986162,42.120982],[59.9972,42.0106],[59.911702,41.969123],[59.913176,41.964872],[60.0888,41.9194],[60.247356,41.784642],[60.2527,41.7801],[60.245978,41.78078],[60.1024,41.7953],[60.0492,41.7535],[60.1556,41.6033],[60.077247,41.520278],[60.073694,41.503331],[60.0942,41.3895],[60.4781,41.2121],[60.8603,41.253],[61.2814,41.1573],[61.4108,41.292],[61.425784,41.293314],[61.453136,41.295712],[61.4701,41.2972],[61.6544,41.2494],[61.8779,41.125],[61.9708,41.0154],[62.0368,40.7363],[62.1342,40.5778],[62.2134,40.4866],[62.3436,40.4394],[62.34586,40.433389],[62.363973,40.385219],[62.4358,40.1942],[62.4528,40.0092],[62.5932,39.8902],[63.4776,39.4029],[63.7093,39.1909],[64.1506,38.9495],[64.3373,38.971],[64.6349,38.7441],[64.9777,38.6123],[65.6041,38.2374],[65.7402,38.2241],[65.8767,38.273],[66.2311,38.1488],[66.377767,38.061064],[66.499273,38.027913],[66.5904,38.013],[66.603963,37.999349],[66.6365,37.9666],[66.5188,37.7827],[66.4935,37.5222],[66.5427,37.4668],[66.538935,37.461107],[66.497,37.3977],[66.502337,37.389789],[66.511665,37.375962]]}},{"type":"Feature","properties":{"level":"country","left_geo_key":"afghanistan","right_geo_key":"uzbekistan","left_area":62.585977,"right_area":48.479925,"min_area":48.479925,"max_area":62.585977},"geometry":{"type":"LineString","coordinates":[[66.511665,37.375962],[66.614022,37.355099],[67.0059,37.3844],[67.015194,37.376672],[67.2368,37.1924],[67.484611,37.275779],[67.5031,37.282],[67.559156,37.2343],[67.606315,37.243627],[67.6218,37.2529],[67.637965,37.249888],[67.661322,37.245535],[67.7259,37.2335],[67.746491,37.21668]]}},{"type":"Feature","properties":{"level":"country","left_geo_key":"kazakhstan","right_geo_key":"russia","left_area":328.561956,"right_area":2928.705159,"min_area":328.561956,"max_area":2928.705159},"geometry":{"type":"LineString","coordinates":[[87.3238,49.0853],[87.2718,49.2051],[87.029834,49.247955],[87.0245,49.2489],[86.987291,49.280999],[86.914867,49.343474],[86.9051,49.3519],[86.928288,49.377795],[86.929769,49.381582],[86.911353,49.399125],[86.829,49.4333],[86.8243,49.5092],[86.5918,49.5872],[86.6471,49.6537],[86.660694,49.657183],[86.6677,49.6643],[86.755062,49.689087],[86.748629,49.779767],[86.6102,49.7955],[86.4727,49.7083],[86.4818,49.6769],[86.2721,49.5836],[86.1773,49.4633],[86.0705,49.5263],[85.963,49.4786],[85.952102,49.483497],[85.945945,49.486264],[85.9314,49.4928],[85.94147,49.547666],[85.941216,49.551143],[85.754461,49.560157],[85.669317,49.564267],[85.6562,49.5649],[85.602793,49.614143],[85.556559,49.60285],[85.5132,49.5853],[85.488359,49.586192],[85.464603,49.587045],[85.2236,49.5957],[85.0563,49.8733],[84.957265,49.92957],[84.9507,49.9333],[84.9548,49.9905],[85.017138,50.015944],[84.98116,50.067517],[84.8387,50.0808],[84.832543,50.086205],[84.7732,50.1383],[84.4408,50.2446],[84.350906,50.219045],[84.3314,50.2135],[84.2618,50.2536],[84.260944,50.255469],[84.1768,50.4391],[84.186,50.528],[84.0886,50.6346],[83.9758,50.6864],[83.9506,50.7804],[83.807683,50.871079],[83.4983,50.9454],[83.434,50.9927],[83.1076,50.9927],[83.0579,50.9172],[82.9759,50.8819],[82.7265,50.9007],[82.6728,50.7898],[82.4758,50.714],[82.3284,50.7521],[82.1473,50.7016],[81.7635,50.7843],[81.6972,50.745],[81.689923,50.744549],[81.4602,50.7303],[81.4188,50.7625],[81.4661,50.8337],[81.4008,50.9591],[81.075263,50.955931],[81.0515,50.9557],[81.057756,50.967487],[81.1472,51.136],[81.1328,51.1945],[81.0449,51.1735],[81.028422,51.178377],[80.9361,51.2057],[80.888255,51.276396],[80.8425,51.2575],[80.822396,51.263102],[80.8166,51.261],[80.6828,51.302],[80.5992,51.2086],[80.4344,51.2006],[80.411233,51.129826],[80.442916,51.078598],[80.459514,51.051761],[80.4645,51.0437],[80.439,50.9581],[80.1954,50.8823],[80.125174,50.820184],[80.1192,50.8149],[80.0154,50.8395],[80.086,50.7521],[80.0213,50.7669],[79.0428,51.9925],[77.8668,53.2723],[77.6128,53.4428],[76.5257,53.9613],[76.504102,53.987923],[76.446138,54.059372],[76.3744,54.1478],[76.381707,54.147455],[76.6646,54.1341],[76.8377,54.2969],[76.7646,54.3905],[76.899389,54.449718],[76.898414,54.45368],[76.6728,54.4365],[76.627446,54.362948],[76.6231,54.3559],[76.4765,54.3231],[76.225762,54.3414],[76.210914,54.330843],[76.1838,54.2516],[75.6404,54.0989],[75.4292,54.0901],[75.3607,54.0595],[75.434,53.9865],[75.0279,53.8079],[74.772,53.8309],[74.6268,53.6873],[74.623285,53.687253],[74.4535,53.685],[74.427405,53.595693],[74.3884,53.4622],[74.296747,53.503089],[74.2696,53.5152],[74.2375,53.570248],[74.217081,53.593394],[74.174201,53.585075],[74.088803,53.568509],[74.0769,53.5662],[74.075368,53.570933],[74.0628,53.5732],[74.045008,53.625833],[73.9042,53.6392],[73.8033,53.5984],[73.716869,53.60635],[73.651,53.5948],[73.512524,53.499753],[73.4241,53.4326],[73.417858,53.434776],[73.3472,53.4594],[73.3912,53.5202],[73.2306,53.5723],[73.2588,53.6063],[73.2297,53.6624],[73.3066,53.6857],[73.3312,53.7752],[73.344041,53.779211],[73.4378,53.8085],[73.3912,53.8282],[73.4318,53.8654],[73.6829,53.8741],[73.7406,54.0579],[73.641484,54.067377],[73.604364,54.035159],[73.6044,54.0347],[73.603512,54.03442],[73.5283,54.0107],[73.488216,53.954651],[73.4816,53.9454],[73.383545,53.950861],[73.240622,53.95882],[73.1907,53.9616],[73.0628,53.9791],[73.046756,53.991898],[73.041237,53.996301],[72.9768,54.0477],[72.963278,54.09489],[72.944905,54.118126],[72.6242,54.135],[72.5274,54.1001],[72.5094,54.0436],[72.6318,54.0539],[72.7002,53.9576],[72.5721,53.9764],[72.4767,53.9134],[72.438842,53.91107],[72.406465,53.909078],[72.3922,53.9082],[72.387194,53.915425],[72.376234,53.931243],[72.3728,53.9362],[72.382636,53.9533],[72.4187,54.016],[72.379079,54.079001],[72.3682,54.0963],[72.447584,54.116347],[72.466703,54.12677],[72.2986,54.1784],[72.3244,54.2535],[72.1848,54.3568],[72.037373,54.369784],[72.03274,54.363252],[72.057245,54.339938],[72.0948,54.3208],[72.091075,54.307754],[72.0987,54.3005],[72.08581,54.217664],[72.17,54.1968],[72.176287,54.183061],[72.181921,54.170749],[72.1905,54.152],[72.1551,54.1284],[72.0995,54.1319],[71.9836,54.2316],[71.7625,54.2476],[71.7254,54.2291],[71.7173,54.1465],[71.710534,54.142842],[71.6472,54.1086],[71.4991,54.1116],[71.4531,54.1813],[71.444632,54.182559],[71.3206,54.201],[71.1823,54.1016],[71.044,54.1859],[71.048636,54.230145],[71.010262,54.267049],[70.9771,54.2701],[70.9708,54.305],[71.0034,54.3331],[71.1906,54.3182],[71.1412,54.5638],[71.2649,54.6392],[71.2528,54.6824],[71.006,54.7742],[70.948512,54.903817],[70.9475,54.9061],[70.9771,55.078],[70.7932,55.2332],[70.8204,55.2941],[70.4412,55.2833],[70.3726,55.2006],[70.197,55.1335],[69.9403,55.2002],[69.6739,55.334],[69.321817,55.379995],[69.1861,55.3258],[69.1226,55.3979],[68.933841,55.432501],[68.925006,55.430519],[68.912746,55.413521],[68.914532,55.398459],[68.9773,55.3467],[68.9706,55.2786],[68.7225,55.3528],[68.5936,55.1936],[68.1848,55.1673],[68.1905,55.1254],[68.3082,55.0728],[68.1836,54.9671],[68.178661,54.966415],[68.12072,54.958386],[68.0097,54.943],[67.8822,54.9704],[67.6985,54.8679],[67.3113,54.8599],[67.2133,54.7972],[66.098606,54.637316],[65.9775,54.6117],[65.972171,54.62877],[65.9607,54.628],[65.937062,54.691205],[65.900113,54.684993],[65.744,54.6009],[65.472851,54.625416],[65.4275,54.5528],[65.213008,54.518564],[65.203705,54.45134],[65.185535,54.320044],[65.1842,54.3104],[65.173813,54.310211],[65.0854,54.3086],[64.9106,54.4027],[64.7202,54.3338],[64.5915,54.3785],[64.0045,54.3197],[64.0079,54.2287],[63.8836,54.1974],[63.7086,54.2504],[63.3683,54.1628],[63.151165,54.172835],[63.125756,54.139486],[63.1274,54.1104],[63.0847,54.0856],[62.689988,54.073124],[62.605855,54.058053],[62.5506,54.0268],[62.5865,53.9698],[62.515107,53.877151],[62.5116,53.8726],[62.478905,53.895801],[62.398605,53.952781],[62.3866,53.9613],[62.418439,53.978555],[62.439478,54.005895],[62.435525,54.018331],[62.41864,54.024448],[62.0026,54.0174],[62.0036,53.932],[61.8564,53.9427],[61.777,53.9999],[61.6199,53.9926],[61.5818,53.9477],[61.5528,53.9925],[61.3377,54.0632],[61.1935,54.0183],[61.2273,53.9259],[61.1929,53.9071],[61.0964,53.9562],[60.978,53.9267],[60.995409,53.888578],[60.9996,53.8794],[61.141868,53.837366],[61.202,53.8196],[61.187911,53.804972],[61.099398,53.713069],[61.0427,53.6542],[61.027115,53.652148],[60.8802,53.6328],[61.2807,53.5424],[61.503,53.589],[61.5553,53.5057],[61.4123,53.4358],[61.249839,53.49748],[61.228722,53.49429],[61.1372,53.3731],[61.1627,53.2992],[61.5143,53.2087],[61.6431,53.2433],[61.653792,53.236784],[61.7642,53.1695],[62.0507,53.1248],[62.105892,53.073919],[62.116,53.0646],[62.094255,52.99288],[62.0942,52.9927],[61.9592,52.9349],[61.8198,52.9782],[61.6056,52.9483],[61.430775,53.014932],[61.3494,52.9849],[61.261816,53.000424],[60.976832,52.97065],[61.0584,52.9222],[60.783065,52.758888],[60.678839,52.697067],[60.675915,52.690695],[60.720756,52.63117],[60.754462,52.627336],[60.7931,52.6288],[60.794219,52.622813],[60.81,52.5384],[60.942176,52.480168],[60.9446,52.4791],[61.0399,52.335],[60.6722,52.1443],[60.5065,52.1516],[60.2028,51.9927],[59.9873,51.9688],[60.055734,51.866288],[60.069307,51.862024],[60.1381,51.8889],[60.450191,51.793364],[60.4798,51.7843],[60.443612,51.751537],[60.407485,51.718828],[60.364359,51.679783],[60.373771,51.665688],[60.4999,51.6271],[60.9211,51.6115],[60.926694,51.598717],[60.9335,51.5984],[61.021998,51.487137],[61.02517,51.485236],[61.174261,51.464152],[61.4738,51.4258],[61.476836,51.421365],[61.563,51.2955],[61.6463,51.2632],[61.5342,51.2061],[61.4269,50.8331],[61.3721,50.7825],[60.7185,50.6527],[60.3004,50.6847],[60.1767,50.7422],[60.1362,50.8445],[60.0213,50.8541],[59.947953,50.78808],[59.904,50.6603],[59.8157,50.5629],[59.5228,50.4746],[59.4517,50.5373],[59.553845,50.576256],[59.551349,50.584805],[59.4376,50.6311],[59.2908,50.6155],[59.1975,50.6627],[58.9259,50.6781],[58.766472,50.782833],[58.6644,50.7899],[58.643637,50.855116],[58.56,50.8752],[58.553775,50.892123],[58.551719,50.897712],[58.5465,50.9119],[58.562026,50.927644],[58.595,51.0234],[58.398,51.0637],[58.39482,51.067034],[58.378,51.0707],[58.316631,51.140622],[58.28584,51.13481],[58.1676,51.0552],[58.0773,51.0979],[57.9602,51.0775],[57.951534,51.079411],[57.7688,51.1197],[57.7224,50.9087],[57.5559,50.9188],[57.4676,50.8585],[57.45145,50.862365],[57.390284,50.877005],[57.3527,50.886],[57.346135,50.893088],[57.25186,50.994879],[57.161147,51.092823],[56.8651,51.0518],[56.7356,51.0776],[56.693047,51.039855],[56.691078,51.009878],[56.7075,50.9704],[56.688593,50.972043],[56.649144,50.975472],[56.6166,50.9783],[56.611903,50.981516],[56.4783,51.073],[56.3155,50.8838],[56.1475,50.8923],[56.0789,50.7248],[55.66,50.53],[55.4678,50.657],[55.3054,50.665],[55.084,50.7969],[55.0477,50.8842],[54.8943,50.9124],[54.720692,50.998792],[54.645385,51.025182],[54.615562,51.020361],[54.546533,50.997983],[54.5159,50.9373],[54.6382,50.8857],[54.6763,50.6025],[54.518218,50.531725],[54.4994,50.5233],[54.492321,50.527983],[54.3836,50.5999],[54.4144,50.7485],[54.418606,50.754183],[54.4859,50.8451],[54.2758,50.9043],[54.189591,50.962742],[54.173851,50.973413],[54.1454,50.9927],[54.097119,51.094225],[53.9359,51.1856],[53.6739,51.2199],[53.5941,51.2894],[53.5975,51.3972],[53.387,51.486478],[53.1533,51.5127],[53.1572,51.487],[52.9443,51.4529],[52.933628,51.456014],[52.897953,51.466422],[52.765763,51.50499],[52.763014,51.50438],[52.6798,51.459],[52.560227,51.459446],[52.551591,51.459478],[52.5458,51.4595],[52.4788,51.5049],[52.314062,51.764627],[52.2922,51.7656],[52.0918,51.6587],[52.076859,51.658886],[52.0659,51.6534],[52.001788,51.659821],[51.854217,51.661659],[51.7647,51.5933],[51.7823,51.4929],[51.6933,51.4541],[51.6474,51.4512],[51.5843,51.5349],[51.4619,51.4753],[51.3042,51.4716],[51.2478,51.5211],[51.2578,51.525127],[51.3732,51.5716],[51.3525,51.6362],[51.2518,51.6785],[50.9254,51.6797],[50.767,51.7594],[50.7474,51.709],[50.7907,51.5973],[50.680876,51.569981],[50.6709,51.5675],[50.673348,51.572092],[50.6942,51.6112],[50.684444,51.613629],[50.5998,51.6347],[50.5222,51.5508],[50.518559,51.465844],[50.5183,51.4598],[50.490681,51.452114],[50.365428,51.390424],[50.3254,51.3035],[49.9868,51.2298],[49.7959,51.1096],[49.791293,51.109691],[49.7791,51.1022],[49.449576,51.102015],[49.3474,50.9643],[49.4237,50.8821],[49.38463,50.84231],[49.3694,50.8268],[49.1441,50.7817],[48.8304,50.596],[48.578992,50.634848],[48.577804,50.631346],[48.6734,50.5795],[48.7013,50.3346],[48.789,50.173],[48.7828,50.1115],[48.8741,50.0698],[48.863222,50.000668],[48.862,49.9929],[48.7846,49.9334],[48.4176,49.8117],[48.2393,49.8648],[48.015846,50.152629],[47.900448,50.245589],[47.5993,50.4527],[47.480608,50.415214],[47.415882,50.369775],[47.321899,50.296522],[47.3126,50.2224],[47.279426,50.16865],[47.3276,50.1093],[47.3087,50.0448],[47.1774,49.9472],[46.944499,49.868774],[46.916026,49.837827],[46.7751,49.3325],[46.9792,49.2443],[46.99598,49.218357],[47.026383,49.171353],[47.04,49.1503],[47.02319,49.127943],[46.977405,49.067049],[46.93,49.004],[46.7538,48.9141],[46.480113,48.411693],[47.1118,48.251],[47.0803,48.196],[47.087663,48.172241],[47.109719,48.114089],[47.13975,48.086774],[47.1739,48.0842],[47.1782,48.0518],[47.066946,47.984172],[47.1553,47.8774],[47.154272,47.875746],[47.1195,47.8198],[47.3597,47.6833],[47.410079,47.829736],[47.4122,47.8359],[47.424201,47.832348],[47.6497,47.7656],[48.0445,47.7697],[48.1744,47.7129],[48.4111,47.4458],[48.5358,47.3935],[48.6973,47.101],[49.0063,46.7691],[48.9169,46.7026],[48.764,46.6828],[48.6766,46.758],[48.5567,46.7617],[48.4551,46.6608],[48.53,46.6382],[48.563,46.5913],[48.5394,46.568],[48.830985,46.498039],[48.897,46.4822],[49.007908,46.424508]]}},{"type":"Feature","properties":{"level":"country","left_geo_key":"kazakhstan","right_geo_key":"turkmenistan","left_area":328.561956,"right_area":49.036685,"min_area":49.036685,"max_area":328.561956},"geometry":{"type":"LineString","coordinates":[[52.475769,41.775478],[52.9787,42.1266],[53.4123,42.2582],[54.1226,42.3376],[54.7383,42.0482],[54.9071,41.9321],[54.9507,41.7956],[55.397983,41.333008],[55.4503,41.2789],[55.465019,41.277748],[55.524003,41.273129],[55.6355,41.2644],[55.9784,41.3217],[55.9784,41.322099]]}},{"type":"Feature","properties":{"level":"country","left_geo_key":"kazakhstan","right_geo_key":"kyrgyzstan","left_area":328.561956,"right_area":21.401522,"min_area":21.401522,"max_area":328.561956},"geometry":{"type":"LineString","coordinates":[[70.931895,42.255725],[70.907566,42.267387],[70.871806,42.312719],[70.890579,42.34233],[70.953587,42.441713],[70.9699,42.467444],[71.0547,42.4604],[71.0032,42.5635],[71.127,42.5906],[71.1575,42.6879],[71.2454,42.7471],[71.3298,42.737],[71.34013,42.743114],[71.362303,42.756239],[71.421865,42.791495],[71.5836,42.7596],[71.850637,42.825882],[72.013934,42.77734],[72.0727,42.7572],[72.081181,42.757351],[72.2924,42.7611],[72.4767,42.6826],[72.7258,42.6529],[72.8745,42.544],[73.235684,42.516629],[73.284258,42.502865],[73.3262,42.4287],[73.4769,42.3991],[73.48525,42.405763],[73.499304,42.416976],[73.5051,42.4216],[73.4127,42.6273],[73.5036,42.7941],[73.49389,42.886524],[73.5597,43.0173],[73.9017,43.131],[73.952701,43.199883],[73.995731,43.200331],[74.195535,43.202409],[74.2139,43.2026],[74.1788,43.2617],[74.5393,43.1229],[74.7139,42.9999],[75.1786,42.8497],[75.6204,42.8053],[75.7038,42.8305],[75.806064,42.935734],[75.855874,42.933117],[76.4321,42.8896],[76.526681,42.897865],[76.632588,42.907119],[76.7079,42.9137],[76.9373,42.986],[77.3281,42.8976],[77.7138,42.9076],[78.0306,42.8547],[78.4296,42.8807],[78.9929,42.7571],[79.1483,42.791],[79.2064,42.6565],[79.353,42.5773],[79.4257,42.4696],[79.9179,42.4244],[80.1666,42.2087],[80.2103,42.1895],[80.210838,42.188277]]}},{"type":"Feature","properties":{"level":"country","left_geo_key":"baykonurcosmodrome","right_geo_key":"kazakhstan","left_area":0.722353,"right_area":328.561956,"min_area":0.722353,"max_area":328.561956},"geometry":{"type":"LineString","coordinates":[[63.042763,45.652417],[63.3839,45.5658],[63.725102,45.652434],[63.79048,45.690536],[63.860668,45.750776],[63.913151,45.819411],[63.946578,45.896035],[63.958166,45.97835],[63.946578,46.060665],[63.913178,46.137228],[63.860501,46.206068],[63.790843,46.265852],[63.705402,46.315647],[63.608967,46.352561],[63.500146,46.376328],[63.383913,46.384506],[63.267618,46.37632],[63.159005,46.352598],[63.062424,46.315647],[62.976719,46.265669],[62.907661,46.206442],[62.854356,46.136846],[62.821233,46.060921],[62.809559,45.97835],[62.821233,45.895779],[62.854382,45.819794],[62.907493,45.750402],[62.977083,45.690718],[63.042763,45.652417]]}},{"type":"Feature","properties":{"level":"country","left_geo_key":"kyrgyzstan","right_geo_key":"tajikistan","left_area":21.401522,"right_area":14.644658,"min_area":14.644658,"max_area":21.401522},"geometry":{"type":"MultiLineString","coordinates":[[[73.642523,39.371976],[73.6043,39.4596],[73.429199,39.447912],[73.348569,39.419365],[73.1679,39.3554],[72.648159,39.393442],[72.519357,39.373723],[72.5007,39.370333],[72.368922,39.340652],[72.309105,39.31565],[72.2403,39.1899],[72.220164,39.202959],[72.2186,39.2009],[72.0948,39.2751],[72.034237,39.36274],[71.807,39.2728],[71.767052,39.279431],[71.746273,39.28288],[71.7329,39.2851],[71.731761,39.308446],[71.727402,39.397842],[71.724907,39.449011],[71.5129,39.4588],[71.5254,39.5692],[71.448599,39.607098],[71.2601,39.5206],[71.248646,39.520028],[71.0959,39.5124],[70.9771,39.3949],[70.7701,39.3821],[70.7133,39.3984],[70.6221,39.5635],[70.491,39.5969],[70.2411,39.5224],[70.235576,39.522668],[70.221525,39.523348],[70.206,39.5241],[70.1852,39.6103],[70.137893,39.556274],[70.1324,39.55],[70.0404,39.5736],[69.9788,39.5344],[69.8304,39.5362],[69.6694,39.5778],[69.417047,39.535274],[69.3003,39.5156],[69.297619,39.539314],[69.289279,39.613099],[69.282745,39.670898],[69.2263,39.751],[69.3278,39.9847],[69.4054,39.8961],[69.497166,39.934352],[69.4631,40.0254],[69.518,40.1251],[69.525514,40.12229],[69.5755,40.1036],[70.0046,40.2088],[70.47421,40.050941],[70.510027,40.038901],[70.5255,40.0337],[70.521347,40.028764],[70.4602,39.9561],[70.469528,39.925812],[70.473254,39.913712],[70.540253,39.939941],[70.605554,39.980374],[70.6659,40.1042],[70.9293,40.1706],[70.968253,40.227432],[70.959,40.2384]],[[70.7064,39.84],[70.577782,39.771108],[70.495122,39.868713],[70.4987,39.8819],[70.6199,39.8507],[70.7064,39.84]]]}},{"type":"Feature","properties":{"level":"country","left_geo_key":"afghanistan","right_geo_key":"tajikistan","left_area":62.585977,"right_area":14.644658,"min_area":14.644658,"max_area":62.585977},"geometry":{"type":"LineString","coordinates":[[67.746491,37.21668],[67.7805,37.1889],[67.7853,37.0965],[67.8781,37.0644],[68.016338,36.933512],[68.1864,37.0183],[68.2883,37.0244],[68.2883,37.1032],[68.3919,37.1054],[68.4037,37.1516],[68.6088,37.2041],[68.652999,37.258668],[68.660097,37.267432],[68.6689,37.2783],[68.802517,37.252744],[68.808679,37.252109],[68.8358,37.3291],[68.9158,37.2791],[68.8903,37.3229],[68.901188,37.323799],[68.945425,37.327451],[68.9654,37.3291],[68.972077,37.322726],[69.059128,37.239635],[69.144793,37.157866],[69.2457,37.1039],[69.313639,37.118756],[69.369243,37.164137],[69.439587,37.23106],[69.437065,37.238543],[69.400142,37.348135],[69.3763,37.4189],[69.391635,37.437443],[69.470402,37.532689],[69.5087,37.579],[69.522585,37.580408],[69.8952,37.6182],[70.0076,37.5488],[70.1579,37.5414],[70.273131,37.691789],[70.280174,37.714125],[70.263312,37.767859],[70.241713,37.82393],[70.232613,37.831777],[70.177673,37.879146],[70.1652,37.8899],[70.1721,37.9461],[70.2615,37.9393],[70.2504,37.9641],[70.4601,38.1122],[70.6649,38.3986],[70.674954,38.403293],[70.702113,38.415969],[70.7611,38.4435],[70.945675,38.443202],[70.946984,38.444611],[70.9507,38.4731],[70.965806,38.464878],[71.3582,38.2513],[71.2545,37.9393],[71.325334,37.901718],[71.5371,37.9445],[71.5977,37.8984],[71.5903,37.8157],[71.5312,37.7518],[71.4965,37.3285],[71.49036,37.303951],[71.470275,37.223639],[71.438889,37.098145],[71.457008,37.005294],[71.549073,36.786014],[71.570639,36.745882],[71.653,36.687],[71.8366,36.6992],[72.2598,36.9673],[72.6577,37.0288],[72.7907,37.2203],[73.0675,37.3151],[73.2963,37.4649],[73.4853,37.481],[73.7535,37.4284],[73.7222,37.3225],[73.606833,37.266433],[73.605232,37.258624],[73.7092,37.217],[74.1876,37.3384],[74.2077,37.3899],[74.218412,37.393573],[74.256126,37.406506],[74.3156,37.4269],[74.411306,37.402767],[74.52,37.37803],[74.6604,37.394],[74.892286,37.23111]]}},{"type":"Feature","properties":{"level":"country","left_geo_key":"latvia","right_geo_key":"lithuania","left_area":9.496086,"right_area":9.193842,"min_area":9.193842,"max_area":9.496086},"geometry":{"type":"LineString","coordinates":[[26.613265,55.680622],[26.50523,55.678725],[26.2797,55.7432],[26.1786,55.8496],[25.7088,56.081],[25.659832,56.133034],[25.6497,56.1438],[25.0731,56.1978],[24.871,56.4426],[24.4813,56.2688],[24.3185,56.2986],[24.140082,56.257671],[23.7151,56.3527],[23.714523,56.352644],[23.7067,56.3544],[23.4816,56.3301],[23.305432,56.369218],[23.2884,56.373],[23.0623,56.3042],[22.9245,56.4121],[22.6814,56.3503],[22.5117,56.396],[22.0941,56.4174],[21.3276,56.2244],[21.2296,56.1632],[21.199187,56.102141],[21.0534,56.0726]]}},{"type":"Feature","properties":{"level":"country","left_geo_key":"lithuania","right_geo_key":"russia","left_area":9.193842,"right_area":2928.705159,"min_area":9.193842,"max_area":2928.705159},"geometry":{"type":"MultiLineString","coordinates":[[[21.3748,55.29],[21.5039,55.1944],[21.996732,55.092269],[22.0034,55.0935],[22.005819,55.090386],[22.0154,55.0884],[22.070377,55.034856],[22.122805,55.038344],[22.521911,55.0649],[22.5655,55.0678],[22.567646,55.064065],[22.6217,54.97],[22.8089,54.8938],[22.8443,54.8323],[22.8458,54.7961],[22.704467,54.682468],[22.6746,54.4923],[22.707,54.4187],[22.773019,54.373991]],[[20.9246,55.2827],[20.9894,55.2731]]]}},{"type":"Feature","properties":{"level":"country","left_geo_key":"lithuania","right_geo_key":"poland","left_area":9.193842,"right_area":41.188003,"min_area":9.193842,"max_area":41.188003},"geometry":{"type":"LineString","coordinates":[[22.773019,54.373991],[22.8376,54.4009],[22.856321,54.397997],[22.9524,54.3831],[23.0353,54.3465],[23.0501,54.2948],[23.316,54.2363],[23.329984,54.227741],[23.356813,54.211321],[23.449,54.1549],[23.455137,54.140559],[23.465013,54.117481],[23.4962,54.0446],[23.476637,54.016873],[23.4856,53.9393]]}},{"type":"Feature","properties":{"level":"country","left_geo_key":"brazil","right_geo_key":"paraguay","left_area":707.163779,"right_area":35.257023,"min_area":35.257023,"max_area":707.163779},"geometry":{"type":"LineString","coordinates":[[-58.1588,-20.1651],[-58.1185,-20.2144],[-58.1627,-20.2432],[-58.147833,-20.251106],[-58.124915,-20.263293],[-58.101641,-20.275669],[-58.0908,-20.3594],[-57.9921,-20.4509],[-57.9806,-20.6927],[-57.971326,-20.699292],[-57.960462,-20.707013],[-57.9564,-20.7099],[-57.950065,-20.69788],[-57.924485,-20.675409],[-57.8689,-20.7222],[-57.93304,-20.798557],[-57.934,-20.7997],[-57.926686,-20.802836],[-57.868977,-20.841701],[-57.9179,-20.8944],[-57.903863,-20.905558],[-57.882128,-20.922835],[-57.824,-20.969041],[-57.8525,-21.0378],[-57.850824,-21.050121],[-57.8517,-21.052],[-57.834,-21.1738],[-57.899,-21.2672],[-57.8556,-21.3307],[-57.9453,-21.4872],[-57.939,-21.6237],[-57.938783,-21.624023],[-57.928948,-21.830515],[-57.977494,-22.037399],[-57.984649,-22.067891],[-57.9862,-22.0745],[-57.973232,-22.080806],[-57.853025,-22.139263],[-57.8439,-22.1437],[-57.676146,-22.10898],[-57.6141,-22.177],[-57.597844,-22.179486],[-57.5967,-22.181],[-57.491428,-22.195758],[-57.346096,-22.216131],[-57.3399,-22.217],[-57.21751,-22.193647],[-57.2094,-22.1921],[-56.913099,-22.248205],[-56.892,-22.2522],[-56.8795,-22.29],[-56.863712,-22.284196],[-56.792424,-22.25799],[-56.703939,-22.225463],[-56.6986,-22.2235],[-56.65977,-22.254688],[-56.6488,-22.2635],[-56.536775,-22.119417],[-56.518254,-22.099049],[-56.4218,-22.0745],[-56.3473,-22.1804],[-56.1968,-22.2793],[-55.8744,-22.3173],[-55.861,-22.2895],[-55.756361,-22.410782],[-55.7239,-22.5696],[-55.626693,-22.653928],[-55.659,-22.8183],[-55.639676,-22.984558],[-55.6378,-23.0007],[-55.5356,-23.2459],[-55.5305,-23.6035],[-55.4453,-23.7354],[-55.4207,-23.9545],[-55.1654,-24.0168],[-54.9267,-23.9599],[-54.621545,-23.815435],[-54.249953,-24.047692],[-54.2458,-24.0504],[-54.248214,-24.053078],[-54.3248,-24.1182],[-54.320792,-24.133584],[-54.2622,-24.3585],[-54.3345,-24.4967],[-54.3213,-24.6284],[-54.4533,-25.0028],[-54.452621,-25.009137],[-54.4357,-25.167],[-54.598,-25.3975],[-54.598218,-25.415118],[-54.599479,-25.516727],[-54.6002,-25.5749],[-54.592326,-25.574886]]}},{"type":"Feature","properties":{"level":"country","left_geo_key":"brazil","right_geo_key":"uruguay","left_area":707.163779,"right_area":17.085665,"min_area":17.085665,"max_area":707.163779},"geometry":{"type":"LineString","coordinates":[[-57.6028,-30.1905],[-57.536,-30.2744],[-57.2451,-30.2933],[-57.229241,-30.286636],[-57.204251,-30.276136],[-57.1837,-30.2675],[-57.142731,-30.193866],[-57.087614,-30.120159],[-56.8313,-30.102],[-56.2151,-30.5819],[-56.0114,-30.7982],[-56.0114,-31.07431],[-56.0114,-31.0821],[-55.8643,-31.0768],[-55.862064,-31.074586],[-55.7449,-30.9586],[-55.6658,-30.9493],[-55.634,-30.8476],[-55.5919,-30.8483],[-55.3686,-31.0374],[-55.227755,-31.253262],[-55.2276,-31.2535],[-55.0873,-31.3268],[-55.037036,-31.276449],[-54.934551,-31.35139],[-54.8499,-31.4251],[-54.830175,-31.427713],[-54.6197,-31.4556],[-54.492065,-31.575567],[-54.4637,-31.6719],[-54.2742,-31.8234],[-54.1696,-31.8959],[-54.167255,-31.895728],[-54.09622,-31.890514],[-54.055283,-31.88751],[-53.7718,-32.0471],[-53.6348,-32.3687],[-53.5613,-32.4495],[-53.4156,-32.5642],[-53.193568,-32.644015],[-53.160549,-32.672387],[-53.118539,-32.71462],[-53.116326,-32.727284],[-53.2708,-32.8638],[-53.273257,-32.868574],[-53.3273,-32.9736],[-53.4833,-33.0673],[-53.493444,-33.086888],[-53.512778,-33.124221],[-53.5369,-33.1708],[-53.5396,-33.6493]]}},{"type":"Feature","properties":{"level":"country","left_geo_key":"brazil","right_geo_key":"venezuela","left_area":707.163779,"right_area":74.767605,"min_area":74.767605,"max_area":707.163779},"geometry":{"type":"LineString","coordinates":[[-60.703215,5.199575],[-60.7399,5.2021],[-60.6643,5.1703],[-60.601355,4.978508],[-60.608686,4.927718],[-60.7182,4.7843],[-60.890943,4.705297],[-60.9034,4.6996],[-60.9773,4.535],[-61.1512,4.4921],[-61.2973,4.5237],[-61.3082,4.4333],[-61.5019,4.4019],[-61.549661,4.262414],[-61.7564,4.2464],[-61.8669,4.157],[-62.035,4.1599],[-62.1536,4.0903],[-62.4281,4.1832],[-62.5464,4.1139],[-62.561,4.0378],[-62.7444,4.034],[-62.748295,4.022192],[-62.7888,3.8994],[-62.7496,3.6604],[-62.880715,3.566988],[-62.930882,3.575552],[-62.987841,3.595807],[-63.3517,3.9587],[-63.4254,3.9684],[-63.4689,3.8672],[-63.5107,3.8545],[-63.6908,3.944],[-63.8751,3.9498],[-64.0377,3.8825],[-64.1467,4.1106],[-64.365,4.1519],[-64.5897,4.1189],[-64.6999,4.2642],[-64.7916,4.2844],[-64.813,4.2106],[-64.737727,4.149435],[-64.6429,3.973],[-64.203,3.5947],[-64.2456,3.4189],[-64.2229,3.124],[-63.999013,2.708068],[-64.048,2.4713],[-63.8313,2.4286],[-63.3848,2.4206],[-63.373303,2.275663],[-63.440646,2.142641],[-63.6175,2.1012],[-63.7626,1.9857],[-63.9583,1.9707],[-64.0366,1.9273],[-64.093,1.6226],[-64.3701,1.3587],[-64.379443,1.445542],[-64.3646,1.4971],[-64.385518,1.502],[-64.396588,1.504593],[-64.409,1.5075],[-64.446888,1.47691],[-64.7309,1.2476],[-64.8214,1.2706],[-65.0207,1.144],[-65.1368,1.1269],[-65.203,0.9238],[-65.314636,0.911666],[-65.3272,0.9103],[-65.4512,0.6901],[-65.527822,0.655934],[-65.554078,0.672209],[-65.576415,0.717183],[-65.54113,0.820342],[-65.523018,0.873292],[-65.5185,0.8865],[-65.561473,0.940341],[-65.591149,0.977522],[-65.596,0.9836],[-65.7454,0.9742],[-66.117059,0.741937],[-66.2851,0.7458],[-66.4071,0.8021],[-66.8751,1.2225]]}},{"type":"Feature","properties":{"level":"country","left_geo_key":"brazil","right_geo_key":"colombia","left_area":707.163779,"right_area":92.591823,"min_area":92.591823,"max_area":707.163779},"geometry":{"type":"LineString","coordinates":[[-66.8751,1.2225],[-67.071827,1.179146],[-67.085978,1.19291],[-67.084773,1.359434],[-67.08319,1.578286],[-67.083,1.6046],[-67.103143,1.655443],[-67.140172,1.748905],[-67.1557,1.7881],[-67.213232,1.873278],[-67.371674,2.107857],[-67.3817,2.1227],[-67.404356,2.126532],[-67.436869,2.132031],[-67.4491,2.1341],[-67.593,2.0548],[-67.8208,1.784],[-67.9288,1.7413],[-68.0318,1.7775],[-68.1111,1.9424],[-68.174396,1.988549],[-68.196913,2.004966],[-68.2008,2.0078],[-68.228687,1.937988],[-68.2737,1.8253],[-68.1633,1.7213],[-69.3524,1.7202],[-69.542,1.7727],[-69.8562,1.7077],[-69.845575,1.449802],[-69.829817,1.067319],[-69.8294,1.0572],[-69.7626,1.0911],[-69.545135,1.051635],[-69.4182,1.0286],[-69.385154,1.043375],[-69.293017,1.038618],[-69.286112,1.034774],[-69.154837,0.857722],[-69.1893,0.7152],[-69.1412,0.6682],[-69.1437,0.6375],[-69.280925,0.620146],[-69.29849,0.628776],[-69.3021,0.6565],[-69.34069,0.64951],[-69.428516,0.69266],[-69.4781,0.7328],[-69.492802,0.724246],[-69.6192,0.6507],[-69.686154,0.666663],[-69.6947,0.6687],[-69.8053,0.6069],[-70.0542,0.5881],[-70.054382,0.52436],[-70.056379,-0.17377],[-70.0564,-0.181],[-69.9444,-0.3055],[-69.628013,-0.519056],[-69.5927,-0.6241],[-69.600865,-0.666292],[-69.6284,-0.7334],[-69.618054,-0.755113],[-69.600728,-0.791475],[-69.5392,-0.9206],[-69.530449,-0.92897],[-69.49086,-0.966836],[-69.445,-1.0107],[-69.3995,-1.1827],[-69.959678,-4.225162]]}},{"type":"Feature","properties":{"level":"country","left_geo_key":"brazilianisland","right_geo_key":"uruguay","left_area":0.000173,"right_area":17.085665,"min_area":0.000173,"max_area":17.085665},"geometry":{"type":"LineString","coordinates":[[-57.6028,-30.1905],[-57.6425,-30.1931]]}},{"type":"Feature","properties":{"level":"country","left_geo_key":"mongolia","right_geo_key":"russia","left_area":184.474555,"right_area":2928.705159,"min_area":184.474555,"max_area":2928.705159},"geometry":{"type":"LineString","coordinates":[[116.684166,49.823102],[116.6843,49.8233],[116.665101,49.848464],[116.5754,49.9218],[116.2176,50.0138],[116.0536,49.9984],[115.7163,49.8778],[115.3878,49.8911],[115.379534,49.894851],[115.348526,49.908924],[115.2102,49.9717],[114.9974,50.1443],[114.7537,50.2362],[114.473,50.234],[114.2863,50.2769],[113.8498,50.0807],[113.5797,50.0199],[113.1827,49.802],[113.0437,49.5886],[112.7771,49.5014],[112.4733,49.5341],[112.0302,49.4119],[111.661,49.3964],[111.4545,49.3431],[111.349243,49.3627],[110.7314,49.1377],[110.6036,49.1453],[110.378756,49.238662],[110.1814,49.162],[109.7285,49.2665],[109.5162,49.2559],[109.2867,49.3385],[108.5381,49.3274],[108.2364,49.5325],[108.1265,49.5472],[108.113347,49.553103],[108.081202,49.567531],[108.0327,49.5893],[108.031552,49.59381],[108.0157,49.6022],[108.003982,49.657612],[107.9274,49.67],[107.928821,49.682376],[107.9268,49.6829],[107.945797,49.924557],[107.1922,50.006],[107.0484,50.0846],[106.978795,50.188775],[106.6565,50.327],[106.2449,50.2903],[106.0559,50.3336],[105.9849,50.3998],[105.3286,50.4765],[105.1058,50.3901],[104.4058,50.3005],[104.1217,50.1483],[103.7853,50.1861],[103.6014,50.1335],[103.4387,50.1926],[103.2768,50.1976],[103.2017,50.297],[102.9274,50.303],[102.6195,50.399],[102.5131,50.5037],[102.3029,50.5639],[102.2716,50.6209],[102.280674,50.634941],[102.3202,50.6961],[102.318175,50.704407],[102.311576,50.73148],[102.2168,50.7989],[102.2311,50.9649],[102.1465,51.0976],[102.1338,51.2309],[102.135833,51.233503],[102.1353,51.2403],[102.178763,51.315064],[102.063864,51.376796],[101.5264,51.4758],[101.3502,51.4505],[101.2416,51.5152],[100.5109,51.7269],[99.9179,51.7495],[99.7097,51.8806],[99.3239,51.9342],[98.8864,52.1286],[98.6827,51.8195],[98.3322,51.7183],[98.2387,51.6015],[98.2204,51.4752],[98.0397,51.4573],[97.923297,51.310201],[97.929,51.215],[97.8064,51.0011],[97.8357,50.9407],[97.9846,50.8469],[97.980943,50.841897],[97.9474,50.796],[97.952473,50.785706],[98.010693,50.66758],[98.027982,50.639862],[98.2935,50.5186],[98.2693,50.2994],[98.263624,50.29231],[98.048,50.023],[97.8474,49.9301],[97.7336,49.9583],[97.567279,49.910082],[97.5736,49.8475],[97.545285,49.83357],[97.3433,49.7342],[97.153,49.7502],[96.9692,49.8867],[96.691524,49.908799],[96.5851,49.8575],[96.5033,49.9221],[96.358532,49.89121],[96.3463,49.8886],[96.056,49.9988],[95.9463,49.9385],[95.931987,49.948376],[95.8279,50.0202],[95.513716,49.892011],[95.5007,49.8867],[95.3547,49.9477],[95.0764,49.9455],[94.9216,50.0459],[94.6245,50.0152],[94.480511,50.156877],[94.3685,50.2027],[94.276015,50.501548],[94.241884,50.558102],[93.1049,50.5988],[93.0114,50.6233],[92.9617,50.7779],[92.7961,50.788],[92.684008,50.686557],[92.6719,50.6756],[92.664182,50.679337],[92.584999,50.717682],[92.4433,50.7863],[92.3609,50.8684],[92.310526,50.847127],[92.2428,50.72],[92.1589,50.6891],[91.7498,50.6841],[91.438585,50.490141],[91.388577,50.458975],[91.3822,50.455],[91.012,50.4253],[90.718857,50.281417],[90.715674,50.277108],[90.670609,50.216098],[90.6664,50.2104],[90.4752,50.2146],[90.0205,50.0707],[89.9694,49.9671],[89.6677,49.9273],[89.6211,49.862558],[89.6211,49.835],[89.634035,49.792003],[89.7126,49.7352],[89.4416,49.6436],[89.3719,49.5817],[89.2164,49.6345],[89.1782,49.5985],[89.2156,49.5455],[89.1953,49.5215],[89.178305,49.516425],[89.070711,49.484293],[88.9753,49.4558],[88.967811,49.463245],[88.9627,49.4622],[88.873058,49.534198],[88.868344,49.531967],[88.869797,49.470179],[88.8753,49.4418],[88.870463,49.441834],[88.7194,49.4429],[88.621448,49.490174],[88.2,49.4543],[88.1155,49.3566],[88.144,49.2707],[87.9568,49.1689],[87.8181,49.154],[87.818099,49.153965]]}},{"type":"Feature","properties":{"level":"country","left_geo_key":"norway","right_geo_key":"russia","left_area":84.93385,"right_area":2928.705159,"min_area":84.93385,"max_area":2928.705159},"geometry":{"type":"LineString","coordinates":[[30.841,69.8058],[30.9277,69.6721],[30.902136,69.561264],[30.871139,69.539901],[30.800981,69.528756],[30.5117,69.5363],[30.2307,69.6373],[30.156885,69.635514],[30.148159,69.635303],[30.1191,69.6346],[30.2287,69.5821],[30.1234,69.4419],[29.908622,69.361177],[29.3768,69.3016],[29.185884,69.084079],[29.11361,69.054605],[29.033005,69.034525]]}},{"type":"Feature","properties":{"level":"country","left_geo_key":"finland","right_geo_key":"russia","left_area":62.195885,"right_area":2928.705159,"min_area":62.195885,"max_area":2928.705159},"geometry":{"type":"LineString","coordinates":[[29.033005,69.034525],[28.456827,68.890993],[28.4131,68.8801],[28.8015,68.8355],[28.4474,68.5149],[28.676966,68.201409],[28.6903,68.1832],[29.3309,68.0727],[29.6512,67.8236],[30.0094,67.6858],[29.9162,67.5081],[29.5085,67.2881],[29.100045,66.991205],[29.0999,66.9911],[29.0515,66.9078],[29.0892,66.8375],[29.480509,66.526197],[29.5342,66.474],[29.6509,66.2879],[29.9002,66.1081],[30.1117,65.712],[30.0985,65.6564],[30.003,65.6781],[29.7029,65.6294],[29.822267,65.554225],[29.7263,65.4915],[29.7201,65.3291],[29.5801,65.2354],[29.8332,65.205],[29.843736,65.122581],[29.844142,65.119405],[29.758104,65.089643],[29.6273,65.0622],[29.615108,65.040179],[29.602901,65.018133],[29.5881,64.9914],[29.624047,64.941719],[29.667911,64.881098],[29.6983,64.8391],[29.7803,64.7956],[30.107568,64.755205],[30.1149,64.7543],[30.156388,64.684103],[30.175736,64.651368],[30.156247,64.633548],[30.070181,64.601116],[29.969154,64.563046],[29.9685,64.5628],[29.969458,64.561638],[30.022249,64.497594],[30.0628,64.4484],[30.0325,64.3969],[30.055135,64.389611],[30.5362,64.2347],[30.539196,64.225749],[30.547141,64.202007],[30.5864,64.0847],[30.5523,64.0217],[30.2015,63.7926],[29.998527,63.745604],[29.9808,63.7415],[29.999777,63.730888],[30.4611,63.4729],[30.8209,63.3757],[31.204,63.2127],[31.257188,63.111299],[31.2628,63.1006],[31.5695,62.9059],[31.4413,62.7887],[31.2438,62.5033],[30.9076,62.2929],[30.635,62.184],[29.7791,61.5931],[29.5397,61.485],[29.2032,61.2459],[28.787446,61.089315],[28.7813,61.087],[28.6146,60.9619],[28.375778,60.874066],[28.3359,60.8594],[28.121119,60.730087]]}},{"type":"Feature","properties":{"level":"country","left_geo_key":"estonia","right_geo_key":"russia","left_area":7.062457,"right_area":2928.705159,"min_area":7.062457,"max_area":2928.705159},"geometry":{"type":"LineString","coordinates":[[28.0191,59.4818],[28.1818,59.3561],[28.0006,59.3337],[28.052502,59.314305],[27.973634,59.296416],[27.9039,59.2904],[27.896209,59.278855],[27.782771,59.108562],[27.701007,58.985819],[27.4778,58.8754],[27.4106,58.7549],[27.5549,58.3952],[27.4941,58.3195],[27.4954,58.2215],[27.6304,58.0883],[27.66957,57.92731],[27.6731,57.9128],[27.7993,57.8611],[27.5246,57.8073],[27.5539,57.7948],[27.5124,57.7813],[27.510936,57.776196],[27.4904,57.7046],[27.4077,57.689],[27.405275,57.680279],[27.3849,57.607],[27.337727,57.587269],[27.328,57.5832],[27.3529,57.5276]]}},{"type":"Feature","properties":{"level":"country","left_geo_key":"latvia","right_geo_key":"russia","left_area":9.496086,"right_area":2928.705159,"min_area":9.496086,"max_area":2928.705159},"geometry":{"type":"LineString","coordinates":[[27.3529,57.5276],[27.5282,57.5285],[27.5113,57.4304],[27.535946,57.420632],[27.5363,57.4157],[27.833328,57.293469],[27.839707,57.280399],[27.836044,57.217391],[27.828066,57.177791],[27.701,57.1188],[27.744971,57.033116],[27.6284,56.8442],[27.7864,56.8713],[27.9189,56.8059],[27.8826,56.7255],[27.985189,56.67312],[27.9913,56.67],[28.02712,56.580737],[28.0287,56.5768],[28.04966,56.571141],[28.108177,56.546227],[28.1045,56.4831],[28.161147,56.433065],[28.184664,56.366588],[28.210674,56.272698],[28.1489,56.1424]]}},{"type":"Feature","properties":{"level":"country","left_geo_key":"georgia","right_geo_key":"russia","left_area":7.562707,"right_area":2928.705159,"min_area":7.562707,"max_area":2928.705159},"geometry":{"type":"LineString","coordinates":[[40.051243,43.520095],[40.06268,43.536544],[40.118647,43.558164],[40.194349,43.569829],[40.5196,43.5052],[40.6519,43.539],[41.0118,43.3754],[41.361879,43.336871],[41.5775,43.2153],[42.0434,43.1806],[42.358412,43.234484],[42.5959,43.14],[42.8298,43.1688],[43.0001,43.0987],[42.9989,43.0422],[43.1556,42.9424],[43.5174,42.8605],[43.7825,42.7532],[43.8118,42.7173],[43.7226,42.6249],[43.9397,42.5522],[44.0551,42.6153],[44.187683,42.628158],[44.1974,42.6291],[44.272,42.7024],[44.5081,42.7503],[44.685374,42.716059],[44.695,42.7142],[44.76939,42.631033],[44.7823,42.6166],[44.8594,42.7595],[45.0481,42.6859],[45.135064,42.691898],[45.3227,42.5301],[45.662333,42.509776],[45.713115,42.48462],[45.732489,42.453735],[45.6314,42.2012],[45.887014,42.095292],[45.9476,42.0229],[46.217697,41.994202],[46.229945,41.989066],[46.2942,41.9386],[46.411488,41.910051],[46.4309,41.8904]]}},{"type":"Feature","properties":{"level":"country","left_geo_key":"azerbaijan","right_geo_key":"russia","left_area":9.125558,"right_area":2928.705159,"min_area":9.125558,"max_area":2928.705159},"geometry":{"type":"LineString","coordinates":[[46.4309,41.8904],[46.5255,41.8823],[46.5676,41.7867],[46.738785,41.838229],[46.7691,41.7757],[46.8906,41.7171],[47.0126,41.5755],[47.013534,41.575333],[47.0283,41.5571],[47.085197,41.56248],[47.135382,41.553479],[47.1518,41.531961],[47.2684,41.3028],[47.5678,41.2055],[47.852894,41.208038],[47.8711,41.2082],[47.872538,41.213342],[47.8921,41.2833],[47.901103,41.289779],[48.0016,41.3621],[48.0535,41.4613],[48.335327,41.567108],[48.3702,41.5802],[48.378695,41.591014]]}},{"type":"Feature","properties":{"level":"country","left_geo_key":"poland","right_geo_key":"russia","left_area":41.188003,"right_area":2928.705159,"min_area":41.188003,"max_area":2928.705159},"geometry":{"type":"LineString","coordinates":[[19.636319,54.450855],[19.6308,54.4467],[20.306996,54.42721],[22.732931,54.357288],[22.7672,54.3563],[22.756695,54.367189],[22.773019,54.373991]]}},{"type":"Feature","properties":{"level":"country","left_geo_key":"czechia","right_geo_key":"poland","left_area":9.809315,"right_area":41.188003,"min_area":9.809315,"max_area":41.188003},"geometry":{"type":"MultiLineString","coordinates":[[[15.264432,50.889535],[15.346494,50.787449],[15.3561,50.7755],[15.4418,50.8002],[15.6843,50.7314],[15.7674,50.7442],[15.852595,50.675321],[15.8546,50.6737],[15.871351,50.675838],[15.960479,50.678296],[15.982,50.6036],[16.017252,50.618173],[16.0865,50.6468],[16.3316,50.644],[16.412788,50.578223],[16.389663,50.529945],[16.38555,50.525672],[16.278323,50.469974],[16.198,50.44],[16.198544,50.428534],[16.19906,50.417666],[16.1996,50.4063],[16.2625,50.3644],[16.336967,50.369536],[16.6606,50.093],[16.8177,50.1868],[17.0128,50.2317],[16.872201,50.414096],[16.878819,50.420079],[17.1889,50.3648],[17.230232,50.34987],[17.326728,50.295115],[17.3417,50.2597],[17.409938,50.247899],[17.433236,50.24387],[17.44,50.2427],[17.451172,50.245354],[17.691587,50.30247],[17.709208,50.306657],[17.73519,50.213225],[17.6004,50.1668],[17.6328,50.1063],[17.698004,50.099021],[17.8394,49.9736],[18.03024,50.005969],[18.0375,50.0072],[18.0024,50.0468],[18.3069,49.9097],[18.5444,49.913],[18.58087,49.8295],[18.633151,49.7098],[18.6373,49.7003],[18.790453,49.661346],[18.8332,49.5103]],[[15.2561,50.8999],[15.264432,50.889535]],[[15.2538,50.969],[15.2561,50.8999]],[[15.1315,51.0058],[15.2538,50.969]],[[15.088175,51.004466],[15.1315,51.0058]],[[14.9821,50.99926],[15.088175,51.004466]],[[14.9821,50.887252],[14.9821,50.99926]],[[14.9841,50.8677],[14.9821,50.887252]],[[14.9821,50.867808],[14.9841,50.8677]],[[14.819715,50.876601],[14.9821,50.867808]]]}},{"type":"Feature","properties":{"level":"country","left_geo_key":"czechia","right_geo_key":"germany","left_area":9.809315,"right_area":45.903891,"min_area":9.809315,"max_area":45.903891},"geometry":{"type":"LineString","coordinates":[[14.819715,50.876601],[14.786223,50.828534],[14.7754,50.813],[14.754991,50.817102],[14.6132,50.8456],[14.615918,50.89808],[14.5618,50.9064],[14.560328,50.924049],[14.558903,50.941124],[14.554741,50.991005],[14.551191,50.993263],[14.2875,51.0368],[14.256992,50.988637],[14.3819,50.9209],[14.3465,50.8802],[13.8925,50.7804],[13.8345,50.7237],[13.818283,50.722708],[13.5566,50.7067],[13.4649,50.6071],[13.458937,50.608408],[13.381,50.6255],[13.368255,50.617099],[13.3056,50.5758],[13.2323,50.582],[13.1601,50.497],[13.022942,50.493081],[12.9606,50.4092],[12.956458,50.410189],[12.8258,50.4414],[12.824013,50.441102],[12.5102,50.3888],[12.3447,50.2664],[12.3144,50.1673],[12.302291,50.165308],[12.296792,50.164403],[12.2834,50.1622],[12.269931,50.191228],[12.18481,50.276237],[12.0761,50.3152],[12.102324,50.273714],[12.147765,50.201828],[12.2469,50.045],[12.4513,49.9806],[12.5036,49.9158],[12.505138,49.913122],[12.5155,49.895078],[12.521,49.8855],[12.392471,49.736779],[12.5046,49.6594],[12.636981,49.44029],[12.692538,49.397179],[12.779933,49.339576],[12.852986,49.324732],[12.9543,49.3191],[12.975897,49.299757],[13.1785,49.1183],[13.2995,49.0936],[13.444531,48.958395],[13.481459,48.954956],[13.516,48.9702],[13.5905,48.9448],[13.8157,48.7664]]}},{"type":"Feature","properties":{"level":"country","left_geo_key":"austria","right_geo_key":"czechia","left_area":10.054045,"right_area":9.809315,"min_area":9.809315,"max_area":10.054045},"geometry":{"type":"LineString","coordinates":[[13.8157,48.7664],[13.9823,48.7065],[14.070759,48.596716],[14.318516,48.55963],[14.4436,48.6365],[14.4465,48.635746],[14.4582,48.6432],[14.680473,48.592943],[14.7038,48.6731],[14.8155,48.7803],[14.941694,48.7803],[14.9646,48.9717],[15.004,49.0098],[15.1374,48.993],[15.160125,48.94103],[15.178069,48.944506],[15.30774,48.969623],[15.3355,48.975],[15.617885,48.879864],[15.689022,48.859277],[15.8185,48.8723],[16.0854,48.7429],[16.3527,48.7284],[16.370794,48.737172],[16.5103,48.8048],[16.531009,48.800668],[16.6431,48.7783],[16.669871,48.741155],[16.68939,48.73279],[16.789949,48.724978],[16.8566,48.7198],[16.9105,48.6308],[16.945,48.6042]]}},{"type":"Feature","properties":{"level":"country","left_geo_key":"czechia","right_geo_key":"slovakia","left_area":9.809315,"right_area":5.905435,"min_area":5.905435,"max_area":9.809315},"geometry":{"type":"LineString","coordinates":[[16.945,48.6042],[17.088186,48.801933],[17.135688,48.83659],[17.188826,48.857085],[17.5351,48.813],[17.7449,48.8726],[17.8603,48.9217],[17.9141,49.0105],[18.0755,49.0472],[18.080364,49.06507],[18.1178,49.2026],[18.154258,49.240119],[18.178952,49.265531],[18.3852,49.3423],[18.3876,49.3898],[18.5562,49.4902],[18.8332,49.5103]]}},{"type":"Feature","properties":{"level":"country","left_geo_key":"germany","right_geo_key":"switzerland","left_area":45.903891,"right_area":4.868256,"min_area":4.868256,"max_area":45.903891},"geometry":{"type":"LineString","coordinates":[[7.582433,47.590506],[7.586,47.5846],[7.625894,47.591096],[7.63503,47.592583],[7.615118,47.568156],[7.6097,47.5647],[7.6834,47.5443],[7.8337,47.5905],[8.0423,47.5606],[8.241413,47.619152],[8.3541,47.581],[8.499943,47.616443],[8.5607,47.5894],[8.5647,47.597764],[8.59188,47.654603],[8.5936,47.6582],[8.511327,47.645737],[8.473531,47.641576],[8.424196,47.664167],[8.400859,47.680773],[8.412353,47.697049],[8.52793,47.779584],[8.572771,47.79634],[8.664635,47.7657],[8.7171,47.7435],[8.7171,47.72076],[8.7171,47.701558],[8.7171,47.6946],[8.7976,47.72],[8.898114,47.656878],[8.9062,47.6518],[8.933772,47.658568],[9.119372,47.667365],[9.22256,47.655784],[9.5475,47.5345],[9.573728,47.513477]]}},{"type":"Feature","properties":{"level":"country","left_geo_key":"austria","right_geo_key":"germany","left_area":10.054045,"right_area":45.903891,"min_area":10.054045,"max_area":45.903891},"geometry":{"type":"LineString","coordinates":[[9.573728,47.513477],[9.704,47.5314],[9.760674,47.572763],[9.786582,47.581662],[9.8131,47.5418],[9.82827,47.541686],[9.8335,47.5346],[10.006288,47.49202],[10.030827,47.472198],[10.059669,47.416794],[10.0896,47.3593],[10.1909,47.3792],[10.175662,47.276845],[10.175,47.2724],[10.3059,47.3022],[10.4283,47.396],[10.428947,47.526058],[10.42917,47.570935],[10.43381,47.573186],[10.4825,47.5329],[10.6079,47.5623],[10.7608,47.5136],[10.8586,47.5307],[10.882196,47.509529],[10.8839,47.508],[10.859608,47.48628],[10.8584,47.4852],[10.88869,47.461513],[10.971277,47.39693],[10.9795,47.3905],[11.1686,47.4243],[11.213,47.3958],[11.3677,47.4401],[11.432192,47.506402],[11.4354,47.5097],[11.535324,47.513152],[11.5512,47.5137],[11.636936,47.587425],[12.1656,47.604],[12.166873,47.6049],[12.1736,47.6051],[12.182478,47.61593],[12.199753,47.637003],[12.2068,47.6456],[12.194556,47.700527],[12.230368,47.724184],[12.2391,47.7274],[12.241255,47.71767],[12.2496,47.68],[12.252234,47.680085],[12.42136,47.685559],[12.448019,47.669671],[12.4966,47.6289],[12.512588,47.631189],[12.693797,47.657135],[12.745782,47.664578],[12.7933,47.6248],[12.7789,47.5548],[12.997528,47.474253],[13.0088,47.4701],[13.011744,47.480953],[13.062741,47.66899],[13.0641,47.674],[13.055416,47.676498],[12.93025,47.712498],[12.911653,47.717847],[12.9912,47.8471],[12.7389,48.1134],[12.975818,48.234479],[13.113702,48.280075],[13.3078,48.3196],[13.385036,48.3698],[13.409036,48.385399],[13.4195,48.3922],[13.427188,48.431886],[13.447453,48.536505],[13.453318,48.566781],[13.464144,48.571516],[13.7165,48.5217],[13.744238,48.550762],[13.797074,48.60612],[13.8024,48.6117],[13.799796,48.629547],[13.8157,48.7664]]}},{"type":"Feature","properties":{"level":"country","left_geo_key":"germany","right_geo_key":"poland","left_area":45.903891,"right_area":41.188003,"min_area":41.188003,"max_area":45.903891},"geometry":{"type":"MultiLineString","coordinates":[[[14.819715,50.876601],[14.9055,50.999721],[14.9583,51.0755],[14.965492,51.096974],[15.0143,51.2427],[15.012429,51.248823],[14.999083,51.292483],[14.9554,51.4354],[14.946663,51.439104],[14.826355,51.490112],[14.711511,51.538803],[14.716108,51.564974],[14.7423,51.633],[14.730349,51.646051],[14.7325,51.6583],[14.592494,51.814299],[14.618652,51.854937],[14.7614,52.0767],[14.696429,52.115076],[14.6969,52.2535],[14.600969,52.285591],[14.5454,52.3822],[14.583856,52.457526],[14.612875,52.514367],[14.6448,52.5769],[14.136458,52.844099],[14.138879,52.861255],[14.1608,52.8767],[14.149325,52.935273],[14.1505,52.9436],[14.3433,53.0486],[14.406342,53.215963],[14.4247,53.2647],[14.397339,53.334492],[14.275289,53.645812]],[[14.202434,53.888793],[14.2101,53.9385]]]}},{"type":"Feature","properties":{"level":"country","left_geo_key":"denmark","right_geo_key":"germany","left_area":6.135569,"right_area":45.903891,"min_area":6.135569,"max_area":45.903891},"geometry":{"type":"LineString","coordinates":[[9.483041,54.842463],[9.317,54.8016],[8.9041,54.8979],[8.6608,54.8963]]}},{"type":"Feature","properties":{"level":"country","left_geo_key":"germany","right_geo_key":"netherlands","left_area":45.903891,"right_area":4.875735,"min_area":4.875735,"max_area":45.903891},"geometry":{"type":"LineString","coordinates":[[7.1946,53.245],[7.1928,52.998],[7.062,52.824],[7.0367,52.6474],[6.737,52.6347],[6.731128,52.621578],[6.719081,52.594659],[6.711,52.5766],[6.7438,52.5597],[6.689661,52.52919],[6.684,52.526],[6.690866,52.517322],[6.729708,52.468226],[6.7412,52.4537],[6.80065,52.453111],[6.9733,52.4514],[7.0482,52.3651],[7.0266,52.2386],[6.6799,52.0605],[6.800272,51.961944],[6.773265,51.93629],[6.727092,51.906095],[6.3785,51.8601],[6.345,51.8211],[6.127,51.8967],[6.1054,51.8795],[6.11835,51.869947],[6.139363,51.854446],[5.928,51.8067],[5.946695,51.738534],[5.9492,51.7294],[6.0992,51.6445],[6.0865,51.5955],[6.19673,51.480532],[6.200167,51.451712],[6.199185,51.378269],[6.0652,51.2316],[6.067602,51.222934],[6.08101,51.174567],[6.0843,51.1627],[6.138306,51.174035],[6.14294,51.162837],[6.13486,51.145177],[6.102591,51.1267],[5.907455,51.040946],[5.859097,51.019694],[5.8582,51.0193],[5.860201,51.015831],[5.8883,50.9671],[5.942073,50.969738],[5.9678,50.971],[5.998299,50.943066],[6.011435,50.931035],[6.0546,50.8915],[5.973,50.7818],[5.984614,50.765163]]}},{"type":"Feature","properties":{"level":"country","left_geo_key":"belgium","right_geo_key":"germany","left_area":3.897154,"right_area":45.903891,"min_area":3.897154,"max_area":45.903891},"geometry":{"type":"LineString","coordinates":[[5.984614,50.765163],[6.00395,50.737467],[6.0248,50.7076],[6.094048,50.677271],[6.237167,50.61459],[6.246083,50.610685],[6.1708,50.518],[6.3187,50.4817],[6.349291,50.395101],[6.359712,50.322861],[6.330559,50.307956],[6.2995,50.3089],[6.1798,50.233],[6.178631,50.230275],[6.117415,50.087603]]}},{"type":"Feature","properties":{"level":"country","left_geo_key":"germany","right_geo_key":"luxembourg","left_area":45.903891,"right_area":0.324545,"min_area":0.324545,"max_area":45.903891},"geometry":{"type":"LineString","coordinates":[[6.117415,50.087603],[6.1057,50.0603],[6.117303,50.044252],[6.233435,49.883629],[6.2383,49.8769],[6.49423,49.786902],[6.496323,49.758316],[6.492308,49.708363],[6.4182,49.6699],[6.3508,49.5666],[6.345743,49.469291]]}},{"type":"Feature","properties":{"level":"country","left_geo_key":"estonia","right_geo_key":"latvia","left_area":7.062457,"right_area":9.496086,"min_area":7.062457,"max_area":9.496086},"geometry":{"type":"LineString","coordinates":[[24.3062,57.8682],[24.357389,57.861944],[24.478229,57.914493],[24.5338,57.9451],[24.553728,57.947325],[24.8168,57.9767],[25.0706,58.0636],[25.081219,58.06306],[25.10325,58.06194],[25.167,58.0587],[25.206231,58.000956],[25.228771,57.987608],[25.234306,57.98863],[25.263914,58.041588],[25.2635,58.0751],[25.278515,58.067704],[25.5794,57.9195],[25.715745,57.922753],[25.7303,57.9231],[25.7926,57.856],[26.0027,57.846],[26.004213,57.839303],[26.0161,57.7867],[26.024414,57.781118],[26.257065,57.624919],[26.263941,57.620495],[26.5151,57.5173],[26.7781,57.5685],[26.827527,57.59917],[26.863654,57.621587],[26.8727,57.6272],[26.919317,57.615621],[27.008106,57.593568],[27.235024,57.537206],[27.3529,57.5276]]}},{"type":"Feature","properties":{"level":"country","left_geo_key":"norway","right_geo_key":"sweden","left_area":84.93385,"right_area":78.508897,"min_area":78.508897,"max_area":84.93385},"geometry":{"type":"LineString","coordinates":[[11.400259,59.025956],[11.4375,58.9914],[11.452,58.896],[11.6644,58.9201],[11.807221,59.260233],[11.8117,59.2709],[11.679402,59.596035],[11.6749,59.6071],[11.688894,59.613471],[11.8917,59.7058],[11.900794,59.775141],[11.8496,59.8724],[12.1437,59.8984],[12.458715,60.068016],[12.5247,60.1617],[12.4873,60.2959],[12.6053,60.4192],[12.5944,60.5149],[12.377,60.7541],[12.2561,60.9813],[12.260499,60.98729],[12.272342,61.003413],[12.281,61.0152],[12.5118,61.0491],[12.6825,61.0403],[12.8398,61.227],[12.874171,61.359692],[12.6138,61.547],[12.4165,61.5823],[12.1756,61.7115],[12.176808,61.716351],[12.3151,62.2718],[12.311708,62.276565],[12.0912,62.5863],[12.096616,62.596994],[12.1541,62.7105],[12.151015,62.723707],[12.1044,62.9233],[12.2227,63.0015],[11.9924,63.2889],[12.2049,63.4546],[12.1703,63.5981],[12.725175,63.971147],[12.7553,63.9914],[12.830422,64.007011],[13.2341,64.0909],[13.9394,64.0095],[14.1478,64.169],[14.0969,64.4653],[13.6428,64.584],[14.3107,65.0841],[14.3802,65.2403],[14.5143,65.3181],[14.5607,65.7011],[14.569273,65.710088],[14.5702,65.7167],[14.638234,65.790785],[14.64203,65.82287],[14.5405,66.1254],[15.0534,66.1533],[15.4819,66.2749],[15.4263,66.4912],[15.6695,66.5994],[16.0388,66.8875],[16.403071,67.047207],[16.426574,67.125337],[16.436107,67.188434],[16.1271,67.4228],[16.1807,67.4964],[16.191342,67.498562],[16.2883,67.518254],[16.462482,67.553633],[16.541248,67.599273],[16.596248,67.638434],[16.7829,67.897],[17.3,68.0979],[17.301556,68.097587],[17.921,67.9729],[18.1886,68.1987],[18.1357,68.3957],[18.187791,68.534382],[18.1893,68.5384],[18.4362,68.5739],[18.6446,68.5012],[19.0381,68.5056],[20.001456,68.365189],[20.2459,68.4774],[19.9622,68.5412],[20.2366,68.6591],[20.3565,68.8046],[20.34315,68.896057],[20.1023,69.0221],[20.3627,69.0293],[20.6232,69.0364]]}},{"type":"Feature","properties":{"level":"country","left_geo_key":"finland","right_geo_key":"norway","left_area":62.195885,"right_area":84.93385,"min_area":62.195885,"max_area":84.93385},"geometry":{"type":"LineString","coordinates":[[20.6232,69.0364],[20.730183,69.096423],[21.0715,69.0367],[21.1564,69.0876],[21.0336,69.1812],[21.0984,69.2395],[21.3136,69.2914],[21.6388,69.2714],[22.357948,68.830841],[22.4287,68.7101],[23.0715,68.6809],[23.186466,68.623554],[23.1976,68.618],[23.7348,68.7154],[23.7872,68.7998],[23.929,68.8162],[24.6634,68.6661],[24.9052,68.557],[24.9518,68.6051],[25.1176,68.6377],[25.121061,68.644932],[25.136216,68.6766],[25.2013,68.8126],[25.4339,68.8839],[25.6278,68.8741],[25.7958,68.9933],[25.7372,69.2182],[25.84874,69.350746],[25.871785,69.378131],[25.8726,69.3791],[25.8414,69.4178],[25.8867,69.505781],[25.89768,69.527106],[25.919819,69.53962],[25.9862,69.5654],[25.992591,69.580751],[25.998689,69.595399],[26.0051,69.6108],[25.9617,69.6525],[26.1983,69.7154],[26.208989,69.722572],[26.211,69.7229],[26.524997,69.919622],[26.8646,69.9381],[27.088037,69.903689],[27.1003,69.9018],[27.3118,69.9295],[27.6126,70.0621],[27.8669,70.0753],[28.178547,69.892313],[28.1893,69.886],[28.3812,69.8562],[28.4046,69.8023],[29.140403,69.665148],[29.3445,69.4644],[28.8648,69.2166],[28.827,69.1068],[28.843033,69.098866],[28.9737,69.0342],[29.033005,69.034525]]}},{"type":"Feature","properties":{"level":"country","left_geo_key":"finland","right_geo_key":"sweden","left_area":62.195885,"right_area":78.508897,"min_area":62.195885,"max_area":78.508897},"geometry":{"type":"LineString","coordinates":[[24.156949,65.830663],[24.1634,65.8408],[24.103489,65.899883],[24.040854,65.980983],[24.0094,66.0556],[23.928004,66.127101],[23.900317,66.151422],[23.8893,66.1611],[23.738275,66.202721],[23.711036,66.232972],[23.683802,66.287531],[23.6524,66.4588],[23.8819,66.5635],[23.88251,66.574384],[23.891694,66.738292],[23.891999,66.743747],[23.8924,66.7509],[23.991631,66.80694],[24.0013,66.8124],[23.967392,66.841015],[23.854731,66.93609],[23.583647,67.164859],[23.592687,67.210142],[23.622024,67.268452],[23.625072,67.269738],[23.7632,67.3065],[23.763581,67.328169],[23.763843,67.343044],[23.7652,67.4201],[23.752517,67.421713],[23.669438,67.432282],[23.46064,67.458845],[23.446949,67.471283],[23.461494,67.517318],[23.511817,67.570348],[23.5535,67.587],[23.547252,67.607688],[23.4767,67.8413],[23.4989,67.8822],[23.6361,67.9135],[23.6431,67.9632],[23.3712,68.0685],[23.3065,68.1456],[23.158753,68.128773],[23.1552,68.2174],[23.140754,68.228733],[23.14,68.2342],[23.123746,68.242075],[22.8083,68.3949],[22.0722,68.477],[21.9192,68.5682],[21.7371,68.5879],[21.433119,68.719939],[21.285351,68.784124],[21.1528,68.8417],[20.9057,68.8946],[20.9112,68.9807],[20.6232,69.0364]]}},{"type":"Feature","properties":{"level":"country","left_geo_key":"laos","right_geo_key":"vietnam","left_area":19.502175,"right_area":27.917953,"min_area":19.502175,"max_area":27.917953},"geometry":{"type":"LineString","coordinates":[[102.1187,22.3975],[102.207,22.2454],[102.224345,22.231318],[102.440556,22.055778],[102.467628,22.0338],[102.4781,21.9576],[102.591,21.9014],[102.657162,21.659271],[102.6574,21.6584],[102.662157,21.660407],[102.757432,21.700613],[102.7747,21.7079],[102.7892,21.8203],[102.8265,21.8213],[102.8351,21.7165],[102.84476,21.718266],[102.8472,21.7045],[102.951816,21.71239],[102.97257,21.584716],[102.8497,21.4254],[102.914326,21.438113],[102.903524,21.402868],[102.871047,21.315457],[102.863,21.2938],[102.810671,21.251781],[102.8092,21.2506],[102.821597,21.248261],[102.881813,21.228861],[102.9468,21.0759],[103.008234,21.043776],[103.045468,20.987627],[103.1153,20.8684],[103.127067,20.864574],[103.355646,20.790251],[103.3638,20.7876],[103.373829,20.792886],[103.4526,20.8043],[103.6854,20.6577],[103.780372,20.836711],[104.0992,20.9577],[104.282057,20.888026],[104.3817,20.7784],[104.383368,20.777502],[104.3891,20.771],[104.598471,20.655712],[104.5426,20.5357],[104.445,20.5346],[104.372649,20.454012],[104.3598,20.4397],[104.400747,20.433833],[104.543183,20.413423],[104.585292,20.407389],[104.6664,20.3518],[104.6571,20.2127],[104.8192,20.221],[104.9034,20.1571],[104.9565,20.086591],[104.951129,20.0167],[104.945986,19.993681],[104.7807,19.9081],[104.7607,19.8615],[104.795556,19.836447],[104.800583,19.812204],[104.676,19.7247],[104.610564,19.615763],[104.549848,19.604443],[104.516489,19.603199],[104.3801,19.6853],[104.2953,19.6549],[104.229,19.706],[104.205713,19.696067],[104.1092,19.6549],[104.100701,19.656927],[104.001,19.6807],[104.00801,19.663119],[104.046058,19.567691],[104.0813,19.4793],[104.047215,19.451151],[103.859036,19.295742],[103.8585,19.2953],[104.1477,19.1829],[104.2106,19.1007],[104.487182,18.972862],[104.583212,18.898897],[104.711227,18.800297],[104.722,18.792],[105.100873,18.701136],[105.156782,18.607142],[105.1136,18.5808],[105.107063,18.556207],[105.08,18.4544],[105.1567,18.3198],[105.165753,18.314815],[105.1662,18.3068],[105.283298,18.24979],[105.2993,18.242],[105.335712,18.17114],[105.3401,18.1626],[105.358315,18.172841],[105.455645,18.180168],[105.47238,18.1722],[105.512267,18.1104],[105.603417,17.968132],[105.6052,17.8543],[105.7353,17.664],[105.8199,17.6216],[106.1854,17.2574],[106.2867,17.2766],[106.4203,16.9887],[106.4968,16.9639],[106.5245,16.9892],[106.5351,16.6835],[106.539728,16.678915],[106.612597,16.606713],[106.642171,16.577409],[106.6707,16.4444],[106.7515,16.4283],[106.83257,16.514991],[106.949745,16.32101],[106.9566,16.3071],[107.0891,16.2811],[107.136,16.1848],[107.139263,16.182386],[107.299,16.0642],[107.4334,16.0574],[107.3906,15.9358],[107.1752,15.8485],[107.1502,15.7943],[107.387659,15.493817],[107.3887,15.4925],[107.4875,15.4814],[107.5126,15.4094],[107.5777,15.3996],[107.656776,15.279704],[107.603416,15.105056],[107.5891,15.0582],[107.447436,15.012679],[107.4447,15.0118],[107.448105,15.008047],[107.4539,14.9679],[107.5496,14.8953],[107.4988,14.8177],[107.49903,14.814167],[107.4909,14.8042],[107.502156,14.766196],[107.5204,14.7046]]}},{"type":"Feature","properties":{"level":"country","left_geo_key":"cambodia","right_geo_key":"vietnam","left_area":15.030686,"right_area":27.917953,"min_area":15.030686,"max_area":27.917953},"geometry":{"type":"LineString","coordinates":[[107.5204,14.7046],[107.4647,14.449],[107.3869,14.4219],[107.358616,14.357515],[107.3518,14.342],[107.3199,14.1198],[107.3431,14.0206],[107.350208,14.017671],[107.4307,13.9845],[107.4432,13.7835],[107.6043,13.4985],[107.607,13.3698],[107.463615,13.008849],[107.463,13.0073],[107.562584,12.592303],[107.544549,12.491259],[107.506003,12.349368],[107.454506,12.29492],[107.406113,12.26178],[107.3202,12.3292],[107.2119,12.3057],[107.193588,12.289789],[107.009083,12.129481],[106.9707,12.096131],[106.772,12.0658],[106.685935,11.971081],[106.6805,11.9651],[106.417672,11.969412],[106.394,11.9698],[106.41939,11.904461],[106.421714,11.816577],[106.3989,11.7463],[106.4258,11.6621],[106.0154,11.7705],[105.9341,11.6429],[105.8409,11.6582],[105.822871,11.641523],[105.820487,11.639318],[105.8049,11.6249],[105.7932,11.5829],[105.805492,11.575525],[105.837475,11.556335],[105.842564,11.553282],[105.8722,11.4435],[105.846414,11.301029],[105.8444,11.2899],[105.954273,11.19113],[106.0631,11.0933],[106.129287,11.066199],[106.15328,11.056374],[106.1808,10.9703],[106.1247,10.9532],[106.125891,10.929262],[106.126434,10.918366],[106.1269,10.909],[106.1773,10.7669],[106.0179,10.8198],[105.9313,10.8964],[105.8994,10.8284],[105.861,10.8393],[105.7529,11.0156],[105.421224,10.958608],[105.412159,10.95705],[105.3979,10.9546],[105.311183,10.853537],[105.208471,10.886501],[105.0837,10.9426],[105.069546,10.931088],[105.0114,10.8838],[105.0662,10.7464],[105.0425,10.6908],[104.9443,10.6416],[104.8544,10.5313],[104.5825,10.5315],[104.466629,10.417824]]}},{"type":"Feature","properties":{"level":"country","left_geo_key":"cambodia","right_geo_key":"laos","left_area":15.030686,"right_area":19.502175,"min_area":15.030686,"max_area":19.502175},"geometry":{"type":"LineString","coordinates":[[107.5204,14.7046],[107.5069,14.6934],[107.421948,14.554892],[107.4149,14.5434],[107.2722,14.5854],[107.109125,14.416236],[107.1008,14.4076],[107.095911,14.409554],[107.043,14.4307],[107.036879,14.424388],[106.9501,14.3349],[106.944974,14.333653],[106.892542,14.320901],[106.8358,14.3071],[106.820052,14.322138],[106.7115,14.4258],[106.708983,14.427083],[106.5524,14.5069],[106.547784,14.517504],[106.5402,14.5217],[106.515772,14.582284],[106.473424,14.538508],[106.404274,14.467027],[106.3938,14.4562],[106.3065,14.4455],[106.258142,14.472182],[106.231005,14.47314],[106.1892,14.3789],[105.976541,14.35568],[106.0041,14.2459],[106.140448,14.065572],[106.1495,14.0536],[106.0492,13.9155],[105.885718,13.935367],[105.8731,13.9369],[105.727993,14.088934],[105.6173,14.103],[105.540497,14.158981],[105.494674,14.144725],[105.387862,14.111493],[105.3641,14.1041],[105.348312,14.115632],[105.301835,14.149579],[105.2569,14.1824],[105.239411,14.221737],[105.185676,14.342606]]}},{"type":"Feature","properties":{"level":"country","left_geo_key":"cambodia","right_geo_key":"thailand","left_area":15.030686,"right_area":43.31024,"min_area":15.030686,"max_area":43.31024},"geometry":{"type":"LineString","coordinates":[[105.185676,14.342606],[105.184891,14.342297],[105.180645,14.340621],[105.1014,14.2305],[105.0473,14.2141],[105.038016,14.225413],[105.016625,14.251477],[104.9759,14.3011],[104.974075,14.370193],[104.831943,14.422224],[104.7804,14.437347],[104.714372,14.430221],[104.597547,14.410497],[104.589696,14.405304],[104.5428,14.3604],[104.458731,14.369736],[104.1733,14.396],[103.9028,14.3424],[103.6822,14.3838],[103.677658,14.394228],[103.6717,14.3956],[103.64132,14.437482],[103.62761,14.434273],[103.548038,14.415645],[103.203022,14.334875],[103.134409,14.317383],[102.9186,14.1855],[102.8698,14.0206],[102.7728,13.9361],[102.7027,13.7712],[102.702565,13.771115],[102.6986,13.7618],[102.553068,13.657202],[102.5977,13.6054],[102.57809,13.602386],[102.5796,13.6005],[102.331931,13.545142],[102.328361,13.286852],[102.329143,13.273576],[102.4902,12.9961],[102.4793,12.6771],[102.758876,12.429658],[102.7638,12.4253],[102.7151,12.3422],[102.7,12.1387],[102.9138,11.7655]]}},{"type":"Feature","properties":{"level":"country","left_geo_key":"belgium","right_geo_key":"luxembourg","left_area":3.897154,"right_area":0.324545,"min_area":0.324545,"max_area":3.897154},"geometry":{"type":"LineString","coordinates":[[6.117415,50.087603],[6.1175,50.1205],[6.1026,50.1247],[5.9616,50.1656],[5.7536,49.9302],[5.742141,49.872685],[5.7488,49.8673],[5.7277,49.8002],[5.8726,49.6617],[5.870803,49.658094],[5.836068,49.588384],[5.8145,49.5451],[5.794603,49.542152]]}},{"type":"Feature","properties":{"level":"country","left_geo_key":"saudiarabia","right_geo_key":"unitedarabemirates","left_area":171.09115,"right_area":6.292666,"min_area":6.292666,"max_area":171.09115},"geometry":{"type":"LineString","coordinates":[[51.581856,24.163898],[51.592576,24.085093],[52.5585,22.9386],[55.10913,22.624787],[55.1868,22.7036]]}},{"type":"Feature","properties":{"level":"country","left_geo_key":"belgium","right_geo_key":"netherlands","left_area":3.897154,"right_area":4.875735,"min_area":3.897154,"max_area":4.875735},"geometry":{"type":"MultiLineString","coordinates":[[[5.984614,50.765163],[5.9748,50.7475],[5.715962,50.753966],[5.7066,50.7542],[5.643148,50.813015],[5.640447,50.815518],[5.6245,50.8303],[5.63054,50.835816],[5.708763,50.907256],[5.741845,50.937469],[5.747549,50.949207],[5.7224,50.9594],[5.8368,51.0995],[5.830573,51.145594],[5.649607,51.191751],[5.5684,51.2077],[5.562391,51.213997],[5.4932,51.2865],[5.2395,51.2569],[5.232696,51.260431],[5.215249,51.269485],[5.1181,51.3199],[5.0681,51.3745],[5.0799,51.4385],[5.0303,51.4744],[4.9319,51.3956],[4.917062,51.396798],[4.88042,51.399757],[4.7833,51.4076],[4.8227,51.4137],[4.822246,51.415054],[4.799092,51.48416],[4.789063,51.487621],[4.6301,51.4182],[4.617956,51.419363],[4.53718,51.427098],[4.5215,51.4286],[4.527186,51.447552],[4.516283,51.469862],[4.490503,51.47331],[4.461861,51.468008],[4.42248,51.456343],[4.3872,51.4275],[4.4162,51.374],[4.407673,51.365615],[4.4112,51.3567],[4.397685,51.355794],[4.368494,51.353836],[4.3456,51.3523],[4.2611,51.3694]],[[4.129579,51.282267],[4.119,51.2724],[4.081836,51.264364],[3.822562,51.208298],[3.8087,51.2053],[3.806517,51.208605],[3.7762,51.2545],[3.760525,51.257876],[3.62751,51.286521],[3.3917,51.2468],[3.3581,51.3367],[3.350316,51.371145]]]}},{"type":"Feature","properties":{"level":"country","left_geo_key":"georgia","right_geo_key":"turkey","left_area":7.562707,"right_area":81.259258,"min_area":7.562707,"max_area":81.259258},"geometry":{"type":"LineString","coordinates":[[41.595241,41.492445],[41.695,41.4891],[41.77907,41.438721],[41.808789,41.430036],[41.948,41.5056],[42.452718,41.433287],[42.5852,41.5788],[42.661,41.5883],[42.8009,41.5792],[42.7665,41.5043],[42.848342,41.481122],[42.9261,41.4591],[43.000572,41.412869],[43.184,41.299],[43.180602,41.296891],[43.1031,41.2488],[43.172,41.2423],[43.223705,41.180801],[43.3833,41.1872],[43.438326,41.14334],[43.4518,41.1326],[43.4404,41.1066]]}},{"type":"Feature","properties":{"level":"country","left_geo_key":"armenia","right_geo_key":"georgia","left_area":3.127785,"right_area":7.562707,"min_area":3.127785,"max_area":7.562707},"geometry":{"type":"LineString","coordinates":[[43.4404,41.1066],[43.7297,41.1067],[43.8632,41.159],[44.1444,41.1861],[44.189502,41.228589],[44.219264,41.224347],[44.4325,41.1817],[44.46867,41.188804],[44.602136,41.215018],[44.6331,41.2211],[44.8215,41.2062],[44.8257,41.210236],[44.841036,41.224973],[44.8471,41.2308],[44.8207,41.2733],[44.9674,41.269],[45.002697,41.289653],[45.002867,41.289752]]}},{"type":"Feature","properties":{"level":"country","left_geo_key":"azerbaijan","right_geo_key":"georgia","left_area":9.125558,"right_area":7.562707,"min_area":7.562707,"max_area":9.125558},"geometry":{"type":"LineString","coordinates":[[45.002867,41.289752],[45.0024,41.2905],[45.2496,41.4445],[45.265659,41.443514],[45.336185,41.439186],[45.45,41.4322],[45.673119,41.354376],[45.7453,41.3292],[45.6859,41.2962],[45.758956,41.248833],[45.926891,41.184506],[45.987284,41.17069],[46.2106,41.2002],[46.487182,41.050022],[46.617162,41.112701],[46.6885,41.2844],[46.5916,41.3729],[46.3139,41.4937],[46.243167,41.610279],[46.1928,41.6102],[46.18,41.6552],[46.189,41.7401],[46.320994,41.765021],[46.4309,41.8904]]}},{"type":"Feature","properties":{"level":"country","left_geo_key":"albania","right_geo_key":"northmacedonia","left_area":3.038754,"right_area":2.741419,"min_area":2.741419,"max_area":3.038754},"geometry":{"type":"LineString","coordinates":[[20.5671,41.8732],[20.543,41.824622],[20.5033,41.7446],[20.5045,41.738825],[20.5346,41.594],[20.460026,41.522839],[20.54,41.3871],[20.4777,41.3196],[20.5001,41.2355],[20.5699,41.1071],[20.6641,41.0591],[20.7172,40.9132],[20.9399,40.9071],[20.9653,40.8494]]}},{"type":"Feature","properties":{"level":"country","left_geo_key":"greece","right_geo_key":"northmacedonia","left_area":13.606777,"right_area":2.741419,"min_area":2.741419,"max_area":13.606777},"geometry":{"type":"LineString","coordinates":[[20.9653,40.8494],[21.2954,40.8609],[21.4294,40.909],[21.589357,40.870924],[21.6851,40.928],[21.7655,40.9239],[21.9012,41.0908],[21.904651,41.092122],[22.024722,41.138112],[22.0555,41.1499],[22.100731,41.147703],[22.491847,41.128703],[22.576429,41.124594],[22.5866,41.1241],[22.637244,41.17317],[22.6445,41.1802],[22.685927,41.149086],[22.693298,41.14544],[22.709818,41.155361],[22.7272,41.1658],[22.777809,41.324871],[22.781,41.3349],[22.828166,41.332568],[22.917604,41.346239]]}},{"type":"Feature","properties":{"level":"country","left_geo_key":"bulgaria","right_geo_key":"northmacedonia","left_area":12.419924,"right_area":2.741419,"min_area":2.741419,"max_area":12.419924},"geometry":{"type":"LineString","coordinates":[[22.917604,41.346239],[22.933,41.6123],[22.936264,41.616736],[22.9361,41.6262],[23.00343,41.731356],[22.993183,41.756194],[22.982198,41.767582],[22.9183,41.8143],[22.902953,41.849734],[22.862232,41.943753],[22.832465,42.012483],[22.5311,42.1291],[22.345,42.3134],[22.4385,42.3401]]}},{"type":"Feature","properties":{"level":"country","left_geo_key":"northmacedonia","right_geo_key":"republicofserbia","left_area":2.741419,"right_area":8.732068,"min_area":2.741419,"max_area":8.732068},"geometry":{"type":"LineString","coordinates":[[22.4385,42.3401],[22.3253,42.3143],[22.2598,42.3691],[22.0609,42.3011],[21.929863,42.328851],[21.692,42.242],[21.676994,42.242],[21.575,42.242],[21.551092,42.272153]]}},{"type":"Feature","properties":{"level":"country","left_geo_key":"kosovo","right_geo_key":"northmacedonia","left_area":1.193032,"right_area":2.741419,"min_area":1.193032,"max_area":2.741419},"geometry":{"type":"LineString","coordinates":[[21.551092,42.272153],[21.5641,42.2463],[21.50941,42.23842],[21.4199,42.2401],[21.394996,42.221936],[21.295,42.149],[21.289595,42.096456],[21.0985,42.196],[20.7849,42.082],[20.703,41.8496],[20.5671,41.8732]]}},{"type":"Feature","properties":{"level":"country","left_geo_key":"albania","right_geo_key":"kosovo","left_area":3.038754,"right_area":1.193032,"min_area":1.193032,"max_area":3.038754},"geometry":{"type":"LineString","coordinates":[[20.5671,41.8732],[20.571892,41.890905],[20.5993,41.9606],[20.59403,41.972703],[20.486115,42.22056],[20.4817,42.2307],[20.403019,42.273525],[20.321305,42.318001],[20.318,42.3198],[20.245811,42.325435],[20.215231,42.3806],[20.2047,42.4201],[20.181841,42.440832],[20.065,42.5468]]}},{"type":"Feature","properties":{"level":"country","left_geo_key":"albania","right_geo_key":"montenegro","left_area":3.038754,"right_area":1.510601,"min_area":1.510601,"max_area":3.038754},"geometry":{"type":"LineString","coordinates":[[20.065,42.5468],[19.791504,42.476403],[19.755362,42.506728],[19.733674,42.530641],[19.7221,42.6461],[19.6218,42.605],[19.27815,42.18816],[19.272,42.1807],[19.3749,42.0947]]}},{"type":"Feature","properties":{"level":"country","left_geo_key":"albania","right_geo_key":"greece","left_area":3.038754,"right_area":13.606777,"min_area":3.038754,"max_area":13.606777},"geometry":{"type":"LineString","coordinates":[[20.183783,39.637081],[20.184383,39.637193],[20.26592,39.69293],[20.28251,39.706205],[20.2965,39.7174],[20.281407,39.796616],[20.28,39.804],[20.312349,39.797043],[20.381897,39.798002],[20.386511,39.804142],[20.34187,39.912526],[20.303,39.9791],[20.312023,39.984988],[20.4328,40.0638],[20.644026,40.099679],[20.769,40.4126],[20.773779,40.414306],[20.9368,40.4725],[21.027645,40.612819],[21.029921,40.626672],[21.0353,40.6594],[20.9635,40.7361],[20.967,40.802],[20.9653,40.8494]]}},{"type":"Feature","properties":{"level":"country","left_geo_key":"armenia","right_geo_key":"azerbaijan","left_area":3.127785,"right_area":9.125558,"min_area":3.127785,"max_area":9.125558},"geometry":{"type":"MultiLineString","coordinates":[[[45.002867,41.289752],[45.0394,41.2312],[45.050538,41.196637],[45.052,41.1921],[45.121857,41.188539],[45.201,41.1267],[45.0678,41.1109],[45.07,41.0621],[45.086222,41.064731],[45.0917,41.051],[45.3126,40.9966],[45.32319,40.998658],[45.3354,40.9938],[45.374423,41.008616],[45.392844,41.012197],[45.4164,40.9613],[45.591281,40.846954],[45.5559,40.7766],[45.3736,40.6753],[45.5262,40.441],[45.8617,40.2613],[45.895205,40.26391],[45.952601,40.236365],[45.974166,40.213388],[45.8738,40.0098],[45.6396,40.0254],[45.597746,39.987022],[45.5794,39.9702],[45.7428,39.9405],[45.8168,39.8392],[45.840577,39.828849],[45.9792,39.7685],[46.1696,39.6041],[46.321673,39.616765],[46.510232,39.558916],[46.498663,39.502081],[46.479,39.4618],[46.3609,39.4103],[46.6026,39.2155],[46.3953,39.1952],[46.4919,39.0819],[46.480293,38.950628],[46.4793,38.9394],[46.498502,38.907747]],[[45.4793,40.634693],[45.5137,40.602],[45.543937,40.631336],[45.538247,40.648317],[45.503482,40.649428],[45.4793,40.64209],[45.4793,40.634693]],[[46.135144,38.864924],[46.026744,39.040388],[45.959606,39.159053],[45.9792,39.2573],[45.768179,39.357309],[45.7986,39.4324],[45.797723,39.435821],[45.8031,39.4482],[45.7881,39.549],[45.767427,39.554077],[45.750737,39.558175],[45.7091,39.5684],[45.467753,39.492524],[45.455935,39.489782],[45.426991,39.498695],[45.2662,39.5929],[45.265603,39.592734],[45.26,39.5997],[45.1679,39.5655],[45.143473,39.674686],[45.1413,39.6844],[45.0335,39.7704]],[[45.0157,41.0232],[44.968652,41.069247],[44.964,41.0738],[44.9795,41.082],[45.0189,41.0749],[45.0157,41.0232]],[[45.190239,40.989373],[45.198653,40.986517],[45.2205,40.9791],[45.2099,40.968],[45.189292,40.984259],[45.1772,40.9938],[45.190239,40.989373]]]}},{"type":"Feature","properties":{"level":"country","left_geo_key":"azerbaijan","right_geo_key":"iran","left_area":9.125558,"right_area":156.159509,"min_area":9.125558,"max_area":156.159509},"geometry":{"type":"MultiLineString","coordinates":[[[46.498502,38.907747],[46.501633,38.907306],[46.538735,38.902078],[46.864585,39.163942],[46.8662,39.1654],[47.0136,39.187],[47.1022,39.3084],[47.371954,39.447391],[47.4069,39.4768],[47.8231,39.6803],[47.858902,39.683291],[47.973837,39.692891],[47.9907,39.6943],[48.3389,39.3789],[48.1062,39.2692],[48.1422,39.1812],[48.283311,39.072067],[48.3015,39.058],[48.297363,39.029678],[48.295262,39.015291],[48.2937,39.0046],[48.209914,38.98458],[48.0524,38.9279],[48.039924,38.920479],[47.9931,38.8501],[48.2104,38.7298],[48.228,38.6622],[48.3103,38.6002],[48.4267,38.5965],[48.612075,38.396597],[48.853046,38.43106]],[[46.135087,38.86491],[46.132748,38.864335],[45.4386,39.0042],[45.329879,39.171588],[45.3111,39.2005],[45.1463,39.2287],[45.096,39.3411],[44.939981,39.478036],[44.8984,39.5844],[44.891978,39.590355],[44.8864,39.606],[44.865467,39.614937]],[[46.135144,38.864924],[46.135087,38.86491]]]}},{"type":"Feature","properties":{"level":"country","left_geo_key":"azerbaijan","right_geo_key":"turkey","left_area":9.125558,"right_area":81.259258,"min_area":9.125558,"max_area":81.259258},"geometry":{"type":"LineString","coordinates":[[45.0335,39.7704],[44.7843,39.6902],[44.865467,39.614937]]}},{"type":"Feature","properties":{"level":"country","left_geo_key":"kosovo","right_geo_key":"republicofserbia","left_area":1.193032,"right_area":8.732068,"min_area":1.193032,"max_area":8.732068},"geometry":{"type":"LineString","coordinates":[[21.551092,42.272153],[21.5149,42.3178],[21.524787,42.324436],[21.594784,42.371419],[21.597204,42.373044],[21.667253,42.482576],[21.756658,42.654695],[21.744405,42.673462],[21.713059,42.679517],[21.412931,42.737488],[21.3787,42.7441],[21.379552,42.746901],[21.3792,42.747],[21.407012,42.842246],[21.366146,42.858313],[21.254124,42.902358],[21.2324,42.9109],[21.214671,42.97758],[21.171232,42.993844],[21.1479,42.9926],[21.142604,43.004563],[21.1393,43.0058],[21.095195,43.085982],[20.8386,43.1705],[20.842357,43.177236],[20.8647,43.2173],[20.807861,43.25433],[20.699821,43.225585],[20.613612,43.191391],[20.61803,43.154661],[20.638266,43.124758],[20.6692,43.1098],[20.66098,43.091192],[20.649197,43.064518],[20.6438,43.0523],[20.637628,43.049133],[20.4764,42.9664],[20.469679,42.954651],[20.463168,42.94327],[20.486356,42.900731],[20.4889,42.8992],[20.488308,42.897148],[20.4763,42.8555],[20.3454,42.8274]]}},{"type":"Feature","properties":{"level":"country","left_geo_key":"kosovo","right_geo_key":"montenegro","left_area":1.193032,"right_area":1.510601,"min_area":1.193032,"max_area":1.510601},"geometry":{"type":"LineString","coordinates":[[20.3454,42.8274],[20.259223,42.81252],[20.1834,42.7425],[20.038418,42.743147],[20.051505,42.714092],[20.0906,42.6273],[20.065,42.5468]]}},{"type":"Feature","properties":{"level":"country","left_geo_key":"bulgaria","right_geo_key":"turkey","left_area":12.419924,"right_area":81.259258,"min_area":12.419924,"max_area":81.259258},"geometry":{"type":"LineString","coordinates":[[27.824402,41.993502],[27.8119,41.9947],[27.803797,41.948756],[27.6871,41.9686],[27.5508,41.9242],[27.2734,42.0917],[27.154092,42.062885],[27.060045,42.08038],[27.04753,42.082708],[27.0465,42.0829],[27.043502,42.080621],[26.863888,41.987552],[26.5895,41.9588],[26.5261,41.8242],[26.363195,41.794743],[26.3342,41.7895],[26.333707,41.742364],[26.3334,41.713]]}},{"type":"Feature","properties":{"level":"country","left_geo_key":"greece","right_geo_key":"turkey","left_area":13.606777,"right_area":81.259258,"min_area":13.606777,"max_area":81.259258},"geometry":{"type":"LineString","coordinates":[[26.3334,41.713],[26.452853,41.663741],[26.5953,41.605],[26.630895,41.362974],[26.628475,41.356388],[26.3317,41.2541],[26.3173,41.1305],[26.346686,41.079165],[26.353128,41.00396],[26.336,40.9819],[26.35542,40.96744],[26.342587,40.956574],[26.2262,40.8993],[26.142055,40.786786],[26.09134,40.743847],[26.075158,40.741412]]}},{"type":"Feature","properties":{"level":"country","left_geo_key":"iraq","right_geo_key":"turkey","left_area":42.181414,"right_area":81.259258,"min_area":42.181414,"max_area":81.259258},"geometry":{"type":"LineString","coordinates":[[42.3572,37.11],[42.367128,37.110911],[42.4019,37.1141],[42.449343,37.125145],[42.551602,37.148951],[42.5647,37.152],[42.720828,37.357098],[42.7716,37.3749],[42.937,37.3202],[43.128219,37.366387],[43.4633,37.2487],[43.8094,37.1997],[43.823742,37.208638],[43.9904,37.3125],[44.073994,37.311387],[44.228201,37.23995],[44.236275,37.217105],[44.23939,37.168968],[44.1806,37.1089],[44.1875,37.0669],[44.2433,36.9778],[44.281864,36.972148],[44.286595,36.971454],[44.2972,36.9699],[44.3431,37.0424],[44.5782,37.1664],[44.757512,37.14302]]}},{"type":"Feature","properties":{"level":"country","left_geo_key":"iran","right_geo_key":"turkey","left_area":156.159509,"right_area":81.259258,"min_area":81.259258,"max_area":156.159509},"geometry":{"type":"LineString","coordinates":[[44.757512,37.14302],[44.756853,37.154906],[44.7535,37.2153],[44.8016,37.2927],[44.5659,37.4472],[44.5835,37.6011],[44.5409,37.6327],[44.585248,37.699945],[44.563021,37.744707],[44.553589,37.752779],[44.4505,37.7666],[44.437491,37.778311],[44.412511,37.8008],[44.34389,37.862576],[44.3312,37.874],[44.211517,37.895508],[44.2021,37.8972],[44.207419,37.905752],[44.3671,38.1625],[44.3724,38.2495],[44.4592,38.3224],[44.4247,38.377],[44.2895,38.3823],[44.289779,38.390678],[44.2968,38.6016],[44.296138,38.603138],[44.283996,38.631356],[44.25205,38.705599],[44.2505,38.7092],[44.275,38.8436],[44.158159,38.958541],[44.152,38.9646],[44.167927,39.022613],[44.183972,39.127861],[44.0777,39.2001],[44.045346,39.292484],[44.021,39.362],[44.042963,39.377139],[44.077,39.4006],[44.278798,39.402675],[44.380527,39.413691],[44.389785,39.421589],[44.448903,39.656408],[44.455,39.6871],[44.456986,39.688514],[44.5657,39.7659],[44.7257,39.6853],[44.807,39.6399],[44.865467,39.614937]]}},{"type":"Feature","properties":{"level":"country","left_geo_key":"armenia","right_geo_key":"turkey","left_area":3.127785,"right_area":81.259258,"min_area":3.127785,"max_area":81.259258},"geometry":{"type":"LineString","coordinates":[[45.0335,39.7704],[44.7746,39.7028],[44.5222,39.9335],[44.3256,40.0347],[43.970392,40.025766],[43.6654,40.1102],[43.694367,40.151397],[43.708063,40.170876],[43.7149,40.1806],[43.701001,40.199577],[43.609677,40.324268],[43.604709,40.331051],[43.6245,40.4111],[43.622316,40.413022],[43.6253,40.4202],[43.56865,40.469876],[43.7072,40.6119],[43.7241,40.7464],[43.644577,40.915668],[43.6362,40.9335],[43.47813,41.01393],[43.4605,41.0229],[43.4404,41.1066]]}},{"type":"Feature","properties":{"level":"country","left_geo_key":"andorra","right_geo_key":"spain","left_area":0.050187,"right_area":53.638475,"min_area":0.050187,"max_area":53.638475},"geometry":{"type":"LineString","coordinates":[[1.707,42.5028],[1.602431,42.462543],[1.511725,42.429862],[1.503305,42.430487],[1.4364,42.4535],[1.430489,42.496139],[1.4148,42.6093]]}},{"type":"Feature","properties":{"level":"country","left_geo_key":"portugal","right_geo_key":"spain","left_area":9.571231,"right_area":53.638475,"min_area":9.571231,"max_area":53.638475},"geometry":{"type":"LineString","coordinates":[[-8.6439,42.0415],[-8.2224,42.1536],[-8.204,42.0696],[-8.194018,42.070096],[-8.1913,42.0621],[-8.115156,42.04532],[-8.10366,42.031193],[-8.15919,41.968224],[-8.2302,41.9047],[-8.224518,41.894144],[-8.184678,41.820133],[-8.1796,41.8107],[-8.162494,41.811444],[-8.07971,41.815046],[-8.0486,41.8164],[-7.922568,41.902632],[-7.8966,41.8579],[-7.707687,41.89604],[-7.6074,41.8732],[-7.619421,41.839981],[-7.6222,41.8323],[-7.610752,41.835571],[-7.5081,41.8649],[-7.4295,41.8145],[-7.216911,41.886618],[-7.2093,41.8892],[-7.201627,41.950016],[-7.1454,41.9875],[-7.0513,41.942],[-6.855,41.9429],[-6.8249,41.9838],[-6.728,41.9309],[-6.6095,41.9623],[-6.553643,41.876244],[-6.5357,41.8486],[-6.559106,41.783613],[-6.5715,41.7492],[-6.546512,41.673985],[-6.5415,41.6589],[-6.430228,41.661878],[-6.348324,41.653351],[-6.2059,41.5703],[-6.321,41.4196],[-6.4959,41.2949],[-6.6582,41.2578],[-6.811453,41.062446],[-6.8476,41.05243],[-6.9279,41.0479],[-6.9425,41.016],[-6.820975,40.862818],[-6.814645,40.658354],[-6.8505,40.5822],[-6.845698,40.571328],[-6.833796,40.544379],[-6.817241,40.506894],[-6.8571,40.4421],[-6.7944,40.3564],[-6.893999,40.257875],[-7.0346,40.1931],[-7.0277,40.1326],[-6.8797,40.0092],[-6.956263,39.83853],[-7.0003,39.8025],[-7.00902,39.720929],[-7.011539,39.715312],[-7.30973,39.686356],[-7.54602,39.663412],[-7.5482,39.6632],[-7.526925,39.635667],[-7.455332,39.543018],[-7.4513,39.5378],[-7.321438,39.462031],[-7.3314,39.3626],[-7.325096,39.355405],[-7.3267,39.3413],[-7.2508,39.2706],[-7.2441,39.1956],[-7.1681,39.1706],[-7.1425,39.0995],[-7.01844,39.086642],[-6.995156,39.072531],[-6.982664,39.039076],[-6.978902,39.004729],[-6.989297,38.987525],[-7.085567,38.838257],[-7.2704,38.7375],[-7.275154,38.621946],[-7.308121,38.553088],[-7.3456,38.4941],[-7.345564,38.474882],[-7.3455,38.441],[-7.19214,38.268167],[-7.1171,38.1836],[-7.113156,38.183902],[-7.033013,38.190045],[-6.962347,38.195462],[-6.958277,38.172088],[-7.024,38.0226],[-7.10924,38.037536],[-7.1233,38.04],[-7.159301,38.020098],[-7.2691,37.9594],[-7.3069,37.8508],[-7.444,37.7302],[-7.5297,37.5672],[-7.526393,37.562218],[-7.4689,37.4756]]}},{"type":"Feature","properties":{"level":"country","left_geo_key":"laos","right_geo_key":"myanmar","left_area":19.502175,"right_area":57.649106,"min_area":19.502175,"max_area":57.649106},"geometry":{"type":"LineString","coordinates":[[101.159645,21.533667],[101.1571,21.5197],[101.0034,21.406],[100.891225,21.343139],[100.840164,21.314526],[100.8146,21.3002],[100.723497,21.303643],[100.6894,21.1593],[100.6376,21.0697],[100.5619,21.0351],[100.5178,20.9063],[100.5342,20.8739],[100.6521,20.8828],[100.642225,20.876374],[100.610483,20.855716],[100.5367,20.8077],[100.520012,20.810318],[100.3837,20.8317],[100.252066,20.732548],[100.211624,20.679454],[100.099629,20.34103]]}},{"type":"Feature","properties":{"level":"country","left_geo_key":"laos","right_geo_key":"thailand","left_area":19.502175,"right_area":43.31024,"min_area":19.502175,"max_area":43.31024},"geometry":{"type":"LineString","coordinates":[[100.099629,20.34103],[100.126228,20.263502],[100.142211,20.248718],[100.2404,20.3728],[100.3443,20.39],[100.461,20.1907],[100.542,20.1667],[100.542936,20.160149],[100.545315,20.143493],[100.5506,20.1065],[100.497633,19.939129],[100.476316,19.871769],[100.4743,19.8654],[100.3835,19.7639],[100.48736,19.524725],[100.525999,19.50587],[100.555994,19.498301],[100.6333,19.5422],[100.745674,19.501613],[100.865,19.6072],[100.881208,19.608134],[100.905712,19.609547],[100.9743,19.6135],[101.032083,19.591528],[101.140165,19.576118],[101.208,19.5896],[101.238408,19.56211],[101.251189,19.550555],[101.2549,19.5472],[101.251287,19.539721],[101.217818,19.470429],[101.1724,19.3764],[101.233009,19.138654],[101.3264,19.0205],[101.2233,18.8555],[101.233298,18.682646],[101.234219,18.66671],[101.2347,18.6584],[101.156748,18.575946],[101.039977,18.439137],[101.058879,18.401725],[101.113081,18.352273],[101.1455,18.3362],[101.146069,18.322176],[101.146642,18.308046],[101.1575,18.0404],[101.0083,17.8952],[100.8857,17.5959],[100.9019,17.5619],[101.1385,17.475671],[101.208436,17.535323],[101.386978,17.718491],[101.388,17.7293],[101.396586,17.728348],[101.4683,17.7204],[101.470149,17.722641],[101.472784,17.725836],[101.5776,17.8529],[101.7291,17.9122],[101.784066,18.056924],[101.7904,18.0736],[101.850804,18.04592],[101.892562,18.039035],[102.0785,18.2138],[102.1535,18.2101],[102.4122,17.9942],[102.5996,17.9552],[102.608945,17.842486],[102.626599,17.832414],[102.664788,17.82223],[102.6867,17.8735],[102.8527,17.972],[102.9386,18.0089],[103.002661,17.997159],[103.041096,18.003607],[103.063316,18.093351],[103.068338,18.113636],[103.0713,18.1256],[103.1267,18.1519],[103.163682,18.239142],[103.1682,18.2498],[103.2792,18.290549],[103.234,18.3558],[103.249839,18.370987],[103.2441,18.3801],[103.271783,18.392028],[103.346061,18.424033],[103.3866,18.4415],[103.479676,18.418343],[103.633468,18.380081],[103.8014,18.3383],[103.865667,18.289457],[103.90885,18.305687],[103.9513,18.333],[103.968111,18.32796],[103.979358,18.324588],[104,18.3184],[104.2643,17.8846],[104.452,17.666],[104.7026,17.5273],[104.711353,17.517107],[104.7816,17.4353],[104.797763,17.349374],[104.8183,17.2402],[104.807415,17.208081],[104.7453,17.0248],[104.746171,17.016642],[104.7783,16.7158],[104.77659,16.702375],[104.7545,16.5289],[105.0074,16.2836],[105.0581,16.1212],[105.4049,16.0188],[105.3606,15.9194],[105.412,15.7998],[105.5685,15.7494],[105.6409,15.682],[105.6104,15.4572],[105.485102,15.358772],[105.484197,15.346583],[105.499395,15.332475],[105.560078,15.276141],[105.564,15.2725],[105.4477,15.1553],[105.4436,15.1114],[105.5931,14.9908],[105.580162,14.980886],[105.5836,14.9776],[105.500997,14.822513],[105.494201,14.801827],[105.5075,14.564],[105.4203,14.4352],[105.4122,14.432004],[105.26422,14.373603],[105.185676,14.342606]]}},{"type":"Feature","properties":{"level":"country","left_geo_key":"armenia","right_geo_key":"iran","left_area":3.127785,"right_area":156.159509,"min_area":3.127785,"max_area":156.159509},"geometry":{"type":"LineString","coordinates":[[46.135144,38.864924],[46.3782,38.9247],[46.498502,38.907747]]}},{"type":"Feature","properties":{"level":"country","left_geo_key":"libya","right_geo_key":"tunisia","left_area":147.963651,"right_area":15.335112,"min_area":15.335112,"max_area":147.963651},"geometry":{"type":"LineString","coordinates":[[11.5051,33.1812],[11.4499,32.638],[11.5606,32.5076],[11.5464,32.4343],[10.8732,32.1367],[10.7729,32.0045],[10.6059,31.9536],[10.5846,31.8403],[10.491167,31.7422],[10.264,31.6805],[10.1169,31.4944],[10.109156,31.421714],[10.1081,31.4118],[10.248502,30.982018],[10.252655,30.874144],[10.221557,30.800665],[9.8713,30.3552],[9.7435,30.3313],[9.542506,30.237092],[9.5197,30.2289]]}},{"type":"Feature","properties":{"level":"country","left_geo_key":"algeria","right_geo_key":"libya","left_area":212.810518,"right_area":147.963651,"min_area":147.963651,"max_area":212.810518},"geometry":{"type":"LineString","coordinates":[[9.5197,30.2289],[9.2865,30.1171],[9.6677,29.6083],[9.8261,29.1285],[9.8513,28.786],[9.777,28.2676],[9.927907,27.845291],[9.9343,27.8274],[9.8634,27.6192],[9.836287,27.599889],[9.805976,27.518701],[9.8136,27.4865],[9.7213,27.2919],[9.8255,26.9206],[9.9106,26.8431],[9.8941,26.674],[9.867036,26.595177],[9.840193,26.516996],[9.8358,26.5042],[9.711406,26.450808],[9.4814,26.3326],[9.3778,26.1689],[10.0079,25.3314],[10.032,24.8563],[10.1934,24.7499],[10.257788,24.583107],[10.316331,24.538065],[10.398588,24.481492],[10.7207,24.5523],[11.521008,24.303831],[11.5414,24.2975],[11.551242,24.279541],[11.9689,23.5174]]}},{"type":"Feature","properties":{"level":"country","left_geo_key":"libya","right_geo_key":"niger","left_area":147.963651,"right_area":100.546086,"min_area":100.546086,"max_area":147.963651},"geometry":{"type":"LineString","coordinates":[[11.9689,23.5174],[13.4823,23.1797],[14.2016,22.6232],[14.215865,22.629771],[14.664581,22.836454],[14.981662,22.982505]]}},{"type":"Feature","properties":{"level":"country","left_geo_key":"chad","right_geo_key":"libya","left_area":106.844129,"right_area":147.963651,"min_area":106.844129,"max_area":147.963651},"geometry":{"type":"LineString","coordinates":[[14.981662,22.982505],[14.982369,22.982831],[15.972842,23.439054],[16.0762,23.3996],[23.9813,19.4961]]}},{"type":"Feature","properties":{"level":"country","left_geo_key":"libya","right_geo_key":"sudan","left_area":147.963651,"right_area":156.949224,"min_area":147.963651,"max_area":156.949224},"geometry":{"type":"LineString","coordinates":[[23.9813,19.4961],[23.9813,19.9954],[24.968087,20.008239],[24.980645,21.911325],[24.9812,21.9954]]}},{"type":"Feature","properties":{"level":"country","left_geo_key":"egypt","right_geo_key":"libya","left_area":90.759361,"right_area":147.963651,"min_area":90.759361,"max_area":147.963651},"geometry":{"type":"LineString","coordinates":[[24.9812,21.9954],[24.9812,29.1814],[24.8638,29.5029],[24.8707,29.6383],[24.856655,29.668928],[24.7982,29.7964],[24.8116,29.8909],[24.696905,30.163313],[24.737129,30.252657],[24.9077,30.4987],[24.9949,30.7851],[24.888838,31.024991],[24.849,31.3486],[25.064065,31.568704],[25.1477,31.654298]]}},{"type":"Feature","properties":{"level":"country","left_geo_key":"algeria","right_geo_key":"tunisia","left_area":212.810518,"right_area":15.335112,"min_area":15.335112,"max_area":212.810518},"geometry":{"type":"LineString","coordinates":[[8.6238,36.8261],[8.433004,36.787886],[8.419227,36.777471],[8.4618,36.7328],[8.4304,36.6626],[8.1699,36.5258],[8.167934,36.491989],[8.174598,36.489826],[8.354003,36.4316],[8.3577,36.4304],[8.356326,36.423281],[8.2414,35.8277],[8.337,35.5379],[8.2944,35.3251],[8.4313,35.2417],[8.418397,35.224535],[8.3005,35.0677],[8.2489,34.902],[8.2693,34.7639],[8.2106,34.6812],[8.2365,34.6477],[8.22731,34.640067],[8.110439,34.542994],[8.1025,34.5364],[8.10153,34.535963],[7.8315,34.4144],[7.757021,34.241879],[7.7528,34.2321],[7.6315,34.1991],[7.5175,34.095],[7.487029,33.870673],[7.553,33.6587],[7.696079,33.433941],[7.7082,33.4149],[7.725,33.2314],[8.0868,33.0943],[8.2829,32.8364],[8.332534,32.526812],[9.045,32.0718],[9.5197,30.2289]]}},{"type":"Feature","properties":{"level":"country","left_geo_key":"moldova","right_geo_key":"romania","left_area":3.924701,"right_area":27.383842,"min_area":3.924701,"max_area":27.383842},"geometry":{"type":"LineString","coordinates":[[28.215975,45.475673],[28.194081,45.492452],[28.157745,45.5203],[28.0621,45.5936],[28.168,45.6325],[28.162058,45.660403],[28.136678,45.77958],[28.08821,46.007176],[28.1447,46.1832],[28.112901,46.228539],[28.123913,46.245566],[28.1778,46.287],[28.2472,46.4362],[28.238133,46.592754],[28.234977,46.647252],[28.2341,46.6624],[28.147282,46.833985],[28.075379,46.97609],[28.0691,46.9885],[27.8066,47.1446],[27.723958,47.281383],[27.7228,47.2833],[27.717657,47.285283],[27.5724,47.3752],[27.583,47.4507],[27.481902,47.488508],[27.4284,47.581],[27.301996,47.677112],[27.2881,47.7507],[27.281909,47.75637],[27.234971,47.820394],[27.1607,47.9217],[27.1688,47.9831],[27.091761,48.014874],[27.076281,48.050419],[27.048,48.1222],[27.044061,48.124406],[26.813068,48.253727],[26.8049,48.2583],[26.6657,48.2742],[26.628836,48.267869]]}},{"type":"Feature","properties":{"level":"country","left_geo_key":"hungary","right_geo_key":"romania","left_area":11.087069,"right_area":27.383842,"min_area":11.087069,"max_area":27.383842},"geometry":{"type":"LineString","coordinates":[[22.8776,47.9467],[22.6377,47.7716],[22.4544,47.7874],[22.386832,47.735265],[22.2916,47.7307],[22.14986,47.580739],[22.0079,47.5174],[22.0016,47.3938],[21.9008,47.3357],[21.889307,47.316146],[21.7705,47.114],[21.6719,47.0547],[21.668446,47.046335],[21.641162,46.980253],[21.611225,46.907748],[21.5918,46.8607],[21.498853,46.780056],[21.4815,46.765],[21.491556,46.734534],[21.485347,46.695796],[21.3162,46.6166],[21.312284,46.608905],[21.2451,46.4769],[21.256314,46.411156],[21.1956,46.3981],[21.190138,46.387338],[21.158662,46.32532],[21.135096,46.278887],[21.128719,46.275623],[21.045719,46.236988],[20.8196,46.2717],[20.695812,46.165175],[20.668536,46.141703],[20.65624,46.139241],[20.4685,46.1741],[20.2428,46.1081]]}},{"type":"Feature","properties":{"level":"country","left_geo_key":"republicofserbia","right_geo_key":"romania","left_area":8.732068,"right_area":27.383842,"min_area":8.732068,"max_area":27.383842},"geometry":{"type":"LineString","coordinates":[[20.2428,46.1081],[20.371,45.9678],[20.5721,45.8877],[20.7001,45.7354],[20.775776,45.750606],[20.7544,45.6056],[20.75938,45.597434],[20.758,45.5893],[20.8002,45.5305],[20.770119,45.483971],[20.7671,45.4793],[20.903386,45.386175],[20.97139,45.339708],[20.9815,45.3328],[21.48254,45.149046],[21.425895,45.037762],[21.424825,45.036058],[21.409826,45.028325],[21.3634,45.0165],[21.367934,45.006725],[21.377723,44.985621],[21.3852,44.9695],[21.5391,44.9085],[21.360669,44.858061],[21.3555,44.8566],[21.352651,44.851059],[21.348586,44.843153],[21.3428,44.8319],[21.383046,44.804586],[21.40494,44.789727],[21.4122,44.7848],[21.561845,44.778392],[21.6563,44.6877],[21.872,44.696],[21.998737,44.653371],[22.009917,44.640197],[22.0452,44.5692],[22.102296,44.531339],[22.143987,44.503694],[22.1482,44.5009],[22.15118,44.504105],[22.3197,44.6853],[22.426084,44.724096],[22.587509,44.667608],[22.734165,44.597612],[22.751882,44.574413],[22.737568,44.565397],[22.6003,44.5698],[22.4798,44.4904],[22.48,44.4558],[22.509652,44.410168],[22.537127,44.367886],[22.5494,44.349],[22.6895,44.2917],[22.6916,44.2284]]}},{"type":"Feature","properties":{"level":"country","left_geo_key":"bulgaria","right_geo_key":"romania","left_area":12.419924,"right_area":27.383842,"min_area":12.419924,"max_area":27.383842},"geometry":{"type":"LineString","coordinates":[[22.6916,44.2284],[23.031,44.0931],[23.023,44.0316],[22.8859,43.9945],[22.8505,43.897],[22.8888,43.8395],[23.4847,43.8806],[24.149761,43.754724],[24.1594,43.7529],[24.4663,43.8024],[24.847326,43.743646],[25.294491,43.674694],[25.424257,43.654684],[25.4261,43.6544],[25.7811,43.732],[26.1507,44.0124],[27.0275,44.177],[27.251959,44.121683],[27.2527,44.1215],[27.376735,44.020834],[27.3838,44.0151],[27.640383,44.023386],[27.7217,43.9487],[27.9121,43.9932],[27.9123,43.992883],[28.009073,43.839101],[28.0148,43.83],[28.065869,43.818468],[28.348599,43.754621],[28.4346,43.7352],[28.495287,43.746118]]}},{"type":"Feature","properties":{"level":"country","left_geo_key":"hungary","right_geo_key":"slovakia","left_area":11.087069,"right_area":5.905435,"min_area":5.905435,"max_area":11.087069},"geometry":{"type":"LineString","coordinates":[[22.1328,48.4048],[22.119289,48.395346],[21.915064,48.360459],[21.741043,48.342293],[21.715516,48.354367],[21.6004,48.4816],[21.433711,48.557169],[21.4246,48.5613],[21.1093,48.4891],[20.7841,48.5691],[20.501895,48.522066],[20.4805,48.5185],[20.3243,48.2799],[20.1431,48.2478],[20.123426,48.237005],[19.9286,48.1301],[19.767288,48.181282],[19.6232,48.227],[19.5312,48.2107],[19.4282,48.0859],[18.82599,48.030955],[18.821,48.0305],[18.7562,47.9818],[18.755962,47.980327],[18.746097,47.919161],[18.7447,47.9105],[18.746705,47.908264],[18.812547,47.834825],[18.8149,47.8322],[18.6928,47.778],[17.777841,47.765875],[17.5604,47.838],[17.3379,47.9987],[17.1848,48.0203],[17.181412,48.016945]]}},{"type":"Feature","properties":{"level":"country","left_geo_key":"austria","right_geo_key":"hungary","left_area":10.054045,"right_area":11.087069,"min_area":10.054045,"max_area":11.087069},"geometry":{"type":"LineString","coordinates":[[17.181412,48.016945],[17.073367,47.909955],[17.036048,47.873001],[17.020375,47.85748],[17.0107,47.8479],[17.053373,47.706721],[17.004616,47.702783],[16.8369,47.7054],[16.813065,47.687312],[16.77257,47.684042],[16.5678,47.7542],[16.4318,47.6855],[16.430082,47.676415],[16.428185,47.666384],[16.4259,47.6543],[16.611251,47.624996],[16.683126,47.529102],[16.66079,47.495832],[16.603652,47.439621],[16.434,47.3969],[16.466238,47.264884],[16.463456,47.260125],[16.4188,47.1837],[16.479194,47.143039],[16.502539,47.127323],[16.498699,47.12171],[16.4608,47.0963],[16.468431,47.077458],[16.4372,47.0318],[16.440423,47.029625],[16.4247,47.0241],[16.461319,46.999487],[16.2885,47.0056],[16.286166,47.003779],[16.2749,47.0043],[16.102398,46.869369],[16.094,46.8628]]}},{"type":"Feature","properties":{"level":"country","left_geo_key":"hungary","right_geo_key":"slovenia","left_area":11.087069,"right_area":2.347557,"min_area":2.347557,"max_area":11.087069},"geometry":{"type":"LineString","coordinates":[[16.094,46.8628],[16.30672,46.84128],[16.324001,46.828157],[16.322573,46.815792],[16.3004,46.7721],[16.314932,46.749636],[16.323923,46.735738],[16.3255,46.7333],[16.331581,46.729781],[16.398732,46.677553],[16.38517,46.656466],[16.379912,46.648291],[16.3722,46.6363],[16.514241,46.504848],[16.5153,46.5017]]}},{"type":"Feature","properties":{"level":"country","left_geo_key":"croatia","right_geo_key":"hungary","left_area":6.23296,"right_area":11.087069,"min_area":6.23296,"max_area":11.087069},"geometry":{"type":"LineString","coordinates":[[16.5153,46.5017],[16.519408,46.500065],[16.5211,46.4985],[16.55129,46.487381],[16.847642,46.369478],[16.870657,46.340722],[16.952326,46.23868],[16.9748,46.2106],[17.014453,46.186062],[17.088808,46.140051],[17.1162,46.1231],[17.138194,46.121553],[17.229591,46.08732],[17.269944,46.031031],[17.304941,45.982214],[17.3066,45.9799],[17.5911,45.9362],[17.6565,45.8454],[17.663828,45.842721],[17.69593,45.830985],[17.8581,45.7717],[18.228616,45.78117],[18.2298,45.7812],[18.395566,45.743794],[18.4044,45.7418],[18.5303,45.7908],[18.549784,45.806983],[18.609577,45.856644],[18.667729,45.904942],[18.7633,45.884],[18.902395,45.908692]]}},{"type":"Feature","properties":{"level":"country","left_geo_key":"hungary","right_geo_key":"republicofserbia","left_area":11.087069,"right_area":8.732068,"min_area":8.732068,"max_area":11.087069},"geometry":{"type":"LineString","coordinates":[[18.902395,45.908692],[18.938729,45.915142],[18.9875,45.9238],[19.044524,45.988364],[19.076253,46.010324],[19.2635,45.9814],[19.5499,46.1642],[19.710242,46.158224],[19.7904,46.1291],[20.006219,46.147193],[20.126819,46.142699],[20.2428,46.1081]]}},{"type":"Feature","properties":{"level":"country","left_geo_key":"poland","right_geo_key":"slovakia","left_area":41.188003,"right_area":5.905435,"min_area":5.905435,"max_area":41.188003},"geometry":{"type":"LineString","coordinates":[[22.552181,49.075329],[22.486264,49.088005],[22.2159,49.14],[22.076301,49.188774],[22.036404,49.202713],[22.0124,49.2111],[21.9284,49.3308],[21.8379,49.3704],[21.7422,49.3571],[21.60934,49.422494],[21.4444,49.4099],[21.43969,49.410936],[21.2744,49.4473],[21.1726,49.3983],[21.058905,49.413765],[21.054539,49.411367],[21.0333,49.3997],[21.054,49.3548],[20.919,49.2903],[20.68144,49.398855],[20.544,49.3708],[20.3295,49.3918],[20.2893,49.3431],[20.286865,49.342523],[20.1383,49.3073],[20.13731,49.3055],[20.07,49.1831],[20.058723,49.186685],[19.9379,49.2251],[19.832,49.1859],[19.79676,49.200488],[19.768072,49.212364],[19.7518,49.2191],[19.785363,49.254971],[19.788946,49.263802],[19.776199,49.347698],[19.761424,49.393587],[19.737144,49.395089],[19.663787,49.399625],[19.627,49.4019],[19.601665,49.431192],[19.541938,49.500246],[19.476105,49.576358],[19.44134,49.591842],[19.2487,49.5163],[19.1417,49.3942],[18.9818,49.3868],[18.9322,49.5043],[18.8332,49.5103]]}},{"type":"Feature","properties":{"level":"country","left_geo_key":"austria","right_geo_key":"slovakia","left_area":10.054045,"right_area":5.905435,"min_area":5.905435,"max_area":10.054045},"geometry":{"type":"LineString","coordinates":[[16.945,48.6042],[16.9543,48.5574],[16.946624,48.549074],[16.8751,48.4715],[16.848613,48.363723],[16.9019,48.3394],[17.0926,48.0273],[17.181412,48.016945]]}},{"type":"Feature","properties":{"level":"country","left_geo_key":"ireland","right_geo_key":"unitedkingdom","left_area":9.305698,"right_area":33.375378,"min_area":9.305698,"max_area":33.375378},"geometry":{"type":"MultiLineString","coordinates":[[[-7.388227,55.010691],[-7.42245,54.95518],[-7.533406,54.77521],[-7.5517,54.7547],[-7.9297,54.6967],[-7.838,54.6312],[-7.836459,54.63088],[-7.731529,54.609104],[-7.7493,54.5962],[-7.8871,54.5321],[-8.0022,54.5434],[-8.1612,54.4548],[-8.152825,54.441253],[-8.149123,54.435266],[-8.1463,54.4307],[-7.895,54.2936],[-7.837,54.2043],[-7.661574,54.173102],[-7.609,54.1399],[-7.35384,54.118373],[-7.327544,54.116155],[-7.3103,54.1147],[-7.323569,54.148422],[-7.321256,54.149797],[-7.2938,54.122],[-7.280713,54.145543],[-7.2555,54.1909],[-7.175137,54.217085],[-7.1533,54.2242],[-7.178593,54.312452],[-7.0178,54.4132],[-6.885428,54.34457],[-6.8567,54.2928],[-6.8822,54.2773],[-6.8074,54.2163],[-6.794062,54.212445],[-6.69099,54.182652],[-6.649121,54.17055],[-6.6403,54.168],[-6.6573,54.0611],[-6.625741,54.042691],[-6.6165,54.0373],[-6.401,54.0609],[-6.37531,54.088592],[-6.291499,54.103954],[-6.279891,54.102717]],[[-7.377,55.0289],[-7.388227,55.010691]],[[-7.2665,55.0652],[-7.377,55.0289]],[[-7.2471,55.0693],[-7.2665,55.0652]]]}},{"type":"Feature","properties":{"level":"country","left_geo_key":"bulgaria","right_geo_key":"greece","left_area":12.419924,"right_area":13.606777,"min_area":12.419924,"max_area":13.606777},"geometry":{"type":"MultiLineString","coordinates":[[[22.917,41.3358],[23.1572,41.3163],[23.2699,41.3973],[23.382069,41.388687],[23.6124,41.371],[23.741342,41.4136],[23.8948,41.4643],[23.903992,41.463496],[24.026256,41.463086],[24.0473,41.5257],[24.072168,41.522847],[24.1702,41.5116],[24.24283,41.558426],[24.2507,41.5635],[24.261774,41.551718],[24.338752,41.524463],[24.5102,41.5617],[24.5797,41.4442],[24.7744,41.3481],[24.8033,41.3927],[24.8729,41.4019],[24.877909,41.399793],[25.211548,41.259449],[25.249643,41.243424],[25.2623,41.2381],[25.624186,41.305235],[25.8008,41.338],[25.936704,41.315932],[26.1073,41.3566],[26.1774,41.44],[26.1581,41.5423],[26.054207,41.68095],[26.0481,41.6891],[26.053952,41.691295],[26.132977,41.720935],[26.2118,41.7505],[26.228724,41.744409],[26.2344,41.7458],[26.3334,41.713]],[[22.917604,41.346239],[22.917,41.3358]]]}},{"type":"Feature","properties":{"level":"country","left_geo_key":"angola","right_geo_key":"zambia","left_area":103.541661,"right_area":62.798491,"min_area":62.798491,"max_area":103.541661},"geometry":{"type":"LineString","coordinates":[[23.970723,-10.901847],[24.0112,-11.2729],[24.0611,-11.395],[23.957638,-11.654579],[23.974485,-11.752633],[23.9902,-11.8241],[23.9543,-12.1519],[24.0308,-12.3851],[23.9287,-12.5616],[23.8657,-12.7897],[24.0006,-13.0015],[21.9799,-13.0015],[21.983762,-16.135398],[22.000921,-16.189992],[22.0452,-16.2523],[22.034489,-16.296794],[22.040482,-16.315863],[22.0891,-16.372],[22.088987,-16.374463],[22.0846,-16.4702],[22.104296,-16.507625],[22.135637,-16.567177],[22.2377,-16.6655],[22.3337,-16.6737],[22.529154,-16.916121],[22.7105,-17.0554],[22.7783,-17.1804],[22.9842,-17.2858],[22.985409,-17.28701],[22.9986,-17.2938],[23.1762,-17.4782],[23.187137,-17.525513],[23.270703,-17.53863],[23.309296,-17.544688],[23.3202,-17.5464],[23.376,-17.6282],[23.372518,-17.628873]]}},{"type":"Feature","properties":{"level":"country","left_geo_key":"botswana","right_geo_key":"zambia","left_area":50.674515,"right_area":62.798491,"min_area":50.674515,"max_area":62.798491},"geometry":{"type":"LineString","coordinates":[[25.216918,-17.786387],[25.2598,-17.7941]]}},{"type":"Feature","properties":{"level":"country","left_geo_key":"zambia","right_geo_key":"zimbabwe","left_area":62.798491,"right_area":33.388409,"min_area":33.388409,"max_area":62.798491},"geometry":{"type":"LineString","coordinates":[[25.2598,-17.7941],[25.3453,-17.8426],[25.5102,-17.8612],[25.516051,-17.859501],[25.5221,-17.8601],[25.692243,-17.819863],[25.858579,-17.948156],[25.9245,-17.999],[26.203,-17.8872],[26.700789,-18.061901],[26.7119,-18.0658],[27.0213,-17.9585],[27.1154,-17.8822],[27.135954,-17.826552],[27.5773,-17.3631],[27.6412,-17.1985],[27.8169,-16.9596],[28.1139,-16.8276],[28.2801,-16.7065],[28.722868,-16.556959],[28.7414,-16.5507],[28.796079,-16.49683],[28.810909,-16.482219],[28.8225,-16.4708],[28.834372,-16.434566],[28.857,-16.3655],[28.8572,-16.346342],[28.860225,-16.056606],[28.892243,-16.015391],[28.943222,-15.961116],[29.0551,-15.9344],[29.1863,-15.8128],[29.57653,-15.659881],[29.8143,-15.6197],[29.910437,-15.622393],[30.2072,-15.6532],[30.356061,-15.634873],[30.382894,-15.63157]]}},{"type":"Feature","properties":{"level":"country","left_geo_key":"mozambique","right_geo_key":"zambia","left_area":67.160931,"right_area":62.798491,"min_area":62.798491,"max_area":67.160931},"geometry":{"type":"LineString","coordinates":[[30.382894,-15.63157],[30.380147,-15.580041],[30.3692,-15.3747],[30.36508,-15.369132],[30.325588,-15.315756],[30.278038,-15.251489],[30.2631,-15.2313],[30.253159,-15.182342],[30.227741,-15.05716],[30.2138,-14.9885],[30.230698,-14.982316],[30.8158,-14.7682],[31.4109,-14.6336],[31.6584,-14.5196],[33.2027,-14.0139]]}},{"type":"Feature","properties":{"level":"country","left_geo_key":"guinea","right_geo_key":"sierraleone","left_area":20.180215,"right_area":5.851331,"min_area":5.851331,"max_area":20.180215},"geometry":{"type":"LineString","coordinates":[[-10.2822,8.4846],[-10.2937,8.4831],[-10.387978,8.481279],[-10.5544,8.3118],[-10.6598,8.3333],[-10.7152,8.2696],[-10.7353,8.2873],[-10.635698,8.523013],[-10.6319,8.532],[-10.4819,8.6725],[-10.5991,8.8296],[-10.599222,8.833756],[-10.599323,8.837182],[-10.605781,9.056379],[-10.7463,9.0838],[-10.681303,9.287098],[-10.718128,9.330005],[-10.8318,9.3921],[-10.896,9.5783],[-11.0449,9.7871],[-11.1603,9.8728],[-11.163229,9.880954],[-11.17383,9.910463],[-11.197265,9.975701],[-11.216324,9.982442],[-11.9101,9.9925],[-11.915,9.9315],[-11.92048,9.930129],[-12.111815,9.882275],[-12.1413,9.8749],[-12.223851,9.914227],[-12.264963,9.925953],[-12.4723,9.8813],[-12.7016,9.4202],[-12.75611,9.362489],[-12.808302,9.307232],[-12.8191,9.2958],[-12.821135,9.295457],[-12.9579,9.2724],[-12.9602,9.1861],[-13.1159,9.0439],[-13.259872,9.057005],[-13.3011,9.0415]]}},{"type":"Feature","properties":{"level":"country","left_geo_key":"liberia","right_geo_key":"sierraleone","left_area":7.785804,"right_area":5.851331,"min_area":5.851331,"max_area":7.785804},"geometry":{"type":"LineString","coordinates":[[-11.4762,6.9194],[-11.3172,7.2136],[-11.29157,7.224054],[-11.150948,7.337351],[-11.1263,7.368],[-11.058222,7.41206],[-10.80306,7.617643],[-10.7306,7.7055],[-10.6152,7.769],[-10.6177,8.0108],[-10.511536,8.129286],[-10.5057,8.1358],[-10.3209,8.1831],[-10.2822,8.4846]]}},{"type":"Feature","properties":{"level":"country","left_geo_key":"guinea","right_geo_key":"liberia","left_area":20.180215,"right_area":7.785804,"min_area":7.785804,"max_area":20.180215},"geometry":{"type":"LineString","coordinates":[[-10.2822,8.4846],[-10.252831,8.488519],[-10.2156,8.4866],[-10.199367,8.495653],[-10.0911,8.5101],[-10.075,8.4266],[-10.063068,8.42629],[-10.054447,8.426065],[-10.0404,8.4257],[-9.9281,8.4934],[-9.8316,8.499],[-9.826924,8.50416],[-9.798915,8.535066],[-9.777865,8.558294],[-9.769415,8.553579],[-9.755356,8.521935],[-9.726528,8.457046],[-9.7182,8.4383],[-9.6835,8.4871],[-9.6505,8.4648],[-9.6759,8.4096],[-9.6002,8.4109],[-9.5044,8.3462],[-9.505446,8.339658],[-9.5285,8.3257],[-9.5301,8.1855],[-9.478,8.1413],[-9.4742,8.0288],[-9.4241,8.0262],[-9.4387,7.8662],[-9.3555,7.7419],[-9.3644,7.6143],[-9.404449,7.5309],[-9.476659,7.380525],[-9.4784,7.3769],[-9.474507,7.381219],[-9.421627,7.398259],[-9.4074,7.3781],[-9.372859,7.413975],[-9.358428,7.418626],[-9.2497,7.3831],[-9.120322,7.209039],[-9.1139,7.2004],[-8.9444,7.2787],[-8.915161,7.252821],[-8.9122,7.2502],[-8.883313,7.262307],[-8.868734,7.268417],[-8.8578,7.273],[-8.863373,7.327193],[-8.861132,7.351772],[-8.7395,7.4906],[-8.737025,7.500136],[-8.706519,7.617662],[-8.691713,7.674703],[-8.5674,7.6882],[-8.5665,7.6234],[-8.4854,7.558]]}},{"type":"Feature","properties":{"level":"country","left_geo_key":"guinea","right_geo_key":"ivorycoast","left_area":20.180215,"right_area":26.319431,"min_area":20.180215,"max_area":26.319431},"geometry":{"type":"LineString","coordinates":[[-8.4854,7.558],[-8.4148,7.6129],[-8.229,7.5443],[-8.179189,7.627009],[-8.113712,7.76554],[-8.106098,7.794767],[-8.1289,7.8826],[-8.0691,8.0293],[-8.054609,8.027225],[-8.0538,8.0288],[-7.98796,8.035107],[-8.005058,8.076962],[-8.0157,8.103012],[-8.0217,8.1177],[-8.0157,8.135296],[-8.0157,8.175582],[-8.03598,8.177537],[-8.132599,8.186851],[-8.1829,8.1917],[-8.266,8.246],[-8.2544,8.4465],[-8.249113,8.450927],[-8.236222,8.461721],[-8.2003,8.4918],[-8.189079,8.49192],[-7.967325,8.494283],[-7.9563,8.4944],[-7.926829,8.459618],[-7.88538,8.424137],[-7.880409,8.423323],[-7.855887,8.446965],[-7.8457,8.4743],[-7.836992,8.465181],[-7.784998,8.410731],[-7.760821,8.385413],[-7.6624,8.3749],[-7.7039,8.6335],[-7.80701,8.749802],[-7.9589,8.782],[-7.9689,8.8128],[-7.9319,8.9965],[-7.919433,9.001855],[-7.9167,9.0123],[-7.76345,9.089656],[-7.8479,9.1686],[-7.9296,9.1839],[-7.872998,9.409063],[-8.0541,9.3891],[-8.1576,9.5309],[-8.155975,9.545867],[-8.161,9.5536],[-8.129344,9.854384],[-8.1715,9.9228],[-8.170596,9.927117],[-8.164789,9.95486],[-8.1585,9.9849],[-8.144569,9.999454],[-8.07658,10.070485],[-8.007261,10.142906],[-7.9998,10.1507],[-7.9897,10.162]]}},{"type":"Feature","properties":{"level":"country","left_geo_key":"guinea","right_geo_key":"mali","left_area":20.180215,"right_area":106.814447,"min_area":20.180215,"max_area":106.814447},"geometry":{"type":"LineString","coordinates":[[-7.9897,10.162],[-7.9646,10.2589],[-7.972599,10.276412],[-7.98062,10.293972],[-8.008999,10.330641],[-8.0961,10.3467],[-8.127933,10.411986],[-8.185541,10.418499],[-8.2106,10.4141],[-8.216,10.421942],[-8.287305,10.525498],[-8.2955,10.5374],[-8.3419,10.7632],[-8.337941,10.774747],[-8.3036,10.8749],[-8.3266,11.0238],[-8.5058,11.0528],[-8.5595,10.9716],[-8.6962,10.9627],[-8.6154,11.1341],[-8.4926,11.2778],[-8.489503,11.27771],[-8.4832,11.2849],[-8.392562,11.29324],[-8.385966,11.30161],[-8.371,11.3206],[-8.398086,11.345181],[-8.455032,11.39686],[-8.544,11.4776],[-8.545563,11.47786],[-8.6568,11.4964],[-8.7129,11.6401],[-8.8472,11.6579],[-8.79866,11.920446],[-8.802473,11.937085],[-8.834788,12.019962],[-8.861865,12.033081],[-8.919634,12.06107],[-8.9263,12.0643],[-8.915452,12.156687],[-8.968699,12.207318],[-8.9943,12.2248],[-8.993518,12.230918],[-8.9759,12.3687],[-9.2659,12.4952],[-9.383386,12.453573],[-9.3148,12.3627],[-9.314802,12.362691],[-9.3368,12.2698],[-9.6282,12.1702],[-9.723,12.0254],[-10.2669,12.2178],[-10.4935,12.1244],[-10.512806,12.096912],[-10.6452,11.9084],[-10.7114,11.8904],[-10.8078,12.0228],[-10.805673,12.076494],[-10.8229,12.1105],[-10.827228,12.114733],[-10.941743,12.21081],[-11.059753,12.192407],[-11.1912,12.0144],[-11.32849,12.025689],[-11.3347,12.0262],[-11.5078,12.1916],[-11.4472,12.3745],[-11.388905,12.403647],[-11.388911,12.404011],[-11.388911,12.404033]]}},{"type":"Feature","properties":{"level":"country","left_geo_key":"guinea","right_geo_key":"senegal","left_area":20.180215,"right_area":16.449494,"min_area":16.449494,"max_area":20.180215},"geometry":{"type":"LineString","coordinates":[[-11.388911,12.404033],[-11.4816,12.4282],[-11.492034,12.426504],[-11.7578,12.3833],[-12.0792,12.4081],[-12.373362,12.314885],[-12.4668,12.3845],[-12.585668,12.367102],[-12.648,12.4258],[-12.66257,12.428904],[-12.78124,12.454182],[-12.831481,12.464884],[-12.9131,12.5363],[-12.9495,12.5359],[-12.981,12.467],[-13.052,12.4723],[-13.0765,12.6359],[-13.7283,12.6734],[-13.730022,12.649318]]}},{"type":"Feature","properties":{"level":"country","left_geo_key":"guinea","right_geo_key":"guineabissau","left_area":20.180215,"right_area":2.668644,"min_area":2.668644,"max_area":20.180215},"geometry":{"type":"LineString","coordinates":[[-13.730022,12.649318],[-13.7346,12.5853],[-13.725465,12.571251],[-13.7251,12.5581],[-13.665164,12.46559],[-13.695,12.2929],[-13.7408,12.2569],[-13.859,12.266],[-13.954512,12.194344],[-13.9683,12.184],[-13.966659,12.166579],[-13.966146,12.161127],[-13.9649,12.1479],[-13.833479,12.074419],[-13.734575,12.009777],[-13.7248,11.7231],[-13.803424,11.691737],[-13.8158,11.6868],[-13.861937,11.72842],[-13.873,11.7384],[-13.8864,11.6756],[-13.9965,11.6438],[-14.217883,11.66051],[-14.2845,11.6682],[-14.5209,11.5129],[-14.7111,11.4976],[-14.882666,11.210389],[-15.01625,10.986763]]}},{"type":"Feature","properties":{"level":"country","left_geo_key":"ivorycoast","right_geo_key":"liberia","left_area":26.319431,"right_area":7.785804,"min_area":7.785804,"max_area":26.319431},"geometry":{"type":"LineString","coordinates":[[-7.557066,4.372378],[-7.5738,4.3754],[-7.573737,4.39232],[-7.5779,4.3973],[-7.600623,4.809032],[-7.6059,4.8251],[-7.606,4.888],[-7.605006,4.888455],[-7.6055,4.8974],[-7.552288,4.927576],[-7.5782,5.0547],[-7.57345,5.059274],[-7.4889,5.1407],[-7.4799,5.2552],[-7.469685,5.263971],[-7.460843,5.271564],[-7.4424,5.2874],[-7.432543,5.264117],[-7.429334,5.263272],[-7.398426,5.332245],[-7.45,5.4228],[-7.396481,5.541532],[-7.412765,5.640618],[-7.4495,5.7324],[-7.4465,5.8459],[-7.4786,5.8599],[-7.4944,5.8062],[-7.503636,5.8126],[-7.513842,5.819672],[-7.640843,5.907677],[-7.7172,5.9008],[-7.7866,5.9582],[-7.8057,6.062],[-7.8645,6.1017],[-7.8441,6.184],[-7.9349,6.2714],[-8.033,6.3018],[-8.159203,6.276303],[-8.1706,6.274],[-8.333462,6.35259],[-8.343199,6.356853],[-8.4118,6.34],[-8.412585,6.353429],[-8.4183,6.4512],[-8.472069,6.478532],[-8.4972,6.4314],[-8.512715,6.440344],[-8.6018,6.4917],[-8.3375,6.7773],[-8.2841,7.0179],[-8.4256,7.5019],[-8.4854,7.558]]}},{"type":"Feature","properties":{"level":"country","left_geo_key":"centralafricanrepublic","right_geo_key":"sudan","left_area":50.517002,"right_area":156.949224,"min_area":50.517002,"max_area":156.949224},"geometry":{"type":"LineString","coordinates":[[24.20901,8.692096],[24.140264,8.696809],[24.114,8.6816],[23.566308,8.72637],[23.498591,8.731906],[23.4901,8.7326],[23.494257,8.745607],[23.5675,8.9748],[23.5426,8.9973],[23.4781,8.9589],[23.4357,9.0189],[23.47071,9.156583],[23.4743,9.1707],[23.5495,9.1853],[23.6307,9.2922],[23.607354,9.524711],[23.6068,9.5262],[23.607125,9.526993],[23.674,9.6903],[23.6448,9.8631],[23.2912,10.4397],[23.0056,10.6868],[22.8632,10.8918],[22.8611,10.9192]]}},{"type":"Feature","properties":{"level":"country","left_geo_key":"centralafricanrepublic","right_geo_key":"chad","left_area":50.517002,"right_area":106.844129,"min_area":50.517002,"max_area":106.844129},"geometry":{"type":"LineString","coordinates":[[22.8611,10.9192],[22.778481,10.934985],[22.507956,10.986673],[22.4376,10.9916],[22.253,10.9153],[22.1898,10.8373],[22.0486,10.837],[22.0039,10.7433],[21.7226,10.6367],[21.720974,10.49121],[21.718855,10.301507],[21.7188,10.2966],[21.702608,10.283896],[21.631211,10.227879],[21.6306,10.2274],[21.5132,10.2005],[21.3743,9.9731],[21.2569,9.9757],[21.0931,9.7743],[21.0256,9.7533],[20.9831,9.6037],[20.8327,9.4373],[20.6549,9.343],[20.6679,9.302],[20.5509,9.3203],[20.445993,9.155096],[20.4352,9.1381],[20.409342,9.138718],[20.1171,9.1457],[20.115502,9.145003],[19.8895,9.0464],[19.500608,9.014336],[19.3522,9.0021],[19.309067,9.014798],[19.189223,9.015086],[19.059046,8.991835],[18.959807,8.935795],[18.880978,8.873073],[18.874912,8.860228],[19.1241,8.6751],[18.813,8.2764],[18.6386,8.1776],[18.5893,8.0479],[18.0705,8.0192],[17.8588,7.9604],[17.62809,7.978132],[17.4664,7.8841],[17.4191,7.8982],[17.243587,7.815416],[17.1163,7.6869],[16.873818,7.626473],[16.851648,7.605769],[16.793961,7.551897],[16.7824,7.5411],[16.6245,7.6687],[16.623575,7.67294],[16.6142,7.6796],[16.582196,7.772632],[16.5493,7.7947],[16.5487,7.87],[16.405946,7.791189],[16.3708,7.6725],[16.062677,7.589218],[15.9431,7.4953],[15.930776,7.492652],[15.7583,7.4556],[15.6685,7.5163],[15.4733,7.5091],[15.434262,7.404505]]}},{"type":"Feature","properties":{"level":"country","left_geo_key":"cameroon","right_geo_key":"centralafricanrepublic","left_area":37.915929,"right_area":50.517002,"min_area":37.915929,"max_area":50.517002},"geometry":{"type":"LineString","coordinates":[[15.434262,7.404505],[15.433156,7.401542],[15.2239,7.2475],[15.0422,6.7908],[14.9325,6.7103],[14.7723,6.3183],[14.535,6.1901],[14.395626,6.037899],[14.3894,6.0311],[14.4657,5.9207],[14.474426,5.920986],[14.5725,5.9242],[14.6174,5.865],[14.5901,5.6083],[14.592143,5.597798],[14.598483,5.565199],[14.613704,5.486936],[14.6141,5.4849],[14.52922,5.291802],[14.5239,5.2797],[14.590767,5.231384],[14.653567,5.169735],[14.7173,4.622],[15.0006,4.4032],[15.0728,4.2659],[15.0912,4.1218],[15.179913,4.060606],[15.07136,4.033228],[15.026,4.0261],[15.0849,3.8858],[15.7107,3.1875],[15.734814,3.164374],[15.79541,3.106261],[15.801,3.1009],[15.829826,3.10016],[15.921943,3.083831],[15.982,2.9767],[16.025963,2.954599],[16.076537,2.8851],[16.088865,2.853194],[16.0952,2.8368],[16.066524,2.746372],[16.06,2.7258],[16.095543,2.708627],[16.0991,2.704],[16.0943,2.4975],[16.1995,2.2122]]}},{"type":"Feature","properties":{"level":"country","left_geo_key":"eritrea","right_geo_key":"sudan","left_area":10.326436,"right_area":156.949224,"min_area":10.326436,"max_area":156.949224},"geometry":{"type":"LineString","coordinates":[[36.5264,14.2635],[36.4236,15.1115],[36.6279,15.4456],[36.671,15.7231],[36.7595,15.8375],[36.942084,16.250658],[36.944,16.2529],[36.943841,16.254634],[36.93637,16.336281],[36.9273,16.4354],[36.8773,16.5273],[36.899804,16.647199],[36.985,16.7657],[36.9801,17.07],[37.127465,17.018676],[37.134,17.0164],[37.3098,17.0553],[37.4034,17.0299],[37.494616,17.184293],[37.501,17.1951],[37.506185,17.305405],[37.7204,17.3838],[37.780875,17.455677],[37.872,17.4373],[37.885523,17.446291],[38.0388,17.5482],[38.0915,17.48],[38.124496,17.544727],[38.1254,17.5465],[38.238398,17.542244],[38.2502,17.5418],[38.316939,17.65316],[38.4593,17.8907]]}},{"type":"Feature","properties":{"level":"country","left_geo_key":"birtawil","right_geo_key":"sudan","left_area":0.175376,"right_area":156.949224,"min_area":0.175376,"max_area":156.949224},"geometry":{"type":"LineString","coordinates":[[33.9991,21.7674],[33.5584,21.711]]}},{"type":"Feature","properties":{"level":"country","left_geo_key":"egypt","right_geo_key":"sudan","left_area":90.759361,"right_area":156.949224,"min_area":90.759361,"max_area":156.949224},"geometry":{"type":"LineString","coordinates":[[31.4355,21.9954],[31.4906,22.1482],[31.4857,22.153937],[31.4233,22.227],[31.3595,22.1881],[31.25184,22.000398],[31.210142,21.994406],[24.9812,21.9954]]}},{"type":"Feature","properties":{"level":"country","left_geo_key":"chad","right_geo_key":"sudan","left_area":106.844129,"right_area":156.949224,"min_area":106.844129,"max_area":156.949224},"geometry":{"type":"LineString","coordinates":[[23.9813,19.4961],[23.9844,15.7219],[23.9455,15.6922],[23.5927,15.749],[23.3206,15.6813],[23.113074,15.70242],[23.0946,15.7043],[22.9067,15.5414],[22.974114,15.352228],[22.969705,15.311016],[22.925911,15.164027],[22.836153,15.05893],[22.659141,14.851667],[22.6508,14.8419],[22.6663,14.6817],[22.4654,14.6293],[22.3635,14.5435],[22.41746,14.479257],[22.429,14.2646],[22.5141,14.2315],[22.5464,14.1397],[22.2147,13.9566],[22.077425,13.776293],[22.0737,13.7714],[22.1959,13.5805],[22.2676,13.3346],[22.127891,13.186946],[21.9641,13.0983],[21.818193,12.791739],[21.8137,12.7823],[21.936,12.6395],[22.1059,12.6504],[22.2049,12.7434],[22.430819,12.619276],[22.3728,12.4631],[22.37626,12.453976],[22.3749,12.4509],[22.4814,12.1767],[22.4581,12.0304],[22.6124,12.0728],[22.5417,11.633],[22.5923,11.5437],[22.743,11.4661],[22.779536,11.402821],[22.7818,11.3989],[22.9148,11.3961],[22.951967,11.22916],[22.8611,10.9192]]}},{"type":"Feature","properties":{"level":"country","left_geo_key":"djibouti","right_geo_key":"eritrea","left_area":1.812307,"right_area":10.326436,"min_area":1.812307,"max_area":10.326436},"geometry":{"type":"LineString","coordinates":[[43.1177,12.7079],[42.859825,12.614498],[42.7852,12.5172],[42.7923,12.4292],[42.6783,12.36],[42.491328,12.504244],[42.46569,12.511056],[42.399587,12.476424],[42.3795,12.4659]]}},{"type":"Feature","properties":{"level":"country","left_geo_key":"austria","right_geo_key":"switzerland","left_area":10.054045,"right_area":4.868256,"min_area":4.868256,"max_area":10.054045},"geometry":{"type":"MultiLineString","coordinates":[[[9.573728,47.513477],[9.555,47.5109],[9.6503,47.4521],[9.552017,47.289605],[9.525071,47.256409]],[[9.6157,47.1068],[9.5999,47.0535],[9.858,47.0155],[9.8751,46.9274],[10.0681,46.8566],[10.080553,46.857553],[10.2014,46.8668],[10.3679,46.9955],[10.4496,46.9439],[10.4514,46.8858],[10.4538,46.8644]]]}},{"type":"Feature","properties":{"level":"country","left_geo_key":"austria","right_geo_key":"liechtenstein","left_area":10.054045,"right_area":0.013672,"min_area":0.013672,"max_area":10.054045},"geometry":{"type":"LineString","coordinates":[[9.525071,47.256409],[9.6157,47.1068]]}},{"type":"Feature","properties":{"level":"country","left_geo_key":"austria","right_geo_key":"italy","left_area":10.054045,"right_area":33.197033,"min_area":10.054045,"max_area":33.197033},"geometry":{"type":"LineString","coordinates":[[10.4538,46.8644],[10.479683,46.863978],[10.6625,46.861],[10.742854,46.810036],[10.786638,46.782267],[10.928026,46.771762],[10.984536,46.769578],[11.084109,46.871435],[11.1566,46.9565],[11.167872,46.95712],[11.4112,46.9705],[11.467967,47.004785],[11.4718,47.0071],[11.7464,46.9725],[12.1806,47.0852],[12.18096,47.074258],[12.181411,47.060585],[12.1823,47.0336],[12.1217,47.0105],[12.1416,46.9188],[12.2508,46.8756],[12.251447,46.872526],[12.2691,46.7886],[12.405,46.6901],[13.21,46.558],[13.478,46.5636],[13.673516,46.525111],[13.701,46.5197]]}},{"type":"Feature","properties":{"level":"country","left_geo_key":"austria","right_geo_key":"slovenia","left_area":10.054045,"right_area":2.347557,"min_area":2.347557,"max_area":10.054045},"geometry":{"type":"LineString","coordinates":[[13.701,46.5197],[13.955262,46.493982],[14.131484,46.445198],[14.141677,46.442376],[14.1499,46.4401],[14.4112,46.4346],[14.5403,46.3786],[14.552982,46.385564],[14.56366,46.391428],[14.742549,46.489663],[14.7967,46.5194],[14.798418,46.521613],[14.860076,46.601034],[14.9672,46.6003],[15.062,46.6496],[15.4627,46.6146],[15.472816,46.619738],[15.554843,46.661401],[15.6521,46.7108],[15.934125,46.697496],[16.001586,46.694314],[16.0146,46.6937],[15.9705,46.743],[15.984023,46.8118],[16.094,46.8628]]}},{"type":"Feature","properties":{"level":"country","left_geo_key":"iraq","right_geo_key":"jordan","left_area":42.181414,"right_area":8.383807,"min_area":8.383807,"max_area":42.181414},"geometry":{"type":"LineString","coordinates":[[38.7745,33.3717],[39.0572,32.4966],[38.981195,32.472479],[38.98,32.4721],[39.0288,32.3283],[39.241572,32.341768],[39.292,32.2445]]}},{"type":"Feature","properties":{"level":"country","left_geo_key":"iraq","right_geo_key":"saudiarabia","left_area":42.181414,"right_area":171.09115,"min_area":42.181414,"max_area":171.09115},"geometry":{"type":"LineString","coordinates":[[39.292,32.2445],[39.1577,32.1213],[39.568866,32.056106],[40.3703,31.9385],[40.397749,31.924678],[42.0754,31.0799],[44.6918,29.2018],[46.3575,29.0631],[46.5324,29.0957]]}},{"type":"Feature","properties":{"level":"country","left_geo_key":"iraq","right_geo_key":"kuwait","left_area":42.181414,"right_area":1.628314,"min_area":1.628314,"max_area":42.181414},"geometry":{"type":"LineString","coordinates":[[46.5324,29.0957],[46.842848,29.433026],[46.8535,29.4446],[46.924929,29.588097],[47.1318,29.978929],[47.175949,30.016297],[47.3582,30.0921],[47.706062,30.088838],[47.781834,30.066573]]}},{"type":"Feature","properties":{"level":"country","left_geo_key":"iran","right_geo_key":"iraq","left_area":156.159509,"right_area":42.181414,"min_area":42.181414,"max_area":156.159509},"geometry":{"type":"LineString","coordinates":[[48.497461,29.981834],[48.4643,29.9891],[48.459034,29.998783],[48.3831,30.1384],[48.397,30.221],[48.303267,30.313056],[48.240357,30.319668],[48.209542,30.322908],[48.2001,30.3239],[48.139911,30.430942],[48.0136,30.4639],[48.001901,30.977025],[47.6729,30.9947],[47.6789,31.4079],[47.830035,31.794285],[47.734868,31.922468],[47.635753,32.03863],[47.516249,32.135539],[47.4982,32.1441],[47.498604,32.149848],[47.501432,32.190123],[47.503502,32.219604],[47.4071,32.3178],[47.4108,32.3953],[47.290751,32.469062],[47.0906,32.4746],[46.4793,32.8918],[46.2734,32.9595],[46.097,32.9543],[46.0757,32.9943],[46.114766,33.035841],[46.118433,33.052673],[46.079979,33.07581],[46.041027,33.099246],[46.0303,33.1057],[46.1534,33.1543],[46.155216,33.255516],[46.144767,33.269725],[46.0362,33.3679],[45.982496,33.474701],[45.962241,33.48979],[45.8697,33.4821],[45.9209,33.573],[45.86624,33.624661],[45.7346,33.5831],[45.729389,33.590548],[45.7277,33.5901],[45.479621,33.940746],[45.3804,33.9736],[45.5344,34.1282],[45.560314,34.274168],[45.558584,34.29828],[45.550167,34.315398],[45.506084,34.335549],[45.455522,34.358661],[45.448,34.3621],[45.4171,34.4444],[45.428857,34.450422],[45.4987,34.4862],[45.498809,34.491955],[45.5007,34.5917],[45.699025,34.569441],[45.694992,34.59901],[45.656011,34.688672],[45.6274,34.7208],[45.635266,34.736388],[45.674446,34.814032],[45.6766,34.8183],[45.680348,34.819537],[45.7783,34.9109],[45.837903,34.907501],[45.857,35.0213],[45.861301,35.026351],[45.888051,35.057765],[45.9132,35.0873],[46.0092,35.0609],[46.1511,35.1116],[46.154116,35.22348],[46.144718,35.227985],[46.104391,35.247319],[46.0988,35.25],[46.1202,35.3185],[45.9786,35.477777],[45.964,35.4942],[45.9959,35.6584],[46.001971,35.660033],[46.15187,35.700359],[46.249054,35.726504],[46.317926,35.794449],[46.308048,35.803604],[46.1434,35.8045],[46.077,35.857],[45.749,35.811],[45.54,35.994],[45.3381,35.9793],[45.326338,35.994292],[45.322007,35.999812],[45.3137,36.0104],[45.342194,36.073893],[45.321651,36.139343],[45.2585,36.2622],[45.279614,36.27328],[45.2389,36.403],[45.0837,36.4128],[44.9914,36.5337],[45.0353,36.6896],[44.8234,36.8093],[44.883911,36.903305],[44.8874,37.0159],[44.7607,37.0856],[44.757512,37.14302]]}},{"type":"Feature","properties":{"level":"country","left_geo_key":"italy","right_geo_key":"slovenia","left_area":33.197033,"right_area":2.347557,"min_area":2.347557,"max_area":33.197033},"geometry":{"type":"LineString","coordinates":[[13.764386,45.589913],[13.8478,45.5847],[13.869368,45.614646],[13.878994,45.628011],[13.8841,45.6351],[13.7787,45.7434],[13.583261,45.823248],[13.593418,45.895997],[13.6228,45.9664],[13.603743,45.969951],[13.563387,45.97747],[13.4795,45.9931],[13.481107,46.022766],[13.4823,46.0448],[13.632118,46.164239],[13.6411,46.1714],[13.405796,46.215906],[13.3653,46.2903],[13.6002,46.4426],[13.6588,46.4451],[13.661658,46.450153],[13.701,46.5197]]}},{"type":"Feature","properties":{"level":"country","left_geo_key":"italy","right_geo_key":"switzerland","left_area":33.197033,"right_area":4.868256,"min_area":4.868256,"max_area":33.197033},"geometry":{"type":"LineString","coordinates":[[10.4538,46.8644],[10.3692,46.6724],[10.4666,46.6043],[10.453536,46.553457],[10.342869,46.5473],[10.317227,46.547441],[10.1921,46.6268],[10.089562,46.598663],[10.0835,46.597],[10.054798,46.557776],[10.040787,46.538628],[10.0314,46.5258],[10.034518,46.498674],[10.041185,46.440658],[10.0421,46.4327],[10.085787,46.423752],[10.129681,46.407115],[10.10359,46.358815],[10.098723,46.349806],[10.0924,46.3381],[10.135437,46.261697],[10.119972,46.234715],[10.102612,46.228945],[10.071477,46.224556],[9.988185,46.314429],[9.945264,46.360741],[9.939,46.3675],[9.924411,46.365906],[9.726361,46.344264],[9.7093,46.3424],[9.677613,46.296589],[9.617457,46.294605],[9.552597,46.297806],[9.4516,46.3704],[9.428666,46.487565],[9.4268,46.4971],[9.311257,46.488625],[9.273925,46.485887],[9.2632,46.4851],[9.238,46.4365],[9.265283,46.324641],[9.2248,46.2312],[9.003848,46.033317],[8.9978,46.0279],[8.994927,45.979842],[8.993853,45.961874],[8.9934,45.9543],[9.054232,45.88756],[9.0024,45.8207],[8.9,45.8264],[8.898233,45.903793],[8.8981,45.9096],[8.891265,45.91404],[8.800266,45.973149],[8.773721,45.990392],[8.8344,46.0664],[8.6018,46.1228],[8.437705,46.243663],[8.434368,46.313445],[8.428948,46.426793],[8.4279,46.4487],[8.406643,46.445843],[8.3163,46.4337],[8.231209,46.348058],[8.1069,46.2855],[8.098745,46.275865],[8.090476,46.266095],[8.0766,46.2497],[8.1295,46.196],[8.1106,46.127],[8.011653,46.049963],[7.933149,45.988842],[7.8437,45.9192],[7.837248,45.920584],[7.5411,45.9841],[7.372012,45.912146],[7.335895,45.906254],[7.109729,45.892756],[7.039431,45.918864]]}},{"type":"Feature","properties":{"level":"country","left_geo_key":"italy","right_geo_key":"sanmarino","left_area":33.197033,"right_area":0.002971,"min_area":0.002971,"max_area":33.197033},"geometry":{"type":"LineString","coordinates":[[12.3957,43.9484],[12.4294,43.8921],[12.475087,43.953984],[12.479181,43.970453],[12.3957,43.9484]]}},{"type":"Feature","properties":{"level":"country","left_geo_key":"italy","right_geo_key":"vatican","left_area":33.197033,"right_area":0.000001,"min_area":0.000001,"max_area":33.197033},"geometry":{"type":"LineString","coordinates":[[12.4527,41.903],[12.4531,41.9028],[12.454,41.9028],[12.454,41.9039],[12.453,41.9039],[12.4528,41.9034],[12.4527,41.903]]}},{"type":"Feature","properties":{"level":"country","left_geo_key":"liechtenstein","right_geo_key":"switzerland","left_area":0.013672,"right_area":4.868256,"min_area":0.013672,"max_area":4.868256},"geometry":{"type":"LineString","coordinates":[[9.6157,47.1068],[9.5812,47.0569],[9.498769,47.06966],[9.495947,47.104495],[9.5119,47.1294],[9.505341,47.232102],[9.525071,47.256409]]}},{"type":"Feature","properties":{"level":"country","left_geo_key":"iran","right_geo_key":"pakistan","left_area":156.159509,"right_area":81.708298,"min_area":81.708298,"max_area":156.159509},"geometry":{"type":"LineString","coordinates":[[61.5882,25.2021],[61.62,25.2855],[61.633083,25.442145],[61.6604,25.7692],[61.757568,25.835863],[61.7601,25.8376],[61.8329,26.2254],[62.0942,26.3148],[62.1238,26.374],[62.247569,26.362613],[62.2651,26.361],[62.2601,26.398723],[62.290407,26.486056],[62.306046,26.512111],[62.4106,26.5568],[62.7019,26.604],[62.749955,26.641365],[63.1638,26.6451],[63.1823,26.8302],[63.2616,26.8717],[63.259745,26.886268],[63.25093,26.955498],[63.237456,27.061323],[63.270916,27.093306],[63.3196,27.1173],[63.2713,27.2034],[63.263496,27.207538],[63.177952,27.252893],[63.167,27.2587],[62.8924,27.2135],[62.7424,27.2668],[62.8147,27.495],[62.7357,27.995],[62.7615,28.2464],[62.563538,28.240541],[62.3905,28.4061],[62.371006,28.411291],[62.3628,28.4189],[61.904032,28.539644],[61.826306,28.603207],[61.7793,28.646051],[61.584442,28.852033],[61.468,29.0417],[61.478,29.0875],[61.3423,29.2545],[61.3198,29.3854],[60.8444,29.8582]]}},{"type":"Feature","properties":{"level":"country","left_geo_key":"afghanistan","right_geo_key":"iran","left_area":62.585977,"right_area":156.159509,"min_area":62.585977,"max_area":156.159509},"geometry":{"type":"LineString","coordinates":[[60.8444,29.8582],[61.7852,30.8314],[61.8264,31.015],[61.824058,31.023517],[61.746787,31.30458],[61.7423,31.3209],[61.6869,31.3732],[61.667872,31.375872],[60.8217,31.4947],[60.7827,32.0425],[60.8303,32.2489],[60.5629,33.0583],[60.567192,33.143224],[60.5676,33.1513],[60.830633,33.439307],[60.890635,33.505006],[60.905314,33.521079],[60.912,33.5284],[60.887711,33.531384],[60.6556,33.5599],[60.5118,33.6384],[60.4928,34.139],[60.6437,34.3066],[60.873187,34.336821],[60.8791,34.3376],[60.6997,34.5164],[60.9475,34.638],[60.948443,34.644479],[60.958,34.6494],[60.977539,34.738498],[61.0654,34.8147],[61.1368,35.1112],[61.132959,35.127495],[61.105775,35.242805],[61.106985,35.259674],[61.154377,35.291098],[61.188954,35.314025],[61.1951,35.3181],[61.2008,35.4011],[61.2838,35.5273],[61.281408,35.53394],[61.29,35.5481],[61.277,35.6092],[61.35625,35.620346]]}},{"type":"Feature","properties":{"level":"country","left_geo_key":"iran","right_geo_key":"turkmenistan","left_area":156.159509,"right_area":49.036685,"min_area":49.036685,"max_area":156.159509},"geometry":{"type":"LineString","coordinates":[[61.35625,35.620346],[61.3515,35.6278],[61.2833,35.6226],[61.2697,35.6185],[61.233151,35.690785],[61.2474,35.8762],[61.1414,35.9824],[61.2231,36.1288],[61.216095,36.14975],[61.1467,36.3573],[61.1658,36.6363],[60.3423,36.6371],[60.0192,37.0258],[59.7972,37.1122],[59.75669,37.114666],[59.605,37.1239],[59.599253,37.134486],[59.5727,37.1834],[59.562242,37.186283],[59.4588,37.2148],[59.3704,37.3194],[59.334145,37.505626],[59.3323,37.5151],[59.325699,37.515166],[59.239803,37.51602],[59.22969,37.516121],[59.174041,37.539308],[59.0346,37.6245],[58.870919,37.665609],[58.861,37.6681],[58.697922,37.649765],[58.671054,37.646744],[58.614514,37.668221],[58.5493,37.7016],[58.541592,37.695921],[58.495774,37.662163],[58.4695,37.642805],[58.411703,37.635466],[58.361399,37.633445],[58.2068,37.6787],[58.1735,37.7816],[57.6912,37.9203],[57.3524,37.9675],[57.3443,38.0811],[57.2073,38.2707],[57.164,38.2765],[57.152874,38.269893],[57.125059,38.253375],[57.021577,38.191924],[56.739,38.2696],[56.73668,38.269049],[56.7294,38.2711],[56.596417,38.237439],[56.4365,38.2551],[56.303035,38.169602],[56.2971,38.1658],[56.302466,38.154351],[56.2997,38.0802],[55.9784,38.0659],[55.720299,38.116429],[55.7087,38.1187],[55.4474,38.0837],[55.1217,37.9447],[54.843601,37.740616],[54.8136,37.7186],[54.808696,37.685614],[54.790537,37.563482],[54.786494,37.536294],[54.654,37.4389],[54.547134,37.440582],[54.5333,37.4408],[54.191929,37.3255],[53.9137,37.3428]]}},{"type":"Feature","properties":{"level":"country","left_geo_key":"ghana","right_geo_key":"ivorycoast","left_area":19.570969,"right_area":26.319431,"min_area":19.570969,"max_area":26.319431},"geometry":{"type":"LineString","coordinates":[[-2.7666,5.161],[-2.7896,5.3469],[-2.7327,5.3557],[-2.767167,5.511616],[-2.7856,5.595],[-2.790252,5.596524],[-2.835256,5.611261],[-2.8937,5.6304],[-2.923215,5.617904],[-2.948037,5.619779],[-2.9648,5.7098],[-3.0298,5.7043],[-3.0225,5.8545],[-3.2625,6.6171],[-3.2104,6.716],[-3.237442,6.797991],[-3.23011,6.828044],[-2.9817,7.1955],[-2.98088,7.203282],[-2.9728,7.215],[-2.9415,7.5772],[-2.785702,7.940728],[-2.6007,8.0529],[-2.609788,8.15468],[-2.6107,8.1649],[-2.514895,8.205645],[-2.5063,8.2093],[-2.6172,8.915],[-2.618623,8.91826],[-2.6608,9.0149],[-2.764964,9.05154],[-2.76041,9.11968],[-2.755997,9.139519],[-2.743284,9.157146],[-2.6612,9.2539],[-2.667195,9.262646],[-2.687245,9.291893],[-2.710813,9.326272],[-2.708335,9.335254],[-2.6724,9.374],[-2.681152,9.433756],[-2.686893,9.472948],[-2.6892,9.4887],[-2.693954,9.481821],[-2.694984,9.483116]]}},{"type":"Feature","properties":{"level":"country","left_geo_key":"burkinafaso","right_geo_key":"ivorycoast","left_area":22.669907,"right_area":26.319431,"min_area":22.669907,"max_area":26.319431},"geometry":{"type":"LineString","coordinates":[[-2.694984,9.483116],[-2.771426,9.409315],[-2.798438,9.410552],[-2.99,9.7084],[-3.0946,9.7339],[-3.2026,9.9082],[-3.3017,9.8411],[-3.3275,9.8973],[-3.39782,9.907672],[-3.6482,9.9446],[-3.706653,9.932079],[-3.808261,9.910314],[-3.9101,9.8885],[-3.9946,9.8208],[-4.1683,9.8048],[-4.2531,9.7501],[-4.295211,9.690517],[-4.363348,9.59411],[-4.3678,9.592],[-4.4334,9.6535],[-4.5017,9.655],[-4.516478,9.739079],[-4.5178,9.7466],[-4.534405,9.722417],[-4.558361,9.700151],[-4.604,9.7272],[-4.684674,9.693212],[-4.795532,9.764882],[-4.794214,9.780664],[-4.791864,9.808784],[-4.7903,9.8275],[-4.8385,9.8695],[-4.943894,9.895518],[-4.96216,9.950151],[-4.9564,10.022],[-5.0156,10.0971],[-5.034733,10.090254],[-5.045706,10.099815],[-5.0395,10.1343],[-5.1357,10.3043],[-5.391331,10.300755],[-5.421153,10.32329],[-5.5171,10.44]]}},{"type":"Feature","properties":{"level":"country","left_geo_key":"ivorycoast","right_geo_key":"mali","left_area":26.319431,"right_area":106.814447,"min_area":26.319431,"max_area":106.814447},"geometry":{"type":"LineString","coordinates":[[-5.5171,10.44],[-5.576338,10.440554],[-5.637024,10.441121],[-5.879986,10.368955],[-5.9047,10.2753],[-5.914078,10.27649],[-5.963,10.2827],[-5.968605,10.272868],[-6.0159,10.1899],[-6.24,10.2519],[-6.1806,10.4202],[-6.192646,10.478099],[-6.2613,10.5141],[-6.20947,10.633647],[-6.2078,10.6375],[-6.248166,10.685469],[-6.274006,10.716177],[-6.320549,10.708713],[-6.411358,10.676045],[-6.415461,10.627731],[-6.3992,10.5925],[-6.4215,10.5566],[-6.5214,10.5642],[-6.528802,10.568707],[-6.5376,10.5697],[-6.6679,10.6509],[-6.693785,10.484176],[-6.654,10.44],[-6.655901,10.430135],[-6.666207,10.37666],[-6.6683,10.3658],[-6.670709,10.365535],[-6.733224,10.358664],[-6.9731,10.3323],[-6.971989,10.207974],[-6.9594,10.1855],[-6.971668,10.171968],[-6.984977,10.157288],[-6.9924,10.1491],[-7.004709,10.146797],[-7.019954,10.143944],[-7.0405,10.1401],[-7.083404,10.190446],[-7.09601,10.199685],[-7.135841,10.212444],[-7.329186,10.246222],[-7.347,10.2479],[-7.347354,10.249397],[-7.3663,10.3294],[-7.4433,10.35],[-7.455764,10.38388],[-7.474234,10.434084],[-7.5158,10.4578],[-7.566095,10.423152],[-7.5743,10.4175],[-7.67,10.4288],[-7.829,10.2117],[-7.9897,10.162]]}},{"type":"Feature","properties":{"level":"country","left_geo_key":"bulgaria","right_geo_key":"republicofserbia","left_area":12.419924,"right_area":8.732068,"min_area":8.732068,"max_area":12.419924},"geometry":{"type":"LineString","coordinates":[[22.4385,42.3401],[22.524053,42.446363],[22.528484,42.471141],[22.515178,42.51017],[22.493267,42.531131],[22.4297,42.5714],[22.434574,42.587276],[22.4814,42.7398],[22.447209,42.825897],[22.4455,42.8302],[22.464521,42.838913],[22.537894,42.872525],[22.5636,42.8843],[22.727,42.8869],[22.9846,43.1746],[22.720702,43.387649],[22.715081,43.39046],[22.521705,43.487148],[22.5094,43.4933],[22.499115,43.533484],[22.435386,43.664201],[22.4049,43.6872],[22.3495,43.8079],[22.355689,43.82767],[22.408567,43.996573],[22.4118,44.0069],[22.593,44.0639],[22.624033,44.186373],[22.6248,44.1894],[22.631394,44.19325],[22.6916,44.2284]]}},{"type":"Feature","properties":{"level":"country","left_geo_key":"croatia","right_geo_key":"republicofserbia","left_area":6.23296,"right_area":8.732068,"min_area":6.23296,"max_area":8.732068},"geometry":{"type":"LineString","coordinates":[[18.902395,45.908692],[18.903275,45.890604],[18.8553,45.8574],[18.8487,45.8096],[18.955434,45.669873],[18.907,45.5817],[18.913978,45.571597],[18.9121,45.5682],[18.925448,45.554987],[18.934403,45.546123],[18.9417,45.5389],[19.019921,45.560582],[19.055984,45.544042],[19.088903,45.522817],[19.05476,45.504724],[19.0096,45.4987],[19.011856,45.48199],[19.017709,45.438631],[19.021809,45.408261],[18.9775,45.3712],[19.4078,45.2031],[19.391802,45.171479],[19.300175,45.166189],[19.221083,45.16347],[19.1219,45.1958],[19.1417,45.1622],[19.0601,45.1469],[19.063585,45.125062],[19.073726,45.061526],[19.0872,44.9771],[19.104745,44.967677],[19.1131,44.9424],[19.074559,44.911916],[19.0184,44.9257],[19.017793,44.911675],[19.016109,44.872748]]}},{"type":"Feature","properties":{"level":"country","left_geo_key":"bosniaandherzegovina","right_geo_key":"republicofserbia","left_area":5.827621,"right_area":8.732068,"min_area":5.827621,"max_area":8.732068},"geometry":{"type":"LineString","coordinates":[[19.016109,44.872748],[19.0158,44.8656],[19.042121,44.875122],[19.158491,44.917222],[19.178699,44.924533],[19.27681,44.905204],[19.367543,44.882704],[19.345227,44.797928],[19.321709,44.72673],[19.318,44.7155],[19.127853,44.503217],[19.1273,44.5026],[19.126847,44.49581],[19.117044,44.348859],[19.1167,44.3437],[19.123325,44.337492],[19.158521,44.304506],[19.1772,44.287],[19.3243,44.264],[19.3812,44.1771],[19.610999,44.0404],[19.610745,44.031438],[19.5041,43.9757],[19.2521,44.0075],[19.250843,44.001259],[19.249588,43.995028],[19.241,43.9524],[19.426382,43.792553],[19.469001,43.743744],[19.5074,43.6472],[19.4817,43.5781],[19.4193,43.5493],[19.38673,43.571612],[19.3634,43.6016],[19.345945,43.59955],[19.319697,43.596468],[19.2527,43.5886],[19.212316,43.531967],[19.195158,43.529212]]}},{"type":"Feature","properties":{"level":"country","left_geo_key":"montenegro","right_geo_key":"republicofserbia","left_area":1.510601,"right_area":8.732068,"min_area":1.510601,"max_area":8.732068},"geometry":{"type":"LineString","coordinates":[[19.195158,43.529212],[19.194265,43.506654],[19.1759,43.4809],[19.192914,43.472523],[19.349789,43.395284],[19.357218,43.391626],[19.3723,43.3842],[19.611636,43.174392],[19.6187,43.1682],[19.62631,43.167992],[19.8051,43.09],[19.9366,43.1059],[20.1409,42.9708],[20.3371,42.907],[20.344939,42.831819],[20.3454,42.8274]]}},{"type":"Feature","properties":{"level":"country","left_geo_key":"mali","right_geo_key":"senegal","left_area":106.814447,"right_area":16.449494,"min_area":16.449494,"max_area":106.814447},"geometry":{"type":"MultiLineString","coordinates":[[[-12.1726,14.6479],[-12.183017,14.662359],[-12.2565,14.7458],[-12.2641,14.7749]],[[-12.2304,14.5367],[-12.1726,14.6479]],[[-12.2088,14.3888],[-12.2304,14.5367]],[[-12.193173,14.381494],[-12.2088,14.3888]],[[-12.114583,14.344751],[-12.193173,14.381494]],[[-12.113075,14.329397],[-12.114583,14.344751]],[[-12.1196,14.3106],[-12.113075,14.329397]],[[-12.110602,14.304224],[-12.1196,14.3106]],[[-12.0345,14.2503],[-12.110602,14.304224]],[[-11.999353,14.154746],[-12.0345,14.2503]],[[-12.0253,13.9852],[-11.999353,14.154746]],[[-11.9629,13.9092],[-12.0253,13.9852]],[[-11.9629,13.8295],[-11.9629,13.9092]],[[-12.0976,13.7044],[-11.9629,13.8295]],[[-12.0152,13.5644],[-12.0976,13.7044]],[[-11.8985,13.4685],[-12.0152,13.5644]],[[-11.9,13.3822],[-11.8985,13.4685]],[[-11.88884,13.371314],[-11.9,13.3822]],[[-11.8888,13.3689],[-11.88884,13.371314]],[[-11.8446,13.3238],[-11.8888,13.3689]],[[-11.836776,13.320528],[-11.8446,13.3238]],[[-11.817842,13.31261],[-11.836776,13.320528]],[[-11.8171,13.3123],[-11.817842,13.31261]],[[-11.729213,13.403402],[-11.8171,13.3123]],[[-11.6131,13.3608],[-11.729213,13.403402]],[[-11.5331,13.1118],[-11.6131,13.3608]],[[-11.457409,13.060744],[-11.5331,13.1118]],[[-11.4387,12.9589],[-11.457409,13.060744]],[[-11.4018,12.9895],[-11.4387,12.9589]],[[-11.402935,12.861393],[-11.4018,12.9895]],[[-11.429133,12.704691],[-11.402935,12.861393]],[[-11.455927,12.544427],[-11.429133,12.704691]],[[-11.4567,12.5398],[-11.455927,12.544427]],[[-11.445921,12.532923],[-11.4567,12.5398]],[[-11.389939,12.468557],[-11.445921,12.532923]],[[-11.388911,12.404033],[-11.389939,12.468557]]]}},{"type":"Feature","properties":{"level":"country","left_geo_key":"burkinafaso","right_geo_key":"mali","left_area":22.669907,"right_area":106.814447,"min_area":22.669907,"max_area":106.814447},"geometry":{"type":"LineString","coordinates":[[-5.5171,10.44],[-5.4817,10.5353],[-5.4314,10.8447],[-5.504763,11.049807],[-5.500049,11.059981],[-5.387558,11.107774],[-5.326579,11.133682],[-5.3223,11.1355],[-5.2609,11.2677],[-5.2679,11.372],[-5.2183,11.4222],[-5.2339,11.576],[-5.297633,11.621709],[-5.3078,11.629],[-5.289347,11.744799],[-5.2871,11.7589],[-5.390874,11.812571],[-5.2682,11.8431],[-5.1039,11.9728],[-4.74946,12.014797],[-4.7469,12.0151],[-4.695747,12.051983],[-4.570996,12.141932],[-4.5605,12.1495],[-4.5855,12.1972],[-4.4772,12.3273],[-4.4061,12.3075],[-4.4516,12.4353],[-4.402139,12.548706],[-4.4014,12.5504],[-4.482737,12.652094],[-4.483547,12.671882],[-4.446995,12.7147],[-4.2763,12.7147],[-4.271673,12.721494],[-4.2576,12.7209],[-4.226466,12.787869],[-4.214116,12.814433],[-4.2119,12.8192],[-4.2293,12.949],[-4.345082,13.098337],[-4.336854,13.130307],[-4.313949,13.16923],[-4.2462,13.1725],[-4.239359,13.241184],[-4.112873,13.349274],[-3.98864,13.455438],[-3.973706,13.4682],[-3.931025,13.446591],[-3.9186,13.4403],[-3.966366,13.392084],[-3.9716,13.3868],[-3.809349,13.349567],[-3.545,13.1745],[-3.4495,13.1688],[-3.446129,13.184246],[-3.44169,13.204589],[-3.427896,13.267804],[-3.4265,13.2742],[-3.26284,13.291311],[-3.2486,13.2928],[-3.287,13.6978],[-3.1251,13.6773],[-3.056,13.6108],[-2.8952,13.6516],[-2.9281,13.7996],[-2.851464,14.013514],[-2.5974,14.2223],[-2.4617,14.2809],[-2.105211,14.166203],[-2.085,14.1597],[-2.058801,14.176245],[-2.034508,14.191585],[-2.0234,14.1986],[-1.9971,14.4707],[-1.6969,14.4961],[-1.3503,14.715],[-1.0786,14.7964],[-0.7197,15.0785],[-0.463986,15.075562],[-0.453267,15.063682],[-0.4257,15.0026],[-0.404521,15.00966],[-0.2367,15.0656],[0.204396,14.91579]]}},{"type":"Feature","properties":{"level":"country","left_geo_key":"mali","right_geo_key":"niger","left_area":106.814447,"right_area":100.546086,"min_area":100.546086,"max_area":106.814447},"geometry":{"type":"LineString","coordinates":[[0.204396,14.91579],[0.2185,14.911],[0.2213,14.9959],[0.3532,14.9634],[0.5148,14.9936],[0.682133,14.94142],[0.6838,14.9409],[0.70829,14.945158],[0.961299,14.989144],[0.9737,14.9913],[1.3315,15.2836],[2.9507,15.3375],[3.00176,15.35124],[3.0057,15.3523],[3.031401,15.420897],[3.05085,15.423844],[3.5071,15.354],[3.5265,15.496],[3.786699,15.664496],[3.852288,15.70697],[3.8738,15.7209],[3.942959,15.934671],[3.976729,16.039055],[4.0606,16.2983],[4.184,16.4161],[4.1846,16.8185],[4.188384,16.860555],[4.201913,16.968541],[4.2356,16.9959],[4.2286,19.1422]]}},{"type":"Feature","properties":{"level":"country","left_geo_key":"algeria","right_geo_key":"mali","left_area":212.810518,"right_area":106.814447,"min_area":106.814447,"max_area":212.810518},"geometry":{"type":"LineString","coordinates":[[4.2286,19.1422],[3.3587,18.9769],[3.350581,18.978968],[3.3331,18.9756],[3.315465,18.987914],[3.1041,19.1355],[3.216187,19.335453],[3.2451,19.387031],[3.1994,19.5538],[3.198813,19.81482],[2.946,19.9417],[2.4157,20.0513],[2.191159,20.26997],[2.114695,20.238803],[2.0712,20.2133],[2.061395,20.217077],[1.9671,20.2534],[1.963198,20.25178],[1.9134,20.2311],[1.903996,20.236354],[1.881511,20.248915],[1.7992,20.2949],[1.788051,20.303071],[1.719489,20.353317],[1.6592,20.3975],[1.658357,20.404442],[1.644,20.5227],[1.5597,20.5975],[1.364,20.6577],[1.277267,20.735827],[1.1472,20.7514],[1.158826,21.068569],[1.15199,21.086943],[1.030844,21.17715],[-3.673582,24.24617],[-4.8215,24.995],[-4.8216,24.9951]]}},{"type":"Feature","properties":{"level":"country","left_geo_key":"mali","right_geo_key":"mauritania","left_area":106.814447,"right_area":89.585793,"min_area":89.585793,"max_area":106.814447},"geometry":{"type":"LineString","coordinates":[[-4.8216,24.9951],[-6.5931,24.9941],[-5.6233,16.5278],[-5.3533,16.312],[-5.511767,15.515476],[-9.3492,15.4956],[-9.334518,15.663392],[-9.3324,15.6876],[-9.349513,15.686931],[-9.366608,15.686263],[-9.3759,15.6859],[-9.4517,15.5883],[-9.4239,15.4405],[-10.0676,15.3647],[-10.315827,15.435177],[-10.3226,15.4371],[-10.613587,15.43421],[-10.709603,15.433257],[-10.7254,15.4331],[-10.89765,15.133433],[-10.9062,15.1198],[-11.0454,15.2702],[-11.2982,15.451],[-11.4096,15.6022],[-11.523,15.6352],[-11.6441,15.5264],[-11.7271,15.5412],[-11.844778,15.168926],[-11.8482,15.1581],[-11.8609,15.049],[-11.830877,15.015578],[-11.825812,14.959699],[-11.854472,14.877431],[-11.98974,14.787829],[-12.079072,14.741266],[-12.1237,14.7766],[-12.260446,14.774944],[-12.2641,14.7749]]}},{"type":"Feature","properties":{"level":"country","left_geo_key":"mauritania","right_geo_key":"senegal","left_area":89.585793,"right_area":16.449494,"min_area":16.449494,"max_area":89.585793},"geometry":{"type":"LineString","coordinates":[[-12.2641,14.7749],[-12.276164,14.784095],[-12.3825,14.846],[-12.408924,14.887354],[-12.475171,14.991029],[-12.4956,15.023],[-12.517922,15.036905],[-12.6151,15.0946],[-12.717,15.1034],[-12.7798,15.1464],[-12.794089,15.210398],[-12.7963,15.2203],[-12.873103,15.245818],[-12.8884,15.2509],[-12.877907,15.256633],[-12.828,15.2839],[-12.92232,15.375938],[-12.9272,15.3807],[-12.939347,15.429988],[-12.959224,15.493087],[-13.0838,15.4927],[-13.084573,15.497489],[-13.099,15.5869],[-13.236671,15.643899],[-13.2473,15.6483],[-13.23459,15.681664],[-13.233157,15.707671],[-13.240677,15.727228],[-13.3218,15.9382],[-13.417185,16.070303],[-13.467334,16.094735],[-13.4915,16.0884],[-13.488817,16.105201],[-13.4999,16.1106],[-13.494712,16.138824],[-13.6624,16.1074],[-13.662636,16.107514],[-13.674427,16.11323],[-13.7148,16.1328],[-13.712328,16.165814],[-13.724329,16.182465],[-13.8448,16.126],[-13.9678,16.246],[-13.985483,16.335242],[-14.4066,16.6608],[-14.9125,16.6406],[-14.918933,16.643797],[-14.94132,16.654924],[-14.987362,16.677809],[-15.0237,16.64],[-15.030051,16.641063],[-15.0369,16.6326],[-15.069305,16.647634],[-15.109921,16.654432],[-15.112384,16.642793],[-15.1251,16.5827],[-15.4145,16.548],[-15.464,16.5815],[-15.532802,16.519985],[-15.5367,16.5165],[-15.6722,16.4814],[-15.858136,16.512017],[-16.0538,16.4954],[-16.137229,16.548223],[-16.2951,16.5106],[-16.3811,16.2467],[-16.381704,16.246183],[-16.466,16.1741]]}},{"type":"Feature","properties":{"level":"country","left_geo_key":"gambia","right_geo_key":"senegal","left_area":0.866797,"right_area":16.449494,"min_area":0.866797,"max_area":16.449494},"geometry":{"type":"LineString","coordinates":[[-15.516102,13.588282],[-15.5025,13.5883],[-15.4675,13.7083],[-15.3941,13.7715],[-15.246,13.7467],[-15.081017,13.81699],[-14.8793,13.7806],[-14.7549,13.6204],[-14.601528,13.656706],[-14.573298,13.649086],[-14.513506,13.593155],[-14.3656,13.4548],[-13.9675,13.5756],[-13.8187,13.4294],[-13.851,13.3358],[-13.9006,13.3146],[-14.0566,13.2972],[-14.169882,13.244423],[-14.223683,13.230403],[-14.3688,13.2357],[-14.585354,13.349502],[-14.5922,13.3531],[-14.7316,13.359],[-15.153476,13.577365],[-15.1605,13.581],[-15.170562,13.563681],[-15.214355,13.488301],[-15.2771,13.3803],[-15.8071,13.3398],[-15.832596,13.161718],[-16.6735,13.1643],[-16.681326,13.156703],[-16.7084,13.1567],[-16.71843,13.120684]]}},{"type":"Feature","properties":{"level":"country","left_geo_key":"guineabissau","right_geo_key":"senegal","left_area":2.668644,"right_area":16.449494,"min_area":2.668644,"max_area":16.449494},"geometry":{"type":"LineString","coordinates":[[-16.703549,12.334796],[-16.4123,12.3617],[-16.213197,12.452418],[-15.677,12.4393],[-15.1951,12.6794],[-13.730022,12.649318]]}},{"type":"Feature","properties":{"level":"country","left_geo_key":"benin","right_geo_key":"nigeria","left_area":9.593283,"right_area":74.795054,"min_area":9.593283,"max_area":74.795054},"geometry":{"type":"MultiLineString","coordinates":[[[3.473603,11.431944],[3.528417,11.563032],[3.5744,11.673],[3.5964,11.6958]],[[3.4684,11.4195],[3.473603,11.431944]],[[3.6625,11.1431],[3.4684,11.4195]],[[3.714469,11.116244],[3.6625,11.1431]],[[3.7541,10.9071],[3.714469,11.116244]],[[3.7313,10.825],[3.7541,10.9071]],[[3.73839,10.815075],[3.7313,10.825]],[[3.803828,10.723476],[3.73839,10.815075]],[[3.824152,10.695025],[3.803828,10.723476]],[[3.8374,10.5999],[3.824152,10.695025]],[[3.779047,10.427],[3.8374,10.5999]],[[3.6521,10.4358],[3.779047,10.427]],[[3.593,10.3309],[3.6521,10.4358]],[[3.588349,10.315737],[3.593,10.3309]],[[3.57705,10.278899],[3.588349,10.315737]],[[3.5734,10.267],[3.57705,10.278899]],[[3.662181,10.132663],[3.5734,10.267]],[[3.656814,10.118603],[3.662181,10.132663]],[[3.6058,10.0541],[3.656814,10.118603]],[[3.59039,9.954551],[3.6058,10.0541]],[[3.567435,9.919284],[3.59039,9.954551]],[[3.524037,9.86123],[3.567435,9.919284]],[[3.342,9.8136],[3.524037,9.86123]],[[3.3316,9.652],[3.342,9.8136]],[[3.260565,9.636867],[3.3316,9.652]],[[3.2457,9.6337],[3.260565,9.636867]],[[3.1326,9.4573],[3.2457,9.6337]],[[3.144927,9.271998],[3.1326,9.4573]],[[3.076,9.0952],[3.144927,9.271998]],[[2.7692,9.057],[3.076,9.0952]],[[2.7229,8.7712],[2.7692,9.057]],[[2.7448,8.4983],[2.7229,8.7712]],[[2.700221,8.332319],[2.7448,8.4983]],[[2.6971,8.3207],[2.700221,8.332319]],[[2.7344,8.19],[2.6971,8.3207]],[[2.6734,7.9056],[2.7344,8.19]],[[2.7272,7.7933],[2.6734,7.9056]],[[2.7206,7.5866],[2.7272,7.7933]],[[2.7923,7.4776],[2.7206,7.5866]],[[2.7412,7.4082],[2.7923,7.4776]],[[2.7363,7.1029],[2.7412,7.4082]],[[2.737449,7.101308],[2.7363,7.1029]],[[2.7353,7.096],[2.737449,7.101308]],[[2.7739,7.0508],[2.7353,7.096]],[[2.7151,6.9798],[2.7739,7.0508]],[[2.7287,6.78],[2.7151,6.9798]],[[2.769391,6.713785],[2.7287,6.78]],[[2.762987,6.680065],[2.769391,6.713785]],[[2.7038,6.3684],[2.762987,6.680065]]]}},{"type":"Feature","properties":{"level":"country","left_geo_key":"cameroon","right_geo_key":"nigeria","left_area":37.915929,"right_area":74.795054,"min_area":37.915929,"max_area":74.795054},"geometry":{"type":"LineString","coordinates":[[8.595843,4.826609],[8.6122,4.8319],[8.611,4.8967],[8.7989,5.1596],[8.8443,5.4924],[8.9039,5.5951],[8.8193,5.7035],[8.8622,5.7523],[8.8559,5.8475],[8.9863,5.9088],[9.350824,6.317047],[9.4229,6.3394],[9.590742,6.503235],[9.603,6.5152],[9.684836,6.532377],[9.694,6.5343],[9.727941,6.641495],[9.780742,6.775162],[9.8746,6.7877],[10.1429,7.0077],[10.2108,6.8792],[10.4966,6.8972],[10.5787,7.1308],[10.617196,7.050867],[10.6206,7.0438],[10.8319,6.9452],[10.9094,6.7843],[11.0367,6.7405],[11.105106,6.467498],[11.1135,6.434],[11.135143,6.435841],[11.350425,6.454152],[11.3698,6.4558],[11.4168,6.572],[11.521656,6.637737],[11.5334,6.6451],[11.536378,6.669324],[11.5618,6.8761],[11.8813,7.102],[11.7424,7.2574],[12.0211,7.5762],[12.014988,7.660054],[12.018191,7.707039],[12.1921,7.9607],[12.227,8.3863],[12.394623,8.490721],[12.4039,8.4965],[12.381414,8.568954],[12.377,8.5951],[12.558,8.6057],[12.6604,8.6593],[12.7202,8.7565],[12.7729,8.7591],[12.8221,9.0968],[12.8984,9.2624],[12.8816,9.3522],[12.870496,9.354775],[12.864726,9.373875],[12.914842,9.416772],[13.02725,9.488828],[13.1955,9.5422],[13.2629,9.8017],[13.21439,9.887015],[13.218915,9.932318],[13.242546,10.05182],[13.340081,10.103327],[13.413452,10.142073],[13.4349,10.1534],[13.439326,10.173336],[13.5388,10.6214],[13.7444,10.9305],[13.764664,11.027956],[13.9823,11.2763],[14.1655,11.2383],[14.6058,11.5147],[14.6271,11.6097],[14.5465,11.7186],[14.5907,11.7832],[14.6234,11.9165],[14.614524,11.969431],[14.6699,12.1674],[14.664194,12.168624],[14.6683,12.1781],[14.6163,12.1789],[14.4871,12.3378],[14.1889,12.3704],[14.0649,13.078]]}},{"type":"Feature","properties":{"level":"country","left_geo_key":"chad","right_geo_key":"nigeria","left_area":106.844129,"right_area":74.795054,"min_area":74.795054,"max_area":106.844129},"geometry":{"type":"LineString","coordinates":[[14.0649,13.078],[13.6073,13.7041]]}},{"type":"Feature","properties":{"level":"country","left_geo_key":"niger","right_geo_key":"nigeria","left_area":100.546086,"right_area":74.795054,"min_area":74.795054,"max_area":100.546086},"geometry":{"type":"LineString","coordinates":[[13.6073,13.7041],[13.352772,13.708963],[13.302561,13.666054],[13.2281,13.548],[13.1502,13.5227],[13.0549,13.5484],[12.856086,13.481253],[12.8052,13.373],[12.794641,13.378204],[12.7911,13.3718],[12.737652,13.345476],[12.6831,13.2889],[12.649994,13.302304],[12.5976,13.2765],[12.4867,13.0708],[12.476799,13.072482],[12.4727,13.0642],[12.311373,13.100592],[12.2014,13.1254],[12.085042,13.118441],[12.0576,13.1168],[11.93889,13.191341],[11.799993,13.260623],[11.44,13.3644],[10.675,13.3751],[10.1198,13.2501],[9.915067,13.130755],[9.5903,12.8014],[8.9428,12.8472],[8.6793,12.9236],[8.5335,13.0646],[8.419,13.0667],[8.408414,13.074555],[8.1166,13.2911],[8.116234,13.291168],[7.824,13.3453],[7.392,13.1125],[7.215258,13.116969],[7.0901,13.0064],[6.9371,12.9954],[6.814708,13.099634],[6.7787,13.1303],[6.6725,13.3212],[6.453489,13.541294],[6.335893,13.636517],[6.264305,13.658676],[6.1528,13.6436],[6.150007,13.644648],[5.5218,13.8803],[5.3741,13.8553],[5.2276,13.7413],[4.970061,13.734319],[4.9251,13.7331],[4.831304,13.768297],[4.709976,13.740788],[4.493501,13.684445],[4.2485,13.4941],[4.1258,13.473],[4.0888,12.9962],[3.9291,12.7504],[3.645326,12.521012],[3.624,12.0943],[3.6536,11.9868],[3.610515,11.916408],[3.667,11.7597],[3.6478,11.726],[3.5964,11.6958]]}},{"type":"Feature","properties":{"level":"country","left_geo_key":"benin","right_geo_key":"niger","left_area":9.593283,"right_area":100.546086,"min_area":9.593283,"max_area":100.546086},"geometry":{"type":"LineString","coordinates":[[3.5964,11.6958],[3.5894,11.7015],[3.492704,11.83371],[3.3155,11.8946],[3.254177,12.019661],[3.058174,12.202428],[2.889732,12.357401],[2.768013,12.371668],[2.747581,12.364294],[2.677968,12.303893],[2.6729,12.2967],[2.668716,12.295866],[2.569167,12.276015],[2.392877,12.240862],[2.38038,12.181015],[2.396955,12.092743],[2.43162,12.026806],[2.4553,12.0087],[2.445645,12.000128],[2.3893,11.9501],[2.3902,11.8965],[2.375832,11.915411]]}},{"type":"Feature","properties":{"level":"country","left_geo_key":"benin","right_geo_key":"burkinafaso","left_area":9.593283,"right_area":22.669907,"min_area":9.593283,"max_area":22.669907},"geometry":{"type":"MultiLineString","coordinates":[[[2.2736,11.6521],[2.3902,11.8965],[2.373814,11.910213],[2.375832,11.915411]],[[2.0154,11.4316],[2.2736,11.6521]],[[2.005783,11.432365],[2.0154,11.4316]],[[1.8406,11.4455],[2.005783,11.432365]],[[1.823066,11.441333],[1.8406,11.4455]],[[1.6016,11.3887],[1.823066,11.441333]],[[1.5693,11.4533],[1.6016,11.3887]],[[1.4396,11.4738],[1.5693,11.4533]],[[1.340165,11.358521],[1.4396,11.4738]],[[1.3304,11.3472],[1.340165,11.358521]],[[1.3304,11.302324],[1.3304,11.3472]],[[1.3304,11.2888],[1.3304,11.302324]],[[1.307395,11.300779],[1.3304,11.2888]],[[1.281099,11.299012],[1.307395,11.300779]],[[1.2684,11.2479],[1.281099,11.299012]],[[1.155774,11.268127],[1.2684,11.2479]],[[1.1532,11.1832],[1.155774,11.268127]],[[1.147853,11.180773],[1.1532,11.1832]],[[1.0675,11.1443],[1.147853,11.180773]],[[1.067711,11.143828],[1.0675,11.1443]],[[1.1175,11.0322],[1.067711,11.143828]],[[1.106042,11.036234],[1.1175,11.0322]],[[0.986,11.0785],[1.106042,11.036234]],[[0.985955,11.07844],[0.986,11.0785]],[[0.979693,11.070103],[0.985955,11.07844]],[[0.965394,10.986364],[0.979693,11.070103]],[[0.9675,10.9795],[0.965394,10.986364]],[[0.964239,10.9796],[0.9675,10.9795]],[[0.942834,10.98026],[0.964239,10.9796]],[[0.899384,10.981598],[0.942834,10.98026]]]}},{"type":"Feature","properties":{"level":"country","left_geo_key":"benin","right_geo_key":"togo","left_area":9.593283,"right_area":4.63301,"min_area":4.63301,"max_area":9.593283},"geometry":{"type":"LineString","coordinates":[[0.899384,10.981598],[0.866,10.8064],[0.7813,10.693],[0.7688,10.3671],[1.330758,9.971579],[1.3264,9.522],[1.3799,9.4625],[1.4012,9.3213],[1.6012,9.0495],[1.6072,8.5886],[1.607212,8.58856],[1.6404,8.4758],[1.606,8.396],[1.606322,8.374685],[1.6249,7.1436],[1.623553,7.131815],[1.608012,6.995876],[1.5319,6.9919],[1.5901,6.8673],[1.574923,6.695462],[1.572567,6.668793],[1.5724,6.6669],[1.763469,6.350651],[1.763498,6.350537],[1.7616,6.276],[1.6196,6.2139]]}},{"type":"Feature","properties":{"level":"country","left_geo_key":"croatia","right_geo_key":"slovenia","left_area":6.23296,"right_area":2.347557,"min_area":2.347557,"max_area":6.23296},"geometry":{"type":"MultiLineString","coordinates":[[[16.260987,46.51363],[16.3579,46.547],[16.4911,46.5151],[16.5153,46.5017]],[[16.2609,46.5136],[16.260987,46.51363]],[[16.260871,46.513539],[16.2609,46.5136]],[[16.23873,46.467648],[16.260871,46.513539]],[[16.2375,46.4651],[16.23873,46.467648]],[[16.239834,46.460253],[16.2375,46.4651]],[[16.252358,46.376363],[16.239834,46.460253]],[[16.058,46.3775],[16.252358,46.376363]],[[16.0192,46.2988],[16.058,46.3775]],[[15.632748,46.194388],[16.0192,46.2988]],[[15.6228,46.1917],[15.632748,46.194388]],[[15.5899,46.1135],[15.6228,46.1917]],[[15.692695,46.039994],[15.5899,46.1135]],[[15.6661,45.8317],[15.692695,46.039994]],[[15.4625,45.8142],[15.6661,45.8317]],[[15.2635,45.7304],[15.4625,45.8142]],[[15.267947,45.71628],[15.2635,45.7304]],[[15.274342,45.695979],[15.267947,45.71628]],[[15.2778,45.685],[15.274342,45.695979]],[[15.311778,45.677261],[15.2778,45.685]],[[15.344215,45.661042],[15.311778,45.677261]],[[15.286812,45.609004],[15.344215,45.661042]],[[15.281657,45.604331],[15.286812,45.609004]],[[15.2696,45.5934],[15.281657,45.604331]],[[15.296255,45.555364],[15.2696,45.5934]],[[15.34083,45.491755],[15.296255,45.555364]],[[15.3518,45.4761],[15.34083,45.491755]],[[15.323581,45.456989],[15.3518,45.4761]],[[15.1393,45.43],[15.323581,45.456989]],[[14.9226,45.5149],[15.1393,45.43]],[[14.8816,45.4698],[14.9226,45.5149]],[[14.7972,45.4652],[14.8816,45.4698]],[[14.681182,45.531663],[14.7972,45.4652]],[[14.5809,45.6678],[14.681182,45.531663]],[[14.573633,45.658573],[14.5809,45.6678]],[[14.4689,45.5256],[14.573633,45.658573]],[[14.3728,45.4778],[14.4689,45.5256]],[[14.0929,45.4739],[14.3728,45.4778]],[[13.9875,45.5119],[14.0929,45.4739]],[[13.895793,45.429689],[13.9875,45.5119]],[[13.821181,45.439281],[13.895793,45.429689]],[[13.615705,45.486789],[13.821181,45.439281]]]}},{"type":"Feature","properties":{"level":"country","left_geo_key":"bosniaandherzegovina","right_geo_key":"croatia","left_area":5.827621,"right_area":6.23296,"min_area":5.827621,"max_area":6.23296},"geometry":{"type":"MultiLineString","coordinates":[[[17.614925,42.951799],[17.6345,42.9504],[17.6627,42.9657],[17.6284,43.0466],[17.431483,43.162934],[17.2899,43.3034],[17.2705,43.4632],[17.0305,43.5485],[16.7126,43.7715],[16.5165,43.9795],[16.510758,43.982499],[16.3461,44.0685],[16.213893,44.230609],[16.2029,44.3598],[16.141351,44.384381],[16.1165,44.5215],[16.0061,44.541],[16.0411,44.6028],[16.025735,44.615029],[15.943007,44.68087],[15.8956,44.7186],[15.888384,44.716842],[15.8057,44.6967],[15.797484,44.703431],[15.79327,44.706883],[15.737059,44.760878],[15.72652,44.774544],[15.721081,44.789501],[15.7687,44.8273],[15.763785,44.837986],[15.7343,44.9021],[15.737266,44.914887],[15.801321,45.190985],[15.906486,45.204799],[16.013789,45.213372],[16.046528,45.183482],[16.1215,45.0962],[16.165816,45.074577],[16.3162,45.0012],[16.5289,45.2223],[16.8117,45.1812],[16.9326,45.2788],[16.9473,45.2357],[17.003574,45.243542],[17.032463,45.228597],[17.1246,45.1691],[17.151263,45.167139],[17.214858,45.162462],[17.2497,45.1599],[17.269,45.1895],[17.3686,45.1451],[17.369551,45.145254],[17.3824,45.1396],[17.466857,45.141159],[17.485247,45.120789],[17.4893,45.1163],[17.6847,45.164],[17.842231,45.067427],[17.8457,45.0653],[17.899942,45.094174],[18.012075,45.146144],[18.084794,45.11938],[18.136295,45.100425],[18.1437,45.0977],[18.2379,45.1575],[18.4908,45.0628],[18.503072,45.06097],[18.521759,45.058184],[18.5411,45.0553],[18.547587,45.070579],[18.589954,45.090912],[18.635684,45.085966],[18.767791,45.015728],[18.778171,45.007234],[18.7834,44.9137],[18.8896,44.8612],[19.0158,44.8656],[19.012429,44.872412],[19.016109,44.872748]],[[18.443413,42.544637],[18.4374,42.5592],[18.421,42.5636],[18.415634,42.566017],[17.869169,42.812194],[17.836569,42.867715],[17.8233,42.8984],[17.818672,42.898196],[17.6533,42.8909]]]}},{"type":"Feature","properties":{"level":"country","left_geo_key":"croatia","right_geo_key":"montenegro","left_area":6.23296,"right_area":1.510601,"min_area":1.510601,"max_area":6.23296},"geometry":{"type":"LineString","coordinates":[[18.4964,42.4163],[18.443413,42.544637]]}},{"type":"Feature","properties":{"level":"country","left_geo_key":"qatar","right_geo_key":"saudiarabia","left_area":0.99131,"right_area":171.09115,"min_area":0.99131,"max_area":171.09115},"geometry":{"type":"LineString","coordinates":[[50.8079,24.7466],[50.9789,24.5677],[51.0955,24.5602],[51.221,24.6442],[51.3391,24.6462],[51.3498,24.5838],[51.38432,24.619129],[51.3953,24.6313],[51.395935,24.631017]]}},{"type":"Feature","properties":{"level":"country","left_geo_key":"kuwait","right_geo_key":"saudiarabia","left_area":1.628314,"right_area":171.09115,"min_area":1.628314,"max_area":171.09115},"geometry":{"type":"LineString","coordinates":[[47.6681,28.5335],[47.5817,28.6315],[47.440652,28.976938],[47.4334,28.9947],[46.5324,29.0957]]}},{"type":"Feature","properties":{"level":"country","left_geo_key":"jordan","right_geo_key":"saudiarabia","left_area":8.383807,"right_area":171.09115,"min_area":8.383807,"max_area":171.09115},"geometry":{"type":"LineString","coordinates":[[39.292,32.2445],[38.9634,31.9945],[36.9595,31.491],[37.97259,30.495198],[37.9733,30.4945],[37.639454,30.315457],[37.6345,30.3128],[37.4702,29.9946],[36.7287,29.8535],[36.4771,29.4946],[36.037431,29.203905],[35.4633,29.27382]]}},{"type":"Feature","properties":{"level":"country","left_geo_key":"saudiarabia","right_geo_key":"yemen","left_area":171.09115,"right_area":38.22143,"min_area":38.22143,"max_area":171.09115},"geometry":{"type":"LineString","coordinates":[[42.902718,16.450685],[43.004526,16.522339],[43.041561,16.548405],[43.0488,16.5535],[43.0978,16.6778],[43.1861,16.6833],[43.1685,16.7372],[43.2115,16.7969],[43.201958,16.802361],[43.2047,16.8077],[43.117863,16.904154],[43.112976,16.916338],[43.1243,17.107],[43.175424,17.222176],[43.185329,17.228604],[43.245969,17.267956],[43.2522,17.272],[43.244422,17.277397],[43.189421,17.315566],[43.168989,17.329744],[43.177384,17.337835],[43.355625,17.4757],[43.460925,17.509178],[43.552323,17.488583],[43.590357,17.471721],[43.7306,17.3524],[43.888156,17.351038],[43.9151,17.3018],[43.9823,17.3568],[44.0853,17.3434],[44.1694,17.4023],[45.1654,17.4284],[45.4304,17.312],[46.3226,17.2241],[46.7101,17.2754],[46.9703,16.9568],[47.1613,16.9474],[47.42803,17.092789],[47.4286,17.0931],[47.589,17.4633],[48.1619,18.1489],[49.0358,18.5797],[51.9786,18.9956]]}},{"type":"Feature","properties":{"level":"country","left_geo_key":"botswana","right_geo_key":"zimbabwe","left_area":50.674515,"right_area":33.388409,"min_area":33.388409,"max_area":50.674515},"geometry":{"type":"LineString","coordinates":[[29.347502,-22.184024],[29.242209,-22.075596],[29.2393,-22.0726],[29.108,-22.0692],[29.0405,-22.0209],[29.0138,-21.9404],[29.0387,-21.7979],[28.627775,-21.651405],[28.6157,-21.6471],[28.452149,-21.655344],[28.3219,-21.6035],[28.0026,-21.5642],[27.888727,-21.31825],[27.885,-21.3102],[27.6748,-21.0901],[27.694348,-20.602647],[27.6981,-20.5091],[27.684642,-20.504606],[27.659119,-20.496082],[27.5909,-20.4733],[27.2684,-20.4958],[27.266,-20.2342],[27.1837,-20.0823],[26.722967,-19.93039],[26.3323,-19.6624],[26.322611,-19.622733],[26.3211,-19.592],[26.314578,-19.589842],[26.1555,-19.5372],[25.95629,-19.119426],[25.9407,-18.9213],[25.8153,-18.814],[25.7619,-18.6303],[25.5085,-18.3991],[25.3875,-18.139],[25.255,-18.0011],[25.2194,-17.8798],[25.2598,-17.7941]]}},{"type":"Feature","properties":{"level":"country","left_geo_key":"mozambique","right_geo_key":"zimbabwe","left_area":67.160931,"right_area":33.388409,"min_area":33.388409,"max_area":67.160931},"geometry":{"type":"LineString","coordinates":[[31.2889,-22.3973],[31.4338,-22.302],[32.4085,-21.2903],[32.44097,-21.303252],[32.35044,-21.15142],[32.3453,-21.1428],[32.491,-20.9363],[32.4816,-20.603],[32.6718,-20.5318],[32.8452,-20.2867],[32.8853,-20.103],[32.9401,-20.0415],[32.94354,-20.041014],[33.0073,-20.032],[33.0328,-19.7842],[32.9541,-19.7178],[32.945222,-19.662004],[32.9432,-19.6493],[32.831086,-19.671977],[32.8196,-19.6743],[32.824932,-19.49493],[32.797437,-19.472345],[32.7634,-19.464],[32.767376,-19.447652],[32.791835,-19.347093],[32.852301,-19.098497],[32.816403,-19.028119],[32.762523,-19.025402],[32.721564,-19.023338],[32.699,-19.0222],[32.6811,-18.955],[32.6899,-18.8432],[32.693522,-18.841737],[32.9133,-18.753],[32.873336,-18.549239],[32.8707,-18.5358],[32.971198,-18.483921],[32.979462,-18.478405],[32.993824,-18.450165],[33.0381,-18.3631],[32.955,-18.2563],[32.956163,-18.249174],[32.961682,-18.215357],[32.97049,-18.161387],[32.933858,-18.001148],[32.929,-17.9823],[32.929295,-17.981191],[33.0206,-17.6385],[33.019617,-17.636987],[32.9367,-17.5094],[32.940017,-17.503],[32.970132,-17.444898],[33.01823,-17.352101],[32.868914,-17.023404],[32.8301,-16.9415],[32.831135,-16.94024],[32.865225,-16.898758],[32.921891,-16.829805],[32.9685,-16.6816],[32.7399,-16.7032],[32.719536,-16.695094],[32.6987,-16.6868],[32.687347,-16.630836],[32.675282,-16.606752],[32.2905,-16.4518],[31.9103,-16.4289],[31.7107,-16.2179],[31.4046,-16.1623],[31.387576,-16.144423],[31.3778,-16.1422],[31.263689,-16.027217],[31.1141,-15.9969],[30.9898,-16.0643],[30.979391,-16.059095],[30.8574,-15.9981],[30.4026,-16.0012],[30.383111,-15.635631],[30.382894,-15.63157]]}},{"type":"Feature","properties":{"level":"country","left_geo_key":"pakistan","right_geo_key":"siachenglacier","left_area":81.708298,"right_area":0.206195,"min_area":0.206195,"max_area":81.708298},"geometry":{"type":"LineString","coordinates":[[76.763414,35.647076],[76.912919,35.378804],[76.9132,35.3783],[77.049,35.1104]]}},{"type":"Feature","properties":{"level":"country","left_geo_key":"afghanistan","right_geo_key":"pakistan","left_area":62.585977,"right_area":81.708298,"min_area":62.585977,"max_area":81.708298},"geometry":{"type":"LineString","coordinates":[[74.542399,37.021688],[74.5374,36.9622],[74.4356,37.0032],[74.410256,36.990395],[74.2357,36.9022],[74.1297,36.8984],[74.125583,36.890585],[74.107387,36.856043],[74.098568,36.839303],[74.0353,36.8156],[73.8341,36.8829],[73.794566,36.885692],[73.72335,36.890721],[73.6401,36.8966],[73.461268,36.883956],[72.607844,36.823615],[72.5652,36.8206],[72.437979,36.755882],[72.4331,36.7534],[72.1801,36.70698],[72.1535,36.7021],[72.153629,36.691636],[72.153741,36.68258],[72.154193,36.646094],[72.1542,36.6455],[71.79358,36.488853],[71.7732,36.48],[71.786946,36.433055],[71.783151,36.401137],[71.77796,36.398154],[71.7669,36.3918],[71.605166,36.447755],[71.6007,36.4493],[71.589747,36.417865],[71.5389,36.3193],[71.507391,36.299953],[71.314,36.194],[71.280987,36.160942],[71.194236,36.074074],[71.1659,36.0457],[71.175191,36.040208],[71.289558,35.972609],[71.348223,35.937933],[71.5154,35.7015],[71.4833,35.6266],[71.495097,35.619304],[71.5842,35.5642],[71.58736,35.553067],[71.605016,35.490854],[71.61821,35.423776],[71.5298,35.3009],[71.6337,35.2031],[71.5089,35.072],[71.4696,34.9497],[71.2895,34.875],[71.193085,34.742044],[71.1895,34.7371],[71.079883,34.667361],[71.0702,34.6612],[71.073526,34.618221],[71.068094,34.57623],[70.9687,34.5497],[70.9708,34.4689],[71.118528,34.339116],[71.093985,34.214132],[71.049117,34.050703],[71.0467,34.0419],[70.8622,33.9648],[70.522,33.9387],[70.0028,34.0438],[69.882885,34.019301],[69.8726,34.0172],[69.862617,33.981709],[69.848342,33.930959],[69.8472,33.9269],[69.9727,33.7448],[70.115388,33.717028],[70.1702,33.6387],[70.164193,33.4979],[70.1638,33.4887],[70.2857,33.3829],[70.2944,33.3189],[70.072559,33.195667],[70.048,33.1941],[70.030694,33.172411],[69.937429,33.120602],[69.782854,33.102525],[69.5475,33.075],[69.4877,33.0284],[69.478523,32.876981],[69.3763,32.7719],[69.383388,32.757871],[69.4291,32.6674],[69.2329,32.4627],[69.296897,31.953632],[69.184243,31.820473],[69.067074,31.700679],[69.027026,31.669199],[68.8038,31.6026],[68.6758,31.7747],[68.5275,31.823],[68.494372,31.812984],[68.465551,31.80427],[68.4382,31.796],[68.4222,31.7732],[68.526296,31.757129],[68.531711,31.748815],[68.463271,31.731088],[68.454354,31.7326],[68.1591,31.8259],[67.959682,31.637435],[67.8427,31.6235],[67.6963,31.5208],[67.569,31.5299],[67.6115,31.4108],[67.627012,31.409228],[67.7704,31.3947],[67.7494,31.328],[67.357699,31.211228],[67.143143,31.227647],[67.03431,31.238285],[67.023352,31.264689],[67.0239,31.2953],[67.009178,31.298843],[66.9433,31.3147],[66.697,31.1958],[66.647075,31.068067],[66.610623,31.03387],[66.531695,30.971609],[66.3663,30.9229],[66.268,30.6014],[66.318679,30.446913],[66.310406,30.321934],[66.302161,30.238375],[66.2217,30.0737],[66.317877,29.952214],[66.1956,29.8353],[65.0364,29.5402],[64.496179,29.569401],[64.4777,29.5704],[64.346906,29.53349],[64.19879,29.491691],[64.1726,29.4843],[64.0861,29.3866],[63.5686,29.4975],[62.4775,29.4078],[60.8444,29.8582]]}},{"type":"Feature","properties":{"level":"country","left_geo_key":"myanmar","right_geo_key":"thailand","left_area":57.649106,"right_area":43.31024,"min_area":43.31024,"max_area":57.649106},"geometry":{"type":"LineString","coordinates":[[100.099629,20.34103],[100.0976,20.3349],[99.9371,20.445],[99.92187,20.440679],[99.848616,20.419897],[99.817805,20.384219],[99.7872,20.3341],[99.771762,20.330903],[99.6713,20.3101],[99.444946,20.369239],[99.5206,20.171],[99.3212,20.0663],[99.168616,20.120004],[99.0735,20.1012],[99.0168,20.041],[99.0009,19.821],[98.8993,19.7486],[98.893861,19.752046],[98.8079,19.8065],[98.538,19.6839],[98.4778,19.7056],[98.474887,19.705104],[98.2375,19.6647],[98.206168,19.721019],[98.042251,19.79499],[98.012719,19.683809],[98.0083,19.6391],[97.8486,19.5676],[97.842649,19.486844],[97.8421,19.4794],[97.7671,19.3975],[97.8108,19.1122],[97.672796,18.928318],[97.7234,18.852],[97.7518,18.5825],[97.737558,18.577139],[97.5095,18.4913],[97.4381,18.4881],[97.435922,18.489685],[97.4275,18.4895],[97.3576,18.5399],[97.4865,18.2921],[97.540841,18.280449],[97.5606,18.3283],[97.568739,18.324681],[97.63642,18.294582],[97.6438,18.2913],[97.629,18.2209],[97.746629,17.99091],[97.7518,17.9808],[97.733841,17.955299],[97.701678,17.865731],[97.757007,17.698433],[97.763463,17.687993],[97.909372,17.565062],[97.985305,17.501088],[97.9917,17.4957],[98.18743,17.221806],[98.2997,17.0647],[98.4179,17.029],[98.5095,16.8927],[98.51017,16.887915],[98.516752,16.840878],[98.5205,16.8141],[98.51735,16.810601],[98.5175,16.803],[98.461784,16.729872],[98.6316,16.4631],[98.661521,16.296598],[98.667687,16.289777],[98.729582,16.333198],[98.8396,16.4724],[98.9025,16.3816],[98.898806,16.371091],[98.8072,16.1105],[98.694502,16.124278],[98.63508,16.06653],[98.627449,16.059114],[98.6191,16.051],[98.605307,16.051982],[98.556011,16.036104],[98.556106,16.01946],[98.557269,15.81579],[98.5599,15.3553],[98.5336,15.326],[98.4745,15.3835],[98.402345,15.350418],[98.3923,15.2582],[98.371416,15.265591],[98.2951,15.2926],[98.288136,15.288347],[98.275641,15.280717],[98.1772,15.2206],[98.1681,15.0828],[98.2393,14.819873],[98.4182,14.6076],[98.5477,14.3777],[98.9177,14.0964],[99.0848,13.8785],[99.089069,13.859808],[99.16813,13.513658],[99.1879,13.4271],[99.187447,13.264942],[99.187343,13.227613],[99.1873,13.2122],[99.1021,13.1713],[99.0932,13.0383],[99.1673,12.956],[99.2141,12.7347],[99.393573,12.576696],[99.4047,12.5669],[99.392166,12.495381],[99.39141,12.451651],[99.4701,12.1974],[99.467679,12.188149],[99.460421,12.160424],[99.456636,12.145964],[99.5458,12.1319],[99.52459,12.049847],[99.567,11.9933],[99.56652,11.982973],[99.574,11.9763],[99.5614,11.8729],[99.628,11.8254],[99.625353,11.819668],[99.584036,11.730214],[99.5426,11.6405],[99.534623,11.638205],[99.4498,11.6138],[99.429092,11.501726],[99.4282,11.4969],[99.213,11.1083],[99.208007,11.103257],[99.0636,10.9574],[98.997796,10.941932],[98.986369,10.893603],[98.9861,10.8403],[98.97136,10.830122],[98.94747,10.813625],[98.781602,10.69909],[98.76669,10.679255],[98.766623,10.617628]]}},{"type":"Feature","properties":{"level":"country","left_geo_key":"dominicanrepublic","right_geo_key":"haiti","left_area":4.180825,"right_area":2.284089,"min_area":2.284089,"max_area":4.180825},"geometry":{"type":"LineString","coordinates":[[-71.7762,18.0393],[-71.774195,18.187159],[-71.774,18.2015],[-71.7115,18.3161],[-71.8972,18.4229],[-71.9105,18.4943],[-72.0009,18.5825],[-71.9926,18.6111],[-71.830887,18.631018],[-71.726475,18.757896],[-71.7409,18.8916],[-71.7871,18.95],[-71.847565,18.96112],[-71.8654,18.9644],[-71.831231,18.976454],[-71.6437,19.1525],[-71.6517,19.2179],[-71.7716,19.3076],[-71.7039,19.4146],[-71.7574,19.7101]]}},{"type":"Feature","properties":{"level":"country","left_geo_key":"chad","right_geo_key":"niger","left_area":106.844129,"right_area":100.546086,"min_area":100.546086,"max_area":106.844129},"geometry":{"type":"LineString","coordinates":[[14.981662,22.982505],[15.164547,22.032128],[15.1804,21.5073],[15.301,21.4013],[15.6093,20.9507],[15.5443,20.8903],[15.5702,20.7519],[15.9682,20.3528],[15.736,19.9035],[15.469298,16.913841],[14.369,15.7496],[13.8339,15.0196],[13.76069,14.859226],[13.7552,14.8472],[13.7644,14.7191],[13.6447,14.6442],[13.6579,14.5487],[13.4495,14.439],[13.6073,13.7041]]}},{"type":"Feature","properties":{"level":"country","left_geo_key":"cameroon","right_geo_key":"chad","left_area":37.915929,"right_area":106.844129,"min_area":37.915929,"max_area":106.844129},"geometry":{"type":"LineString","coordinates":[[14.0649,13.078],[14.4182,13.0811],[14.5047,12.969],[14.4906,12.8863],[14.566548,12.773626],[14.5849,12.7464],[14.694,12.7237],[14.710362,12.664566],[14.7137,12.6525],[14.721193,12.658752],[14.7688,12.6332],[14.80293,12.636992],[14.823721,12.622973],[14.872866,12.450939],[14.9063,12.318],[14.905949,12.299124],[14.903318,12.157632],[14.9031,12.1459],[14.945957,12.108739],[14.952657,12.102929],[14.9648,12.0924],[15.0494,12.0846],[15.0812,11.9717],[15.047398,11.911944],[15.042,11.9024],[15.0458,11.894627],[15.076874,11.831057],[15.1054,11.7727],[15.0694,11.6608],[15.1356,11.5308],[15.0606,11.4161],[15.0212,11.1825],[15.0659,10.7931],[15.1499,10.6231],[15.1382,10.5217],[15.226093,10.470742],[15.3014,10.3117],[15.581053,10.060445],[15.663004,9.986815],[15.4394,9.9317],[15.1555,9.9865],[14.7726,9.9217],[14.4405,9.9953],[14.194373,9.976587],[14.1735,9.975],[14.037739,9.77235],[13.952611,9.645281],[13.9476,9.6378],[14.3213,9.2432],[14.3495,9.1684],[14.8994,8.7743],[15.024816,8.644075],[15.134469,8.530218],[15.201415,8.435005],[15.4407,7.8394],[15.5408,7.7968],[15.556536,7.718414],[15.552649,7.673227],[15.4195,7.4366],[15.434262,7.404505]]}},{"type":"Feature","properties":{"level":"country","left_geo_key":"elsalvador","right_geo_key":"guatemala","left_area":1.710137,"right_area":9.139891,"min_area":1.710137,"max_area":9.139891},"geometry":{"type":"LineString","coordinates":[[-90.0983,13.7314],[-90.10634,13.835554],[-90.044012,13.911423],[-90.015508,13.94189],[-89.8359,14.0591],[-89.748,14.0449],[-89.6898,14.17],[-89.533,14.228622],[-89.5245,14.2318],[-89.5922,14.3138],[-89.5841,14.4018],[-89.48254,14.408053],[-89.3616,14.4155],[-89.362283,14.425149],[-89.360675,14.424579]]}},{"type":"Feature","properties":{"level":"country","left_geo_key":"elsalvador","right_geo_key":"honduras","left_area":1.710137,"right_area":9.446755,"min_area":1.710137,"max_area":9.446755},"geometry":{"type":"LineString","coordinates":[[-87.8172,13.4066],[-87.727711,13.467624],[-87.7899,13.5328],[-87.723394,13.812667],[-87.796655,13.895249],[-87.810062,13.908281],[-88.0153,13.8664],[-88.092897,13.980802],[-88.2449,13.9893],[-88.2364,13.9381],[-88.2854,13.906],[-88.4968,13.8512],[-88.511931,13.97119],[-88.6848,14.0123],[-88.687341,14.016392],[-88.7392,14.0999],[-88.746438,14.100165],[-88.818458,14.1028],[-88.8212,14.1029],[-88.865946,14.153925],[-88.894912,14.186957],[-88.936658,14.19541],[-88.966,14.1914],[-89.1026,14.3915],[-89.1445,14.3597],[-89.275536,14.394392],[-89.3462,14.4131],[-89.3616,14.4155],[-89.360675,14.424579]]}},{"type":"Feature","properties":{"level":"country","left_geo_key":"guatemala","right_geo_key":"honduras","left_area":9.139891,"right_area":9.446755,"min_area":9.139891,"max_area":9.446755},"geometry":{"type":"LineString","coordinates":[[-89.360675,14.424579],[-89.357794,14.452874],[-89.3555,14.4754],[-89.2381,14.5779],[-89.1604,14.5813],[-89.1427,14.6913],[-89.2324,14.8485],[-89.163248,15.0287],[-89.149265,15.065136],[-89.1469,15.0713],[-88.9734,15.1404]]}},{"type":"Feature","properties":{"level":"country","left_geo_key":"belize","right_geo_key":"guatemala","left_area":1.87173,"right_area":9.139891,"min_area":1.87173,"max_area":9.139891},"geometry":{"type":"LineString","coordinates":[[-88.945279,15.8857],[-89.0403,15.9017],[-89.2282,15.8808],[-89.194408,16.375055],[-89.1492,17.0363],[-89.1605,17.8143]]}},{"type":"Feature","properties":{"level":"country","left_geo_key":"guatemala","right_geo_key":"mexico","left_area":9.139891,"right_area":174.207841,"min_area":9.139891,"max_area":174.207841},"geometry":{"type":"LineString","coordinates":[[-89.1605,17.8143],[-90.9909,17.802],[-90.992,17.2519],[-91.414491,17.238864],[-91.399714,17.224244],[-91.2904,17.1891],[-91.059981,16.914065],[-91.047861,16.906821],[-90.966414,16.89318],[-90.9552,16.8988],[-90.945126,16.881359],[-90.906274,16.833054],[-90.797,16.8054],[-90.755422,16.756265],[-90.69372,16.683349],[-90.6677,16.6526],[-90.667625,16.643654],[-90.6338,16.5922],[-90.6279,16.4929],[-90.604523,16.485506],[-90.3949,16.4192],[-90.3799,16.3673],[-90.410976,16.367219],[-90.413232,16.362181],[-90.432657,16.318811],[-90.439067,16.304499],[-90.4594,16.2591],[-90.457766,16.24913],[-90.4345,16.1072],[-90.4857,16.0707],[-91.7519,16.0463],[-92.202817,15.286396],[-92.0738,15.0737],[-92.1576,14.963],[-92.189345,14.820723],[-92.1647,14.6682],[-92.2261,14.5493],[-92.237089,14.56006]]}},{"type":"Feature","properties":{"level":"country","left_geo_key":"algeria","right_geo_key":"niger","left_area":212.810518,"right_area":100.546086,"min_area":100.546086,"max_area":212.810518},"geometry":{"type":"LineString","coordinates":[[4.2286,19.1422],[5.7943,19.4498],[7.4827,20.8726],[11.9689,23.5174]]}},{"type":"Feature","properties":{"level":"country","left_geo_key":"algeria","right_geo_key":"mauritania","left_area":212.810518,"right_area":89.585793,"min_area":89.585793,"max_area":212.810518},"geometry":{"type":"LineString","coordinates":[[-8.6824,27.2854],[-8.682035,27.285183],[-4.8216,24.9951]]}},{"type":"Feature","properties":{"level":"country","left_geo_key":"eswatini","right_geo_key":"mozambique","left_area":1.54846,"right_area":67.160931,"min_area":1.54846,"max_area":67.160931},"geometry":{"type":"LineString","coordinates":[[31.9492,-25.9581],[32.0706,-26.0098],[32.0814,-26.1488],[32.0399,-26.2837],[32.108018,-26.546151],[32.113621,-26.826038]]}},{"type":"Feature","properties":{"level":"country","left_geo_key":"burundi","right_geo_key":"rwanda","left_area":2.191406,"right_area":2.053552,"min_area":2.053552,"max_area":2.191406},"geometry":{"type":"LineString","coordinates":[[30.5546,-2.4006],[30.5217,-2.3994],[30.370831,-2.312594],[30.3625,-2.3078],[30.288216,-2.352051],[30.2191,-2.3404],[30.125028,-2.424173],[30.041179,-2.384681],[29.930219,-2.332421],[29.9289,-2.3318],[29.889458,-2.683466],[29.878503,-2.699513],[29.740581,-2.79168],[29.702242,-2.806471],[29.481194,-2.818622],[29.3643,-2.8242],[29.309832,-2.710817],[29.2944,-2.6511],[29.278806,-2.646232],[29.124867,-2.59818],[29.1134,-2.5946],[29.0326,-2.6207],[29.0286,-2.7449]]}},{"type":"Feature","properties":{"level":"country","left_geo_key":"rwanda","right_geo_key":"uganda","left_area":2.053552,"right_area":19.601318,"min_area":2.053552,"max_area":19.601318},"geometry":{"type":"LineString","coordinates":[[30.4718,-1.0668],[30.3528,-1.0608],[30.1363,-1.3552],[29.9604,-1.4648],[29.953696,-1.463858],[29.8897,-1.454865],[29.8807,-1.4536],[29.86557,-1.411501],[29.82176,-1.332771],[29.79786,-1.338223],[29.5779,-1.3884]]}},{"type":"Feature","properties":{"level":"country","left_geo_key":"bangladesh","right_geo_key":"myanmar","left_area":12.069601,"right_area":57.649106,"min_area":12.069601,"max_area":57.649106},"geometry":{"type":"LineString","coordinates":[[92.5759,21.9776],[92.5902,21.4955],[92.6338,21.2822],[92.564799,21.261619],[92.5245,21.3611],[92.412711,21.373862],[92.3227,21.4619],[92.2251,21.3975],[92.1837,21.3172],[92.175,21.1756],[92.180978,21.167675],[92.237241,21.09309],[92.264958,21.056346]]}},{"type":"Feature","properties":{"level":"country","left_geo_key":"afghanistan","right_geo_key":"turkmenistan","left_area":62.585977,"right_area":49.036685,"min_area":49.036685,"max_area":62.585977},"geometry":{"type":"LineString","coordinates":[[66.511665,37.375962],[66.5196,37.3642],[66.493117,37.346058],[66.2944,37.3312],[65.818583,37.538142],[65.760823,37.563264],[65.7589,37.5641],[65.6587,37.5103],[65.656444,37.499106],[65.6295,37.3654],[65.626904,37.362364],[65.5369,37.2571],[65.0631,37.2332],[64.796348,37.125111],[64.7788,37.118],[64.7788,37.109328],[64.7788,36.9385],[64.764889,36.916283],[64.6048,36.6606],[64.603921,36.640612],[64.5944,36.4242],[64.4777,36.2716],[64.3189,36.2198],[64.315618,36.215616],[64.285847,36.17767],[64.271014,36.158764],[64.1234,36.1461],[64.0446,36.0923],[64.044649,36.083153],[64.045011,36.01538],[64.045032,36.011367],[63.8898,36.0296],[63.5821,35.959],[63.570615,35.952346],[63.4302,35.871],[63.1041,35.8565],[63.105173,35.844739],[63.111193,35.778747],[63.112,35.7699],[63.194243,35.695392],[63.0766,35.6247],[63.077377,35.611169],[63.0749,35.6098],[63.079736,35.452229],[63.012432,35.416644],[62.9182,35.3882],[62.702983,35.25424],[62.5956,35.2206],[62.4319,35.2806],[62.2757,35.151],[62.219,35.3063],[62.0075,35.4389],[61.6047,35.4306],[61.399935,35.551786],[61.370891,35.597367],[61.3609,35.621],[61.35625,35.620346]]}},{"type":"Feature","properties":{"level":"country","left_geo_key":"bosniaandherzegovina","right_geo_key":"montenegro","left_area":5.827621,"right_area":1.510601,"min_area":1.510601,"max_area":5.827621},"geometry":{"type":"LineString","coordinates":[[19.195158,43.529212],[19.055,43.5067],[19.0002,43.5479],[18.918234,43.498252],[18.953701,43.45389],[19.045221,43.339418],[19.0697,43.3088],[19.062034,43.305345],[19.011595,43.282613],[19.0109,43.2823],[19.010886,43.28231],[18.9234,43.3468],[18.904643,43.347024],[18.886469,43.347241],[18.8072,43.318],[18.674789,43.239424],[18.670784,43.230859],[18.6211,43.1246],[18.62127,43.123607],[18.639,43.0202],[18.467341,42.995493],[18.452885,42.977854],[18.453265,42.90871],[18.4539,42.7932],[18.55,42.6681],[18.4921,42.5648],[18.461244,42.565291],[18.443413,42.544637]]}},{"type":"Feature","properties":{"level":"country","left_geo_key":"cuba","right_geo_key":"usnavalbaseguantanamobay","left_area":9.528618,"right_area":0.003934,"min_area":0.003934,"max_area":9.528618},"geometry":{"type":"MultiLineString","coordinates":[[[-75.095,19.8972],[-75.0949,19.9716]],[[-75.160972,19.970604],[-75.227358,19.905532]]]}},{"type":"Feature","properties":{"level":"country","left_geo_key":"colombia","right_geo_key":"ecuador","left_area":92.591823,"right_area":20.688438,"min_area":20.688438,"max_area":92.591823},"geometry":{"type":"LineString","coordinates":[[-75.303342,-0.099639],[-75.4649,-0.0397],[-75.6268,0.0789],[-75.7897,0.0844],[-75.933763,0.190561],[-75.952,0.204],[-76.04406,0.348666],[-76.070718,0.35961],[-76.1013,0.3527],[-76.238577,0.428521],[-76.29867,0.453192],[-76.4069,0.4001],[-76.408,0.2545],[-76.425226,0.250085],[-76.5508,0.2179],[-76.726246,0.269751],[-76.7344,0.2331],[-76.749124,0.234206],[-76.891881,0.24493],[-76.8968,0.2453],[-76.948569,0.274119],[-77.092458,0.348208],[-77.2225,0.3388],[-77.3975,0.3876],[-77.4681,0.6509],[-77.6456,0.7163],[-77.697247,0.829994],[-77.718963,0.839421],[-77.848,0.8093],[-77.856507,0.816742],[-77.903608,0.857948],[-77.911759,0.865078],[-78.12,0.9212],[-78.358533,1.065188],[-78.3728,1.0738],[-78.427093,1.134151],[-78.471925,1.179247],[-78.5701,1.1958],[-78.590983,1.240046],[-78.6843,1.2819],[-78.8287,1.4343]]}},{"type":"Feature","properties":{"level":"country","left_geo_key":"colombia","right_geo_key":"venezuela","left_area":92.591823,"right_area":74.767605,"min_area":74.767605,"max_area":92.591823},"geometry":{"type":"LineString","coordinates":[[-66.8751,1.2225],[-66.879402,1.287751],[-66.8835,1.3499],[-66.93012,1.470972],[-67.1351,2.0033],[-67.122305,2.108381],[-67.121,2.1191],[-67.173344,2.151723],[-67.2173,2.2661],[-67.1737,2.3364],[-67.188251,2.376338],[-67.192804,2.388836],[-67.1976,2.402],[-67.3313,2.4867],[-67.4852,2.6619],[-67.489593,2.663014],[-67.5637,2.6818],[-67.62141,2.802541],[-67.6266,2.8134],[-67.673775,2.818526],[-67.778142,2.829866],[-67.8033,2.8326],[-67.841291,2.801687],[-67.8386,2.8861],[-67.3958,3.2666],[-67.3095,3.3839],[-67.319002,3.400576],[-67.357014,3.467294],[-67.4998,3.7179],[-67.62456,3.759487],[-67.637997,3.78375],[-67.656734,3.849816],[-67.7141,4.0565],[-67.716413,4.060238],[-67.7862,4.173],[-67.7927,4.4208],[-67.8718,4.5216],[-67.7968,5.0702],[-67.8346,5.3393],[-67.623,5.5334],[-67.623466,5.535589],[-67.6491,5.6561],[-67.6251,5.7845],[-67.4186,5.9953],[-67.4912,6.1145],[-67.451,6.198],[-67.574,6.2662],[-67.837018,6.307176],[-67.8391,6.3075],[-67.978,6.2178],[-68.449,6.195],[-68.6593,6.1387],[-69.0369,6.2188],[-69.043626,6.21436],[-69.2461,6.0807],[-69.318321,6.144793],[-69.3314,6.1564],[-69.434317,6.12503],[-69.4726,6.1587],[-70.1292,6.9725],[-70.3191,6.9383],[-70.513311,7.012693],[-70.5209,7.0156],[-70.593762,7.082143],[-70.5947,7.083],[-70.7033,7.0999],[-70.713719,7.096924],[-70.956604,7.02755],[-71.155967,6.970607],[-71.190139,6.965813],[-71.3078,7.0274],[-71.613675,7.050352],[-71.6204,7.0521],[-71.623722,7.051106],[-71.8482,6.9839],[-72.0013,7.018204],[-72.0983,7.0868],[-72.2062,7.3819],[-72.400212,7.411598],[-72.43841,7.447077],[-72.477626,7.501887],[-72.467838,7.660312],[-72.4518,7.8328],[-72.456285,7.847303],[-72.47613,7.911466],[-72.483079,7.933936],[-72.459025,7.968718],[-72.3501,8.0426],[-72.345571,8.062015],[-72.3358,8.1039],[-72.4032,8.3705],[-72.6754,8.6515],[-72.7856,9.1024],[-72.84797,9.135465],[-72.8503,9.1367],[-72.9553,9.104],[-73.0327,9.2946],[-73.2122,9.1734],[-73.3911,9.1728],[-72.9855,9.8122],[-72.909216,10.439214],[-72.858008,10.533471],[-72.629243,10.906985],[-72.5765,10.9574],[-72.503522,11.111863],[-72.2566,11.1678],[-71.975927,11.653545],[-71.774572,11.71455],[-71.4097,11.8123],[-71.381029,11.833782]]}},{"type":"Feature","properties":{"level":"country","left_geo_key":"colombia","right_geo_key":"panama","left_area":92.591823,"right_area":6.076863,"min_area":6.076863,"max_area":92.591823},"geometry":{"type":"LineString","coordinates":[[-77.394609,8.654782],[-77.435,8.6206],[-77.454474,8.554076],[-77.474692,8.485009],[-77.4797,8.4679],[-77.4058,8.4285],[-77.36671,8.284987],[-77.3632,8.2721],[-77.284881,8.182386],[-77.207655,8.027983],[-77.169992,7.937484],[-77.3004,7.9021],[-77.374682,7.782782],[-77.3799,7.7744],[-77.348204,7.721416],[-77.365329,7.688131],[-77.58,7.5284],[-77.6799,7.671],[-77.7642,7.7057],[-77.741654,7.516783],[-77.755132,7.499355],[-77.8202,7.4765]]}},{"type":"Feature","properties":{"level":"country","left_geo_key":"cameroon","right_geo_key":"gabon","left_area":37.915929,"right_area":21.103868,"min_area":21.103868,"max_area":37.915929},"geometry":{"type":"MultiLineString","coordinates":[[[11.3543,2.2785],[11.334827,2.210343],[11.3285,2.1763],[11.3221,2.1658]],[[11.649595,2.318102],[11.3543,2.2785]],[[11.732756,2.291504],[11.649595,2.318102]],[[11.762947,2.281848],[11.732756,2.291504]],[[11.7681,2.2802],[11.762947,2.281848]],[[11.796519,2.281676],[11.7681,2.2802]],[[12.299982,2.307833],[11.796519,2.281676]],[[12.334,2.3096],[12.299982,2.307833]],[[12.7499,2.2367],[12.334,2.3096]],[[12.8082,2.264],[12.7499,2.2367]],[[13.0409,2.2442],[12.8082,2.264]],[[13.1638,2.2832],[13.0409,2.2442]],[[13.262745,2.249618],[13.1638,2.2832]],[[13.290642,2.193198],[13.262745,2.249618]],[[13.2946,2.1611],[13.290642,2.193198]]]}},{"type":"Feature","properties":{"level":"country","left_geo_key":"cameroon","right_geo_key":"equatorialguinea","left_area":37.915929,"right_area":2.164353,"min_area":2.164353,"max_area":37.915929},"geometry":{"type":"LineString","coordinates":[[9.823611,2.284115],[9.8237,2.249],[9.842071,2.239842],[9.984443,2.168868],[9.991,2.1656],[11.3221,2.1658]]}},{"type":"Feature","properties":{"level":"country","left_geo_key":"equatorialguinea","right_geo_key":"gabon","left_area":2.164353,"right_area":21.103868,"min_area":2.164353,"max_area":21.103868},"geometry":{"type":"LineString","coordinates":[[11.3221,2.1658],[11.3363,0.9992],[10.0294,1.0035],[9.9263,0.9275]]}},{"type":"Feature","properties":{"level":"country","left_geo_key":"burkinafaso","right_geo_key":"niger","left_area":22.669907,"right_area":100.546086,"min_area":22.669907,"max_area":100.546086},"geometry":{"type":"LineString","coordinates":[[0.204396,14.91579],[0.1841,14.8196],[0.2197,14.7312],[0.1529,14.5467],[0.164915,14.519708],[0.190358,14.462553],[0.2024,14.4355],[0.387978,14.24953],[0.3435,14.1375],[0.347073,14.123821],[0.3436,14.1143],[0.3692,14.0391],[0.59371,13.776638],[0.5943,13.6889],[0.7534,13.6841],[0.7757,13.6353],[0.8969,13.6149],[1.0482,13.4419],[1.2687,13.3461],[1.2057,13.3589],[1.1676,13.3134],[1.002694,13.362666],[0.9835,13.3684],[0.9835,13.34224],[0.9835,13.044974],[0.9835,13.0324],[1.114,12.9962],[1.5639,12.6321],[1.8261,12.6042],[1.9717,12.7242],[2.109,12.7056],[2.1933,12.6095],[2.236035,12.421696],[2.150932,12.397922],[2.065378,12.374023],[2.0542,12.3709],[2.0518,12.3419],[2.375832,11.915411]]}},{"type":"Feature","properties":{"level":"country","left_geo_key":"burkinafaso","right_geo_key":"ghana","left_area":22.669907,"right_area":19.570969,"min_area":19.570969,"max_area":22.669907},"geometry":{"type":"LineString","coordinates":[[-2.694984,9.483116],[-2.6892,9.4887],[-2.7611,9.5662],[-2.751,9.6592],[-2.7885,9.6993],[-2.785329,9.707477],[-2.752568,9.791946],[-2.741566,9.820312],[-2.7368,9.8326],[-2.7989,10.1696],[-2.7544,10.248],[-2.759126,10.252041],[-2.7549,10.2608],[-2.832157,10.33457],[-2.782128,10.401705],[-2.773756,10.412939],[-2.7676,10.4212],[-2.86467,10.476641],[-2.876405,10.502195],[-2.927057,10.637158],[-2.926157,10.653066],[-2.834711,10.881881],[-2.822659,10.912036],[-2.8158,10.9292],[-2.833296,10.985188],[-1.0703,11.0139],[-0.8832,10.9686],[-0.817,10.9962],[-0.691449,10.9796],[-0.6348,10.908],[-0.577106,10.986567],[-0.4685,11.0201],[-0.4252,11.1015],[-0.3689,11.0652],[-0.3188,11.1014],[-0.3017,11.1629],[-0.166059,11.134908],[-0.165664,11.134827]]}},{"type":"Feature","properties":{"level":"country","left_geo_key":"burkinafaso","right_geo_key":"togo","left_area":22.669907,"right_area":4.63301,"min_area":4.63301,"max_area":22.669907},"geometry":{"type":"LineString","coordinates":[[-0.165664,11.134827],[0.486643,11.000213],[0.4876,10.9332],[0.6753,10.9885],[0.899384,10.981598]]}},{"type":"Feature","properties":{"level":"country","left_geo_key":"ghana","right_geo_key":"togo","left_area":19.570969,"right_area":4.63301,"min_area":4.63301,"max_area":19.570969},"geometry":{"type":"LineString","coordinates":[[-0.165664,11.134827],[0.0162,11.0626],[-0.085614,10.643726],[-0.024741,10.593465],[0.1102,10.5082],[0.141762,10.45599],[0.1971,10.4103],[0.2831,10.3968],[0.3227,10.2973],[0.3966,10.2832],[0.3536,10.1155],[0.3981,10.0521],[0.356691,9.997479],[0.3696,9.9388],[0.328513,9.783765],[0.324877,9.750923],[0.331895,9.723219],[0.345304,9.670289],[0.3471,9.6632],[0.342771,9.664551],[0.2753,9.6856],[0.261,9.6572],[0.2776,9.607],[0.3777,9.5894],[0.231532,9.569814],[0.241853,9.524211],[0.259942,9.515492],[0.3019,9.5075],[0.288831,9.501568],[0.2281,9.474],[0.2314,9.419],[0.4117,9.4922],[0.426197,9.487717],[0.434201,9.485243],[0.4835,9.47],[0.5376,9.3776],[0.4313,9.0276],[0.5056,8.8663],[0.477,8.8067],[0.471378,8.804366],[0.3681,8.7615],[0.4435,8.6069],[0.6163,8.4888],[0.7128,8.298],[0.579748,8.196383],[0.5727,8.191],[0.6095,7.719],[0.518427,7.595603],[0.508701,7.582424],[0.4956,7.5043],[0.53726,7.408466],[0.623,7.3979],[0.625745,7.388914],[0.634663,7.359725],[0.6457,7.3236],[0.643262,7.308657],[0.598,7.0312],[0.506,6.9578],[0.5439,6.8979],[0.5193,6.8322],[0.6258,6.7278],[0.6454,6.612],[0.7274,6.5714],[0.7457,6.4409],[0.8739,6.3401],[0.9835,6.3246],[1.0934,6.1609],[1.1762,6.1515],[1.183436,6.111389]]}},{"type":"Feature","properties":{"level":"country","left_geo_key":"mexico","right_geo_key":"unitedsofamerica","left_area":174.207841,"right_area":1115.89873,"min_area":174.207841,"max_area":1115.89873},"geometry":{"type":"LineString","coordinates":[[-114.882524,32.699622],[-114.725227,32.711401],[-114.8027,32.5945],[-114.8168,32.4985],[-111.0671,31.3336],[-111.026836,31.333512],[-108.2148,31.3274],[-108.2151,31.7778],[-106.469664,31.758939],[-106.413616,31.749553],[-106.381643,31.730959],[-106.2092,31.4773],[-105.9612,31.371],[-105.372963,30.858385],[-105.3638,30.8504],[-105.301711,30.831644],[-105.186459,30.78839],[-104.8982,30.5694],[-104.8449,30.401],[-104.6787,30.1704],[-104.6765,29.9368],[-104.5166,29.6543],[-104.293926,29.530194],[-104.233605,29.496574],[-104.0573,29.339],[-103.787242,29.270794],[-103.7025,29.1879],[-103.551129,29.151093],[-103.5417,29.1488],[-103.377504,29.027686],[-103.3721,29.0237],[-103.1228,28.9965],[-102.979128,29.180832],[-102.9698,29.1928],[-102.871451,29.238786],[-102.868,29.2404],[-102.877071,29.289445],[-102.882207,29.335752],[-102.838,29.3705],[-102.801933,29.509851],[-102.724271,29.668733],[-102.680001,29.738363],[-102.4061,29.7773],[-102.398985,29.787761],[-102.325912,29.887215],[-102.1093,29.8021],[-101.6322,29.7757],[-101.544454,29.81561],[-101.539374,29.804464],[-101.527651,29.77874],[-101.5218,29.7659],[-101.4093,29.7658],[-101.405564,29.761177],[-101.3109,29.6128],[-101.308176,29.61315],[-101.3122,29.5979],[-101.230683,29.608746],[-101.2129,29.5316],[-101.030226,29.443302],[-101.028015,29.438399],[-101.0081,29.3806],[-100.999816,29.375863],[-100.9983,29.3725],[-100.809554,29.258954],[-100.7625,29.1738],[-100.676757,29.113797],[-100.6379,28.9629],[-100.5191,28.805],[-100.4814,28.6861],[-100.3226,28.5104],[-100.3555,28.4782],[-100.2751,28.2772],[-100.261309,28.268412],[-100.158005,28.202583],[-100.070607,28.146889],[-100.0565,28.1379],[-99.968951,27.996514],[-99.879689,27.852361],[-99.844282,27.795181],[-99.8329,27.7768],[-99.7004,27.6592],[-99.6751,27.655274],[-99.535622,27.597188],[-99.512229,27.577939],[-99.494518,27.509784],[-99.476335,27.418007],[-99.495988,27.368851],[-99.5214,27.3113],[-99.474129,27.265706],[-99.436214,27.213412],[-99.4617,27.057],[-99.261876,26.841726],[-99.229054,26.760938],[-99.1649,26.5404],[-99.133649,26.526112],[-99.105143,26.455948],[-99.1064,26.423],[-99.090692,26.420379],[-98.8013,26.3721],[-98.6647,26.2506],[-98.4288,26.2177],[-98.2227,26.0754],[-98.200409,26.07478],[-97.802,26.0637],[-97.6415,26.0225],[-97.5022,25.9019],[-97.433901,25.872815],[-97.384253,25.851673],[-97.366,25.8439],[-97.362606,25.851969],[-97.3284,25.9333],[-97.200167,25.960975]]}},{"type":"Feature","properties":{"level":"country","left_geo_key":"canada","right_geo_key":"unitedsofamerica","left_area":1690.066757,"right_area":1115.89873,"min_area":1115.89873,"max_area":1690.066757},"geometry":{"type":"MultiLineString","coordinates":[[[-67.176,45.1787],[-67.2424,45.2026],[-67.3192,45.1539],[-67.341773,45.170581],[-67.419879,45.2283],[-67.4713,45.2663],[-67.468039,45.275568],[-67.4288,45.3871],[-67.4932,45.4931],[-67.442813,45.523407],[-67.436228,45.566013],[-67.446627,45.599831],[-67.6075,45.6201],[-67.807,45.7129],[-67.7675,45.936],[-67.813481,47.078938],[-67.9932,47.2232],[-68.2997,47.3678],[-68.3856,47.3017],[-68.402818,47.302103],[-68.518,47.3048],[-68.534289,47.299796],[-68.8897,47.1906],[-68.895598,47.193373],[-69.0575,47.2695],[-69.068962,47.422078],[-69.182675,47.450033],[-69.224991,47.456824],[-70.0078,46.7041],[-70.0743,46.4195],[-70.1674,46.3682],[-70.2809,46.2119],[-70.244,46.141],[-70.3003,46.0893],[-70.3169,45.999],[-70.2625,45.923],[-70.410137,45.808332],[-70.412789,45.781869],[-70.4074,45.7315],[-70.418467,45.72521],[-70.6868,45.5727],[-70.719523,45.480168],[-70.6413,45.4085],[-70.826,45.4105],[-70.884827,45.254661],[-70.8924,45.2346],[-70.9932,45.3478],[-71.1417,45.2523],[-71.325826,45.287098],[-71.437627,45.232458],[-71.4066,45.2049],[-71.415831,45.189401],[-71.5066,45.037],[-71.603158,45.013456],[-71.6038,45.0133],[-74.6959,44.998],[-74.670852,45.005782]],[[-74.701825,45.005705],[-74.713,44.9993],[-74.9037,45.0052],[-75.2702,44.8638],[-75.6997,44.5817],[-75.8703,44.4086],[-76.089903,44.326809],[-76.176849,44.245293],[-76.1858,44.2257],[-76.20362,44.220194],[-76.2066,44.2174],[-76.329056,44.176394],[-76.4546,44.0842],[-76.7972,43.6453],[-76.825139,43.644897],[-78.7508,43.6171],[-79.1743,43.4645],[-79.0584,43.2778],[-79.057245,43.266236],[-79.032,43.0134],[-78.9153,42.9476],[-78.916102,42.93494],[-78.916979,42.921092],[-78.919,42.8892],[-79.0194,42.8027],[-80.2466,42.3655],[-81.2767,42.2087],[-82.441751,41.676264],[-82.4513,41.6719],[-82.51497,41.673934],[-82.690364,41.679538],[-82.7111,41.6802],[-83.0684,41.8477],[-83.1595,42.0463],[-83.1285,42.24],[-83.08,42.3051],[-82.8328,42.398],[-82.5262,42.6199],[-82.4111,43.0513],[-82.1457,43.5764],[-82.542028,45.30721],[-82.5688,45.344181],[-83.484,45.7719],[-83.6369,45.7739],[-83.4741,46.0231],[-83.6139,46.1156],[-83.849717,46.115697],[-83.871504,46.108371],[-83.9646,46.0632],[-83.973497,46.074076],[-84.08851,46.214666],[-84.0968,46.2248],[-84.1054,46.3477],[-84.1588,46.4333],[-84.1104,46.5265],[-84.3897,46.5203],[-84.5123,46.4516],[-84.5666,46.4612],[-84.7733,46.6334],[-84.8787,46.8979],[-88.357115,48.297301],[-88.6427,48.2566],[-89.3871,47.9805],[-89.769486,48.016127],[-89.828692,48.004904],[-89.9024,47.9859],[-89.908821,47.989714],[-90.1204,48.1154],[-90.7503,48.084],[-90.8738,48.2343],[-91.2764,48.0648],[-91.5748,48.0482],[-91.577247,48.060902],[-91.5851,48.0608],[-91.7164,48.1121],[-91.6955,48.1376],[-91.765,48.1873],[-91.983173,48.245492],[-91.9922,48.2479],[-92.0705,48.3467],[-92.269779,48.332634],[-92.283546,48.323654],[-92.3037,48.2393],[-92.3846,48.2324],[-92.4906,48.4331],[-92.7041,48.4452],[-92.706364,48.458334],[-92.707539,48.465145],[-92.7106,48.4829],[-92.636276,48.516734],[-92.639728,48.522214],[-92.944714,48.609099],[-92.957885,48.612337],[-93.04041,48.617281],[-93.346836,48.615168],[-93.398003,48.606482],[-93.4918,48.5423],[-93.7568,48.5165],[-93.761137,48.520896],[-93.8749,48.6362],[-94.2322,48.652],[-94.276677,48.686674],[-94.5929,48.7264],[-94.705158,48.803554],[-94.7109,48.8075],[-94.8273,49.2929],[-94.9261,49.3456],[-95.1028,49.3539],[-95.1606,49.3695],[-95.1771,48.9927],[-122.753,48.9925]],[[-141.0056,69.6509],[-140.979657,60.316372],[-140.9796,60.2958],[-140.5337,60.2185],[-140.429023,60.289845],[-140.4241,60.2932],[-139.997145,60.19514],[-139.9678,60.1884],[-139.6798,60.3268],[-139.093631,60.340666],[-139.082738,60.332554],[-139.1821,60.0734],[-139.0516,59.9949],[-139.017768,59.984736],[-138.913816,59.953507],[-138.697643,59.888565],[-138.5992,59.7538],[-137.6114,59.2393],[-137.4844,58.9919],[-137.4869,58.9001],[-136.8408,59.1482],[-136.5695,59.1722],[-136.4665,59.2878],[-136.4676,59.4616],[-136.29274,59.484116],[-136.275,59.4864],[-136.270768,59.504279],[-136.262538,59.539044],[-136.2585,59.5561],[-136.3503,59.5924],[-136.174831,59.632874],[-135.9238,59.6667],[-135.471883,59.787881],[-135.40507,59.759616],[-135.0329,59.5731],[-135.0195,59.4932],[-135.0958,59.4189],[-135.0048,59.3671],[-135.00426,59.36611],[-134.9578,59.281],[-134.7055,59.2401],[-134.5828,59.1288],[-134.4776,59.1149],[-134.398,59.052],[-134.3994,58.975],[-134.327956,58.954935],[-134.323632,58.934934],[-134.31826,58.910088],[-134.3169,58.9038],[-134.300182,58.897406],[-133.8311,58.718],[-133.3922,58.4039],[-133.4301,58.3721],[-133.415,58.3305],[-133.1656,58.1473],[-133.0752,58.0079],[-132.231,57.1968],[-132.3412,57.0804],[-132.0319,57.0284],[-132.1074,56.8588],[-131.8724,56.773],[-131.847372,56.676899],[-131.828196,56.603266],[-131.8256,56.5933],[-131.5604,56.5941],[-131.1005,56.4077],[-130.7603,56.3452],[-130.6458,56.2619],[-130.4581,56.2107],[-130.404,56.1219],[-130.0715,56.0841]]]}},{"type":"Feature","properties":{"level":"country","left_geo_key":"belize","right_geo_key":"mexico","left_area":1.87173,"right_area":174.207841,"min_area":1.87173,"max_area":174.207841},"geometry":{"type":"MultiLineString","coordinates":[[[-88.512537,18.462548],[-88.524684,18.451123],[-88.617,18.2354],[-88.722269,18.096707],[-88.7364,18.0519],[-88.8654,17.899],[-88.870304,17.90167],[-89.0494,17.9992],[-89.1539,17.9411],[-89.1605,17.8143]],[[-88.348981,18.482783],[-88.512537,18.462548]]]}},{"type":"Feature","properties":{"level":"country","left_geo_key":"cyprusnomansarea","right_geo_key":"northerncyprus","left_area":0.029315,"right_area":0.344705,"min_area":0.029315,"max_area":0.344705},"geometry":{"type":"MultiLineString","coordinates":[[[33.921962,35.067681],[33.9254,35.0628],[33.96959,35.063309]],[[32.722276,35.164017],[32.714634,35.163525]],[[32.717698,35.160852],[32.764657,35.136913],[32.861,35.0878],[33.124336,35.174395],[33.142872,35.18049],[33.2996,35.1627],[33.302682,35.163771],[33.3153,35.1619],[33.406471,35.189397],[33.433741,35.152711],[33.453585,35.08648]],[[33.462305,35.057379],[33.467706,35.039352],[33.473863,35.018802],[33.4768,35.009],[33.498429,35.057343],[33.509698,35.05919],[33.6375,35.0308],[33.652342,35.036599],[33.682543,35.048399]],[[32.608843,35.168944],[32.6152,35.1634],[32.6262,35.1651],[32.6348,35.1728],[32.6394,35.1837],[32.6407,35.1871]]]}}]}
